{"type":"FeatureCollection","features":[{"type":"Feature","geometry":{"type":"MultiPolygon","coordinates":[[[[123.34267,0.81279],[123.34275,0.81272],[123.34263,0.81281],[123.34267,0.81279]]],[[[123.19691,0.90327],[123.19245,0.90325],[123.19248,0.90552],[123.1971,0.90834],[123.1957,0.9042],[123.19782,0.90427],[123.19934,0.90199],[123.204,0.8995],[123.20226,0.89711],[123.19985,0.90034],[123.19825,0.89825],[123.19671,0.89739],[123.19842,0.89968],[123.19691,0.90327]]],[[[123.28862,0.90209],[123.28543,0.90266],[123.28521,0.90522],[123.28308,0.90474],[123.28072,0.90616],[123.2833,0.90833],[123.2868,0.9081],[123.28666,0.91053],[123.28996,0.90871],[123.28782,0.90366],[123.28862,0.90209]],[[123.28603,0.90471],[123.2861,0.90514],[123.28586,0.90515],[123.28603,0.90471]],[[123.28357,0.90501],[123.28395,0.90509],[123.28398,0.90533],[123.28357,0.90501]],[[123.28521,0.90558],[123.28518,0.90541],[123.28534,0.90538],[123.28521,0.90558]],[[123.28434,0.90547],[123.28461,0.90543],[123.28462,0.90573],[123.28434,0.90547]],[[123.28278,0.90553],[123.28354,0.90552],[123.28354,0.90582],[123.28278,0.90553]],[[123.28517,0.9068],[123.28488,0.90644],[123.28784,0.90599],[123.28517,0.9068]]],[[[123.20253,0.90546],[123.20487,0.90237],[123.20416,0.89991],[123.19781,0.90469],[123.19625,0.90448],[123.19795,0.90623],[123.19637,0.9112],[123.19764,0.91144],[123.19583,0.91232],[123.19526,0.91634],[123.19666,0.91654],[123.19836,0.91019],[123.20333,0.90989],[123.20253,0.90546]]],[[[123.2527,0.92143],[123.25405,0.91655],[123.25271,0.91567],[123.25654,0.91437],[123.25695,0.91155],[123.25336,0.90949],[123.25294,0.90634],[123.25871,0.90151],[123.25759,0.89924],[123.25626,0.90063],[123.25362,0.89977],[123.25645,0.89711],[123.25236,0.89359],[123.24893,0.89728],[123.25077,0.90355],[123.2487,0.90551],[123.25067,0.90652],[123.25021,0.90906],[123.25239,0.90998],[123.24815,0.91282],[123.25181,0.91792],[123.24832,0.92072],[123.25229,0.92488],[123.25465,0.92433],[123.2527,0.92143]],[[123.25326,0.90518],[123.25293,0.90521],[123.25295,0.90476],[123.25326,0.90518]]],[[[123.23285,0.93249],[123.23463,0.92837],[123.23984,0.92548],[123.24129,0.92193],[123.2392,0.91909],[123.2343,0.91782],[123.23984,0.91818],[123.24215,0.91592],[123.23901,0.91284],[123.23558,0.91363],[123.23756,0.91083],[123.23461,0.90802],[123.23608,0.90805],[123.23732,0.90458],[123.23399,0.90324],[123.23368,0.90008],[123.23225,0.8996],[123.23161,0.90207],[123.22662,0.90375],[123.22571,0.90647],[123.21557,0.90779],[123.21532,0.91325],[123.20721,0.91626],[123.20738,0.91856],[123.20172,0.92194],[123.19928,0.92542],[123.20362,0.93235],[123.21214,0.93608],[123.21478,0.93453],[123.21895,0.93678],[123.22315,0.93278],[123.22331,0.92984],[123.22426,0.93223],[123.23285,0.93249]]],[[[123.26661,0.91639],[123.26423,0.91668],[123.26661,0.91362],[123.26303,0.91548],[123.26767,0.92384],[123.2689,0.9191],[123.26661,0.91639]]],[[[123.19892,0.92006],[123.19689,0.92196],[123.2,0.92154],[123.20019,0.91744],[123.19703,0.91801],[123.19892,0.92006]]],[[[123.25567,0.92223],[123.25623,0.92274],[123.25742,0.91906],[123.25567,0.92223]]],[[[123.26398,0.92323],[123.26485,0.92354],[123.26466,0.92071],[123.26398,0.92323]]],[[[123.26303,0.92304],[123.2623,0.92084],[123.26012,0.92068],[123.25881,0.92686],[123.26128,0.92649],[123.26303,0.92304]]],[[[123.19576,0.92664],[123.1965,0.92229],[123.19384,0.92404],[123.19265,0.92748],[123.18916,0.92636],[123.1874,0.92731],[123.18325,0.93277],[123.17619,0.93171],[123.17894,0.93428],[123.18079,0.93318],[123.18267,0.93509],[123.18555,0.93514],[123.18662,0.93117],[123.19576,0.92664]]],[[[123.25863,0.93262],[123.2575,0.93316],[123.25965,0.93424],[123.25863,0.93262]]],[[[123.21594,0.94389],[123.21635,0.94351],[123.21602,0.9426],[123.21446,0.94278],[123.21594,0.94389]]],[[[123.24219,0.94015],[123.23763,0.94197],[123.24157,0.94388],[123.24156,0.9461],[123.24317,0.94634],[123.24174,0.94957],[123.2439,0.95095],[123.24514,0.94733],[123.24789,0.94615],[123.24219,0.94015]]],[[[123.25092,0.9501],[123.25251,0.9439],[123.24876,0.94217],[123.25024,0.95098],[123.25277,0.95123],[123.25092,0.9501]]],[[[123.64303,0.79876],[123.64163,0.8022],[123.64315,0.80248],[123.64325,0.80472],[123.65382,0.80206],[123.65533,0.80438],[123.64781,0.80812],[123.64869,0.81135],[123.65129,0.81211],[123.65668,0.80955],[123.66166,0.80924],[123.66323,0.81063],[123.66163,0.81345],[123.66505,0.8147],[123.66594,0.818],[123.66455,0.8204],[123.65435,0.82274],[123.65013,0.82727],[123.65003,0.83497],[123.65619,0.83579],[123.65524,0.8429],[123.65766,0.84241],[123.65884,0.83651],[123.67122,0.82683],[123.67549,0.82774],[123.67626,0.8263],[123.68199,0.82551],[123.68396,0.82662],[123.68189,0.82742],[123.67955,0.83199],[123.6797,0.83866],[123.69387,0.84027],[123.69787,0.83766],[123.70525,0.83845],[123.70571,0.83746],[123.69822,0.83291],[123.7009,0.83035],[123.70428,0.83017],[123.70497,0.82595],[123.7088,0.82244],[123.71264,0.82518],[123.7136,0.82324],[123.72124,0.81938],[123.7229,0.81331],[123.72665,0.81149],[123.73125,0.803],[123.73082,0.80003],[123.72558,0.7981],[123.73344,0.79393],[123.73295,0.79673],[123.7344,0.79635],[123.73399,0.79911],[123.73769,0.80279],[123.73674,0.80342],[123.7387,0.80838],[123.73125,0.80888],[123.72622,0.81277],[123.72747,0.81531],[123.72579,0.81609],[123.72531,0.81922],[123.71901,0.82506],[123.72048,0.82774],[123.71886,0.82831],[123.72158,0.82914],[123.72315,0.82753],[123.72529,0.83143],[123.71544,0.84226],[123.71742,0.84252],[123.71799,0.84116],[123.72137,0.84349],[123.72682,0.84024],[123.73224,0.83019],[123.73343,0.82465],[123.739,0.81891],[123.74124,0.81982],[123.75019,0.81135],[123.75602,0.80947],[123.75855,0.80638],[123.76271,0.80929],[123.76551,0.80795],[123.77422,0.81012],[123.77839,0.80632],[123.78246,0.79555],[123.78561,0.79633],[123.79097,0.79391],[123.79198,0.79487],[123.79014,0.80284],[123.79305,0.80587],[123.80215,0.80284],[123.80533,0.80549],[123.80947,0.80418],[123.81244,0.80522],[123.81768,0.81497],[123.81554,0.82018],[123.81604,0.82428],[123.82431,0.8302],[123.82749,0.83026],[123.82657,0.82666],[123.82761,0.82509],[123.8261,0.82306],[123.8283,0.8186],[123.83677,0.81929],[123.83308,0.81637],[123.82666,0.81673],[123.82181,0.81007],[123.82618,0.80638],[123.82993,0.80691],[123.83246,0.8037],[123.83023,0.80055],[123.8299,0.79585],[123.83017,0.79213],[123.83308,0.79145],[123.83206,0.78999],[123.82737,0.78878],[123.82407,0.79161],[123.81923,0.79102],[123.8198,0.79286],[123.81387,0.79603],[123.81176,0.80132],[123.80653,0.80233],[123.80505,0.7979],[123.80188,0.79788],[123.79583,0.78903],[123.7862,0.79441],[123.78227,0.79213],[123.78008,0.7934],[123.77752,0.79055],[123.77792,0.70645],[123.81781,0.70647],[123.81783,0.63415],[123.81545,0.63143],[123.78382,0.62105],[123.77764,0.62107],[123.75683,0.61424],[123.74354,0.61401],[123.73393,0.61147],[123.72564,0.61833],[123.65787,0.6004],[123.64687,0.59409],[123.64128,0.59378],[123.63869,0.59133],[123.6329,0.59233],[123.62712,0.59044],[123.62319,0.59327],[123.61824,0.59027],[123.60779,0.59014],[123.60468,0.58743],[123.59901,0.58816],[123.59663,0.59147],[123.59296,0.59115],[123.58709,0.59017],[123.5818,0.58566],[123.57725,0.58473],[123.57139,0.58659],[123.57076,0.59103],[123.5593,0.60325],[123.55546,0.60382],[123.54957,0.60074],[123.52932,0.60642],[123.52424,0.61465],[123.51987,0.61642],[123.52168,0.61995],[123.52165,0.62644],[123.51651,0.62774],[123.50919,0.6254],[123.50682,0.62696],[123.50094,0.6241],[123.49414,0.63077],[123.48942,0.63067],[123.48516,0.63282],[123.46905,0.63594],[123.46599,0.64071],[123.46831,0.64328],[123.46683,0.6448],[123.46347,0.64578],[123.45418,0.64097],[123.43929,0.64524],[123.38895,0.65178],[123.37859,0.65435],[123.37523,0.65135],[123.37027,0.65323],[123.36627,0.65245],[123.36161,0.65718],[123.36104,0.66377],[123.35085,0.67283],[123.34794,0.68418],[123.3451,0.68641],[123.33279,0.68969],[123.32834,0.6889],[123.32205,0.69871],[123.30243,0.69803],[123.2976,0.69588],[123.28939,0.69562],[123.28221,0.69911],[123.27417,0.69794],[123.25205,0.71757],[123.24715,0.71698],[123.24939,0.72511],[123.24907,0.72903],[123.24615,0.73386],[123.24928,0.74908],[123.25438,0.75808],[123.26856,0.76812],[123.26982,0.77722],[123.27435,0.78864],[123.26764,0.79447],[123.26801,0.79794],[123.27109,0.8026],[123.25441,0.81339],[123.25357,0.81651],[123.24822,0.81999],[123.24773,0.82374],[123.24237,0.83087],[123.23534,0.83242],[123.23883,0.83903],[123.23972,0.84701],[123.23523,0.85457],[123.22261,0.85876],[123.22136,0.86049],[123.22172,0.87113],[123.2226,0.8728],[123.23311,0.87292],[123.23574,0.87932],[123.23907,0.87456],[123.24172,0.87428],[123.24241,0.87725],[123.23559,0.88399],[123.24191,0.88702],[123.24369,0.88213],[123.24608,0.8813],[123.25077,0.87355],[123.25615,0.8698],[123.25208,0.86922],[123.25068,0.87138],[123.24343,0.86929],[123.24515,0.86602],[123.2493,0.86534],[123.25193,0.86071],[123.26047,0.86523],[123.25835,0.86901],[123.26041,0.87114],[123.26259,0.86754],[123.2638,0.8689],[123.26179,0.87189],[123.26274,0.87319],[123.26601,0.87383],[123.26675,0.87541],[123.27046,0.87451],[123.26972,0.87016],[123.26662,0.86726],[123.27052,0.85968],[123.26973,0.85358],[123.27485,0.85821],[123.2776,0.85619],[123.27775,0.85844],[123.28207,0.86002],[123.28068,0.86399],[123.27577,0.86284],[123.27419,0.86608],[123.27525,0.86756],[123.27288,0.86892],[123.2741,0.86954],[123.27671,0.87042],[123.27972,0.86905],[123.28837,0.87308],[123.29587,0.86967],[123.30087,0.86397],[123.30346,0.86431],[123.30335,0.8664],[123.30791,0.86683],[123.30929,0.8651],[123.30486,0.85847],[123.29913,0.85964],[123.29897,0.85774],[123.30399,0.85538],[123.30297,0.8524],[123.30475,0.85307],[123.30471,0.85125],[123.30996,0.85072],[123.32004,0.85319],[123.32228,0.85264],[123.32468,0.84924],[123.31946,0.84385],[123.319,0.84022],[123.32319,0.83715],[123.32421,0.83083],[123.32913,0.82528],[123.32499,0.82057],[123.32531,0.81598],[123.32361,0.81402],[123.32552,0.80743],[123.32262,0.80728],[123.32134,0.80454],[123.32387,0.80484],[123.33068,0.80069],[123.33211,0.79804],[123.33491,0.7996],[123.33186,0.80328],[123.33631,0.80779],[123.3343,0.81195],[123.33603,0.81476],[123.33944,0.81446],[123.3371,0.81066],[123.33879,0.8066],[123.34371,0.81126],[123.34802,0.79898],[123.3496,0.80066],[123.34922,0.80529],[123.35486,0.80612],[123.3535,0.80857],[123.35492,0.81134],[123.35393,0.81646],[123.35199,0.81658],[123.35025,0.82691],[123.35295,0.82987],[123.34859,0.83833],[123.35143,0.84146],[123.34701,0.85183],[123.35135,0.85542],[123.3491,0.8514],[123.356,0.83825],[123.35437,0.83591],[123.35793,0.83343],[123.35689,0.82861],[123.36003,0.82443],[123.35903,0.82165],[123.36707,0.8151],[123.36518,0.80784],[123.36235,0.8079],[123.36228,0.80225],[123.36502,0.80077],[123.36418,0.79713],[123.36674,0.79484],[123.36725,0.79071],[123.37229,0.79025],[123.37424,0.78836],[123.37014,0.78243],[123.36619,0.78518],[123.36053,0.78384],[123.36111,0.78065],[123.36884,0.776],[123.36875,0.77429],[123.37412,0.77542],[123.37758,0.77176],[123.38191,0.77012],[123.38257,0.77513],[123.37892,0.7764],[123.38088,0.77813],[123.37574,0.77985],[123.37843,0.79322],[123.37641,0.7954],[123.37669,0.79964],[123.37857,0.80157],[123.37453,0.80303],[123.37604,0.80713],[123.37958,0.80903],[123.37873,0.81119],[123.38096,0.81385],[123.37508,0.8142],[123.37411,0.81906],[123.36813,0.82456],[123.36911,0.82623],[123.37353,0.82514],[123.37595,0.83038],[123.37779,0.83117],[123.37817,0.82564],[123.38091,0.8266],[123.38352,0.83326],[123.37777,0.83518],[123.37416,0.83442],[123.37326,0.83752],[123.37544,0.84012],[123.37999,0.84068],[123.38303,0.8464],[123.37915,0.84641],[123.37326,0.85383],[123.37703,0.85533],[123.37778,0.86144],[123.38619,0.86864],[123.38931,0.86744],[123.39257,0.86878],[123.39448,0.8662],[123.39704,0.86639],[123.39772,0.8678],[123.39378,0.8713],[123.39401,0.87326],[123.39944,0.8738],[123.40008,0.87075],[123.40336,0.86902],[123.40497,0.87655],[123.40014,0.87431],[123.39916,0.87604],[123.40082,0.87847],[123.39849,0.88026],[123.40578,0.88335],[123.41285,0.88113],[123.42138,0.872],[123.42197,0.86654],[123.42508,0.86782],[123.42657,0.86458],[123.43157,0.86189],[123.43609,0.86492],[123.43977,0.86406],[123.44109,0.86624],[123.44035,0.87027],[123.44704,0.87108],[123.45106,0.86891],[123.45386,0.87212],[123.45766,0.87319],[123.46058,0.87053],[123.46696,0.86952],[123.46588,0.86632],[123.46206,0.86604],[123.45761,0.86021],[123.45221,0.85925],[123.45306,0.84908],[123.45993,0.84853],[123.46004,0.84643],[123.46218,0.84799],[123.46438,0.84452],[123.4708,0.84306],[123.47392,0.83779],[123.47604,0.83743],[123.47699,0.8389],[123.48027,0.83761],[123.48614,0.8411],[123.48944,0.83998],[123.4933,0.84348],[123.49388,0.84621],[123.49695,0.84599],[123.4989,0.84844],[123.49886,0.85153],[123.50143,0.85358],[123.5026,0.85146],[123.50877,0.85336],[123.51018,0.85068],[123.50975,0.84634],[123.50498,0.84099],[123.51334,0.83772],[123.51996,0.83095],[123.52949,0.83155],[123.53992,0.81937],[123.55129,0.81724],[123.56247,0.81905],[123.56452,0.81633],[123.53848,0.80171],[123.54276,0.80098],[123.56818,0.80429],[123.56959,0.80183],[123.57405,0.80315],[123.57648,0.80228],[123.57378,0.79869],[123.57732,0.79764],[123.57719,0.7942],[123.57519,0.79247],[123.57843,0.79097],[123.57897,0.78664],[123.57745,0.78594],[123.57942,0.7845],[123.58309,0.79001],[123.58699,0.78996],[123.59013,0.79676],[123.59829,0.8044],[123.59842,0.79372],[123.60073,0.79683],[123.60147,0.80499],[123.61098,0.81176],[123.61239,0.80908],[123.61559,0.80764],[123.61678,0.80889],[123.6193,0.8047],[123.62111,0.80453],[123.6199,0.80956],[123.61619,0.81518],[123.61764,0.81753],[123.6282,0.81621],[123.62901,0.81466],[123.62981,0.81727],[123.62261,0.81832],[123.61866,0.82151],[123.61707,0.8267],[123.61824,0.82847],[123.61446,0.83189],[123.61633,0.83364],[123.62437,0.82902],[123.6261,0.8255],[123.62478,0.82275],[123.62825,0.82323],[123.63012,0.81937],[123.63481,0.81784],[123.633,0.81549],[123.62948,0.81482],[123.6301,0.81257],[123.63317,0.81286],[123.63438,0.81099],[123.63179,0.80666],[123.63455,0.80635],[123.63126,0.80352],[123.63183,0.79991],[123.63177,0.80314],[123.63471,0.80429],[123.63489,0.80209],[123.63577,0.80325],[123.6379,0.802],[123.63756,0.79886],[123.63975,0.79837],[123.63586,0.79384],[123.63594,0.79136],[123.63896,0.79202],[123.63668,0.79004],[123.64028,0.79073],[123.63947,0.79478],[123.64303,0.79876]],[[123.63776,0.77248],[123.63849,0.77434],[123.63696,0.77421],[123.63662,0.77203],[123.63776,0.77248]],[[123.64241,0.77582],[123.64186,0.77559],[123.64259,0.77481],[123.64241,0.77582]],[[123.63544,0.77468],[123.64042,0.77549],[123.63881,0.77577],[123.63592,0.77777],[123.63544,0.77468]],[[123.53179,0.7763],[123.53233,0.78025],[123.52715,0.78151],[123.5252,0.78734],[123.52349,0.78788],[123.51902,0.77607],[123.52379,0.76993],[123.52608,0.76929],[123.52797,0.77272],[123.53008,0.77158],[123.52975,0.77442],[123.53179,0.7763]],[[123.64471,0.77538],[123.64733,0.77517],[123.64581,0.78048],[123.63881,0.78808],[123.63796,0.78599],[123.6397,0.78614],[123.64341,0.78247],[123.64581,0.77656],[123.64471,0.77538]],[[123.64136,0.78812],[123.64293,0.78982],[123.64178,0.79376],[123.64044,0.79391],[123.64022,0.78786],[123.64358,0.78377],[123.64363,0.78659],[123.64136,0.78812]]],[[[123.35104,0.81333],[123.34958,0.81427],[123.35041,0.81383],[123.35104,0.81333]]],[[[123.36665,0.84754],[123.36607,0.8476],[123.36607,0.84761],[123.36689,0.84856],[123.36665,0.84754]]],[[[123.37173,0.84865],[123.36758,0.84936],[123.37055,0.85276],[123.37173,0.84865]]],[[[123.34305,0.85917],[123.34611,0.8578],[123.34805,0.85914],[123.34432,0.85597],[123.34305,0.85917]]],[[[123.49308,0.85518],[123.49299,0.85054],[123.48842,0.84934],[123.48669,0.85764],[123.48779,0.86131],[123.48693,0.86289],[123.48379,0.86282],[123.48513,0.86789],[123.48953,0.86761],[123.49063,0.85893],[123.49308,0.85518]]],[[[123.47082,0.85563],[123.4698,0.86289],[123.47622,0.86614],[123.47909,0.85905],[123.47199,0.85423],[123.46957,0.85513],[123.47082,0.85563]]],[[[123.62152,0.88219],[123.61917,0.88386],[123.62148,0.88417],[123.62134,0.88739],[123.62315,0.88704],[123.62738,0.89107],[123.62513,0.88726],[123.62978,0.88321],[123.62152,0.88219]]],[[[123.62517,0.89314],[123.61638,0.89554],[123.61447,0.88485],[123.61218,0.8892],[123.6106,0.8886],[123.60914,0.89023],[123.60731,0.89769],[123.60369,0.8997],[123.60728,0.90044],[123.60966,0.89787],[123.62517,0.89314]]],[[[123.40923,0.89917],[123.41378,0.89519],[123.41509,0.89177],[123.41788,0.89112],[123.42627,0.89547],[123.43108,0.89413],[123.42823,0.8923],[123.42612,0.89379],[123.42689,0.89236],[123.4255,0.89179],[123.42772,0.89208],[123.42894,0.88908],[123.42764,0.88724],[123.42421,0.88962],[123.42258,0.88748],[123.42119,0.88946],[123.42244,0.89317],[123.41934,0.89052],[123.41588,0.89018],[123.41012,0.89248],[123.41255,0.88974],[123.40968,0.89047],[123.40756,0.89283],[123.40914,0.89384],[123.41146,0.89221],[123.41253,0.8926],[123.41009,0.89433],[123.40759,0.90014],[123.40804,0.90326],[123.41015,0.90432],[123.40923,0.89917]]],[[[123.36181,0.89504],[123.36099,0.89347],[123.3516,0.89192],[123.35106,0.89551],[123.35514,0.90111],[123.35652,0.9005],[123.3559,0.90243],[123.35762,0.90301],[123.36181,0.89504]]],[[[123.37879,0.90845],[123.38286,0.90765],[123.38408,0.90431],[123.38648,0.90438],[123.38865,0.9002],[123.39572,0.89872],[123.39743,0.89934],[123.39766,0.90235],[123.40012,0.90134],[123.40518,0.89289],[123.39843,0.89302],[123.39594,0.89483],[123.39822,0.89674],[123.39394,0.89744],[123.39139,0.89681],[123.39289,0.89598],[123.39201,0.89325],[123.38954,0.89631],[123.38756,0.89552],[123.38478,0.90237],[123.37649,0.90852],[123.37699,0.91026],[123.37879,0.90845]]],[[[123.44991,0.90393],[123.44731,0.9021],[123.43889,0.90062],[123.42326,0.89949],[123.42516,0.90216],[123.42796,0.90117],[123.43965,0.90421],[123.43985,0.90221],[123.44088,0.90445],[123.44991,0.90393]]],[[[123.35508,0.90391],[123.35504,0.90304],[123.35434,0.9037],[123.35454,0.90505],[123.35508,0.90391]]],[[[123.35044,0.90471],[123.353,0.90546],[123.35004,0.90253],[123.34636,0.90792],[123.34507,0.90759],[123.34479,0.9048],[123.33937,0.90369],[123.33748,0.90522],[123.33735,0.91436],[123.33912,0.91394],[123.34117,0.90819],[123.34357,0.90757],[123.34677,0.91003],[123.34903,0.91923],[123.35075,0.92033],[123.35216,0.91844],[123.35006,0.91631],[123.35125,0.91437],[123.3487,0.91323],[123.35006,0.91219],[123.34888,0.90934],[123.35044,0.90471]]],[[[124.12028,0.81648],[124.12673,0.81279],[124.12705,0.81017],[124.12942,0.80872],[124.13174,0.80086],[124.12897,0.79807],[124.13023,0.7971],[124.13326,0.80075],[124.13537,0.80026],[124.13561,0.80312],[124.1316,0.8158],[124.12939,0.8171],[124.12903,0.82491],[124.13347,0.8262],[124.13674,0.82345],[124.13862,0.82451],[124.14287,0.82236],[124.14093,0.81611],[124.14335,0.81438],[124.14731,0.81444],[124.1463,0.81905],[124.15106,0.82209],[124.15372,0.81777],[124.15873,0.81631],[124.16448,0.81027],[124.16927,0.81403],[124.17214,0.8143],[124.1727,0.81608],[124.17519,0.81012],[124.18056,0.80979],[124.18179,0.807],[124.1846,0.80642],[124.1849,0.80439],[124.19114,0.80582],[124.1933,0.80472],[124.19668,0.80631],[124.20245,0.7962],[124.20805,0.79295],[124.20896,0.78692],[124.20565,0.78227],[124.20652,0.78046],[124.21641,0.78078],[124.21437,0.77446],[124.21205,0.77331],[124.20479,0.7749],[124.2014,0.77091],[124.19543,0.7728],[124.19406,0.77171],[124.19572,0.76939],[124.19241,0.76243],[124.19535,0.75915],[124.20874,0.7534],[124.2099,0.75056],[124.20764,0.7485],[124.21035,0.74393],[124.21508,0.74626],[124.22891,0.74554],[124.22748,0.7409],[124.2294,0.73855],[124.22864,0.73588],[124.22315,0.73834],[124.22106,0.73483],[124.21657,0.73221],[124.21203,0.73376],[124.20681,0.73167],[124.20764,0.72942],[124.21055,0.72926],[124.20991,0.7262],[124.21276,0.72532],[124.21634,0.72131],[124.21942,0.7245],[124.21742,0.72777],[124.22193,0.7266],[124.22209,0.73123],[124.22583,0.73348],[124.22999,0.73396],[124.23308,0.72863],[124.22985,0.72508],[124.23039,0.72032],[124.23214,0.71872],[124.23077,0.70901],[124.2322,0.70561],[124.22412,0.69455],[124.21913,0.69043],[124.22181,0.68326],[124.22405,0.68381],[124.22556,0.68101],[124.23055,0.68086],[124.22973,0.67776],[124.23594,0.67884],[124.23988,0.67752],[124.23764,0.67576],[124.23743,0.67092],[124.23327,0.66968],[124.23688,0.6661],[124.22778,0.66835],[124.22876,0.66317],[124.22675,0.65623],[124.22466,0.65792],[124.2244,0.65636],[124.223,0.6573],[124.22072,0.65597],[124.22028,0.65884],[124.21799,0.6584],[124.21746,0.66257],[124.22007,0.66277],[124.21867,0.66591],[124.21613,0.66383],[124.21336,0.66503],[124.21393,0.66616],[124.21049,0.66681],[124.20142,0.65912],[124.1983,0.6614],[124.2024,0.66678],[124.20132,0.66961],[124.20467,0.67584],[124.2084,0.67877],[124.2053,0.68435],[124.20676,0.68768],[124.19956,0.69103],[124.20145,0.69568],[124.19887,0.69963],[124.19006,0.69946],[124.18809,0.70695],[124.19072,0.71103],[124.18725,0.71584],[124.18731,0.72599],[124.18036,0.73029],[124.1729,0.72866],[124.17495,0.72575],[124.17477,0.71962],[124.17105,0.71979],[124.16476,0.71628],[124.16447,0.7176],[124.16079,0.71732],[124.15966,0.72227],[124.15021,0.73057],[124.14304,0.72711],[124.13257,0.73239],[124.13057,0.73062],[124.1279,0.73115],[124.12662,0.72913],[124.1285,0.7281],[124.12693,0.7257],[124.13106,0.72387],[124.13138,0.71846],[124.1358,0.71344],[124.1376,0.71339],[124.14013,0.71651],[124.14334,0.71154],[124.14937,0.70995],[124.15589,0.71769],[124.15858,0.71564],[124.15824,0.71066],[124.15985,0.70799],[124.16433,0.70782],[124.16688,0.71192],[124.16947,0.71074],[124.1694,0.71301],[124.17201,0.71029],[124.16891,0.70733],[124.16976,0.70499],[124.1682,0.70496],[124.16724,0.69905],[124.16182,0.69704],[124.17034,0.69637],[124.17315,0.69333],[124.17374,0.6885],[124.16809,0.68876],[124.16575,0.68587],[124.16202,0.68621],[124.1565,0.68139],[124.15443,0.6842],[124.15206,0.68469],[124.15366,0.68607],[124.15306,0.68738],[124.14433,0.68949],[124.14538,0.69159],[124.14402,0.69601],[124.14179,0.69937],[124.13682,0.7008],[124.13607,0.70376],[124.13314,0.70184],[124.13053,0.70649],[124.12704,0.70383],[124.12461,0.70667],[124.117,0.70319],[124.11089,0.70898],[124.10762,0.71719],[124.10959,0.71925],[124.10945,0.72175],[124.10675,0.72355],[124.10452,0.72962],[124.10194,0.73124],[124.10776,0.73168],[124.10885,0.73447],[124.10498,0.73642],[124.10479,0.74131],[124.10744,0.74543],[124.10502,0.74784],[124.10564,0.75153],[124.10208,0.75292],[124.10899,0.75802],[124.10335,0.76404],[124.10797,0.76298],[124.10959,0.76513],[124.10696,0.76779],[124.10277,0.76784],[124.10755,0.77026],[124.10767,0.77241],[124.10648,0.77458],[124.10099,0.77612],[124.10413,0.77818],[124.10695,0.77604],[124.10848,0.77848],[124.11111,0.779],[124.11138,0.77747],[124.11369,0.78004],[124.11426,0.77414],[124.11616,0.77406],[124.11976,0.77546],[124.12013,0.77808],[124.1134,0.78312],[124.11176,0.7851],[124.11263,0.78705],[124.10867,0.78861],[124.11145,0.79267],[124.11124,0.79776],[124.10484,0.79779],[124.10419,0.79666],[124.09614,0.80095],[124.09403,0.80026],[124.09384,0.80463],[124.09539,0.80871],[124.09856,0.80835],[124.10244,0.80355],[124.10562,0.80586],[124.10516,0.80925],[124.10088,0.81152],[124.10179,0.8187],[124.10018,0.8223],[124.10146,0.82507],[124.10555,0.82425],[124.11064,0.82827],[124.11231,0.8334],[124.11431,0.83138],[124.11343,0.82876],[124.11557,0.82726],[124.11715,0.82131],[124.12028,0.81648]]],[[[123.96777,0.82243],[123.96803,0.82514],[123.97038,0.82487],[123.97162,0.82699],[123.97372,0.8264],[123.97386,0.82811],[123.97678,0.82925],[123.97901,0.8278],[123.97698,0.82603],[123.97998,0.8217],[123.9902,0.825],[123.99363,0.82136],[123.99431,0.81875],[123.99232,0.81844],[123.99424,0.81437],[123.9961,0.8192],[123.99898,0.81932],[123.99836,0.82397],[124.00047,0.82607],[124.00433,0.82425],[124.00445,0.82542],[124.00775,0.82593],[124.00896,0.82999],[124.0141,0.82717],[124.01436,0.82231],[124.01776,0.81884],[124.0208,0.82018],[124.02175,0.81649],[124.02021,0.81616],[124.02056,0.81446],[124.02753,0.81254],[124.0295,0.81522],[124.03312,0.8129],[124.03309,0.81448],[124.03683,0.81405],[124.03915,0.81333],[124.04201,0.8088],[124.04422,0.81258],[124.04375,0.81522],[124.04764,0.81668],[124.04997,0.81503],[124.04905,0.81277],[124.05026,0.81041],[124.0568,0.81131],[124.05789,0.80871],[124.05575,0.80598],[124.05753,0.80258],[124.05922,0.80356],[124.06187,0.80143],[124.065,0.80262],[124.07018,0.80059],[124.06963,0.79707],[124.07294,0.79413],[124.07132,0.78726],[124.0746,0.78841],[124.07633,0.78723],[124.07714,0.78833],[124.07519,0.78898],[124.07591,0.79451],[124.07957,0.79781],[124.08397,0.79769],[124.08439,0.795],[124.0877,0.79266],[124.0892,0.78677],[124.09276,0.78529],[124.09386,0.78684],[124.09723,0.78184],[124.10132,0.78024],[124.09798,0.7736],[124.0935,0.77255],[124.08962,0.77602],[124.09195,0.77973],[124.08939,0.785],[124.0857,0.78311],[124.08213,0.78531],[124.06587,0.78498],[124.06209,0.78666],[124.05705,0.78558],[124.044,0.79032],[124.02489,0.79176],[124.01894,0.79308],[124.01557,0.79624],[124.01029,0.79541],[124.00796,0.79708],[123.99723,0.79601],[123.98357,0.79699],[123.98138,0.79867],[123.9745,0.7971],[123.97103,0.80121],[123.97088,0.80622],[123.96589,0.80677],[123.95659,0.80183],[123.95306,0.80208],[123.94601,0.79896],[123.94455,0.7946],[123.9409,0.79526],[123.93296,0.79272],[123.92958,0.79385],[123.92561,0.79297],[123.91946,0.79528],[123.91333,0.79426],[123.91209,0.79794],[123.90982,0.79791],[123.90613,0.79468],[123.90358,0.79681],[123.90249,0.79554],[123.8984,0.7972],[123.8993,0.80166],[123.90385,0.8025],[123.90706,0.80505],[123.9128,0.80509],[123.91412,0.80796],[123.91933,0.80774],[123.92115,0.8062],[123.92553,0.80677],[123.92714,0.81521],[123.92434,0.81887],[123.92889,0.81768],[123.93338,0.82106],[123.93264,0.8221],[123.93849,0.82228],[123.93891,0.82511],[123.93738,0.82605],[123.93938,0.8282],[123.94109,0.8245],[123.94362,0.825],[123.94515,0.82357],[123.94187,0.81897],[123.94412,0.81919],[123.94644,0.81699],[123.95476,0.81853],[123.95507,0.82098],[123.95258,0.82314],[123.95632,0.8297],[123.958,0.83006],[123.9627,0.82392],[123.96612,0.82449],[123.96777,0.82243]]],[[[123.78134,0.83189],[123.78375,0.83143],[123.7834,0.82959],[123.77891,0.82873],[123.78075,0.83471],[123.78134,0.83189]]],[[[123.76272,0.83363],[123.75867,0.83325],[123.75631,0.8306],[123.75279,0.82981],[123.75042,0.83024],[123.74892,0.83384],[123.74733,0.8343],[123.74644,0.83518],[123.74555,0.83523],[123.74726,0.83548],[123.75274,0.83081],[123.75347,0.83216],[123.75614,0.83108],[123.75953,0.83553],[123.76117,0.83365],[123.76306,0.83524],[123.76334,0.8381],[123.76516,0.83768],[123.76272,0.83363]]],[[[123.80603,0.83593],[123.80333,0.833],[123.79992,0.83286],[123.79946,0.83488],[123.80261,0.83437],[123.80416,0.83663],[123.80449,0.84096],[123.79684,0.84922],[123.80377,0.84437],[123.80615,0.8405],[123.80603,0.83593]]],[[[123.74694,0.84037],[123.7434,0.84191],[123.74506,0.84193],[123.74647,0.8434],[123.74694,0.84037]]],[[[124.09836,0.86601],[124.09952,0.86358],[124.09431,0.86064],[124.09384,0.85823],[124.09267,0.85881],[124.09217,0.85364],[124.08803,0.85432],[124.08774,0.85105],[124.08532,0.84897],[124.08667,0.84481],[124.084,0.84067],[124.08964,0.83817],[124.09042,0.83348],[124.08351,0.83454],[124.08669,0.8303],[124.08572,0.82888],[124.07968,0.83269],[124.07683,0.84028],[124.07968,0.84057],[124.07809,0.84629],[124.08121,0.85086],[124.07669,0.85866],[124.07602,0.86816],[124.0774,0.86741],[124.08227,0.87081],[124.08293,0.86654],[124.08675,0.86537],[124.09029,0.86905],[124.08897,0.87068],[124.09185,0.87211],[124.0956,0.86908],[124.09403,0.86741],[124.09452,0.86526],[124.09836,0.86601]]],[[[123.73662,0.84886],[123.74092,0.85125],[123.74132,0.8539],[123.74196,0.85116],[123.73662,0.84886]]],[[[123.73669,0.84932],[123.733,0.85147],[123.73021,0.85111],[123.73192,0.85353],[123.73691,0.85238],[123.73669,0.84932]]],[[[123.79514,0.8498],[123.79314,0.85418],[123.79171,0.85409],[123.79433,0.85427],[123.79672,0.84925],[123.79514,0.8498]]],[[[123.70672,0.86087],[123.70706,0.86108],[123.70708,0.85884],[123.70672,0.86087]]],[[[123.71808,0.86711],[123.72628,0.86638],[123.726,0.86365],[123.73086,0.86218],[123.73291,0.86551],[123.73277,0.8629],[123.73108,0.86244],[123.73115,0.85859],[123.72775,0.86193],[123.7266,0.85996],[123.72231,0.86551],[123.71934,0.86467],[123.7163,0.86617],[123.71511,0.87371],[123.71808,0.86711]]],[[[123.68162,0.87567],[123.69415,0.86591],[123.69584,0.86252],[123.69917,0.86075],[123.69953,0.85818],[123.70118,0.8592],[123.70533,0.85824],[123.70303,0.8566],[123.69718,0.85776],[123.68496,0.86806],[123.67867,0.87564],[123.68162,0.87567]],[[123.69982,0.85739],[123.7,0.85723],[123.70014,0.85735],[123.69982,0.85739]],[[123.70041,0.85793],[123.70029,0.85793],[123.70033,0.85775],[123.70041,0.85793]],[[123.69765,0.8587],[123.69755,0.85854],[123.69788,0.85831],[123.69765,0.8587]],[[123.69737,0.85936],[123.69717,0.85918],[123.69822,0.85839],[123.69737,0.85936]],[[123.69651,0.85999],[123.69635,0.85986],[123.69683,0.85946],[123.69651,0.85999]],[[123.69431,0.86174],[123.6942,0.86187],[123.69404,0.86172],[123.69431,0.86174]],[[123.69489,0.86191],[123.69467,0.86208],[123.69436,0.86177],[123.69489,0.86191]],[[123.68093,0.87529],[123.68132,0.87506],[123.68153,0.87524],[123.68093,0.87529]]],[[[123.97854,0.86912],[123.97629,0.86942],[123.97648,0.86572],[123.97436,0.86541],[123.9736,0.86857],[123.97129,0.86647],[123.96867,0.8669],[123.97115,0.8713],[123.97903,0.87806],[123.98169,0.87343],[123.97801,0.87094],[123.97713,0.87287],[123.97353,0.87017],[123.97854,0.86912]]],[[[124.07351,0.91749],[124.07572,0.91734],[124.07565,0.91394],[124.07038,0.90704],[124.07339,0.90511],[124.07351,0.90214],[124.0754,0.9004],[124.07972,0.90272],[124.07722,0.89492],[124.0785,0.89605],[124.08276,0.88956],[124.07943,0.89163],[124.0774,0.89026],[124.07247,0.8942],[124.06971,0.89366],[124.06918,0.89202],[124.07141,0.8897],[124.06967,0.88944],[124.07184,0.88612],[124.06864,0.88356],[124.06648,0.88457],[124.06989,0.88196],[124.06681,0.87803],[124.06255,0.8761],[124.05624,0.87833],[124.05493,0.88089],[124.05728,0.88377],[124.06245,0.88143],[124.0648,0.88654],[124.06035,0.88588],[124.06098,0.8918],[124.05642,0.89395],[124.05798,0.89547],[124.0582,0.89985],[124.04966,0.90825],[124.07464,0.9212],[124.07351,0.91749]]]]},"properties":{"kph":"KPH Unit I Bolaang Mongondow dan Bolaang Mongondow Utara"}},{"type":"Feature","geometry":{"type":"MultiPolygon","coordinates":[[[[123.48344,0.38717],[123.48028,0.38073],[123.47257,0.37393],[123.47288,0.37584],[123.46881,0.37856],[123.47151,0.3894],[123.47523,0.39082],[123.47493,0.38256],[123.48067,0.38879],[123.48344,0.38717]]],[[[123.51898,0.40141],[123.52222,0.40312],[123.52114,0.40237],[123.51898,0.40141]]],[[[123.52222,0.40312],[123.52942,0.40794],[123.52798,0.40603],[123.52222,0.40312]]],[[[123.07224,0.51741],[123.07716,0.51916],[123.0799,0.51707],[123.08104,0.51861],[123.08283,0.51759],[123.0838,0.51862],[123.08557,0.51657],[123.08944,0.51778],[123.08921,0.51547],[123.09224,0.51886],[123.10169,0.51424],[123.10332,0.51505],[123.10442,0.51168],[123.10833,0.51477],[123.10878,0.51163],[123.11067,0.51302],[123.11091,0.50899],[123.11277,0.50662],[123.11527,0.50918],[123.11511,0.50746],[123.11741,0.50674],[123.11955,0.50993],[123.1207,0.50501],[123.12295,0.50674],[123.12772,0.50586],[123.12906,0.5045],[123.12759,0.5017],[123.13711,0.49911],[123.13748,0.50101],[123.14043,0.50003],[123.14,0.50206],[123.14263,0.50126],[123.1441,0.50243],[123.1446,0.50427],[123.14153,0.50937],[123.14263,0.50998],[123.14239,0.51637],[123.14386,0.51348],[123.15006,0.51127],[123.15013,0.50863],[123.154,0.50774],[123.15569,0.50422],[123.15837,0.50535],[123.16251,0.50448],[123.16362,0.50845],[123.16474,0.50695],[123.16381,0.50516],[123.16554,0.50734],[123.16672,0.50488],[123.16874,0.50611],[123.16915,0.50206],[123.17176,0.50317],[123.17219,0.50145],[123.17389,0.50259],[123.1757,0.50047],[123.17815,0.50206],[123.17861,0.50472],[123.17905,0.50325],[123.18788,0.50497],[123.18895,0.50203],[123.19356,0.50009],[123.19415,0.49802],[123.19802,0.49865],[123.20058,0.4956],[123.20229,0.49731],[123.20152,0.49472],[123.20421,0.49461],[123.20419,0.49279],[123.20748,0.49],[123.21162,0.49416],[123.20879,0.49908],[123.21512,0.49984],[123.21599,0.50115],[123.21785,0.49875],[123.2158,0.4939],[123.21727,0.49049],[123.22013,0.48961],[123.21981,0.48224],[123.22142,0.47888],[123.22262,0.47727],[123.22865,0.47727],[123.22847,0.47975],[123.22557,0.47925],[123.22299,0.48275],[123.22391,0.48805],[123.22621,0.49017],[123.22266,0.49408],[123.2228,0.50003],[123.21782,0.50339],[123.22335,0.50541],[123.22752,0.50215],[123.23299,0.50172],[123.23854,0.49413],[123.24212,0.4934],[123.24434,0.49797],[123.24939,0.49603],[123.25233,0.4924],[123.25647,0.49591],[123.25699,0.49009],[123.25923,0.48768],[123.26096,0.48886],[123.26282,0.47882],[123.26926,0.47772],[123.27028,0.47571],[123.27493,0.47742],[123.27485,0.47563],[123.27733,0.47422],[123.27972,0.46631],[123.28182,0.46471],[123.28004,0.46184],[123.2852,0.46411],[123.28497,0.46156],[123.28904,0.46028],[123.28972,0.46194],[123.29255,0.46227],[123.2948,0.46713],[123.29477,0.4648],[123.29845,0.46756],[123.29682,0.46409],[123.29864,0.46515],[123.3001,0.46316],[123.30021,0.46773],[123.30115,0.46554],[123.30962,0.46666],[123.31459,0.4584],[123.31828,0.45744],[123.3196,0.45551],[123.32249,0.45523],[123.32591,0.45818],[123.33869,0.45616],[123.34059,0.45437],[123.34304,0.45737],[123.35441,0.45564],[123.35611,0.45966],[123.36069,0.45695],[123.36078,0.46008],[123.36749,0.46425],[123.36737,0.4655],[123.37123,0.46664],[123.38404,0.46415],[123.3888,0.4564],[123.38367,0.45241],[123.38744,0.4493],[123.38649,0.44588],[123.38228,0.44464],[123.3835,0.4389],[123.38921,0.43357],[123.38956,0.42804],[123.38897,0.42243],[123.38531,0.4199],[123.3857,0.40471],[123.38268,0.39896],[123.38282,0.39506],[123.38467,0.39393],[123.38657,0.37129],[123.38013,0.3647],[123.38006,0.36161],[123.38948,0.35983],[123.39377,0.36176],[123.39673,0.36545],[123.41069,0.36258],[123.41163,0.36083],[123.40983,0.36108],[123.4106,0.35454],[123.40811,0.34407],[123.40487,0.34285],[123.4069,0.34585],[123.4055,0.34793],[123.39833,0.3444],[123.40183,0.33446],[123.39566,0.33642],[123.38157,0.33574],[123.37727,0.33368],[123.37247,0.34589],[123.37024,0.34361],[123.36425,0.34213],[123.3636,0.33987],[123.36006,0.33929],[123.35568,0.33504],[123.35523,0.3324],[123.34891,0.34225],[123.34524,0.33981],[123.34286,0.34341],[123.33944,0.34374],[123.33416,0.34039],[123.3312,0.34007],[123.32688,0.34264],[123.32437,0.33942],[123.32224,0.34064],[123.32186,0.34509],[123.31896,0.34721],[123.32089,0.35024],[123.31915,0.35508],[123.31586,0.35701],[123.31548,0.36087],[123.30962,0.3598],[123.31019,0.35787],[123.312,0.358],[123.31174,0.35471],[123.30884,0.35214],[123.30569,0.35375],[123.3076,0.35812],[123.30511,0.36219],[123.30253,0.36071],[123.29936,0.36353],[123.29692,0.35568],[123.29055,0.3609],[123.2881,0.3609],[123.28732,0.35903],[123.28829,0.36444],[123.2785,0.36148],[123.27218,0.36921],[123.26896,0.3694],[123.27051,0.37842],[123.27425,0.38673],[123.27244,0.38828],[123.27521,0.39111],[123.27669,0.39685],[123.28064,0.39746],[123.27112,0.40378],[123.26375,0.4055],[123.26104,0.40784],[123.26246,0.41534],[123.26957,0.42415],[123.2664,0.42654],[123.26427,0.42681],[123.25778,0.42291],[123.25881,0.42908],[123.25503,0.43121],[123.2522,0.43002],[123.24818,0.42412],[123.24345,0.42435],[123.24322,0.42742],[123.24865,0.43688],[123.24747,0.44113],[123.24133,0.44349],[123.23826,0.44183],[123.23613,0.43829],[123.23613,0.42577],[123.2314,0.42199],[123.23211,0.41797],[123.22853,0.41133],[123.22732,0.41323],[123.20889,0.42177],[123.19788,0.42283],[123.19864,0.42595],[123.19368,0.42336],[123.19081,0.42655],[123.18874,0.42664],[123.18612,0.43072],[123.18941,0.42894],[123.19145,0.43155],[123.19782,0.4311],[123.20208,0.434],[123.2021,0.43787],[123.19922,0.44161],[123.19514,0.44027],[123.18865,0.44861],[123.1882,0.4523],[123.19336,0.45612],[123.19043,0.45835],[123.1926,0.46082],[123.19209,0.46267],[123.18801,0.46108],[123.18394,0.46299],[123.1812,0.46242],[123.18108,0.453],[123.17821,0.4481],[123.17471,0.44778],[123.17433,0.44466],[123.18108,0.44549],[123.1826,0.44479],[123.1828,0.44186],[123.1777,0.43747],[123.16679,0.43531],[123.16436,0.4382],[123.16574,0.44183],[123.15832,0.44162],[123.16013,0.44732],[123.16264,0.44749],[123.16204,0.44876],[123.16441,0.45135],[123.16153,0.45226],[123.16204,0.45585],[123.15693,0.45588],[123.15688,0.45784],[123.15253,0.45894],[123.15224,0.46084],[123.1487,0.45995],[123.15027,0.46331],[123.14838,0.46553],[123.14993,0.46608],[123.14921,0.46822],[123.15207,0.46845],[123.15071,0.47282],[123.1526,0.47242],[123.15478,0.47448],[123.15249,0.47534],[123.15286,0.47692],[123.15015,0.47617],[123.14878,0.47774],[123.14095,0.47156],[123.14134,0.47406],[123.13754,0.47306],[123.13912,0.47806],[123.13666,0.47712],[123.13507,0.47885],[123.13283,0.47533],[123.13148,0.47633],[123.13217,0.47995],[123.13061,0.47986],[123.1336,0.48355],[123.13597,0.4832],[123.13787,0.48036],[123.13755,0.48406],[123.13958,0.48552],[123.13825,0.48743],[123.13197,0.48838],[123.12749,0.49086],[123.12774,0.49322],[123.12418,0.49271],[123.12615,0.49048],[123.12533,0.48808],[123.11812,0.48931],[123.11409,0.48566],[123.11282,0.48943],[123.11191,0.48701],[123.10596,0.48514],[123.1064,0.48874],[123.10245,0.48983],[123.09971,0.49707],[123.09806,0.49581],[123.0922,0.4985],[123.08777,0.49752],[123.09004,0.50077],[123.08772,0.50343],[123.08618,0.50219],[123.08394,0.50453],[123.08191,0.50049],[123.07945,0.50288],[123.07516,0.50331],[123.07716,0.50663],[123.07669,0.50891],[123.07018,0.5069],[123.07032,0.50975],[123.0678,0.50908],[123.06854,0.51228],[123.06493,0.50979],[123.06507,0.51098],[123.06359,0.51056],[123.06545,0.52059],[123.07224,0.51741]],[[123.16974,0.45114],[123.16993,0.45171],[123.16747,0.45092],[123.16974,0.45114]]],[[[123.18292,0.70079],[123.18195,0.6952],[123.1779,0.69557],[123.18143,0.69338],[123.1835,0.69409],[123.18382,0.69247],[123.17719,0.68948],[123.17304,0.68977],[123.17125,0.68635],[123.16645,0.68494],[123.17438,0.69258],[123.17556,0.69667],[123.17377,0.70224],[123.18292,0.70079]]],[[[123.13627,0.75666],[123.13211,0.75273],[123.12899,0.74485],[123.12283,0.7406],[123.12295,0.73679],[123.13141,0.73187],[123.1377,0.72108],[123.13271,0.70812],[123.13591,0.70621],[123.13671,0.70272],[123.13553,0.70153],[123.13694,0.69746],[123.1338,0.69719],[123.13661,0.68789],[123.13369,0.68758],[123.13158,0.68449],[123.13043,0.68719],[123.12394,0.68754],[123.1219,0.68546],[123.12446,0.6822],[123.12328,0.68029],[123.1195,0.68043],[123.1171,0.67529],[123.1145,0.67377],[123.11308,0.67495],[123.11131,0.67255],[123.10929,0.67377],[123.10513,0.66769],[123.10166,0.66936],[123.10287,0.66846],[123.10101,0.66697],[123.09722,0.67016],[123.09666,0.6754],[123.09291,0.67724],[123.09142,0.68043],[123.09691,0.68685],[123.10564,0.69339],[123.09163,0.69417],[123.09125,0.69872],[123.08646,0.70594],[123.08757,0.70941],[123.08514,0.72024],[123.08011,0.73405],[123.07868,0.73641],[123.07625,0.737],[123.07461,0.74316],[123.07645,0.74483],[123.07627,0.75432],[123.07367,0.76315],[123.07732,0.77493],[123.06688,0.7896],[123.06697,0.79316],[123.06964,0.79708],[123.07002,0.80349],[123.07384,0.80619],[123.08384,0.80549],[123.09893,0.79542],[123.11289,0.79263],[123.11945,0.78879],[123.12333,0.78857],[123.12542,0.78426],[123.12513,0.77342],[123.13137,0.76973],[123.13436,0.76563],[123.13627,0.75666]],[[123.11549,0.70721],[123.1101,0.71545],[123.09858,0.71871],[123.09745,0.71573],[123.10598,0.71147],[123.10626,0.70764],[123.10842,0.70495],[123.11241,0.7053],[123.11253,0.70358],[123.11446,0.70377],[123.11549,0.70721]]]]},"properties":{"kph":"KPH Wil. VII Bone Bolango dan Gorontalo Kota"}},{"type":"Feature","geometry":{"type":"MultiPolygon","coordinates":[[[[120.17835,-1.96628],[120.1779,-1.96636],[120.1781,-1.96629],[120.17835,-1.96628]]],[[[120.17505,-1.96203],[120.17299,-1.96218],[120.17364,-1.96146],[120.17505,-1.96203]]],[[[119.98365,-1.66398],[119.98404,-1.66972],[119.9818,-1.66522],[119.97895,-1.66682],[119.97741,-1.66302],[119.97838,-1.65611],[119.98012,-1.65483],[119.98681,-1.65717],[119.98728,-1.66049],[119.98574,-1.66044],[119.98365,-1.66398]]],[[[119.96297,-1.56302],[119.96239,-1.56265],[119.96296,-1.56177],[119.96297,-1.56302]]],[[[120.00968,-1.59222],[120.00662,-1.59429],[120.00649,-1.59716],[120.00788,-1.59786],[120.00673,-1.59971],[120.0089,-1.60056],[120.00881,-1.60318],[120.01186,-1.60358],[120.00839,-1.60829],[120.01138,-1.60743],[120.01211,-1.61043],[120.01427,-1.60984],[120.00928,-1.6144],[120.0115,-1.61641],[120.01284,-1.61525],[120.01187,-1.61855],[120.01326,-1.61986],[120.01883,-1.61717],[120.01844,-1.62355],[120.01695,-1.62526],[120.01477,-1.62491],[120.01464,-1.62915],[120.00967,-1.63117],[120.00795,-1.63454],[120.00919,-1.63706],[120.00662,-1.63529],[120.00413,-1.63598],[120.00405,-1.6396],[120.00593,-1.64133],[120.00407,-1.64165],[120.00091,-1.64162],[119.99616,-1.63657],[119.99416,-1.63738],[119.99435,-1.63222],[119.99108,-1.62857],[119.99193,-1.62585],[119.98877,-1.62444],[119.98512,-1.62836],[119.98162,-1.6276],[119.97948,-1.62898],[119.98167,-1.63125],[119.97751,-1.6303],[119.9769,-1.63163],[119.97971,-1.63403],[119.98184,-1.63307],[119.98267,-1.63885],[119.98108,-1.63909],[119.97888,-1.63652],[119.97857,-1.63972],[119.97604,-1.64041],[119.97417,-1.64303],[119.97523,-1.64434],[119.97061,-1.64646],[119.97007,-1.64876],[119.98044,-1.65258],[119.96689,-1.66301],[119.97075,-1.66462],[119.97107,-1.66125],[119.9717,-1.66387],[119.97508,-1.66521],[119.97503,-1.66898],[119.97823,-1.67075],[119.97801,-1.67423],[119.97952,-1.6755],[119.97733,-1.67812],[119.97948,-1.68],[119.98216,-1.67993],[119.98512,-1.68375],[119.98274,-1.68862],[119.98417,-1.69151],[119.98601,-1.689],[119.98978,-1.68831],[119.98941,-1.69008],[119.9947,-1.69307],[119.99542,-1.69619],[119.99753,-1.69448],[119.99979,-1.69508],[120.00086,-1.69224],[120.00481,-1.68907],[120.00546,-1.69077],[120.00787,-1.6891],[120.0109,-1.69096],[120.0134,-1.69021],[120.01351,-1.68461],[120.01798,-1.68699],[120.02637,-1.68416],[120.03175,-1.68726],[120.03652,-1.68625],[120.04093,-1.68138],[120.04225,-1.68268],[120.04324,-1.69068],[120.04216,-1.69431],[120.04407,-1.69703],[120.04211,-1.70087],[120.04488,-1.69664],[120.04957,-1.70332],[120.04816,-1.703],[120.04858,-1.70474],[120.05139,-1.70524],[120.04961,-1.70662],[120.05216,-1.70769],[120.0536,-1.71398],[120.04808,-1.71941],[120.04849,-1.72511],[120.0447,-1.72607],[120.0443,-1.73155],[120.0412,-1.73428],[120.03941,-1.74021],[120.03579,-1.74323],[120.03443,-1.74767],[120.03538,-1.75222],[120.04503,-1.76643],[120.04707,-1.76444],[120.04989,-1.76506],[120.05044,-1.77138],[120.05458,-1.77103],[120.05785,-1.76543],[120.06473,-1.76473],[120.06688,-1.75881],[120.07063,-1.75642],[120.07743,-1.76284],[120.07686,-1.76675],[120.08156,-1.77062],[120.08411,-1.77984],[120.08633,-1.78065],[120.08546,-1.78295],[120.08716,-1.78975],[120.08406,-1.79402],[120.08672,-1.8024],[120.09153,-1.80726],[120.0959,-1.80814],[120.09693,-1.81051],[120.09388,-1.8159],[120.09067,-1.81645],[120.091,-1.81911],[120.09486,-1.82438],[120.09907,-1.82567],[120.099,-1.82892],[120.10386,-1.82868],[120.10501,-1.82639],[120.1062,-1.83075],[120.11134,-1.83065],[120.11272,-1.83211],[120.11048,-1.83849],[120.11601,-1.84086],[120.1191,-1.84538],[120.11781,-1.84857],[120.1245,-1.85263],[120.12492,-1.85481],[120.12298,-1.85633],[120.12762,-1.85933],[120.12624,-1.86557],[120.12843,-1.86632],[120.13278,-1.87638],[120.13525,-1.88022],[120.13735,-1.8809],[120.13466,-1.88599],[120.13813,-1.88656],[120.1378,-1.88988],[120.14094,-1.89302],[120.14249,-1.90064],[120.13973,-1.9024],[120.13545,-1.9016],[120.13953,-1.90716],[120.14101,-1.91402],[120.13573,-1.92153],[120.14068,-1.929],[120.1432,-1.92882],[120.1501,-1.93572],[120.15125,-1.94072],[120.1552,-1.9408],[120.15724,-1.9468],[120.16067,-1.94633],[120.16038,-1.95633],[120.16371,-1.95832],[120.164,-1.96123],[120.16581,-1.96166],[120.16762,-1.96294],[120.16933,-1.96756],[120.17161,-1.96539],[120.16956,-1.96825],[120.16605,-1.96218],[120.16067,-1.96819],[120.14826,-1.97337],[120.1448,-1.97847],[120.13894,-1.97967],[120.13991,-1.98441],[120.13509,-1.98763],[120.13341,-1.98695],[120.12907,-1.99462],[120.12984,-1.99687],[120.1254,-1.99727],[120.1209,-1.99432],[120.11585,-2.0],[120.10935,-1.99377],[120.11004,-1.9844],[120.11144,-1.98303],[120.10922,-1.97782],[120.10112,-1.97126],[120.1017,-1.96968],[120.09761,-1.97091],[120.09452,-1.96746],[120.08752,-1.96648],[120.08531,-1.96192],[120.07907,-1.95729],[120.07496,-1.95046],[120.07535,-1.94728],[120.06331,-1.95435],[120.06236,-1.95677],[120.05569,-1.95883],[120.04457,-1.97214],[120.03751,-1.96474],[120.03507,-1.96827],[120.03171,-1.96789],[120.02805,-1.97001],[120.02274,-1.96617],[120.01832,-1.96763],[120.01785,-1.96293],[120.01611,-1.96179],[120.00789,-1.96612],[120.0052,-1.9653],[119.99584,-1.95756],[119.99447,-1.96325],[119.98963,-1.96513],[119.98507,-1.97257],[119.97716,-1.97521],[119.97607,-1.98501],[119.97077,-1.99728],[119.96684,-1.99923],[119.96391,-1.99808],[119.95952,-2.00276],[119.9544,-2.00519],[119.95308,-2.00929],[119.94978,-2.00997],[119.94508,-2.01455],[119.944,-2.01627],[119.94597,-2.02432],[119.94499,-2.02876],[119.94001,-2.0302],[119.93677,-2.03448],[119.93145,-2.03694],[119.92082,-2.03315],[119.91424,-2.0455],[119.91186,-2.04704],[119.91014,-2.05269],[119.90056,-2.05531],[119.89566,-2.0514],[119.89378,-2.04764],[119.88985,-2.04883],[119.88419,-2.04608],[119.88055,-2.03868],[119.87151,-2.03373],[119.86863,-2.02716],[119.87328,-2.02132],[119.87169,-2.0187],[119.8689,-2.01872],[119.87027,-2.01806],[119.86914,-2.01374],[119.86613,-2.01139],[119.87044,-1.99981],[119.86763,-1.98469],[119.8677,-1.96776],[119.86383,-1.96179],[119.86456,-1.9573],[119.86816,-1.95449],[119.8665,-1.94799],[119.87116,-1.93889],[119.86929,-1.9367],[119.86375,-1.93529],[119.86055,-1.92713],[119.86341,-1.9189],[119.86066,-1.91598],[119.86587,-1.91125],[119.86915,-1.89064],[119.86577,-1.88132],[119.85929,-1.88031],[119.8569,-1.8765],[119.86377,-1.87499],[119.86657,-1.8701],[119.87537,-1.86262],[119.8701,-1.85159],[119.86757,-1.84931],[119.86837,-1.84097],[119.86266,-1.83641],[119.85886,-1.82522],[119.86006,-1.82263],[119.85906,-1.82006],[119.86272,-1.81649],[119.85905,-1.80686],[119.86123,-1.79921],[119.86519,-1.79526],[119.86601,-1.78827],[119.87193,-1.78296],[119.87096,-1.77714],[119.86753,-1.77118],[119.8653,-1.7705],[119.86117,-1.77242],[119.85575,-1.76956],[119.84369,-1.7757],[119.83345,-1.76897],[119.82643,-1.76889],[119.82338,-1.76614],[119.81957,-1.75832],[119.81321,-1.75422],[119.81111,-1.74284],[119.80336,-1.74339],[119.79988,-1.73998],[119.7958,-1.74125],[119.79238,-1.72588],[119.79554,-1.71795],[119.7953,-1.70843],[119.77611,-1.70173],[119.77561,-1.70042],[119.77905,-1.69913],[119.78112,-1.69587],[119.78157,-1.69168],[119.77991,-1.68876],[119.77649,-1.69025],[119.77324,-1.68894],[119.76444,-1.67897],[119.75952,-1.66962],[119.7602,-1.66268],[119.75894,-1.65803],[119.75084,-1.65368],[119.74746,-1.64513],[119.73355,-1.64374],[119.72796,-1.63778],[119.73136,-1.63231],[119.7314,-1.62393],[119.73658,-1.61491],[119.73686,-1.61015],[119.73446,-1.60573],[119.72852,-1.60356],[119.72664,-1.59914],[119.7211,-1.59766],[119.71927,-1.59439],[119.71522,-1.59268],[119.71328,-1.58751],[119.70833,-1.58244],[119.70942,-1.57631],[119.70414,-1.57369],[119.70332,-1.56848],[119.70075,-1.56552],[119.69035,-1.56443],[119.68953,-1.55836],[119.68701,-1.55434],[119.67233,-1.54639],[119.67115,-1.54332],[119.67354,-1.5389],[119.67348,-1.53443],[119.6678,-1.53288],[119.66663,-1.5264],[119.67007,-1.5187],[119.6731,-1.5051],[119.67916,-1.49752],[119.67967,-1.49158],[119.68576,-1.48325],[119.68598,-1.47817],[119.69347,-1.47131],[119.68996,-1.46059],[119.69238,-1.45619],[119.69717,-1.45408],[119.69782,-1.45184],[119.69673,-1.45024],[119.69214,-1.44927],[119.68508,-1.44993],[119.6855,-1.44542],[119.68334,-1.44119],[119.68728,-1.43746],[119.68921,-1.43236],[119.70241,-1.4261],[119.70918,-1.41641],[119.71747,-1.41995],[119.72069,-1.4239],[119.72925,-1.42485],[119.74967,-1.41789],[119.75942,-1.40968],[119.76137,-1.403],[119.77319,-1.40074],[119.77799,-1.39683],[119.78959,-1.40072],[119.79581,-1.40025],[119.79938,-1.40234],[119.81608,-1.3963],[119.83307,-1.38667],[119.83319,-1.37156],[119.83406,-1.36951],[119.83596,-1.36963],[119.83652,-1.36796],[119.83479,-1.36725],[119.83578,-1.36498],[119.83803,-1.36472],[119.8335,-1.35644],[119.83346,-1.34475],[119.82821,-1.3365],[119.82567,-1.33524],[119.82739,-1.33184],[119.82786,-1.31874],[119.82182,-1.30443],[119.8303,-1.29256],[119.83088,-1.28392],[119.82145,-1.2746],[119.81884,-1.26408],[119.81693,-1.2634],[119.8141,-1.25735],[119.81544,-1.25429],[119.81258,-1.25353],[119.81073,-1.24992],[119.80894,-1.25],[119.80061,-1.23899],[119.79649,-1.23022],[119.79142,-1.22691],[119.78721,-1.22093],[119.78652,-1.21443],[119.77513,-1.19551],[119.77787,-1.19069],[119.78594,-1.18519],[119.78475,-1.17429],[119.78924,-1.17219],[119.78773,-1.16336],[119.78994,-1.16005],[119.79143,-1.15192],[119.80414,-1.13927],[119.80189,-1.1338],[119.79413,-1.13047],[119.79433,-1.11752],[119.79754,-1.11009],[119.79603,-1.10219],[119.80078,-1.08859],[119.79516,-1.0845],[119.79264,-1.07762],[119.78743,-1.07539],[119.78202,-1.06619],[119.78137,-1.05608],[119.77725,-1.04269],[119.77123,-1.03333],[119.76396,-1.0315],[119.75997,-1.0278],[119.75622,-1.0162],[119.75792,-1.00515],[119.7573,-0.99673],[119.75063,-0.99902],[119.73727,-0.994],[119.73122,-0.99568],[119.72661,-0.99501],[119.72564,-0.9967],[119.71409,-0.98841],[119.71345,-0.98407],[119.70871,-0.98552],[119.70274,-0.98308],[119.69622,-0.99147],[119.69593,-1.00297],[119.69235,-1.00742],[119.68172,-1.01174],[119.66944,-1.0128],[119.66953,-1.01199],[119.66897,-1.01083],[119.67048,-1.01061],[119.67435,-1.00803],[119.67431,-1.00795],[119.6689,-1.01075],[119.66935,-1.01282],[119.66778,-1.01239],[119.66298,-1.01337],[119.66177,-1.00176],[119.66729,-0.99409],[119.66813,-0.99124],[119.66604,-0.98351],[119.66971,-0.97851],[119.66583,-0.9807],[119.66337,-0.97814],[119.65988,-0.97861],[119.65123,-0.98427],[119.64769,-0.98498],[119.64854,-0.97948],[119.64632,-0.97743],[119.64834,-0.96325],[119.65314,-0.96244],[119.65346,-0.96046],[119.65654,-0.96325],[119.65754,-0.96191],[119.66173,-0.96224],[119.65746,-0.95851],[119.65478,-0.95865],[119.65512,-0.95681],[119.65125,-0.96026],[119.65302,-0.95852],[119.65367,-0.95226],[119.66051,-0.95217],[119.66235,-0.94977],[119.66213,-0.95275],[119.66343,-0.95267],[119.66648,-0.94915],[119.66721,-0.94349],[119.66951,-0.94208],[119.67132,-0.94209],[119.66802,-0.94755],[119.67045,-0.94761],[119.67443,-0.94444],[119.67375,-0.94221],[119.68882,-0.94125],[119.68883,-0.94125],[119.68906,-0.94136],[119.69492,-0.94392],[119.70066,-0.93853],[119.71088,-0.93648],[119.71044,-0.92344],[119.70873,-0.92037],[119.72152,-0.91603],[119.72267,-0.91222],[119.72808,-0.90715],[119.72893,-0.90451],[119.73723,-0.91878],[119.74338,-0.92243],[119.73965,-0.92558],[119.74402,-0.92967],[119.74474,-0.92655],[119.74353,-0.92571],[119.74689,-0.92047],[119.74691,-0.91727],[119.74588,-0.91836],[119.74773,-0.91471],[119.75549,-0.9112],[119.76099,-0.91206],[119.76969,-0.91041],[119.77109,-0.90137],[119.77575,-0.89902],[119.7765,-0.89581],[119.78965,-0.878],[119.79285,-0.875],[119.80026,-0.87194],[119.80283,-0.87157],[119.80511,-0.89559],[119.81536,-0.89758],[119.81286,-0.89857],[119.81586,-0.90225],[119.81311,-0.90634],[119.81474,-0.90753],[119.8138,-0.91033],[119.81801,-0.90942],[119.81961,-0.91054],[119.81571,-0.91289],[119.81953,-0.91748],[119.81911,-0.9249],[119.8165,-0.92675],[119.8191,-0.92885],[119.81799,-0.9299],[119.81972,-0.93389],[119.81708,-0.93662],[119.81807,-0.94227],[119.82162,-0.9466],[119.8203,-0.94816],[119.81731,-0.94673],[119.81407,-0.94878],[119.79622,-0.94534],[119.79472,-0.9465],[119.7955,-0.94496],[119.79344,-0.94355],[119.78731,-0.94709],[119.7853,-0.94425],[119.78132,-0.94298],[119.77603,-0.94677],[119.77194,-0.94504],[119.77258,-0.94219],[119.7678,-0.94161],[119.7662,-0.94007],[119.77322,-0.94096],[119.77354,-0.93928],[119.77672,-0.94007],[119.77805,-0.93786],[119.77333,-0.93833],[119.77295,-0.94014],[119.76861,-0.93848],[119.76819,-0.93974],[119.76363,-0.93794],[119.76367,-0.93499],[119.76044,-0.93387],[119.75767,-0.93749],[119.75807,-0.94143],[119.75912,-0.9443],[119.76087,-0.94339],[119.76271,-0.94592],[119.76215,-0.94862],[119.75794,-0.95109],[119.76092,-0.95349],[119.76561,-0.95168],[119.76491,-0.95424],[119.76623,-0.9564],[119.77463,-0.9581],[119.77275,-0.96038],[119.76915,-0.96112],[119.76273,-0.97169],[119.76364,-0.97755],[119.7712,-0.98049],[119.76698,-0.98352],[119.76819,-0.98517],[119.76464,-0.99247],[119.76341,-1.00277],[119.76622,-1.00323],[119.7661,-1.00737],[119.76908,-1.00698],[119.76972,-1.0046],[119.76631,-1.00205],[119.76829,-1.00154],[119.77117,-0.99506],[119.7772,-0.98832],[119.77801,-0.98035],[119.78065,-0.97623],[119.7787,-0.97348],[119.78789,-0.96841],[119.7872,-0.9658],[119.7883,-0.96518],[119.79098,-0.96844],[119.79855,-0.96378],[119.80369,-0.96731],[119.80955,-0.96438],[119.82202,-0.96249],[119.81921,-0.96612],[119.8099,-0.96985],[119.8023,-0.97095],[119.79545,-0.97892],[119.79545,-0.98224],[119.7883,-0.98274],[119.78722,-0.98739],[119.78585,-0.98875],[119.78336,-0.98795],[119.78386,-0.99109],[119.77999,-0.99244],[119.77707,-0.99617],[119.77969,-1.00444],[119.77747,-1.01085],[119.7788,-1.01071],[119.78067,-1.00488],[119.78523,-0.99898],[119.78896,-0.99758],[119.79023,-0.99306],[119.79294,-0.9905],[119.79789,-0.99074],[119.80137,-0.99273],[119.80286,-0.9905],[119.80213,-0.98808],[119.80745,-0.98883],[119.81191,-0.98442],[119.81393,-0.98423],[119.81252,-0.98274],[119.81265,-0.97786],[119.81955,-0.97754],[119.81987,-0.97633],[119.82174,-0.9832],[119.82264,-0.9773],[119.82481,-0.97892],[119.82601,-0.97805],[119.82379,-0.97646],[119.82489,-0.97394],[119.82799,-0.97465],[119.82844,-0.97193],[119.83084,-0.97047],[119.83355,-0.97114],[119.83782,-0.97609],[119.83996,-0.98199],[119.84,-0.98976],[119.83836,-0.99141],[119.84511,-1.00041],[119.84544,-1.00652],[119.84789,-1.00971],[119.84563,-1.00893],[119.84404,-1.01096],[119.84772,-1.01264],[119.85166,-1.02647],[119.85112,-1.03598],[119.85212,-1.03527],[119.85481,-1.0394],[119.83482,-1.03986],[119.8354,-1.04339],[119.83297,-1.04532],[119.83874,-1.04625],[119.84167,-1.05215],[119.83833,-1.05359],[119.85523,-1.05843],[119.85563,-1.05978],[119.85745,-1.05989],[119.85763,-1.05766],[119.8598,-1.06135],[119.85826,-1.0602],[119.85754,-1.06137],[119.85916,-1.06258],[119.8569,-1.06391],[119.85619,-1.06655],[119.85947,-1.07032],[119.85555,-1.07107],[119.85311,-1.0754],[119.84644,-1.07178],[119.84606,-1.07418],[119.84258,-1.07546],[119.8433,-1.0772],[119.83999,-1.0785],[119.84802,-1.08057],[119.85422,-1.07939],[119.85731,-1.0813],[119.85769,-1.07977],[119.86175,-1.08073],[119.8617,-1.08589],[119.86504,-1.09004],[119.8649,-1.09608],[119.86736,-1.10091],[119.85335,-1.10358],[119.86743,-1.10392],[119.86907,-1.11403],[119.87145,-1.11901],[119.87034,-1.12319],[119.87249,-1.12835],[119.87617,-1.12867],[119.87594,-1.13335],[119.87793,-1.13672],[119.87718,-1.14024],[119.87965,-1.14455],[119.87914,-1.15087],[119.88094,-1.15484],[119.87877,-1.15838],[119.88448,-1.16719],[119.88113,-1.17995],[119.88447,-1.18827],[119.88472,-1.19363],[119.89026,-1.19435],[119.89092,-1.19597],[119.89133,-1.20393],[119.88771,-1.211],[119.88937,-1.21218],[119.89163,-1.22002],[119.89514,-1.22055],[119.89294,-1.22311],[119.8939,-1.22586],[119.89696,-1.22741],[119.89658,-1.23451],[119.9045,-1.24282],[119.90344,-1.24851],[119.90847,-1.24809],[119.91111,-1.24374],[119.9128,-1.2443],[119.91283,-1.24855],[119.91452,-1.25191],[119.91619,-1.2504],[119.91802,-1.25282],[119.91672,-1.25288],[119.91918,-1.25484],[119.9195,-1.25966],[119.9212,-1.25998],[119.92178,-1.2586],[119.92467,-1.25972],[119.92091,-1.27104],[119.9147,-1.27461],[119.91481,-1.27581],[119.91054,-1.27271],[119.90937,-1.27428],[119.91451,-1.27826],[119.91537,-1.28208],[119.91817,-1.28377],[119.91209,-1.28136],[119.91098,-1.27898],[119.90859,-1.2794],[119.91011,-1.28122],[119.90936,-1.28288],[119.91186,-1.28248],[119.91021,-1.28661],[119.91222,-1.29014],[119.91099,-1.29329],[119.90802,-1.2939],[119.91206,-1.29425],[119.91171,-1.29647],[119.91412,-1.29978],[119.91231,-1.30175],[119.91321,-1.3032],[119.9101,-1.30562],[119.91273,-1.30645],[119.91416,-1.30432],[119.91456,-1.30809],[119.91105,-1.31134],[119.90846,-1.30834],[119.90517,-1.30874],[119.90538,-1.31066],[119.90156,-1.30889],[119.89442,-1.31349],[119.89467,-1.33746],[119.89041,-1.33867],[119.88843,-1.34292],[119.88018,-1.34345],[119.87921,-1.34614],[119.88031,-1.34881],[119.87672,-1.35241],[119.87839,-1.35508],[119.88433,-1.3507],[119.89552,-1.35281],[119.89998,-1.35008],[119.89768,-1.36421],[119.89985,-1.37295],[119.90179,-1.37501],[119.90441,-1.37359],[119.90626,-1.36938],[119.91081,-1.37302],[119.91292,-1.37283],[119.91419,-1.37583],[119.91566,-1.37593],[119.91482,-1.37755],[119.91653,-1.37779],[119.92129,-1.37392],[119.9232,-1.37399],[119.92733,-1.36893],[119.93152,-1.37016],[119.93444,-1.36861],[119.93963,-1.37024],[119.94144,-1.37341],[119.94106,-1.37678],[119.94264,-1.3758],[119.94618,-1.38221],[119.9451,-1.38724],[119.94681,-1.38748],[119.94624,-1.39014],[119.94815,-1.39136],[119.9461,-1.39223],[119.94804,-1.39237],[119.95239,-1.40114],[119.94833,-1.40363],[119.94849,-1.40641],[119.95458,-1.41433],[119.95406,-1.42105],[119.95561,-1.42331],[119.95058,-1.42812],[119.9493,-1.432],[119.94655,-1.43193],[119.94457,-1.43614],[119.94176,-1.4375],[119.94121,-1.44116],[119.9351,-1.44719],[119.93641,-1.44753],[119.93544,-1.45103],[119.93053,-1.45905],[119.93116,-1.46494],[119.93277,-1.46651],[119.93548,-1.46655],[119.93716,-1.46419],[119.94383,-1.46403],[119.94609,-1.47466],[119.94827,-1.4749],[119.94656,-1.47789],[119.94401,-1.47863],[119.94028,-1.48854],[119.93769,-1.49026],[119.93923,-1.49134],[119.93755,-1.49539],[119.93192,-1.49666],[119.93349,-1.49946],[119.93627,-1.49957],[119.9352,-1.50358],[119.93238,-1.50661],[119.93579,-1.50843],[119.93478,-1.51093],[119.93588,-1.51471],[119.93957,-1.51644],[119.94349,-1.51334],[119.94778,-1.51267],[119.94826,-1.50913],[119.95047,-1.50698],[119.95174,-1.50994],[119.9507,-1.51085],[119.95304,-1.51335],[119.95236,-1.52115],[119.95059,-1.52172],[119.95395,-1.52514],[119.95436,-1.52843],[119.94667,-1.53776],[119.94068,-1.53789],[119.94121,-1.53991],[119.93876,-1.542],[119.93441,-1.54068],[119.93219,-1.54475],[119.93513,-1.54877],[119.93057,-1.55247],[119.92631,-1.55307],[119.9254,-1.55908],[119.92838,-1.55989],[119.92723,-1.56458],[119.92964,-1.56907],[119.93262,-1.57062],[119.93248,-1.57285],[119.93101,-1.57261],[119.93226,-1.57512],[119.9348,-1.57197],[119.93922,-1.57387],[119.94497,-1.57265],[119.94591,-1.57847],[119.94752,-1.57803],[119.94595,-1.57975],[119.95124,-1.58235],[119.94915,-1.58407],[119.9514,-1.58505],[119.95425,-1.58141],[119.9576,-1.5826],[119.96099,-1.57751],[119.95976,-1.57616],[119.957,-1.57855],[119.95628,-1.57414],[119.95413,-1.57288],[119.95524,-1.57116],[119.95976,-1.57181],[119.95675,-1.56968],[119.95745,-1.56881],[119.96004,-1.57048],[119.96001,-1.56868],[119.96357,-1.56872],[119.96309,-1.56604],[119.96528,-1.56531],[119.97363,-1.57058],[119.97632,-1.57049],[119.97645,-1.56219],[119.98103,-1.55528],[119.98294,-1.55585],[119.98542,-1.55418],[119.98692,-1.55046],[119.99129,-1.54685],[119.98991,-1.54282],[119.99071,-1.53983],[119.99257,-1.53902],[119.99638,-1.54735],[120.00016,-1.54783],[119.99873,-1.55265],[120.00407,-1.55396],[120.01132,-1.55107],[120.00888,-1.55417],[120.01222,-1.55797],[120.01056,-1.55927],[120.00854,-1.5583],[120.00872,-1.55992],[120.00994,-1.56147],[120.01128,-1.55983],[120.01406,-1.56074],[120.01709,-1.5652],[120.015,-1.56729],[120.01612,-1.56792],[120.01176,-1.57448],[120.00812,-1.57211],[120.00769,-1.5745],[120.00262,-1.5745],[120.00205,-1.57619],[120.00893,-1.58103],[120.0157,-1.58313],[120.01286,-1.58455],[120.00968,-1.59222]],[[119.76757,-0.92931],[119.7669,-0.92331],[119.76303,-0.9221],[119.76051,-0.92439],[119.75599,-0.92372],[119.75606,-0.92632],[119.75344,-0.92635],[119.75331,-0.92986],[119.75509,-0.93155],[119.75828,-0.93137],[119.76428,-0.93418],[119.76757,-0.92931]],[[119.83081,-1.64519],[119.82925,-1.64435],[119.82775,-1.6427],[119.82984,-1.64072],[119.82809,-1.63906],[119.82469,-1.64295],[119.82561,-1.6458],[119.82733,-1.64472],[119.83136,-1.6483],[119.83817,-1.64908],[119.83579,-1.64552],[119.83636,-1.64325],[119.83081,-1.64519]],[[119.80668,-1.63814],[119.80856,-1.6422],[119.81136,-1.64214],[119.81121,-1.64673],[119.81259,-1.64497],[119.81433,-1.64783],[119.81903,-1.6485],[119.81614,-1.64594],[119.81511,-1.6468],[119.81438,-1.64358],[119.81108,-1.64058],[119.81242,-1.63911],[119.8171,-1.64106],[119.81667,-1.63964],[119.81806,-1.63959],[119.81963,-1.64277],[119.81794,-1.64564],[119.82217,-1.64748],[119.82422,-1.64499],[119.82494,-1.64004],[119.81979,-1.63555],[119.81195,-1.633],[119.80668,-1.63814]],[[119.80272,-1.61807],[119.80603,-1.61628],[119.80487,-1.61596],[119.80272,-1.61807]],[[119.7967,-1.61614],[119.79357,-1.61395],[119.79309,-1.61129],[119.796,-1.60866],[119.79766,-1.60958],[119.79896,-1.60845],[119.7945,-1.60545],[119.7899,-1.61203],[119.78864,-1.62051],[119.79118,-1.61928],[119.79184,-1.61705],[119.79504,-1.62054],[119.79763,-1.61887],[119.8039,-1.62107],[119.80352,-1.61883],[119.80223,-1.6186],[119.79862,-1.61375],[119.7967,-1.61614]],[[119.83221,-1.59784],[119.81776,-1.60077],[119.8162,-1.60232],[119.81901,-1.60474],[119.82386,-1.60366],[119.82546,-1.60644],[119.82544,-1.60365],[119.82408,-1.60326],[119.82522,-1.60088],[119.83289,-1.60038],[119.83596,-1.59852],[119.8371,-1.59318],[119.83306,-1.5933],[119.83221,-1.59784]],[[119.77268,-1.55143],[119.7714,-1.55626],[119.77277,-1.5595],[119.78291,-1.56245],[119.78909,-1.56657],[119.78834,-1.56827],[119.79266,-1.56781],[119.80228,-1.57115],[119.80208,-1.57404],[119.8045,-1.57582],[119.80612,-1.57563],[119.80781,-1.57217],[119.81266,-1.57019],[119.81268,-1.5685],[119.80741,-1.56768],[119.80539,-1.56509],[119.79659,-1.56734],[119.78848,-1.56405],[119.78511,-1.56089],[119.78689,-1.55844],[119.7834,-1.55611],[119.79009,-1.54647],[119.78978,-1.53743],[119.78799,-1.5356],[119.78575,-1.53588],[119.78427,-1.54058],[119.77268,-1.55143]],[[119.75375,-1.51859],[119.74952,-1.51701],[119.74804,-1.51825],[119.75008,-1.52506],[119.75257,-1.52346],[119.75375,-1.51859]],[[119.73041,-1.51023],[119.73059,-1.51708],[119.7262,-1.51584],[119.72288,-1.51862],[119.72488,-1.52201],[119.72202,-1.52569],[119.72813,-1.5319],[119.73037,-1.53122],[119.73305,-1.52515],[119.73933,-1.52594],[119.74372,-1.52212],[119.74298,-1.51637],[119.73879,-1.50823],[119.73555,-1.50577],[119.73041,-1.51023]],[[119.74308,-1.50382],[119.73391,-1.49724],[119.73045,-1.49053],[119.73173,-1.50026],[119.73923,-1.50737],[119.74273,-1.50633],[119.74308,-1.50382]],[[119.80162,-1.00833],[119.79866,-1.00484],[119.79402,-1.00264],[119.78414,-1.0078],[119.78338,-1.01135],[119.78742,-1.01415],[119.79367,-1.01316],[119.80162,-1.00833]],[[119.68067,-1.00082],[119.67673,-1.00478],[119.67443,-1.0083],[119.68086,-1.00094],[119.68243,-0.9978],[119.68305,-0.99203],[119.68067,-1.00082]],[[119.74772,-0.98513],[119.7476,-0.98572],[119.74924,-0.98659],[119.74772,-0.98513]],[[119.67379,-0.98169],[119.68187,-0.99036],[119.68281,-0.98859],[119.67716,-0.98147],[119.67563,-0.9762],[119.67268,-0.97625],[119.67379,-0.98169]],[[119.69721,-0.97822],[119.69637,-0.98055],[119.69797,-0.98314],[119.70446,-0.98141],[119.70188,-0.97835],[119.70084,-0.97274],[119.69689,-0.97059],[119.69121,-0.97379],[119.69208,-0.97634],[119.69721,-0.97822]],[[119.73163,-0.95449],[119.73556,-0.9519],[119.74039,-0.95211],[119.73884,-0.95011],[119.74111,-0.94858],[119.74089,-0.94433],[119.73877,-0.94424],[119.73899,-0.94692],[119.73482,-0.94959],[119.73163,-0.95449]],[[119.9778,-1.83419],[119.9702,-1.83818],[119.96799,-1.84474],[119.95768,-1.85338],[119.956,-1.8608],[119.9533,-1.86616],[119.95045,-1.86792],[119.9491,-1.87817],[119.94518,-1.88489],[119.94603,-1.89187],[119.94373,-1.90071],[119.93198,-1.91182],[119.93362,-1.91413],[119.93034,-1.91405],[119.92728,-1.91761],[119.92758,-1.92492],[119.92457,-1.93054],[119.91991,-1.93585],[119.9181,-1.93587],[119.91903,-1.9377],[119.91403,-1.93972],[119.91417,-1.94119],[119.91156,-1.94253],[119.9121,-1.94567],[119.90896,-1.94992],[119.90917,-1.95378],[119.91203,-1.95488],[119.91155,-1.95744],[119.91582,-1.95732],[119.91798,-1.95884],[119.92162,-1.95639],[119.92326,-1.95762],[119.92261,-1.96864],[119.92603,-1.97674],[119.9384,-1.97245],[119.9375,-1.97087],[119.93032,-1.97078],[119.92789,-1.96234],[119.92881,-1.96125],[119.93068,-1.96214],[119.9294,-1.95881],[119.93256,-1.95395],[119.93189,-1.95176],[119.93836,-1.9439],[119.94013,-1.94964],[119.93865,-1.95198],[119.94216,-1.95059],[119.9432,-1.94701],[119.94003,-1.94395],[119.94353,-1.94226],[119.94158,-1.94002],[119.94306,-1.93646],[119.94827,-1.93425],[119.94771,-1.92988],[119.95061,-1.9295],[119.94954,-1.92799],[119.95181,-1.92829],[119.95839,-1.93363],[119.95847,-1.9373],[119.96075,-1.93706],[119.96256,-1.93893],[119.96389,-1.93702],[119.95811,-1.92945],[119.95316,-1.92668],[119.95509,-1.92608],[119.95398,-1.92292],[119.95665,-1.9251],[119.95845,-1.92327],[119.95672,-1.91853],[119.95671,-1.91558],[119.95836,-1.91435],[119.95741,-1.91339],[119.96182,-1.91422],[119.9628,-1.91758],[119.9664,-1.91291],[119.9637,-1.91015],[119.96018,-1.91125],[119.96202,-1.90892],[119.96017,-1.90731],[119.96157,-1.90408],[119.96357,-1.90687],[119.96565,-1.90581],[119.96321,-1.90262],[119.96581,-1.90328],[119.96612,-1.89846],[119.96861,-1.89782],[119.96307,-1.89233],[119.96422,-1.88673],[119.96272,-1.88751],[119.96078,-1.88586],[119.96475,-1.88099],[119.96375,-1.87884],[119.96505,-1.87032],[119.96356,-1.86616],[119.96452,-1.86067],[119.96325,-1.8575],[119.96749,-1.85492],[119.97015,-1.84828],[119.97938,-1.8497],[119.98386,-1.84841],[119.98673,-1.8376],[119.98418,-1.83473],[119.9778,-1.83419]],[[119.98552,-1.87401],[119.98831,-1.87273],[119.988,-1.86961],[119.99116,-1.87201],[119.99151,-1.86809],[119.98946,-1.86533],[119.98276,-1.86417],[119.98506,-1.87007],[119.98267,-1.87104],[119.98552,-1.87401]],[[119.97724,-1.86292],[119.97814,-1.85959],[119.97561,-1.85867],[119.97723,-1.85689],[119.97924,-1.85807],[119.97915,-1.85527],[119.97609,-1.85531],[119.97372,-1.8581],[119.97724,-1.86292]],[[119.96388,-1.78669],[119.9549,-1.78989],[119.95598,-1.79811],[119.96445,-1.79407],[119.96606,-1.79565],[119.97059,-1.79558],[119.97705,-1.79161],[119.97642,-1.79649],[119.97266,-1.79888],[119.97375,-1.79951],[119.9872,-1.79695],[119.98895,-1.79754],[119.98776,-1.79961],[119.98945,-1.80453],[119.99327,-1.80316],[120.0024,-1.80379],[120.00609,-1.81015],[120.00974,-1.80699],[120.01268,-1.80827],[120.01262,-1.81187],[120.01004,-1.81307],[120.00124,-1.80945],[120.00763,-1.81342],[120.00161,-1.8124],[120.00529,-1.81485],[120.00073,-1.81595],[120.00569,-1.81804],[120.00461,-1.8211],[120.00279,-1.82424],[119.99377,-1.82937],[119.99109,-1.83296],[119.99103,-1.83464],[119.99472,-1.83792],[119.99991,-1.83844],[120.0004,-1.8346],[119.99854,-1.83447],[119.99995,-1.83299],[119.99785,-1.83247],[120.00404,-1.82508],[120.00872,-1.82792],[120.0141,-1.83571],[120.01406,-1.83209],[120.01596,-1.83402],[120.01778,-1.83357],[120.01722,-1.82802],[120.02266,-1.82735],[120.02954,-1.82184],[120.03186,-1.82258],[120.03355,-1.81903],[120.03102,-1.81612],[120.03137,-1.8118],[120.03509,-1.81232],[120.03706,-1.81053],[120.03383,-1.80407],[120.02967,-1.80329],[120.02634,-1.80009],[120.03277,-1.79491],[120.03281,-1.79326],[120.04187,-1.79073],[120.04794,-1.77454],[120.04043,-1.77339],[120.03804,-1.78438],[120.03334,-1.78494],[120.03175,-1.78961],[120.02726,-1.78318],[120.02902,-1.77739],[120.0234,-1.77556],[120.02115,-1.78199],[120.01634,-1.78473],[120.01722,-1.7875],[120.01259,-1.78722],[120.01185,-1.7933],[120.00591,-1.7966],[119.99973,-1.7972],[119.99656,-1.79412],[119.99545,-1.79548],[119.98643,-1.79214],[119.98506,-1.78961],[119.98622,-1.78459],[119.98028,-1.77988],[119.97884,-1.77458],[119.97329,-1.77191],[119.96827,-1.77118],[119.96195,-1.77578],[119.96764,-1.78206],[119.96388,-1.78669]],[[120.04189,-1.71001],[120.04308,-1.70636],[120.04605,-1.70672],[120.04582,-1.70399],[120.04302,-1.70326],[120.04213,-1.70577],[120.03618,-1.71065],[120.04189,-1.71001]],[[120.04765,-1.70783],[120.0489,-1.70727],[120.04778,-1.70662],[120.04765,-1.70783]],[[119.7794,-1.59942],[119.7772,-1.59748],[119.77375,-1.59865],[119.77088,-1.59302],[119.76598,-1.59227],[119.75699,-1.60333],[119.75728,-1.60857],[119.76317,-1.61061],[119.76286,-1.61414],[119.75705,-1.62267],[119.75146,-1.62748],[119.7515,-1.62941],[119.75736,-1.63395],[119.75829,-1.63863],[119.75534,-1.64792],[119.76292,-1.64818],[119.76516,-1.65742],[119.76725,-1.65993],[119.77592,-1.65661],[119.78161,-1.64886],[119.78229,-1.65136],[119.79108,-1.6523],[119.79827,-1.6573],[119.80009,-1.65319],[119.80323,-1.65313],[119.8059,-1.65957],[119.79231,-1.65742],[119.79286,-1.65931],[119.79072,-1.66369],[119.7913,-1.66518],[119.79228,-1.66435],[119.79551,-1.66609],[119.79285,-1.66969],[119.80343,-1.67619],[119.81054,-1.68636],[119.81364,-1.69731],[119.81973,-1.70355],[119.83096,-1.70173],[119.83499,-1.696],[119.84211,-1.69714],[119.84361,-1.69814],[119.84211,-1.69957],[119.84022,-1.69831],[119.83831,-1.69911],[119.83901,-1.70288],[119.84372,-1.70344],[119.8462,-1.70639],[119.84743,-1.70372],[119.85251,-1.70527],[119.8561,-1.70855],[119.85534,-1.7124],[119.85748,-1.71398],[119.85422,-1.69927],[119.85627,-1.69646],[119.86227,-1.69982],[119.86493,-1.69756],[119.86693,-1.69968],[119.86684,-1.70358],[119.86876,-1.70227],[119.87148,-1.70477],[119.87954,-1.70091],[119.8828,-1.70239],[119.87647,-1.70653],[119.8759,-1.70862],[119.87823,-1.70967],[119.87354,-1.71186],[119.87105,-1.71707],[119.86871,-1.71797],[119.8715,-1.72121],[119.87645,-1.72126],[119.87721,-1.71814],[119.87834,-1.72074],[119.87617,-1.72145],[119.87244,-1.72671],[119.8674,-1.72578],[119.86385,-1.72714],[119.86225,-1.73099],[119.86551,-1.73571],[119.86873,-1.73704],[119.86992,-1.74256],[119.86468,-1.74161],[119.86916,-1.74653],[119.86768,-1.74882],[119.8643,-1.74853],[119.86373,-1.74982],[119.86699,-1.75043],[119.86944,-1.75405],[119.87644,-1.75534],[119.88036,-1.76014],[119.87803,-1.76133],[119.88174,-1.76262],[119.87786,-1.76597],[119.88914,-1.76664],[119.89045,-1.76328],[119.89183,-1.76678],[119.89357,-1.76395],[119.90349,-1.75905],[119.9018,-1.76169],[119.89711,-1.76336],[119.90068,-1.76314],[119.90347,-1.76495],[119.90826,-1.76381],[119.90816,-1.75374],[119.91002,-1.75264],[119.91377,-1.75444],[119.9144,-1.75179],[119.91818,-1.74917],[119.92033,-1.75],[119.91762,-1.75065],[119.91824,-1.75313],[119.91302,-1.75682],[119.91119,-1.75599],[119.91286,-1.75733],[119.91258,-1.76157],[119.91385,-1.75987],[119.91625,-1.76265],[119.9137,-1.76525],[119.91524,-1.77186],[119.91649,-1.77274],[119.91732,-1.77093],[119.91812,-1.77307],[119.91963,-1.77226],[119.9238,-1.77927],[119.9233,-1.77561],[119.92613,-1.78097],[119.92776,-1.78048],[119.92577,-1.77542],[119.92783,-1.77747],[119.93145,-1.77785],[119.92962,-1.78028],[119.93329,-1.78223],[119.93235,-1.77603],[119.9345,-1.778],[119.93823,-1.77811],[119.93472,-1.77343],[119.93516,-1.77022],[119.93679,-1.76969],[119.94571,-1.77461],[119.95027,-1.77281],[119.95109,-1.76753],[119.94613,-1.76258],[119.94171,-1.75224],[119.93764,-1.74939],[119.93776,-1.74491],[119.93529,-1.74136],[119.93705,-1.73935],[119.93438,-1.73231],[119.9374,-1.73302],[119.93819,-1.73045],[119.93964,-1.73197],[119.94135,-1.72985],[119.94169,-1.72502],[119.94035,-1.72362],[119.94366,-1.71805],[119.94345,-1.71308],[119.93602,-1.70837],[119.9385,-1.70744],[119.94338,-1.7101],[119.94571,-1.70848],[119.94997,-1.71237],[119.94966,-1.70737],[119.95199,-1.70853],[119.95175,-1.70739],[119.94604,-1.69978],[119.9444,-1.69438],[119.94901,-1.69785],[119.95165,-1.6983],[119.95413,-1.69628],[119.95568,-1.69883],[119.95775,-1.69761],[119.95848,-1.69859],[119.95987,-1.69369],[119.96082,-1.69454],[119.96372,-1.69247],[119.96113,-1.69176],[119.95915,-1.68483],[119.96219,-1.68849],[119.96565,-1.68417],[119.97179,-1.68912],[119.97193,-1.68355],[119.96755,-1.68135],[119.96683,-1.67905],[119.96829,-1.67715],[119.96829,-1.67393],[119.96612,-1.67309],[119.96754,-1.67716],[119.96272,-1.67357],[119.96425,-1.6723],[119.96209,-1.67049],[119.96224,-1.66547],[119.95765,-1.66788],[119.9493,-1.66779],[119.94303,-1.67465],[119.93034,-1.67383],[119.92333,-1.67561],[119.92024,-1.67276],[119.91529,-1.65902],[119.9069,-1.6576],[119.90103,-1.65908],[119.89542,-1.65276],[119.89213,-1.65367],[119.8865,-1.65936],[119.87915,-1.66333],[119.87536,-1.65908],[119.86296,-1.65867],[119.86415,-1.65151],[119.86189,-1.65162],[119.86057,-1.653],[119.86139,-1.65728],[119.85904,-1.65839],[119.85998,-1.66075],[119.85471,-1.66236],[119.86178,-1.66619],[119.86257,-1.66239],[119.87399,-1.66439],[119.87866,-1.66779],[119.87989,-1.67261],[119.86492,-1.68063],[119.85588,-1.69146],[119.85209,-1.69846],[119.84439,-1.69822],[119.84559,-1.69589],[119.83926,-1.69463],[119.84021,-1.69106],[119.83616,-1.68573],[119.8365,-1.67805],[119.83362,-1.67467],[119.83172,-1.67502],[119.83193,-1.67962],[119.82907,-1.68195],[119.82769,-1.68706],[119.82508,-1.68152],[119.8206,-1.67924],[119.82355,-1.67371],[119.81846,-1.67357],[119.81806,-1.66264],[119.81409,-1.66313],[119.81252,-1.65626],[119.81899,-1.65803],[119.81918,-1.65645],[119.81637,-1.65666],[119.8149,-1.65513],[119.81896,-1.65289],[119.81901,-1.65082],[119.81319,-1.64926],[119.81196,-1.6537],[119.81149,-1.64881],[119.80955,-1.64477],[119.80619,-1.64349],[119.80528,-1.63769],[119.79663,-1.63806],[119.79725,-1.63591],[119.80556,-1.63531],[119.80564,-1.63057],[119.80144,-1.62699],[119.79785,-1.62908],[119.79579,-1.62779],[119.7932,-1.63446],[119.79346,-1.6305],[119.79207,-1.62984],[119.79372,-1.62886],[119.79322,-1.62723],[119.79166,-1.62652],[119.79033,-1.62753],[119.79086,-1.62936],[119.78829,-1.62909],[119.78791,-1.62636],[119.78501,-1.62474],[119.78965,-1.6252],[119.79132,-1.6231],[119.78453,-1.62105],[119.7794,-1.59942]],[[119.84877,-1.69207],[119.8506,-1.69028],[119.85037,-1.67798],[119.84,-1.67518],[119.83808,-1.67803],[119.84,-1.68138],[119.83796,-1.68684],[119.83958,-1.68936],[119.84877,-1.69207]],[[119.89934,-1.637],[119.89769,-1.6376],[119.89739,-1.64089],[119.9003,-1.64229],[119.8977,-1.64942],[119.90035,-1.6545],[119.90364,-1.6557],[119.90681,-1.65465],[119.9081,-1.65069],[119.90688,-1.64925],[119.90853,-1.64766],[119.90999,-1.6487],[119.91129,-1.64634],[119.9085,-1.64272],[119.90929,-1.64078],[119.90647,-1.64014],[119.90478,-1.63661],[119.90397,-1.63955],[119.90215,-1.6399],[119.89934,-1.637]],[[119.89274,-1.63838],[119.89234,-1.64024],[119.89454,-1.64289],[119.8941,-1.64096],[119.89543,-1.64162],[119.89587,-1.63984],[119.89301,-1.63819],[119.89596,-1.6372],[119.89379,-1.63576],[119.89324,-1.63702],[119.89049,-1.63664],[119.89274,-1.63838]],[[119.85816,-1.59769],[119.85585,-1.60299],[119.85595,-1.61057],[119.85352,-1.61354],[119.85367,-1.61715],[119.86368,-1.61706],[119.86457,-1.61114],[119.86917,-1.60713],[119.8685,-1.59791],[119.86601,-1.59587],[119.85816,-1.59769]],[[119.88091,-1.59785],[119.88187,-1.59914],[119.87602,-1.59874],[119.87926,-1.6001],[119.87697,-1.60086],[119.87854,-1.60186],[119.8837,-1.59894],[119.88344,-1.60129],[119.88964,-1.60512],[119.89615,-1.60304],[119.89882,-1.60046],[119.89737,-1.59819],[119.89095,-1.59573],[119.8852,-1.59789],[119.88338,-1.59649],[119.88091,-1.59785]],[[119.89871,-1.59427],[119.90127,-1.59564],[119.9048,-1.59411],[119.90488,-1.59185],[119.89884,-1.58791],[119.89538,-1.58829],[119.89557,-1.59052],[119.89219,-1.58795],[119.89107,-1.5893],[119.89592,-1.59224],[119.89776,-1.59111],[119.89871,-1.59427]],[[119.89053,-1.57744],[119.89268,-1.58241],[119.89627,-1.58306],[119.89811,-1.58626],[119.90208,-1.58865],[119.90503,-1.59004],[119.90638,-1.5875],[119.90806,-1.58738],[119.90615,-1.58981],[119.90726,-1.59192],[119.90852,-1.59001],[119.91176,-1.59467],[119.91508,-1.59653],[119.91541,-1.5947],[119.91277,-1.59347],[119.91114,-1.58935],[119.91968,-1.58926],[119.91995,-1.58592],[119.9167,-1.58075],[119.90395,-1.58661],[119.90329,-1.58367],[119.90575,-1.58153],[119.90086,-1.58022],[119.90049,-1.58195],[119.8982,-1.58184],[119.89827,-1.57683],[119.89387,-1.57937],[119.89053,-1.57744]],[[119.83743,-1.07524],[119.83245,-1.0729],[119.8314,-1.07693],[119.83274,-1.07904],[119.83072,-1.08044],[119.83399,-1.07972],[119.83743,-1.07524]],[[119.82459,-1.01742],[119.82407,-1.02029],[119.82901,-1.02148],[119.82868,-1.02388],[119.83103,-1.02445],[119.82773,-1.02737],[119.82987,-1.02907],[119.8282,-1.03021],[119.83053,-1.03617],[119.8355,-1.03792],[119.84211,-1.03672],[119.84682,-1.02344],[119.84481,-1.02253],[119.84399,-1.01952],[119.83918,-1.01892],[119.83933,-1.01675],[119.83448,-1.01747],[119.83391,-1.0194],[119.8301,-1.01627],[119.82459,-1.01742]]],[[[119.66868,-1.01288],[119.66766,-1.01299],[119.6678,-1.01249],[119.66868,-1.01288]]],[[[119.81361,-0.95304],[119.81379,-0.95275],[119.81368,-0.95298],[119.81361,-0.95304]]],[[[120.19517,-1.99327],[120.1947,-1.99292],[120.19506,-1.99318],[120.19517,-1.99327]]],[[[120.19405,-1.99225],[120.19437,-1.99264],[120.19261,-1.99152],[120.19405,-1.99225]]],[[[120.19003,-1.98753],[120.18933,-1.98694],[120.18962,-1.98711],[120.19003,-1.98753]]],[[[120.1871,-1.98389],[120.18806,-1.98408],[120.18866,-1.98464],[120.1871,-1.98389]]],[[[120.18642,-1.98322],[120.18641,-1.98318],[120.1865,-1.98337],[120.18642,-1.98322]]],[[[120.18508,-1.97908],[120.18484,-1.97893],[120.18604,-1.97908],[120.18643,-1.97938],[120.18508,-1.97908]]],[[[120.18426,-1.97748],[120.18276,-1.97579],[120.18269,-1.97525],[120.18426,-1.97748]]],[[[120.18245,-1.97363],[120.18247,-1.974],[120.18239,-1.97311],[120.18245,-1.97363]]]]},"properties":{"kph":"KPH Kulawi"}},{"type":"Feature","geometry":{"type":"MultiPolygon","coordinates":[[[[123.10656,-1.8774],[123.10727,-1.87731],[123.10726,-1.87774],[123.10656,-1.8774]]],[[[123.10834,-1.87665],[123.1087,-1.87675],[123.1085,-1.87683],[123.10834,-1.87665]]],[[[123.11221,-1.87491],[123.1124,-1.87515],[123.11204,-1.8752],[123.11221,-1.87491]]],[[[123.11886,-1.8015],[123.11777,-1.80052],[123.11484,-1.80248],[123.11759,-1.80977],[123.11433,-1.81646],[123.11163,-1.81845],[123.11234,-1.81976],[123.11508,-1.81838],[123.11382,-1.82147],[123.11577,-1.82154],[123.11804,-1.825],[123.11609,-1.82694],[123.11653,-1.83185],[123.11516,-1.83496],[123.11789,-1.83995],[123.11933,-1.8384],[123.12071,-1.83967],[123.11809,-1.84285],[123.12081,-1.84642],[123.12483,-1.84518],[123.12689,-1.84667],[123.12853,-1.85433],[123.11682,-1.86745],[123.11656,-1.87167],[123.11431,-1.87463],[123.11272,-1.87477],[123.11192,-1.87104],[123.11142,-1.87452],[123.10746,-1.8756],[123.10592,-1.87409],[123.10608,-1.87804],[123.10409,-1.88014],[123.10252,-1.87554],[123.09171,-1.87118],[123.08296,-1.87963],[123.07913,-1.88611],[123.07346,-1.88568],[123.07505,-1.88919],[123.07969,-1.89156],[123.08192,-1.89514],[123.0773,-1.89649],[123.07773,-1.90131],[123.07533,-1.90207],[123.07581,-1.90529],[123.07368,-1.90654],[123.07191,-1.91138],[123.06623,-1.9151],[123.06416,-1.91195],[123.06553,-1.9088],[123.06328,-1.90642],[123.06635,-1.90511],[123.06479,-1.90469],[123.06571,-1.90183],[123.06801,-1.9028],[123.07096,-1.90118],[123.06738,-1.8957],[123.0703,-1.89433],[123.06784,-1.89432],[123.07267,-1.88432],[123.07319,-1.87875],[123.07137,-1.87114],[123.07302,-1.87069],[123.07395,-1.86469],[123.0722,-1.8633],[123.07584,-1.86319],[123.07961,-1.86059],[123.07664,-1.85669],[123.07809,-1.85605],[123.07684,-1.85417],[123.07804,-1.85043],[123.08406,-1.85279],[123.08099,-1.849],[123.08268,-1.84701],[123.07888,-1.84704],[123.07886,-1.84375],[123.07624,-1.84221],[123.07649,-1.8409],[123.07959,-1.84239],[123.07892,-1.84102],[123.0856,-1.83389],[123.08324,-1.8329],[123.08178,-1.82792],[123.08741,-1.82423],[123.09166,-1.82418],[123.08779,-1.82087],[123.08808,-1.81856],[123.08322,-1.81895],[123.08769,-1.81076],[123.08539,-1.80689],[123.08847,-1.79996],[123.10276,-1.80032],[123.11106,-1.79637],[123.11625,-1.79155],[123.11667,-1.7952],[123.12321,-1.79558],[123.11886,-1.8015]]],[[[123.12812,-1.5681],[123.13133,-1.56594],[123.13227,-1.56731],[123.13027,-1.58639],[123.13906,-1.60133],[123.13975,-1.60582],[123.13775,-1.60939],[123.13647,-1.60707],[123.13247,-1.60694],[123.12998,-1.61148],[123.12412,-1.61326],[123.1202,-1.61093],[123.11445,-1.61157],[123.11488,-1.60936],[123.11338,-1.61026],[123.10976,-1.60628],[123.11123,-1.59047],[123.10128,-1.60266],[123.0985,-1.59414],[123.10221,-1.57618],[123.10613,-1.57295],[123.1072,-1.56876],[123.10973,-1.56614],[123.10772,-1.56636],[123.10756,-1.56564],[123.12198,-1.56404],[123.12812,-1.5681]]],[[[123.19249,-1.43863],[123.19433,-1.44119],[123.18923,-1.43849],[123.18984,-1.4359],[123.19249,-1.43863]]],[[[123.20463,-1.36598],[123.20517,-1.36755],[123.20821,-1.37017],[123.21298,-1.36989],[123.21129,-1.37502],[123.21322,-1.37714],[123.21308,-1.37984],[123.21599,-1.38245],[123.2154,-1.38382],[123.21234,-1.38398],[123.21379,-1.3874],[123.21019,-1.39382],[123.21138,-1.39631],[123.21368,-1.39534],[123.21723,-1.39977],[123.21668,-1.41132],[123.21797,-1.41511],[123.22219,-1.41829],[123.22169,-1.42668],[123.21859,-1.42876],[123.21577,-1.42815],[123.21506,-1.43305],[123.21336,-1.43393],[123.2151,-1.43924],[123.21488,-1.45695],[123.20654,-1.44825],[123.20638,-1.44557],[123.20519,-1.44562],[123.20448,-1.4421],[123.19975,-1.4358],[123.19816,-1.43643],[123.1986,-1.43899],[123.19486,-1.441],[123.19294,-1.4368],[123.19036,-1.43591],[123.18878,-1.42237],[123.19055,-1.41454],[123.18664,-1.41642],[123.18485,-1.41146],[123.17879,-1.40402],[123.17939,-1.4009],[123.17487,-1.39949],[123.17837,-1.39634],[123.17941,-1.39731],[123.18042,-1.39689],[123.17949,-1.39458],[123.17674,-1.39512],[123.18078,-1.39107],[123.17801,-1.38487],[123.18004,-1.38327],[123.1816,-1.38425],[123.18024,-1.38107],[123.18115,-1.37843],[123.18407,-1.38012],[123.18467,-1.38273],[123.18698,-1.3819],[123.18576,-1.3738],[123.18736,-1.37385],[123.18991,-1.36771],[123.18654,-1.36711],[123.18674,-1.37032],[123.18389,-1.36899],[123.18769,-1.36362],[123.18433,-1.36372],[123.1858,-1.35718],[123.18847,-1.35626],[123.18841,-1.35239],[123.18899,-1.35355],[123.19221,-1.35317],[123.19265,-1.35479],[123.18773,-1.36482],[123.18795,-1.36612],[123.18975,-1.3646],[123.1904,-1.36885],[123.19493,-1.36402],[123.19538,-1.36625],[123.19715,-1.36465],[123.19664,-1.35969],[123.19535,-1.36129],[123.19307,-1.3586],[123.19477,-1.35546],[123.19259,-1.35068],[123.19519,-1.35065],[123.19751,-1.35744],[123.19726,-1.36562],[123.19903,-1.36672],[123.19707,-1.36788],[123.19885,-1.37132],[123.1968,-1.37561],[123.19672,-1.38032],[123.19967,-1.37368],[123.20122,-1.37334],[123.20287,-1.37697],[123.20478,-1.37503],[123.19958,-1.36802],[123.19759,-1.36029],[123.19887,-1.35686],[123.19662,-1.35044],[123.1971,-1.34561],[123.2022,-1.36289],[123.20616,-1.36532],[123.20463,-1.36598]]],[[[122.94693,-1.19314],[122.94556,-1.19745],[122.94831,-1.20139],[122.95034,-1.20124],[122.96252,-1.21343],[122.96426,-1.21343],[122.96259,-1.21832],[122.96455,-1.22037],[122.96433,-1.22401],[122.97678,-1.22128],[122.9792,-1.21526],[122.99175,-1.20891],[122.9998,-1.20577],[123.00299,-1.20745],[123.00915,-1.20416],[123.0156,-1.20292],[123.02822,-1.19343],[123.03359,-1.19139],[123.03707,-1.193],[123.04062,-1.18759],[123.04359,-1.18927],[123.0478,-1.18767],[123.05164,-1.18825],[123.05346,-1.18577],[123.0581,-1.1846],[123.06114,-1.18825],[123.0689,-1.18832],[123.07144,-1.18577],[123.07717,-1.18818],[123.07884,-1.18628],[123.08254,-1.18869],[123.08681,-1.18832],[123.08768,-1.19102],[123.0937,-1.18518],[123.09523,-1.18628],[123.0945,-1.18766],[123.10052,-1.18927],[123.10154,-1.18409],[123.10407,-1.18971],[123.11132,-1.19071],[123.11614,-1.19345],[123.11923,-1.19116],[123.11945,-1.18902],[123.12149,-1.18877],[123.12129,-1.19175],[123.11857,-1.1917],[123.11977,-1.19522],[123.11857,-1.19731],[123.1236,-1.20167],[123.12428,-1.20544],[123.13356,-1.20652],[123.13278,-1.21037],[123.13414,-1.21105],[123.13073,-1.21331],[123.12743,-1.2131],[123.12827,-1.21116],[123.12559,-1.21037],[123.12649,-1.20822],[123.12412,-1.20932],[123.12161,-1.20833],[123.11783,-1.21452],[123.11385,-1.20912],[123.10991,-1.21058],[123.10902,-1.21294],[123.11086,-1.21556],[123.10912,-1.21625],[123.11138,-1.21829],[123.11002,-1.21971],[123.11169,-1.22306],[123.10818,-1.2185],[123.10703,-1.22149],[123.10865,-1.22453],[123.10519,-1.22983],[123.10357,-1.22642],[123.10451,-1.22264],[123.10289,-1.22091],[123.09748,-1.22233],[123.09581,-1.22443],[123.09764,-1.2282],[123.09444,-1.22794],[123.09428,-1.22899],[123.09759,-1.2292],[123.09974,-1.23245],[123.10042,-1.23109],[123.10351,-1.23188],[123.10457,-1.23623],[123.10357,-1.23822],[123.1022,-1.23581],[123.10021,-1.23523],[123.09968,-1.23706],[123.09641,-1.23369],[123.09297,-1.23458],[123.09258,-1.23145],[123.08876,-1.23181],[123.08805,-1.23551],[123.09138,-1.23804],[123.09613,-1.24813],[123.09145,-1.26079],[123.0923,-1.263],[123.09538,-1.262],[123.09974,-1.26503],[123.10417,-1.26574],[123.1087,-1.27045],[123.10799,-1.27626],[123.11251,-1.28033],[123.11107,-1.2867],[123.10431,-1.29465],[123.10534,-1.29786],[123.10027,-1.29917],[123.09723,-1.29736],[123.09383,-1.3005],[123.09577,-1.30392],[123.09393,-1.3088],[123.09145,-1.3077],[123.08717,-1.30959],[123.08313,-1.30353],[123.08058,-1.30317],[123.07679,-1.30756],[123.0787,-1.31244],[123.07527,-1.31429],[123.07605,-1.31843],[123.0724,-1.31782],[123.06985,-1.32128],[123.06964,-1.31911],[123.0623,-1.31807],[123.06262,-1.32702],[123.06411,-1.32816],[123.06592,-1.32691],[123.06627,-1.32866],[123.06128,-1.33893],[123.05628,-1.33094],[123.05219,-1.32793],[123.04849,-1.32766],[123.04782,-1.33308],[123.05054,-1.33355],[123.05419,-1.339],[123.04984,-1.34025],[123.04665,-1.34356],[123.0436,-1.3436],[123.04279,-1.34631],[123.04683,-1.34887],[123.04973,-1.34745],[123.05019,-1.35194],[123.05494,-1.35586],[123.0584,-1.35248],[123.0595,-1.35376],[123.05518,-1.36534],[123.05518,-1.36067],[123.05257,-1.36081],[123.04962,-1.36563],[123.04811,-1.36319],[123.05051,-1.37294],[123.05253,-1.37529],[123.04311,-1.38409],[123.04042,-1.40156],[123.03765,-1.40117],[123.03493,-1.40406],[123.03638,-1.41147],[123.03453,-1.41195],[123.03383,-1.40969],[123.03262,-1.41065],[123.031,-1.41743],[123.03535,-1.42783],[123.02228,-1.43429],[123.01488,-1.43521],[123.01484,-1.43817],[123.01679,-1.4406],[123.01594,-1.44441],[123.00857,-1.44794],[123.00652,-1.45222],[123.0057,-1.46413],[123.00028,-1.47724],[123.00106,-1.48945],[122.99724,-1.49029],[122.99593,-1.49357],[122.99225,-1.49197],[122.98891,-1.49719],[122.98367,-1.49817],[122.98148,-1.50512],[122.97963,-1.50377],[122.97761,-1.50444],[122.97708,-1.50983],[122.9801,-1.51378],[122.97744,-1.51909],[122.97595,-1.51824],[122.97237,-1.51977],[122.97053,-1.52333],[122.96295,-1.5249],[122.96245,-1.52687],[122.95877,-1.52405],[122.95927,-1.52726],[122.95619,-1.52854],[122.95463,-1.52492],[122.94751,-1.51923],[122.94598,-1.52048],[122.93684,-1.51898],[122.93851,-1.51624],[122.93996,-1.51688],[122.93762,-1.51213],[122.94042,-1.50972],[122.94042,-1.50754],[122.93734,-1.50801],[122.93072,-1.514],[122.93054,-1.51963],[122.93443,-1.52132],[122.93493,-1.52487],[122.93136,-1.52583],[122.93075,-1.53004],[122.93355,-1.53114],[122.93396,-1.5329],[122.92962,-1.53531],[122.92958,-1.53745],[122.9264,-1.53781],[122.92464,-1.54561],[122.92299,-1.54508],[122.91991,-1.54847],[122.92126,-1.55674],[122.91828,-1.55845],[122.92175,-1.56551],[122.92487,-1.56797],[122.9226,-1.56914],[122.92405,-1.57053],[122.92303,-1.57542],[122.91952,-1.57271],[122.92037,-1.57462],[122.91839,-1.57602],[122.91963,-1.57934],[122.91814,-1.58233],[122.92023,-1.58253],[122.92036,-1.5826],[122.92037,-1.58322],[122.91856,-1.58953],[122.91545,-1.59235],[122.91304,-1.58971],[122.91438,-1.58576],[122.91276,-1.58368],[122.91056,-1.58365],[122.91343,-1.58062],[122.91208,-1.57795],[122.90939,-1.57609],[122.90794,-1.57841],[122.90744,-1.5752],[122.90447,-1.5751],[122.90004,-1.5639],[122.89742,-1.56347],[122.89487,-1.56675],[122.89487,-1.55919],[122.89721,-1.55178],[122.89207,-1.55748],[122.89189,-1.56155],[122.88902,-1.5664],[122.89091,-1.56749],[122.88955,-1.56943],[122.88725,-1.567],[122.89062,-1.56008],[122.8891,-1.55841],[122.88917,-1.5516],[122.88711,-1.55067],[122.88513,-1.55805],[122.88176,-1.56201],[122.8807,-1.55998],[122.88153,-1.55176],[122.88336,-1.54964],[122.88634,-1.54873],[122.88764,-1.55044],[122.89091,-1.54838],[122.89779,-1.54785],[122.901,-1.54525],[122.90746,-1.52718],[122.9073,-1.51911],[122.89662,-1.51042],[122.89478,-1.50361],[122.88987,-1.50469],[122.87778,-1.50384],[122.87226,-1.50969],[122.87088,-1.50932],[122.87091,-1.50712],[122.86538,-1.511],[122.86065,-1.50755],[122.85807,-1.51097],[122.85552,-1.50946],[122.85647,-1.50157],[122.86025,-1.49407],[122.86434,-1.48983],[122.86423,-1.48784],[122.88244,-1.47739],[122.88382,-1.4762],[122.88313,-1.47374],[122.87712,-1.47558],[122.87366,-1.47256],[122.86977,-1.47269],[122.86895,-1.47858],[122.8665,-1.48069],[122.85834,-1.48012],[122.85661,-1.47229],[122.85882,-1.46655],[122.85632,-1.46007],[122.85506,-1.45885],[122.84636,-1.45948],[122.8432,-1.45742],[122.83725,-1.46175],[122.83555,-1.46071],[122.83081,-1.46289],[122.82829,-1.4624],[122.82718,-1.46381],[122.82882,-1.46595],[122.82497,-1.47194],[122.82448,-1.47569],[122.82178,-1.47654],[122.81841,-1.47226],[122.81915,-1.47043],[122.8164,-1.47131],[122.81243,-1.46908],[122.80967,-1.47009],[122.81023,-1.46512],[122.80723,-1.46226],[122.80775,-1.45494],[122.80949,-1.45509],[122.81002,-1.45349],[122.80781,-1.44976],[122.80635,-1.44937],[122.80393,-1.4517],[122.80151,-1.45672],[122.79889,-1.45517],[122.79647,-1.45603],[122.79612,-1.45429],[122.7979,-1.44948],[122.8004,-1.44726],[122.80226,-1.44753],[122.80401,-1.44386],[122.81084,-1.44132],[122.8101,-1.43641],[122.81177,-1.43282],[122.81291,-1.43437],[122.8169,-1.43253],[122.82085,-1.42997],[122.82253,-1.42662],[122.82735,-1.42441],[122.82453,-1.42165],[122.82354,-1.42339],[122.82155,-1.42317],[122.82304,-1.41777],[122.81942,-1.41553],[122.82349,-1.41285],[122.82769,-1.41472],[122.82766,-1.40935],[122.83117,-1.40927],[122.82878,-1.40448],[122.83991,-1.39513],[122.8321,-1.39411],[122.82969,-1.39093],[122.83271,-1.38703],[122.83018,-1.38545],[122.82972,-1.37651],[122.82584,-1.3645],[122.8259,-1.35993],[122.84194,-1.34737],[122.84845,-1.3366],[122.84927,-1.31835],[122.85328,-1.30761],[122.85683,-1.28975],[122.86417,-1.28095],[122.87505,-1.28163],[122.87244,-1.27777],[122.87599,-1.27565],[122.87745,-1.27207],[122.87472,-1.26666],[122.87759,-1.26361],[122.87491,-1.25981],[122.87701,-1.25499],[122.87397,-1.25091],[122.8797,-1.2443],[122.8802,-1.24102],[122.88397,-1.23678],[122.88533,-1.23755],[122.8872,-1.23583],[122.89188,-1.22569],[122.89108,-1.22051],[122.89246,-1.21715],[122.90717,-1.19936],[122.90872,-1.19993],[122.90988,-1.1954],[122.91677,-1.18723],[122.92366,-1.18387],[122.93649,-1.18599],[122.94164,-1.18511],[122.94447,-1.18606],[122.94693,-1.19314]],[[122.92006,-1.58277],[122.91945,-1.58295],[122.91964,-1.58299],[122.92006,-1.58277]],[[122.91547,-1.48505],[122.91548,-1.48597],[122.91845,-1.48636],[122.92415,-1.48121],[122.92408,-1.47739],[122.92089,-1.47836],[122.91547,-1.48505]],[[122.92708,-1.47281],[122.9267,-1.47552],[122.93086,-1.48374],[122.93886,-1.47873],[122.93558,-1.47225],[122.92708,-1.47281]],[[122.9844,-1.45506],[122.98896,-1.45893],[122.99408,-1.45632],[122.99364,-1.44986],[122.99175,-1.44729],[122.98994,-1.44684],[122.9844,-1.45506]],[[122.99517,-1.44596],[122.99998,-1.447],[123.0007,-1.44169],[122.99679,-1.44259],[122.99517,-1.44596]],[[122.84744,-1.37112],[122.84266,-1.37246],[122.8426,-1.37565],[122.84098,-1.3758],[122.84272,-1.3796],[122.84503,-1.37911],[122.84596,-1.37481],[122.8489,-1.37379],[122.84744,-1.37112]],[[122.99861,-1.43128],[122.99835,-1.43541],[123.00829,-1.43645],[123.01285,-1.43149],[123.01279,-1.42934],[123.00448,-1.42937],[122.99861,-1.43128]],[[123.00276,-1.41356],[123.00763,-1.41513],[123.0118,-1.40931],[123.008,-1.40742],[123.00276,-1.41356]],[[123.00162,-1.38402],[123.00487,-1.3841],[123.0044,-1.3717],[122.999,-1.36446],[122.99588,-1.36962],[122.9978,-1.37106],[123.00162,-1.38402]],[[123.02294,-1.37149],[123.01984,-1.36876],[123.01582,-1.37713],[123.01912,-1.37925],[123.02254,-1.37633],[123.02294,-1.37149]],[[123.02579,-1.2757],[123.02393,-1.28413],[123.01839,-1.28973],[123.02448,-1.29236],[123.0247,-1.29733],[123.0283,-1.30192],[123.02538,-1.30878],[123.01927,-1.31271],[123.02048,-1.31609],[123.02293,-1.31661],[123.01927,-1.3187],[123.01875,-1.3263],[123.01193,-1.3324],[123.01477,-1.34132],[123.01888,-1.3407],[123.02689,-1.34417],[123.03406,-1.34302],[123.03801,-1.3405],[123.04052,-1.33289],[123.04053,-1.32481],[123.04366,-1.31977],[123.04794,-1.31809],[123.06186,-1.31875],[123.05978,-1.31518],[123.04819,-1.31417],[123.04576,-1.30821],[123.04593,-1.30464],[123.0489,-1.3056],[123.05269,-1.30244],[123.05408,-1.29267],[123.05288,-1.28824],[123.05716,-1.28347],[123.0558,-1.27979],[123.05021,-1.2738],[123.04942,-1.26746],[123.04647,-1.26666],[123.04483,-1.2626],[123.04096,-1.25982],[123.03774,-1.26641],[123.03766,-1.2713],[123.03509,-1.2691],[123.02579,-1.2757]]],[[[123.21767,-1.26417],[123.21953,-1.26836],[123.21744,-1.27038],[123.21324,-1.26797],[123.21004,-1.26985],[123.19803,-1.26363],[123.19843,-1.26086],[123.19635,-1.26266],[123.19535,-1.26049],[123.19163,-1.2591],[123.19007,-1.26372],[123.18743,-1.264],[123.19604,-1.26975],[123.19621,-1.27016],[123.19625,-1.27078],[123.19541,-1.26967],[123.19388,-1.26888],[123.19281,-1.2688],[123.19669,-1.27153],[123.19536,-1.27143],[123.19644,-1.2729],[123.19636,-1.27309],[123.19578,-1.27347],[123.19561,-1.27335],[123.19502,-1.27397],[123.19673,-1.27438],[123.19613,-1.27909],[123.19812,-1.28379],[123.19552,-1.29601],[123.19241,-1.30081],[123.19077,-1.30043],[123.19155,-1.30174],[123.18611,-1.30591],[123.18392,-1.31945],[123.18131,-1.31175],[123.18279,-1.30393],[123.19666,-1.28735],[123.19401,-1.2733],[123.18596,-1.26726],[123.18578,-1.26275],[123.18673,-1.26125],[123.1887,-1.26208],[123.19006,-1.25981],[123.19318,-1.25821],[123.19903,-1.25899],[123.20883,-1.26424],[123.21767,-1.26417]],[[123.19649,-1.27468],[123.19629,-1.27472],[123.19635,-1.27474],[123.19649,-1.27468]],[[123.1961,-1.27289],[123.19638,-1.27297],[123.19631,-1.27289],[123.1961,-1.27289]]],[[[123.20424,-1.19491],[123.21232,-1.19166],[123.2134,-1.19611],[123.21171,-1.20372],[123.21389,-1.20725],[123.21276,-1.21645],[123.21593,-1.21484],[123.21718,-1.21618],[123.22096,-1.21399],[123.22078,-1.2158],[123.22265,-1.21688],[123.22157,-1.21791],[123.22529,-1.21952],[123.22125,-1.22049],[123.21927,-1.22327],[123.21479,-1.22166],[123.21427,-1.22379],[123.21192,-1.22452],[123.2125,-1.22605],[123.21488,-1.22611],[123.2127,-1.22862],[123.21424,-1.2302],[123.20866,-1.23223],[123.20826,-1.23491],[123.20697,-1.23514],[123.20429,-1.234],[123.20268,-1.23058],[123.20396,-1.22787],[123.20103,-1.22305],[123.20166,-1.21697],[123.19709,-1.21602],[123.19599,-1.21864],[123.1982,-1.22042],[123.19856,-1.2274],[123.19568,-1.23123],[123.19484,-1.23606],[123.1929,-1.23684],[123.19096,-1.23537],[123.19085,-1.23223],[123.19353,-1.22798],[123.19432,-1.2199],[123.19201,-1.21371],[123.18618,-1.21628],[123.18084,-1.21623],[123.17973,-1.21843],[123.1812,-1.22022],[123.18482,-1.22163],[123.18975,-1.22037],[123.19054,-1.22153],[123.18897,-1.22378],[123.19069,-1.22499],[123.18918,-1.23265],[123.18561,-1.24035],[123.18472,-1.23637],[123.18356,-1.23616],[123.18299,-1.23894],[123.18147,-1.23867],[123.1779,-1.22405],[123.17916,-1.22247],[123.17753,-1.22032],[123.17287,-1.22284],[123.17648,-1.2263],[123.17554,-1.2273],[123.17669,-1.22876],[123.17371,-1.2339],[123.17905,-1.23606],[123.17743,-1.2425],[123.17218,-1.24287],[123.17318,-1.23632],[123.17077,-1.23123],[123.17224,-1.22992],[123.16961,-1.22929],[123.16794,-1.23159],[123.16411,-1.23175],[123.16484,-1.22872],[123.16304,-1.2298],[123.15984,-1.22854],[123.15693,-1.23228],[123.15745,-1.23398],[123.14815,-1.24297],[123.14816,-1.23605],[123.15129,-1.2312],[123.15357,-1.22004],[123.15604,-1.21651],[123.15789,-1.19956],[123.16129,-1.19921],[123.16324,-1.19596],[123.1658,-1.19622],[123.16318,-1.20972],[123.16687,-1.20539],[123.1669,-1.20308],[123.17251,-1.20343],[123.17391,-1.20132],[123.17273,-1.1989],[123.17589,-1.19953],[123.18072,-1.20335],[123.17763,-1.20427],[123.1781,-1.20992],[123.18019,-1.21142],[123.18371,-1.2108],[123.19098,-1.20478],[123.19261,-1.20123],[123.19144,-1.1974],[123.19502,-1.19476],[123.19234,-1.19227],[123.19194,-1.18797],[123.19013,-1.1892],[123.18766,-1.18824],[123.18519,-1.18455],[123.17958,-1.18098],[123.17842,-1.17661],[123.18208,-1.17477],[123.18437,-1.17909],[123.1892,-1.18057],[123.20424,-1.19491]]],[[[123.13541,-1.19409],[123.12822,-1.18999],[123.13507,-1.19458],[123.13411,-1.1945],[123.13689,-1.19873],[123.13725,-1.20223],[123.12268,-1.18672],[123.12922,-1.18803],[123.13541,-1.19409]],[[123.13654,-1.19918],[123.13647,-1.19923],[123.13653,-1.1993],[123.13654,-1.19918]]],[[[123.15635,-1.20097],[123.15111,-1.20532],[123.14629,-1.20592],[123.15098,-1.19781],[123.16052,-1.18712],[123.16332,-1.1625],[123.16733,-1.15548],[123.16856,-1.1606],[123.16436,-1.18203],[123.15635,-1.20097]]],[[[123.11088,-1.18516],[123.10876,-1.18263],[123.10764,-1.18355],[123.10385,-1.17584],[123.10863,-1.17916],[123.11154,-1.17783],[123.11088,-1.18516]]],[[[123.1214,-1.17965],[123.11999,-1.1826],[123.12123,-1.18502],[123.11751,-1.17943],[123.1132,-1.17679],[123.11543,-1.17638],[123.11313,-1.168],[123.1214,-1.17965]]],[[[123.33346,-1.71955],[123.33032,-1.72125],[123.33245,-1.72389],[123.33073,-1.72755],[123.33249,-1.7284],[123.32538,-1.73447],[123.32631,-1.73759],[123.32201,-1.74406],[123.32281,-1.75142],[123.32125,-1.75328],[123.32165,-1.75655],[123.31904,-1.76108],[123.31542,-1.76048],[123.3155,-1.76327],[123.31277,-1.76565],[123.31056,-1.76412],[123.31297,-1.76189],[123.31156,-1.76023],[123.30826,-1.76379],[123.30686,-1.76861],[123.30228,-1.7695],[123.30003,-1.76594],[123.29565,-1.76388],[123.29464,-1.75676],[123.29806,-1.74984],[123.30163,-1.7498],[123.30292,-1.74576],[123.30115,-1.74325],[123.3032,-1.742],[123.30267,-1.73941],[123.30489,-1.73828],[123.30537,-1.72974],[123.3075,-1.72833],[123.30746,-1.72635],[123.31087,-1.72837],[123.31509,-1.72428],[123.31662,-1.7255],[123.31803,-1.72307],[123.31899,-1.72566],[123.32289,-1.72501],[123.3255,-1.72258],[123.32484,-1.71839],[123.32702,-1.71267],[123.33655,-1.70984],[123.33762,-1.71147],[123.33546,-1.71384],[123.33153,-1.7136],[123.33072,-1.71518],[123.33346,-1.71955]]],[[[123.376,-1.70743],[123.37651,-1.71419],[123.37009,-1.71286],[123.36714,-1.71444],[123.36337,-1.71365],[123.36431,-1.72045],[123.36178,-1.72945],[123.35686,-1.72806],[123.35496,-1.7297],[123.34851,-1.72573],[123.34535,-1.72564],[123.34552,-1.72394],[123.34194,-1.72209],[123.34049,-1.71966],[123.34197,-1.71599],[123.33828,-1.71162],[123.34081,-1.70652],[123.34021,-1.70346],[123.34427,-1.70405],[123.34442,-1.7009],[123.34001,-1.70155],[123.34426,-1.69645],[123.34575,-1.69565],[123.348,-1.69811],[123.34704,-1.70207],[123.34933,-1.70034],[123.34989,-1.70195],[123.34792,-1.70818],[123.34479,-1.71004],[123.3466,-1.7132],[123.34905,-1.71392],[123.35126,-1.71356],[123.35058,-1.70842],[123.35222,-1.70171],[123.34969,-1.69354],[123.35186,-1.69556],[123.35302,-1.69348],[123.35457,-1.69398],[123.35252,-1.69829],[123.35442,-1.70166],[123.35306,-1.70588],[123.35445,-1.70827],[123.35852,-1.70651],[123.36168,-1.69703],[123.37098,-1.69491],[123.37603,-1.69048],[123.37973,-1.6922],[123.38058,-1.69669],[123.376,-1.70743]]],[[[123.58609,-1.67412],[123.58309,-1.67279],[123.58615,-1.67129],[123.58827,-1.67286],[123.58609,-1.67412]]],[[[123.58379,-1.66821],[123.58079,-1.66883],[123.58066,-1.67584],[123.57749,-1.67307],[123.57633,-1.67529],[123.57496,-1.67352],[123.57083,-1.67315],[123.57136,-1.67186],[123.57691,-1.67118],[123.57666,-1.66841],[123.56847,-1.66817],[123.5686,-1.66546],[123.56705,-1.66683],[123.56553,-1.66596],[123.56516,-1.66112],[123.56427,-1.66847],[123.56174,-1.66517],[123.5617,-1.66064],[123.56337,-1.65884],[123.56267,-1.65109],[123.56162,-1.6497],[123.55898,-1.65049],[123.55917,-1.65453],[123.56073,-1.656],[123.55891,-1.66356],[123.56003,-1.66465],[123.55776,-1.66649],[123.55684,-1.67086],[123.55538,-1.67027],[123.554,-1.67211],[123.55609,-1.67338],[123.5544,-1.6757],[123.55909,-1.67822],[123.55847,-1.68687],[123.54909,-1.69286],[123.54823,-1.69717],[123.54991,-1.69945],[123.54839,-1.70346],[123.54943,-1.70695],[123.54809,-1.70751],[123.54772,-1.71849],[123.54497,-1.71613],[123.54269,-1.71819],[123.54301,-1.72102],[123.53677,-1.72231],[123.53712,-1.7193],[123.54274,-1.71435],[123.54288,-1.7088],[123.54177,-1.70832],[123.54006,-1.71364],[123.53723,-1.71173],[123.53644,-1.7048],[123.54065,-1.69922],[123.53823,-1.69483],[123.53804,-1.6988],[123.53633,-1.69862],[123.53432,-1.69427],[123.53782,-1.69408],[123.54158,-1.68741],[123.54106,-1.68562],[123.53919,-1.68562],[123.54149,-1.67894],[123.54232,-1.67996],[123.54589,-1.6779],[123.54582,-1.67543],[123.5431,-1.67415],[123.5428,-1.67232],[123.54031,-1.677],[123.53978,-1.6676],[123.54037,-1.66666],[123.54298,-1.66856],[123.5419,-1.66565],[123.54619,-1.66096],[123.54942,-1.66096],[123.54972,-1.65808],[123.54774,-1.65732],[123.54657,-1.65016],[123.54519,-1.64961],[123.54317,-1.65499],[123.53933,-1.65381],[123.5397,-1.64763],[123.54603,-1.64751],[123.54707,-1.63856],[123.54335,-1.63778],[123.54287,-1.64036],[123.54115,-1.63984],[123.54022,-1.63332],[123.54294,-1.63684],[123.54662,-1.63631],[123.54333,-1.63501],[123.54379,-1.63276],[123.54201,-1.63238],[123.54078,-1.62287],[123.53746,-1.62316],[123.53631,-1.62639],[123.53367,-1.62414],[123.5343,-1.61582],[123.53873,-1.61616],[123.53729,-1.61166],[123.53933,-1.60907],[123.53793,-1.60565],[123.54055,-1.60245],[123.54051,-1.60005],[123.54282,-1.59926],[123.54336,-1.59549],[123.54859,-1.60368],[123.54729,-1.60491],[123.54867,-1.60781],[123.55032,-1.60749],[123.55133,-1.61299],[123.54011,-1.61743],[123.5447,-1.6198],[123.54596,-1.62885],[123.54956,-1.62847],[123.54999,-1.62077],[123.5536,-1.62295],[123.55475,-1.62114],[123.55275,-1.61942],[123.55291,-1.61017],[123.55489,-1.60605],[123.54948,-1.59951],[123.54877,-1.59604],[123.55064,-1.6002],[123.55272,-1.599],[123.55417,-1.60042],[123.55622,-1.5999],[123.55693,-1.60196],[123.55511,-1.60589],[123.56192,-1.60934],[123.55917,-1.61586],[123.5598,-1.61821],[123.56218,-1.61926],[123.55965,-1.62646],[123.56236,-1.62719],[123.56428,-1.62279],[123.56545,-1.62673],[123.56854,-1.62775],[123.56957,-1.62654],[123.56843,-1.62363],[123.57121,-1.6212],[123.57122,-1.61827],[123.57562,-1.61815],[123.57502,-1.62149],[123.5768,-1.62297],[123.57459,-1.62438],[123.57524,-1.62576],[123.58191,-1.62864],[123.58209,-1.63258],[123.58081,-1.63297],[123.5796,-1.63026],[123.57796,-1.63333],[123.58332,-1.63512],[123.58418,-1.63209],[123.58641,-1.63441],[123.58619,-1.63819],[123.58786,-1.63782],[123.59036,-1.64033],[123.58788,-1.64415],[123.589,-1.64446],[123.58704,-1.64545],[123.58977,-1.64614],[123.59066,-1.65011],[123.58813,-1.6522],[123.59424,-1.65115],[123.59588,-1.65218],[123.59261,-1.66233],[123.5939,-1.66887],[123.59173,-1.67128],[123.59029,-1.6696],[123.58856,-1.67108],[123.58458,-1.67024],[123.58379,-1.66821]]],[[[123.53446,-1.60466],[123.53448,-1.60938],[123.53187,-1.60901],[123.53337,-1.60683],[123.52886,-1.60328],[123.53474,-1.59799],[123.53803,-1.59964],[123.53446,-1.60466]]],[[[123.54297,-1.59443],[123.5443,-1.59376],[123.54347,-1.59455],[123.54297,-1.59443]]],[[[123.52301,-1.52623],[123.52624,-1.52886],[123.52931,-1.53693],[123.53059,-1.53829],[123.52238,-1.54501],[123.51754,-1.55138],[123.51102,-1.57447],[123.50555,-1.57495],[123.50092,-1.5717],[123.50087,-1.56045],[123.49588,-1.55608],[123.49459,-1.5518],[123.50003,-1.54811],[123.51127,-1.52952],[123.51716,-1.52613],[123.51403,-1.52971],[123.51569,-1.53216],[123.52106,-1.53024],[123.52301,-1.52623]]],[[[123.52661,-1.52858],[123.5211,-1.52382],[123.52654,-1.52278],[123.53405,-1.52774],[123.53464,-1.53314],[123.53093,-1.53798],[123.52661,-1.52858]]],[[[123.24145,-1.51567],[123.23667,-1.52186],[123.23171,-1.51781],[123.23135,-1.51368],[123.22933,-1.51093],[123.2251,-1.50871],[123.22482,-1.50224],[123.22939,-1.50277],[123.23352,-1.50115],[123.23964,-1.50895],[123.24145,-1.51567]]],[[[123.2992,-1.37174],[123.30048,-1.37874],[123.30276,-1.38137],[123.30052,-1.38287],[123.30111,-1.38447],[123.30268,-1.38465],[123.30433,-1.38345],[123.30528,-1.38535],[123.30729,-1.38696],[123.30869,-1.38627],[123.31301,-1.38836],[123.30357,-1.39317],[123.28856,-1.39629],[123.28118,-1.40342],[123.27506,-1.42175],[123.26136,-1.43206],[123.25693,-1.43721],[123.25339,-1.4481],[123.25295,-1.46135],[123.2484,-1.46185],[123.24728,-1.4663],[123.24399,-1.46711],[123.24846,-1.46943],[123.25189,-1.47498],[123.23747,-1.48384],[123.23261,-1.49553],[123.228,-1.49441],[123.2219,-1.49579],[123.22153,-1.50434],[123.2194,-1.51021],[123.20943,-1.50908],[123.20749,-1.51425],[123.219,-1.51773],[123.22867,-1.52822],[123.23741,-1.53002],[123.23489,-1.53973],[123.22948,-1.54385],[123.21726,-1.54561],[123.21657,-1.54823],[123.21393,-1.54916],[123.21209,-1.55493],[123.20768,-1.55327],[123.20946,-1.55075],[123.20478,-1.55175],[123.20056,-1.5479],[123.20201,-1.54538],[123.20053,-1.54156],[123.19582,-1.5479],[123.19232,-1.54651],[123.19173,-1.55049],[123.18916,-1.55049],[123.18745,-1.55347],[123.18929,-1.55712],[123.18666,-1.55864],[123.1856,-1.56242],[123.18317,-1.56216],[123.18442,-1.56567],[123.1829,-1.56892],[123.17954,-1.57045],[123.17757,-1.56779],[123.17882,-1.5739],[123.18238,-1.57456],[123.18383,-1.56819],[123.18835,-1.57159],[123.18752,-1.58052],[123.1833,-1.5788],[123.18257,-1.57575],[123.17974,-1.57496],[123.17961,-1.57927],[123.17717,-1.58178],[123.17427,-1.58225],[123.17071,-1.5794],[123.17104,-1.58417],[123.1694,-1.58444],[123.16714,-1.58122],[123.16775,-1.57774],[123.16617,-1.57542],[123.16413,-1.57781],[123.15833,-1.57768],[123.15068,-1.58073],[123.14331,-1.5804],[123.14133,-1.58563],[123.14324,-1.59034],[123.14139,-1.59207],[123.13909,-1.58484],[123.13869,-1.5733],[123.14001,-1.57197],[123.14304,-1.57363],[123.14805,-1.57091],[123.14917,-1.5674],[123.14719,-1.56826],[123.15167,-1.56488],[123.15246,-1.55811],[123.15418,-1.56063],[123.15918,-1.55752],[123.17025,-1.55851],[123.17585,-1.55003],[123.17757,-1.55042],[123.17809,-1.54624],[123.1804,-1.54531],[123.18409,-1.53789],[123.18876,-1.53802],[123.19186,-1.53988],[123.19403,-1.53139],[123.19252,-1.53026],[123.18988,-1.53126],[123.18936,-1.53006],[123.19239,-1.52821],[123.19423,-1.52914],[123.19891,-1.52483],[123.19647,-1.51601],[123.19456,-1.51455],[123.20036,-1.5119],[123.20036,-1.50984],[123.20682,-1.51097],[123.20161,-1.50354],[123.202,-1.49671],[123.20082,-1.49618],[123.20563,-1.48862],[123.2076,-1.48186],[123.20991,-1.48219],[123.21267,-1.47675],[123.21126,-1.47074],[123.21278,-1.46944],[123.21513,-1.47121],[123.21571,-1.46732],[123.21794,-1.46708],[123.21958,-1.47003],[123.22335,-1.46635],[123.22386,-1.46226],[123.22376,-1.4637],[123.22572,-1.46027],[123.23573,-1.45717],[123.23796,-1.45272],[123.23797,-1.4476],[123.24152,-1.44717],[123.24226,-1.44378],[123.24877,-1.43812],[123.24953,-1.42568],[123.26195,-1.40933],[123.26582,-1.39854],[123.27097,-1.39027],[123.28131,-1.38219],[123.28401,-1.37601],[123.28971,-1.37029],[123.29453,-1.37565],[123.29804,-1.37446],[123.2992,-1.37174]]],[[[123.37401,-1.2975],[123.37829,-1.30801],[123.39088,-1.31557],[123.40321,-1.31672],[123.41367,-1.32539],[123.41705,-1.32558],[123.42195,-1.3227],[123.42957,-1.30997],[123.43449,-1.30739],[123.43854,-1.30877],[123.44453,-1.3273],[123.4496,-1.33158],[123.46182,-1.32911],[123.4675,-1.32086],[123.47656,-1.32093],[123.48301,-1.31471],[123.48839,-1.31546],[123.48845,-1.3238],[123.49235,-1.33902],[123.48999,-1.34897],[123.48678,-1.34818],[123.48266,-1.34247],[123.4807,-1.34359],[123.48038,-1.34716],[123.47722,-1.3469],[123.47117,-1.34053],[123.46568,-1.35098],[123.46622,-1.34266],[123.46133,-1.34243],[123.4611,-1.34644],[123.46368,-1.34948],[123.46059,-1.352],[123.46097,-1.35512],[123.45319,-1.36325],[123.45425,-1.385],[123.4486,-1.40112],[123.44777,-1.42061],[123.45038,-1.43646],[123.44928,-1.44231],[123.4461,-1.43927],[123.44388,-1.43983],[123.44174,-1.43412],[123.43286,-1.42153],[123.43042,-1.41279],[123.43117,-1.40626],[123.42943,-1.40466],[123.42766,-1.40744],[123.42562,-1.40726],[123.42377,-1.40345],[123.42227,-1.40321],[123.42136,-1.40707],[123.41844,-1.40591],[123.4152,-1.40925],[123.41321,-1.4031],[123.40613,-1.40893],[123.40806,-1.41042],[123.40801,-1.41376],[123.4116,-1.41695],[123.41298,-1.41681],[123.41321,-1.41395],[123.41533,-1.41576],[123.41672,-1.42083],[123.41375,-1.42644],[123.41064,-1.42591],[123.41203,-1.42051],[123.40957,-1.41832],[123.40468,-1.41851],[123.40294,-1.42563],[123.40659,-1.42833],[123.40229,-1.43112],[123.3974,-1.44185],[123.39461,-1.44436],[123.38552,-1.44387],[123.38348,-1.44242],[123.38212,-1.44801],[123.37467,-1.45961],[123.37094,-1.45745],[123.37295,-1.44566],[123.36984,-1.44475],[123.37168,-1.43241],[123.37643,-1.42694],[123.37769,-1.42229],[123.37624,-1.41501],[123.37469,-1.41525],[123.37626,-1.407],[123.37412,-1.40813],[123.37022,-1.41535],[123.36458,-1.41213],[123.36214,-1.41676],[123.35694,-1.40955],[123.3546,-1.40069],[123.35232,-1.39818],[123.33765,-1.39738],[123.32711,-1.38408],[123.31809,-1.38529],[123.31352,-1.38805],[123.30879,-1.38582],[123.30753,-1.38658],[123.30445,-1.38301],[123.3014,-1.38411],[123.30345,-1.38121],[123.30233,-1.37861],[123.30093,-1.37866],[123.29948,-1.37081],[123.29743,-1.3682],[123.29397,-1.3678],[123.29092,-1.36952],[123.29535,-1.36428],[123.29394,-1.35939],[123.28936,-1.3568],[123.28945,-1.35018],[123.29232,-1.3459],[123.29798,-1.34501],[123.29932,-1.34338],[123.30566,-1.3306],[123.30593,-1.32524],[123.31321,-1.31982],[123.31376,-1.32164],[123.31603,-1.32028],[123.31695,-1.32124],[123.32042,-1.31408],[123.32852,-1.30615],[123.3366,-1.28955],[123.33949,-1.2788],[123.3446,-1.26996],[123.35447,-1.27081],[123.35849,-1.26896],[123.36278,-1.24997],[123.3646,-1.24872],[123.36884,-1.25535],[123.37401,-1.2975]],[[123.36166,-1.35674],[123.36373,-1.35979],[123.36804,-1.35656],[123.36522,-1.35698],[123.35813,-1.35263],[123.35694,-1.35439],[123.3586,-1.35648],[123.36166,-1.35674]],[[123.42352,-1.35292],[123.4307,-1.35319],[123.42951,-1.34544],[123.42652,-1.34025],[123.42313,-1.34515],[123.42352,-1.35292]]],[[[123.51367,-1.27819],[123.51985,-1.28695],[123.52401,-1.28879],[123.52643,-1.28159],[123.53146,-1.28909],[123.5391,-1.29191],[123.5391,-1.29337],[123.53262,-1.29628],[123.53436,-1.29852],[123.53272,-1.30329],[123.53233,-1.30134],[123.53097,-1.30193],[123.52875,-1.29901],[123.53001,-1.2958],[123.52788,-1.29229],[123.52111,-1.29113],[123.51966,-1.29415],[123.52247,-1.30281],[123.52141,-1.30417],[123.51754,-1.30427],[123.5158,-1.30777],[123.51222,-1.30174],[123.50893,-1.30417],[123.50197,-1.30135],[123.50149,-1.29921],[123.50332,-1.29727],[123.50197,-1.29269],[123.49932,-1.2937],[123.49704,-1.29162],[123.4953,-1.29357],[123.49298,-1.2923],[123.49452,-1.28851],[123.49665,-1.29006],[123.49851,-1.28887],[123.50264,-1.28092],[123.49665,-1.27994],[123.49191,-1.27557],[123.49781,-1.27342],[123.50119,-1.27624],[123.5039,-1.27566],[123.50448,-1.2779],[123.50641,-1.27702],[123.50477,-1.27916],[123.50574,-1.28228],[123.50737,-1.28257],[123.51183,-1.27955],[123.51173,-1.27284],[123.51511,-1.27605],[123.51695,-1.27439],[123.51764,-1.27693],[123.51367,-1.27819]]],[[[123.31976,-1.20183],[123.317,-1.21632],[123.31108,-1.21962],[123.30203,-1.22073],[123.29463,-1.22372],[123.29253,-1.22293],[123.29081,-1.2188],[123.29477,-1.20781],[123.29681,-1.19438],[123.30801,-1.19385],[123.3153,-1.19705],[123.31976,-1.20183]]],[[[123.28346,-1.15936],[123.28435,-1.15614],[123.2943,-1.14904],[123.29641,-1.15296],[123.29556,-1.1574],[123.28868,-1.16623],[123.28564,-1.16591],[123.28346,-1.15936]]],[[[123.87353,-2.03372],[123.87397,-2.03937],[123.863,-2.05781],[123.86106,-2.05613],[123.8587,-2.0484],[123.85884,-2.04091],[123.86167,-2.03453],[123.86227,-2.02815],[123.86484,-2.02595],[123.8682,-2.02718],[123.87353,-2.03372]]],[[[123.77589,-2.01561],[123.77739,-2.0248],[123.77476,-2.03145],[123.77028,-2.03344],[123.7674,-2.032],[123.76457,-2.02664],[123.7687,-2.02033],[123.76972,-2.0211],[123.76979,-2.0148],[123.77204,-2.0134],[123.77589,-2.01561]]],[[[123.83203,-2.01331],[123.83398,-2.01036],[123.83664,-1.99523],[123.83866,-2.00928],[123.83628,-2.01413],[123.83203,-2.01331]]],[[[123.77057,-1.94309],[123.77039,-1.94166],[123.77187,-1.9393],[123.77091,-1.93633],[123.77462,-1.93842],[123.77465,-1.93672],[123.77592,-1.93212],[123.77407,-1.93036],[123.77407,-1.92889],[123.77695,-1.92443],[123.77739,-1.92575],[123.77785,-1.92462],[123.77494,-1.90906],[123.77867,-1.91226],[123.77875,-1.91127],[123.77991,-1.91048],[123.77889,-1.91535],[123.78026,-1.92227],[123.7932,-1.9244],[123.79948,-1.92309],[123.80231,-1.92402],[123.80986,-1.91688],[123.80789,-1.91544],[123.80489,-1.90251],[123.80213,-1.89767],[123.7862,-1.8859],[123.78227,-1.88682],[123.77997,-1.89259],[123.78037,-1.89773],[123.7772,-1.89592],[123.77558,-1.89327],[123.7758,-1.89154],[123.77799,-1.88652],[123.78192,-1.88339],[123.7835,-1.87928],[123.7858,-1.87922],[123.78893,-1.88019],[123.79141,-1.88765],[123.79693,-1.89087],[123.80375,-1.89235],[123.80778,-1.90458],[123.81029,-1.90687],[123.8104,-1.91242],[123.81258,-1.91343],[123.81546,-1.90988],[123.81722,-1.91049],[123.81716,-1.91336],[123.82369,-1.92075],[123.82568,-1.92706],[123.83233,-1.9305],[123.83803,-1.93623],[123.83696,-1.94293],[123.83851,-1.9459],[123.84197,-1.94759],[123.84448,-1.94306],[123.84892,-1.94674],[123.84564,-1.95203],[123.84958,-1.95783],[123.84894,-1.96078],[123.85163,-1.96258],[123.85454,-1.97098],[123.86226,-1.97723],[123.86355,-1.98135],[123.86192,-1.9873],[123.85916,-1.98909],[123.86038,-1.9932],[123.85972,-2.0049],[123.85537,-2.01251],[123.85291,-2.01105],[123.85183,-2.00707],[123.84698,-2.00131],[123.84835,-2.00027],[123.85522,-2.00505],[123.85914,-1.9829],[123.85175,-1.9739],[123.84898,-1.96513],[123.8446,-1.95959],[123.84298,-1.95075],[123.8414,-1.95298],[123.84375,-1.95587],[123.84384,-1.96174],[123.84792,-1.96742],[123.84943,-1.97263],[123.84698,-1.97275],[123.84584,-1.97951],[123.84857,-1.99047],[123.84172,-1.99165],[123.84427,-1.99312],[123.84496,-1.99407],[123.84575,-1.99756],[123.84392,-1.99876],[123.84199,-1.99652],[123.84468,-1.99389],[123.84138,-1.99436],[123.84081,-1.99081],[123.83729,-1.99533],[123.83536,-1.99193],[123.83346,-1.99657],[123.82908,-1.99437],[123.83001,-2.00161],[123.82812,-2.01076],[123.82494,-2.00815],[123.82359,-2.01022],[123.82054,-2.00934],[123.8222,-2.00228],[123.81892,-1.99967],[123.81832,-2.00587],[123.81498,-2.00555],[123.81175,-2.00872],[123.81644,-2.01451],[123.82968,-2.01597],[123.82715,-2.01778],[123.82808,-2.02267],[123.82681,-2.02591],[123.82433,-2.02621],[123.82393,-2.02168],[123.81556,-2.02081],[123.8156,-2.01761],[123.8115,-2.01545],[123.81125,-2.01084],[123.80814,-2.00861],[123.80713,-2.01],[123.79994,-2.00451],[123.79696,-2.00016],[123.79334,-1.99106],[123.79158,-1.9892],[123.79308,-1.98861],[123.79241,-1.98519],[123.78921,-1.98362],[123.78462,-1.97389],[123.78323,-1.96087],[123.78363,-1.95611],[123.78566,-1.95424],[123.7826,-1.94978],[123.78095,-1.94327],[123.78088,-1.94284],[123.78106,-1.94228],[123.78277,-1.94063],[123.77966,-1.93968],[123.78108,-1.93842],[123.77976,-1.93556],[123.78193,-1.9294],[123.78005,-1.93068],[123.78017,-1.92809],[123.77912,-1.92833],[123.77833,-1.9475],[123.77617,-1.94898],[123.77282,-1.94773],[123.77246,-1.94517],[123.77179,-1.94408],[123.77057,-1.94309]],[[123.79615,-1.9979],[123.79607,-1.99749],[123.79603,-1.99761],[123.79615,-1.9979]],[[123.79752,-1.99305],[123.81135,-2.00796],[123.81038,-2.0047],[123.81407,-2.00487],[123.81631,-2.00069],[123.81387,-1.99562],[123.81478,-1.99364],[123.81115,-1.98885],[123.81157,-1.98624],[123.81399,-1.98471],[123.80835,-1.98031],[123.80951,-1.97684],[123.80469,-1.97301],[123.80497,-1.97937],[123.80231,-1.98113],[123.80348,-1.97681],[123.80073,-1.97446],[123.80373,-1.97083],[123.79933,-1.96079],[123.79285,-1.9627],[123.79016,-1.96034],[123.78608,-1.96349],[123.78932,-1.95817],[123.78678,-1.95382],[123.78459,-1.96559],[123.79105,-1.98197],[123.79752,-1.99305]],[[123.781,-1.94273],[123.78112,-1.9434],[123.78113,-1.94255],[123.781,-1.94273]],[[123.77083,-1.94307],[123.7712,-1.94137],[123.77087,-1.94168],[123.77083,-1.94307]],[[123.83072,-1.93891],[123.83119,-1.93962],[123.83135,-1.93953],[123.83072,-1.93891]],[[123.77483,-1.93694],[123.7748,-1.93747],[123.77519,-1.93726],[123.77554,-1.93542],[123.77483,-1.93694]],[[123.77999,-1.93565],[123.78005,-1.93587],[123.78014,-1.93538],[123.77999,-1.93565]],[[123.77448,-1.92875],[123.77421,-1.92914],[123.77424,-1.92981],[123.77448,-1.92875]],[[123.77529,-1.92712],[123.77514,-1.92748],[123.7754,-1.92711],[123.77529,-1.92712]],[[123.77595,-1.89223],[123.77595,-1.8927],[123.77626,-1.89161],[123.77595,-1.89223]]],[[[123.77212,-1.94593],[123.77179,-1.94453],[123.77214,-1.94484],[123.77212,-1.94593]]],[[[123.71653,-1.94757],[123.71785,-1.94634],[123.71637,-1.94407],[123.71598,-1.94736],[123.71341,-1.94627],[123.71377,-1.94235],[123.71841,-1.93658],[123.7177,-1.93111],[123.72321,-1.92557],[123.72835,-1.92452],[123.72726,-1.93551],[123.72946,-1.94256],[123.72419,-1.94756],[123.71653,-1.94757]]],[[[123.77682,-1.92176],[123.77391,-1.92674],[123.77227,-1.92521],[123.77245,-1.93379],[123.7712,-1.93448],[123.7692,-1.93297],[123.76757,-1.92443],[123.76995,-1.91109],[123.76877,-1.90345],[123.77074,-1.90307],[123.77682,-1.92176]]],[[[123.82022,-1.91337],[123.82011,-1.91442],[123.81959,-1.91438],[123.82022,-1.91337]]],[[[123.77648,-1.90831],[123.77872,-1.90589],[123.7799,-1.90648],[123.77952,-1.91019],[123.77648,-1.90831]]],[[[123.77897,-1.90547],[123.77904,-1.90475],[123.77903,-1.90546],[123.77627,-1.90841],[123.77897,-1.90547]]],[[[123.78028,-1.90166],[123.77996,-1.90063],[123.78043,-1.90064],[123.78028,-1.90166]]],[[[124.0117,-1.83303],[124.02206,-1.85505],[124.02322,-1.87386],[124.02198,-1.87492],[124.0171,-1.87029],[124.01157,-1.85567],[124.00663,-1.84799],[124.00288,-1.8339],[124.00147,-1.83155],[124.00156,-1.8332],[124.00038,-1.83256],[124.00205,-1.82864],[124.00828,-1.83017],[124.0117,-1.83303]]],[[[124.00045,-1.8267],[124.00174,-1.82629],[124.00025,-1.83028],[124.00045,-1.8267]]],[[[124.0043,-1.82752],[124.00441,-1.82815],[124.00308,-1.82804],[124.0043,-1.82752]]]]},"properties":{"kph":"KPH Pulau Peling"}},{"type":"Feature","geometry":{"type":"MultiPolygon","coordinates":[[[[121.26326,-2.40202],[121.2674,-2.40153],[121.26469,-2.40412],[121.25978,-2.40339],[121.26326,-2.40202]]],[[[120.68662,-2.20377],[120.68625,-2.20153],[120.69076,-2.20498],[120.69609,-2.20444],[120.69113,-2.20705],[120.68662,-2.20377]]],[[[120.89619,-1.875],[120.89697,-1.86887],[120.88973,-1.85576],[120.88679,-1.85407],[120.88072,-1.85671],[120.87921,-1.85358],[120.87295,-1.85126],[120.87128,-1.84537],[120.86503,-1.8415],[120.86458,-1.83755],[120.86791,-1.83367],[120.86682,-1.82523],[120.86288,-1.81999],[120.86325,-1.81524],[120.85533,-1.79983],[120.85585,-1.7945],[120.85296,-1.78641],[120.84989,-1.78374],[120.83963,-1.76657],[120.84057,-1.76055],[120.84621,-1.75551],[120.84983,-1.75444],[120.85313,-1.75772],[120.85533,-1.75292],[120.85147,-1.74667],[120.85519,-1.74335],[120.85212,-1.72517],[120.8556,-1.72206],[120.8538,-1.71774],[120.85758,-1.715],[120.86418,-1.7142],[120.86276,-1.70753],[120.86373,-1.69786],[120.87001,-1.68038],[120.87568,-1.67771],[120.87944,-1.6735],[120.88049,-1.66714],[120.8776,-1.66317],[120.88111,-1.66093],[120.88867,-1.66179],[120.89231,-1.6705],[120.89969,-1.67416],[120.91211,-1.67344],[120.91759,-1.67754],[120.92426,-1.67983],[120.92826,-1.68438],[120.9312,-1.68083],[120.94288,-1.70919],[120.94638,-1.71021],[120.95045,-1.71552],[120.95351,-1.72616],[120.95689,-1.72855],[120.95987,-1.71916],[120.96492,-1.71779],[120.9692,-1.7283],[120.98659,-1.71882],[121.0198,-1.71312],[121.0256,-1.70902],[121.0343,-1.69842],[121.04179,-1.68702],[121.04709,-1.67532],[121.0517,-1.67362],[121.0559,-1.67412],[121.05739,-1.67172],[121.0684,-1.67182],[121.08929,-1.66422],[121.1227,-1.64352],[121.13552,-1.63301],[121.13877,-1.64095],[121.13856,-1.64594],[121.13431,-1.64744],[121.1358,-1.65403],[121.13217,-1.656],[121.13278,-1.65764],[121.13058,-1.657],[121.13068,-1.65841],[121.12569,-1.66086],[121.1211,-1.65935],[121.12168,-1.65745],[121.12049,-1.65706],[121.11293,-1.66575],[121.11057,-1.6771],[121.10903,-1.67449],[121.10564,-1.67637],[121.1035,-1.6753],[121.1029,-1.67799],[121.10532,-1.67925],[121.10171,-1.68245],[121.09957,-1.68126],[121.10047,-1.6915],[121.09785,-1.69386],[121.09484,-1.6925],[121.08754,-1.69523],[121.08756,-1.69809],[121.08291,-1.70024],[121.08304,-1.70481],[121.09469,-1.70208],[121.09934,-1.69431],[121.10532,-1.69042],[121.10628,-1.69126],[121.10391,-1.69465],[121.10577,-1.69593],[121.10346,-1.6999],[121.10455,-1.70048],[121.10263,-1.70669],[121.09936,-1.70618],[121.09988,-1.7074],[121.09841,-1.70791],[121.10026,-1.70919],[121.09392,-1.71117],[121.08778,-1.71918],[121.08533,-1.71693],[121.08721,-1.71545],[121.08578,-1.7134],[121.08902,-1.7111],[121.08615,-1.71027],[121.07829,-1.7139],[121.07243,-1.71903],[121.06145,-1.74109],[121.04999,-1.7592],[121.0493,-1.76076],[121.05278,-1.76126],[121.05599,-1.76419],[121.05576,-1.77165],[121.06364,-1.77551],[121.06493,-1.77378],[121.068,-1.77529],[121.07227,-1.77058],[121.07223,-1.76673],[121.07441,-1.76639],[121.07366,-1.76339],[121.07655,-1.7606],[121.07697,-1.75753],[121.08066,-1.76048],[121.08165,-1.75831],[121.08445,-1.75859],[121.08457,-1.75693],[121.09046,-1.75916],[121.09175,-1.75567],[121.09634,-1.7581],[121.09585,-1.75341],[121.09695,-1.75298],[121.09813,-1.75284],[121.09897,-1.75651],[121.10048,-1.75267],[121.10214,-1.75468],[121.10341,-1.75095],[121.10224,-1.74878],[121.10385,-1.74832],[121.102,-1.74594],[121.10318,-1.74477],[121.10156,-1.74072],[121.10358,-1.74167],[121.10054,-1.73592],[121.10348,-1.73202],[121.1122,-1.73551],[121.11507,-1.73394],[121.11864,-1.73549],[121.11835,-1.73193],[121.1298,-1.72613],[121.13106,-1.73028],[121.13303,-1.72668],[121.13505,-1.72826],[121.13376,-1.72038],[121.13674,-1.72144],[121.13635,-1.71867],[121.13959,-1.71906],[121.13945,-1.72204],[121.14212,-1.72315],[121.14229,-1.72915],[121.14424,-1.73023],[121.14122,-1.73465],[121.14271,-1.73994],[121.14333,-1.74134],[121.1467,-1.74169],[121.14854,-1.73952],[121.15457,-1.74012],[121.15393,-1.73319],[121.15248,-1.73176],[121.15397,-1.72874],[121.15747,-1.72995],[121.15883,-1.72872],[121.15708,-1.7245],[121.15882,-1.71989],[121.16253,-1.71932],[121.16213,-1.72304],[121.16559,-1.72643],[121.16451,-1.71879],[121.1668,-1.72005],[121.16816,-1.71662],[121.16447,-1.70855],[121.16143,-1.70555],[121.16347,-1.70161],[121.16694,-1.70125],[121.16531,-1.69778],[121.16284,-1.69842],[121.16214,-1.69772],[121.16597,-1.69502],[121.16336,-1.69028],[121.16464,-1.68939],[121.16247,-1.68814],[121.16369,-1.68647],[121.16248,-1.68642],[121.16236,-1.66936],[121.1662,-1.6608],[121.16439,-1.66036],[121.16439,-1.65856],[121.168,-1.65944],[121.16845,-1.66394],[121.17247,-1.66414],[121.17342,-1.6635],[121.17139,-1.65833],[121.16778,-1.65561],[121.17206,-1.65336],[121.175,-1.65383],[121.17836,-1.64753],[121.18242,-1.64978],[121.1822,-1.64458],[121.18511,-1.64211],[121.18242,-1.63986],[121.18264,-1.63602],[121.18056,-1.63297],[121.18105,-1.63133],[121.18466,-1.63677],[121.18919,-1.63852],[121.19578,-1.63463],[121.19816,-1.63516],[121.19917,-1.64033],[121.20159,-1.64031],[121.20078,-1.64561],[121.2066,-1.64316],[121.20793,-1.64425],[121.21269,-1.65638],[121.21956,-1.66367],[121.22194,-1.65467],[121.22006,-1.64897],[121.22183,-1.64508],[121.23108,-1.64978],[121.23201,-1.6482],[121.22453,-1.63655],[121.22253,-1.63017],[121.22342,-1.6277],[121.22753,-1.62961],[121.23106,-1.62936],[121.23314,-1.62636],[121.23497,-1.62689],[121.23231,-1.62461],[121.2329,-1.62207],[121.22982,-1.62074],[121.22986,-1.61763],[121.22791,-1.61699],[121.22742,-1.6145],[121.23059,-1.61483],[121.23151,-1.61227],[121.23907,-1.62021],[121.24401,-1.62186],[121.24818,-1.63559],[121.2432,-1.64455],[121.26134,-1.67484],[121.2764,-1.69296],[121.27805,-1.70295],[121.27671,-1.71426],[121.28136,-1.72341],[121.27816,-1.72618],[121.27877,-1.73109],[121.28406,-1.73699],[121.28451,-1.7453],[121.28815,-1.75274],[121.28342,-1.76297],[121.28737,-1.7684],[121.28278,-1.77655],[121.28316,-1.78605],[121.28169,-1.78951],[121.28314,-1.79129],[121.28139,-1.79196],[121.28362,-1.79598],[121.28307,-1.80111],[121.28627,-1.80503],[121.28538,-1.81033],[121.28656,-1.8117],[121.28491,-1.81498],[121.28592,-1.81806],[121.28447,-1.81946],[121.28697,-1.82106],[121.28547,-1.8342],[121.28251,-1.83577],[121.28439,-1.83759],[121.28173,-1.84092],[121.28257,-1.84763],[121.27926,-1.84943],[121.28307,-1.85276],[121.27922,-1.85546],[121.28081,-1.85929],[121.28055,-1.86342],[121.27834,-1.86518],[121.27993,-1.87081],[121.28408,-1.87113],[121.29108,-1.86364],[121.29241,-1.86659],[121.2956,-1.86023],[121.29503,-1.86796],[121.29843,-1.86815],[121.30134,-1.8635],[121.30339,-1.86564],[121.30631,-1.8645],[121.31307,-1.86518],[121.31699,-1.87304],[121.32561,-1.87795],[121.32907,-1.88204],[121.32255,-1.88463],[121.31682,-1.88387],[121.31492,-1.88504],[121.31366,-1.88776],[121.3142,-1.90195],[121.31126,-1.90543],[121.30492,-1.90852],[121.30041,-1.91913],[121.30365,-1.92523],[121.31325,-1.95612],[121.32713,-1.98035],[121.32712,-1.99649],[121.32306,-2.01927],[121.31837,-2.02351],[121.31227,-2.02354],[121.30728,-2.01848],[121.31207,-2.0081],[121.31148,-2.00288],[121.30128,-1.99292],[121.29951,-1.98884],[121.30084,-1.98465],[121.30868,-1.97868],[121.30912,-1.97441],[121.29952,-1.97053],[121.29201,-1.96421],[121.2838,-1.94739],[121.27833,-1.94182],[121.27693,-1.93223],[121.27401,-1.93195],[121.27027,-1.9368],[121.26713,-1.93483],[121.26168,-1.9277],[121.26172,-1.92423],[121.25725,-1.91389],[121.2518,-1.91332],[121.24721,-1.91012],[121.24462,-1.91003],[121.24102,-1.91321],[121.24656,-1.91419],[121.24327,-1.91841],[121.24311,-1.92343],[121.2495,-1.92356],[121.2473,-1.92602],[121.24818,-1.92923],[121.25081,-1.93009],[121.25127,-1.93431],[121.25368,-1.93595],[121.25447,-1.93886],[121.25283,-1.941],[121.2574,-1.94522],[121.25493,-1.9499],[121.26243,-1.96664],[121.26288,-1.97176],[121.26634,-1.97507],[121.26761,-1.98007],[121.26611,-1.9807],[121.26404,-1.97849],[121.25605,-1.977],[121.25394,-1.9728],[121.24747,-1.97372],[121.24613,-1.965],[121.24402,-1.96742],[121.24077,-1.96924],[121.24337,-1.96582],[121.23998,-1.96381],[121.24094,-1.9618],[121.23952,-1.96006],[121.23701,-1.95967],[121.23779,-1.95554],[121.23631,-1.94795],[121.23377,-1.94382],[121.22837,-1.94548],[121.22676,-1.93771],[121.22364,-1.94188],[121.21866,-1.94389],[121.21396,-1.92565],[121.21163,-1.92436],[121.20898,-1.9264],[121.2093,-1.9323],[121.20789,-1.93287],[121.2109,-1.93387],[121.21019,-1.94121],[121.2134,-1.94545],[121.21224,-1.94951],[121.21302,-1.95778],[121.21025,-1.96169],[121.21334,-1.96143],[121.21303,-1.96715],[121.21458,-1.96817],[121.21325,-1.96781],[121.21216,-1.96979],[121.21484,-1.97036],[121.21529,-1.97208],[121.21144,-1.97199],[121.2123,-1.97451],[121.21031,-1.97426],[121.20976,-1.98106],[121.20709,-1.98605],[121.20763,-1.99178],[121.21363,-1.99144],[121.21684,-1.99552],[121.21744,-1.99177],[121.21935,-1.99163],[121.21862,-1.99651],[121.22006,-1.99815],[121.22545,-1.99668],[121.22864,-2.00689],[121.23862,-2.014],[121.23477,-2.01528],[121.23453,-2.02067],[121.23585,-2.01959],[121.24073,-2.02133],[121.24726,-2.02054],[121.28261,-2.05208],[121.29175,-2.05768],[121.29466,-2.06366],[121.3011,-2.06385],[121.30072,-2.06638],[121.3016,-2.06905],[121.29932,-2.06934],[121.29716,-2.07253],[121.29224,-2.07212],[121.29189,-2.07425],[121.28964,-2.07519],[121.28998,-2.07847],[121.2927,-2.082],[121.28765,-2.08742],[121.28555,-2.08776],[121.28656,-2.08543],[121.28424,-2.08379],[121.28223,-2.0868],[121.2795,-2.08659],[121.27471,-2.09065],[121.26633,-2.10382],[121.26575,-2.10674],[121.26775,-2.10723],[121.26834,-2.1092],[121.26442,-2.11612],[121.26115,-2.11699],[121.25978,-2.11447],[121.25708,-2.11431],[121.2573,-2.11883],[121.26163,-2.12959],[121.26797,-2.13779],[121.2682,-2.1412],[121.27162,-2.14606],[121.27066,-2.15353],[121.25838,-2.14303],[121.25394,-2.12855],[121.25215,-2.13123],[121.2488,-2.13134],[121.24352,-2.12743],[121.23979,-2.12811],[121.23842,-2.12516],[121.23885,-2.1136],[121.237,-2.11235],[121.2273,-2.11975],[121.22408,-2.12013],[121.22206,-2.14045],[121.21567,-2.14832],[121.21196,-2.15054],[121.2141,-2.14644],[121.21153,-2.146],[121.20812,-2.1419],[121.20811,-2.14798],[121.20554,-2.15019],[121.20503,-2.15444],[121.20077,-2.15652],[121.19721,-2.1428],[121.19468,-2.14226],[121.19274,-2.13901],[121.1923,-2.1415],[121.19624,-2.14453],[121.19498,-2.1486],[121.19815,-2.15257],[121.19792,-2.15673],[121.19955,-2.15788],[121.19764,-2.1584],[121.19349,-2.1546],[121.19407,-2.15244],[121.19223,-2.149],[121.18727,-2.15804],[121.18316,-2.1558],[121.18313,-2.15873],[121.17996,-2.15797],[121.17742,-2.16182],[121.17887,-2.16199],[121.1776,-2.16292],[121.17989,-2.17142],[121.18347,-2.17272],[121.18338,-2.17503],[121.18558,-2.17457],[121.17954,-2.17987],[121.18024,-2.18127],[121.18505,-2.18193],[121.18384,-2.18283],[121.18613,-2.18924],[121.18981,-2.18937],[121.18834,-2.19152],[121.18885,-2.19562],[121.19297,-2.19661],[121.19545,-2.19498],[121.19492,-2.1864],[121.1975,-2.18179],[121.20142,-2.1793],[121.20698,-2.18074],[121.20902,-2.17841],[121.21451,-2.18028],[121.21641,-2.18828],[121.21414,-2.18971],[121.21715,-2.19254],[121.21184,-2.19505],[121.20921,-2.19422],[121.20668,-2.19847],[121.20935,-2.20461],[121.21285,-2.20612],[121.2138,-2.21115],[121.2177,-2.21206],[121.21278,-2.21588],[121.21241,-2.21922],[121.21779,-2.22192],[121.21947,-2.22452],[121.22262,-2.22257],[121.2281,-2.2235],[121.2307,-2.22173],[121.23275,-2.2235],[121.23423,-2.22192],[121.23878,-2.2234],[121.25318,-2.23817],[121.26005,-2.23854],[121.26608,-2.24458],[121.27091,-2.2456],[121.26815,-2.25245],[121.26538,-2.25251],[121.26571,-2.24919],[121.26194,-2.25255],[121.25704,-2.25255],[121.25443,-2.25081],[121.25143,-2.25236],[121.25049,-2.25597],[121.25377,-2.26053],[121.2528,-2.26454],[121.25559,-2.26649],[121.26023,-2.2664],[121.26157,-2.27244],[121.2586,-2.27531],[121.25417,-2.27077],[121.24959,-2.27175],[121.2492,-2.27509],[121.24556,-2.27469],[121.24445,-2.27613],[121.24559,-2.28108],[121.24384,-2.28708],[121.24579,-2.28919],[121.2443,-2.28885],[121.24248,-2.29256],[121.24394,-2.29632],[121.24677,-2.29806],[121.24463,-2.29862],[121.24766,-2.30147],[121.24644,-2.30515],[121.25023,-2.31021],[121.24692,-2.31366],[121.24176,-2.31538],[121.2365,-2.31389],[121.2354,-2.31502],[121.23808,-2.3171],[121.24434,-2.31698],[121.24066,-2.31809],[121.23869,-2.32327],[121.24274,-2.3245],[121.24714,-2.33018],[121.2518,-2.33019],[121.25708,-2.3281],[121.25782,-2.32477],[121.25561,-2.31873],[121.25893,-2.31947],[121.26138,-2.31663],[121.26115,-2.31384],[121.26481,-2.31028],[121.26371,-2.30814],[121.26532,-2.30319],[121.27219,-2.30419],[121.27023,-2.30185],[121.27292,-2.30123],[121.27671,-2.3116],[121.28309,-2.31419],[121.28651,-2.31888],[121.29226,-2.33431],[121.28931,-2.33418],[121.28415,-2.34306],[121.28795,-2.34799],[121.28855,-2.35564],[121.29186,-2.35934],[121.29554,-2.35984],[121.29798,-2.3633],[121.29443,-2.36638],[121.28854,-2.3681],[121.28878,-2.36933],[121.29639,-2.36811],[121.30288,-2.37169],[121.30423,-2.37342],[121.30238,-2.37638],[121.30716,-2.37749],[121.3043,-2.38082],[121.31635,-2.3872],[121.31414,-2.38742],[121.29952,-2.37795],[121.23714,-2.36516],[121.23064,-2.36126],[121.20687,-2.37031],[121.19881,-2.36487],[121.19828,-2.3697],[121.19537,-2.37339],[121.18231,-2.37407],[121.17316,-2.3663],[121.16293,-2.35143],[121.1492,-2.33973],[121.14077,-2.32045],[121.11266,-2.29087],[121.10747,-2.28049],[121.09922,-2.27516],[121.08277,-2.26986],[121.06168,-2.26615],[121.05803,-2.2668],[121.05551,-2.26514],[121.0526,-2.26645],[121.0488,-2.2653],[121.05305,-2.25485],[121.04665,-2.2497],[121.04315,-2.24885],[121.04208,-2.25028],[121.02583,-2.25412],[121.01015,-2.26207],[121.00308,-2.25202],[120.99086,-2.24405],[120.96056,-2.23367],[120.93849,-2.22867],[120.93314,-2.22511],[120.91739,-2.22542],[120.88027,-2.21978],[120.85124,-2.21758],[120.82876,-2.22044],[120.82329,-2.21792],[120.81714,-2.22178],[120.81585,-2.22034],[120.8141,-2.22112],[120.81328,-2.22362],[120.80926,-2.22229],[120.80583,-2.22372],[120.80263,-2.22242],[120.80114,-2.21789],[120.79918,-2.21675],[120.7898,-2.21437],[120.78933,-2.21585],[120.78292,-2.2131],[120.77992,-2.21357],[120.78017,-2.22771],[120.77698,-2.22835],[120.77787,-2.22397],[120.7751,-2.22001],[120.77046,-2.2152],[120.7679,-2.2152],[120.76799,-2.21309],[120.76379,-2.20946],[120.76243,-2.21323],[120.76348,-2.21783],[120.76925,-2.22124],[120.77373,-2.22872],[120.76926,-2.23097],[120.76374,-2.23891],[120.76016,-2.23923],[120.75696,-2.24167],[120.74819,-2.24019],[120.74316,-2.24186],[120.73635,-2.23354],[120.7376,-2.22871],[120.72907,-2.22914],[120.7286,-2.22615],[120.72331,-2.22014],[120.71954,-2.21912],[120.72419,-2.21443],[120.72389,-2.21197],[120.71604,-2.20905],[120.7299,-2.19891],[120.73183,-2.20015],[120.73638,-2.19908],[120.73854,-2.20864],[120.74463,-2.20916],[120.74715,-2.20517],[120.74515,-2.19755],[120.74663,-2.18784],[120.75406,-2.19428],[120.75593,-2.20024],[120.75952,-2.20153],[120.76103,-2.1964],[120.74772,-2.18425],[120.74891,-2.18188],[120.76525,-2.18167],[120.76394,-2.1704],[120.76754,-2.16772],[120.76861,-2.16223],[120.76862,-2.15726],[120.76636,-2.15458],[120.7658,-2.14934],[120.75877,-2.14595],[120.75872,-2.1386],[120.75695,-2.13514],[120.75967,-2.13493],[120.76124,-2.13293],[120.76271,-2.12091],[120.76114,-2.11822],[120.75862,-2.11879],[120.75648,-2.11698],[120.7526,-2.11111],[120.75043,-2.11146],[120.75265,-2.11008],[120.75229,-2.09954],[120.76145,-2.09504],[120.76125,-2.09214],[120.76402,-2.09066],[120.7654,-2.08741],[120.76492,-2.08168],[120.76235,-2.07694],[120.76319,-2.0734],[120.7605,-2.07199],[120.76453,-2.06695],[120.7637,-2.06222],[120.76198,-2.05668],[120.7516,-2.06037],[120.74814,-2.05977],[120.74654,-2.05675],[120.74483,-2.05734],[120.74484,-2.05055],[120.75355,-2.0463],[120.75584,-2.04391],[120.75432,-2.04194],[120.76101,-2.03706],[120.76566,-2.03775],[120.77061,-2.03595],[120.77306,-2.0329],[120.77953,-2.03285],[120.78789,-2.02969],[120.79235,-2.0296],[120.80176,-2.02516],[120.81043,-2.01723],[120.82287,-2.02014],[120.82079,-2.02587],[120.82273,-2.03362],[120.82012,-2.04206],[120.8208,-2.0444],[120.81732,-2.04663],[120.81539,-2.05281],[120.8203,-2.05538],[120.8279,-2.04915],[120.83528,-2.04869],[120.83375,-2.05366],[120.83692,-2.05983],[120.83906,-2.05861],[120.84198,-2.05935],[120.84404,-2.06642],[120.85556,-2.07712],[120.8556,-2.07909],[120.86211,-2.08096],[120.86626,-2.08537],[120.87354,-2.08886],[120.89319,-2.08952],[120.89581,-2.09139],[120.90401,-2.08375],[120.9072,-2.08319],[120.9096,-2.08773],[120.91838,-2.09222],[120.92261,-2.09052],[120.93033,-2.09331],[120.93518,-2.08886],[120.93815,-2.09135],[120.94151,-2.09152],[120.94465,-2.08886],[120.94456,-2.08336],[120.94884,-2.08087],[120.95072,-2.0769],[120.95089,-2.07127],[120.96216,-2.06594],[120.96635,-2.06939],[120.96608,-2.07498],[120.96316,-2.07817],[120.96984,-2.08035],[120.96781,-2.08751],[120.97114,-2.09069],[120.9806,-2.09214],[120.9845,-2.08971],[120.98506,-2.08624],[120.98313,-2.08353],[120.98423,-2.08106],[120.99222,-2.08276],[120.99393,-2.08095],[121.00133,-2.07925],[121.00271,-2.08069],[120.99855,-2.087],[121.00193,-2.08403],[121.00313,-2.09093],[121.00656,-2.08889],[121.00831,-2.09795],[121.01429,-2.09834],[121.01653,-2.096],[121.02377,-2.10095],[121.02565,-2.10056],[121.02759,-2.09732],[121.03304,-2.09373],[121.03447,-2.089],[121.03208,-2.08792],[121.03353,-2.08541],[121.03787,-2.08379],[121.04933,-2.07111],[121.0511,-2.06386],[121.0492,-2.06291],[121.04966,-2.05227],[121.05486,-2.03916],[121.05627,-2.04446],[121.05421,-2.04628],[121.05637,-2.04956],[121.05385,-2.05202],[121.05601,-2.05664],[121.05809,-2.05553],[121.05984,-2.05132],[121.05854,-2.04783],[121.05964,-2.04317],[121.06403,-2.03984],[121.06275,-2.03591],[121.0658,-2.03685],[121.06815,-2.03551],[121.07274,-2.03803],[121.07554,-2.03197],[121.0798,-2.04063],[121.08125,-2.05249],[121.08952,-2.06207],[121.09194,-2.06751],[121.08827,-2.07656],[121.08626,-2.08895],[121.095,-2.08974],[121.09999,-2.09361],[121.10378,-2.0924],[121.10595,-2.09363],[121.10936,-2.10035],[121.10907,-2.11145],[121.11485,-2.12073],[121.11756,-2.12197],[121.11938,-2.1211],[121.12432,-2.10975],[121.12932,-2.1107],[121.13604,-2.11631],[121.1383,-2.11654],[121.14455,-2.10862],[121.14876,-2.10622],[121.14961,-2.10852],[121.15419,-2.10658],[121.15279,-2.10346],[121.15559,-2.10074],[121.15826,-2.09211],[121.16896,-2.09334],[121.17309,-2.09053],[121.17423,-2.08654],[121.17572,-2.08655],[121.17446,-2.08422],[121.17671,-2.08239],[121.1758,-2.08152],[121.17461,-2.083],[121.17432,-2.07919],[121.17178,-2.0762],[121.16979,-2.05816],[121.17336,-2.0515],[121.17314,-2.04685],[121.17504,-2.04203],[121.1712,-2.03098],[121.17436,-2.02749],[121.18366,-2.02814],[121.18958,-2.0234],[121.18894,-2.01912],[121.18443,-2.01444],[121.17294,-2.01749],[121.16308,-2.01653],[121.16069,-2.02251],[121.15952,-2.0364],[121.15444,-2.05313],[121.15286,-2.06498],[121.1473,-2.06532],[121.13946,-2.0547],[121.13503,-2.05502],[121.13092,-2.05174],[121.1291,-2.04749],[121.13036,-2.03513],[121.1288,-2.02432],[121.13094,-2.02064],[121.13878,-2.01552],[121.14392,-2.00545],[121.14222,-2.00269],[121.13707,-2.00028],[121.13252,-1.99211],[121.1303,-1.9795],[121.1274,-1.97463],[121.12209,-1.95745],[121.12297,-1.94401],[121.12867,-1.93408],[121.12672,-1.92588],[121.12809,-1.92169],[121.122,-1.91998],[121.11357,-1.92057],[121.09046,-1.92978],[121.07194,-1.92636],[121.0631,-1.92302],[121.06166,-1.92217],[121.06515,-1.91576],[121.06585,-1.89851],[121.05985,-1.8879],[121.05428,-1.89898],[121.05387,-1.89079],[121.04991,-1.89109],[121.05095,-1.89325],[121.04999,-1.89919],[121.04577,-1.90147],[121.05016,-1.90815],[121.05002,-1.91261],[121.04508,-1.90019],[121.04474,-1.88405],[121.04783,-1.87632],[121.04328,-1.86907],[121.04357,-1.85017],[121.04046,-1.84381],[121.03569,-1.84309],[121.0311,-1.84643],[121.02624,-1.86934],[121.02367,-1.86617],[121.01801,-1.84594],[121.01016,-1.8457],[121.00712,-1.83994],[120.99627,-1.83435],[120.99518,-1.83563],[120.99729,-1.844],[120.99464,-1.84674],[120.9963,-1.84872],[120.99334,-1.85111],[120.99307,-1.85431],[120.98824,-1.85534],[120.98851,-1.85802],[120.9911,-1.85902],[120.99083,-1.8654],[120.98544,-1.86911],[120.98079,-1.87572],[120.97751,-1.87528],[120.97273,-1.86506],[120.97098,-1.86525],[120.97088,-1.86847],[120.96922,-1.86994],[120.96338,-1.86783],[120.96045,-1.86889],[120.95493,-1.87733],[120.95165,-1.8785],[120.9532,-1.88356],[120.95367,-1.89777],[120.9498,-1.89614],[120.94704,-1.89001],[120.93858,-1.88474],[120.93631,-1.87662],[120.93349,-1.87551],[120.92888,-1.86808],[120.91677,-1.86084],[120.90739,-1.86024],[120.90667,-1.88117],[120.89904,-1.87796],[120.89619,-1.875]],[[121.11526,-1.90379],[121.11527,-1.90296],[121.11433,-1.903],[121.11526,-1.90379]],[[121.11591,-1.89906],[121.11599,-1.89828],[121.11637,-1.89749],[121.11418,-1.89761],[121.11412,-1.89928],[121.11591,-1.89906]],[[121.11355,-1.87656],[121.11564,-1.87611],[121.11465,-1.87548],[121.11355,-1.87656]],[[121.11738,-1.87613],[121.11745,-1.87597],[121.11649,-1.87591],[121.11738,-1.87613]],[[121.11475,-1.87364],[121.11314,-1.87545],[121.11657,-1.87467],[121.11475,-1.87364]],[[121.1137,-1.87117],[121.11147,-1.86933],[121.11155,-1.8729],[121.11527,-1.87253],[121.11641,-1.869],[121.1137,-1.87117]],[[121.11003,-1.86835],[121.11003,-1.86727],[121.10679,-1.86544],[121.10782,-1.86389],[121.10665,-1.86228],[121.10616,-1.86339],[121.1069,-1.86686],[121.10773,-1.86795],[121.10946,-1.86704],[121.11003,-1.86835]],[[121.06654,-1.87267],[121.06669,-1.8637],[121.06801,-1.86167],[121.06593,-1.85934],[121.06831,-1.85633],[121.07118,-1.85598],[121.06875,-1.85397],[121.06947,-1.85032],[121.06782,-1.84253],[121.06569,-1.84156],[121.07045,-1.83792],[121.06572,-1.83735],[121.06249,-1.83137],[121.0505,-1.85398],[121.05231,-1.85469],[121.05345,-1.85294],[121.05777,-1.85185],[121.06369,-1.85741],[121.06402,-1.87513],[121.06762,-1.88435],[121.06496,-1.89175],[121.07125,-1.89578],[121.0719,-1.88816],[121.06654,-1.87267]],[[121.18341,-2.05633],[121.18263,-2.05844],[121.1806,-2.05806],[121.18093,-2.05989],[121.17864,-2.06174],[121.17965,-2.06603],[121.17717,-2.06751],[121.17528,-2.06675],[121.17261,-2.06968],[121.17482,-2.07333],[121.17866,-2.07285],[121.18278,-2.07542],[121.18115,-2.07848],[121.1752,-2.07787],[121.17575,-2.07959],[121.18032,-2.0794],[121.17822,-2.08023],[121.17956,-2.08228],[121.1765,-2.0849],[121.17822,-2.08537],[121.17677,-2.08738],[121.17973,-2.0886],[121.18252,-2.08758],[121.18119,-2.08629],[121.18163,-2.08162],[121.18427,-2.08037],[121.18592,-2.07312],[121.18769,-2.07237],[121.18404,-2.07227],[121.18257,-2.06922],[121.18735,-2.06362],[121.18531,-2.06076],[121.18601,-2.05783],[121.18341,-2.05633]],[[121.21879,-2.05948],[121.21958,-2.0585],[121.21806,-2.05761],[121.21738,-2.05869],[121.21879,-2.05948]],[[121.22028,-2.04403],[121.22281,-2.03161],[121.2211,-2.03255],[121.22036,-2.03914],[121.21796,-2.03994],[121.21806,-2.04196],[121.21444,-2.04472],[121.2142,-2.04663],[121.21111,-2.04693],[121.2107,-2.04895],[121.22028,-2.04403]],[[121.19423,-1.96309],[121.2021,-1.96347],[121.20521,-1.96033],[121.20364,-1.94169],[121.20785,-1.93081],[121.20554,-1.92775],[121.2007,-1.92892],[121.19196,-1.93737],[121.18886,-1.93804],[121.18694,-1.93201],[121.18927,-1.92012],[121.18636,-1.91593],[121.1834,-1.915],[121.17868,-1.91691],[121.1721,-1.92544],[121.1671,-1.92787],[121.16675,-1.92263],[121.17386,-1.90142],[121.16678,-1.89817],[121.1558,-1.9169],[121.16181,-1.9295],[121.16932,-1.95349],[121.17304,-1.94993],[121.17854,-1.95058],[121.18178,-1.9542],[121.18208,-1.96209],[121.18488,-1.966],[121.18767,-1.96738],[121.19423,-1.96309]],[[121.15105,-1.93181],[121.15181,-1.93099],[121.14791,-1.92781],[121.14776,-1.92965],[121.15105,-1.93181]],[[121.12397,-1.90048],[121.12388,-1.90181],[121.12095,-1.9015],[121.12238,-1.90239],[121.12024,-1.9035],[121.12131,-1.90507],[121.12008,-1.90655],[121.11861,-1.90342],[121.11616,-1.90463],[121.11723,-1.90673],[121.1188,-1.90636],[121.12236,-1.90916],[121.12881,-1.91003],[121.12881,-1.90664],[121.12397,-1.90048]],[[121.1276,-1.89704],[121.12624,-1.8956],[121.12883,-1.89571],[121.12882,-1.89455],[121.12522,-1.89439],[121.12486,-1.89167],[121.12742,-1.8934],[121.12636,-1.89111],[121.12743,-1.88942],[121.12472,-1.88759],[121.12648,-1.88631],[121.12836,-1.88858],[121.12867,-1.88182],[121.12602,-1.88216],[121.12446,-1.88591],[121.12233,-1.88407],[121.12387,-1.8842],[121.12388,-1.88257],[121.12223,-1.8825],[121.11938,-1.88925],[121.11705,-1.88944],[121.11981,-1.88585],[121.11929,-1.88319],[121.12006,-1.8845],[121.12235,-1.88191],[121.11845,-1.88191],[121.11735,-1.88467],[121.11807,-1.88191],[121.11536,-1.88192],[121.11423,-1.87799],[121.11177,-1.87923],[121.1107,-1.87872],[121.11176,-1.87684],[121.10944,-1.87642],[121.10969,-1.87914],[121.11169,-1.88054],[121.11211,-1.88608],[121.11066,-1.88848],[121.11565,-1.8902],[121.11294,-1.89209],[121.1141,-1.89626],[121.11635,-1.89678],[121.11662,-1.89731],[121.1161,-1.89837],[121.11833,-1.89964],[121.11848,-1.8986],[121.12706,-1.90035],[121.1276,-1.89704]],[[121.11787,-1.87434],[121.11777,-1.87285],[121.11723,-1.87278],[121.11787,-1.87434]]],[[[121.30254,-2.0677],[121.30244,-2.06957],[121.30112,-2.06512],[121.30609,-2.06065],[121.30265,-2.05935],[121.30236,-2.05786],[121.30493,-2.05652],[121.30638,-2.06163],[121.30254,-2.0677]]],[[[121.29418,-2.06102],[121.29419,-2.06103],[121.29417,-2.06104],[121.29418,-2.06102]]],[[[121.11479,-1.89561],[121.11646,-1.89544],[121.11635,-1.89604],[121.11479,-1.89561]]],[[[121.12344,-1.89182],[121.12394,-1.89059],[121.12468,-1.89147],[121.12266,-1.89205],[121.12152,-1.89121],[121.12344,-1.89182]]],[[[121.11561,-1.8827],[121.11491,-1.88542],[121.11688,-1.8853],[121.11524,-1.88915],[121.11279,-1.88622],[121.11454,-1.88531],[121.11309,-1.88387],[121.11421,-1.88293],[121.11328,-1.88037],[121.11561,-1.8827]]],[[[121.30039,-1.79229],[121.29797,-1.79487],[121.29848,-1.80014],[121.29498,-1.80298],[121.29728,-1.80729],[121.29159,-1.81284],[121.29445,-1.8206],[121.29204,-1.82778],[121.29381,-1.8318],[121.29081,-1.83413],[121.29124,-1.83778],[121.28876,-1.83756],[121.2874,-1.84075],[121.28853,-1.84167],[121.28555,-1.84441],[121.28683,-1.84917],[121.28503,-1.84984],[121.28617,-1.85201],[121.28415,-1.85373],[121.28043,-1.8496],[121.28346,-1.8478],[121.28279,-1.84107],[121.28524,-1.83843],[121.28389,-1.83579],[121.28637,-1.83448],[121.28791,-1.82112],[121.28556,-1.81957],[121.28683,-1.81805],[121.28583,-1.81498],[121.28745,-1.81181],[121.28632,-1.80636],[121.28747,-1.80522],[121.28396,-1.80088],[121.28455,-1.79584],[121.28262,-1.79229],[121.28442,-1.79146],[121.28266,-1.78907],[121.28524,-1.78452],[121.28807,-1.78628],[121.29126,-1.78158],[121.29567,-1.78149],[121.29593,-1.78541],[121.30039,-1.79229]]],[[[121.13207,-1.72263],[121.13341,-1.72398],[121.13266,-1.72599],[121.13118,-1.72419],[121.13207,-1.72263]]],[[[121.33334,-2.38891],[121.33254,-2.38873],[121.33294,-2.38881],[121.33334,-2.38891]]],[[[121.32068,-2.3866],[121.31997,-2.38679],[121.32022,-2.38671],[121.32068,-2.3866]]],[[[121.32115,-2.38651],[121.32139,-2.38646],[121.32186,-2.38654],[121.32115,-2.38651]]],[[[121.31869,-2.38586],[121.31906,-2.38703],[121.3179,-2.38713],[121.31869,-2.38586]]],[[[121.3208,-2.38369],[121.32454,-2.38132],[121.3247,-2.36928],[121.32317,-2.36707],[121.32127,-2.36715],[121.32062,-2.36362],[121.31398,-2.35568],[121.30918,-2.35828],[121.31043,-2.35597],[121.30898,-2.35388],[121.31346,-2.35332],[121.31082,-2.35057],[121.3121,-2.34753],[121.31057,-2.34496],[121.31582,-2.34416],[121.31444,-2.34122],[121.31261,-2.341],[121.31364,-2.33447],[121.31511,-2.33256],[121.31861,-2.33396],[121.31948,-2.32768],[121.32212,-2.3253],[121.3235,-2.32846],[121.32985,-2.32905],[121.32935,-2.32597],[121.3319,-2.32524],[121.33271,-2.32186],[121.33417,-2.32179],[121.33521,-2.32434],[121.33442,-2.32953],[121.34084,-2.332],[121.34141,-2.33054],[121.33828,-2.32425],[121.34462,-2.31834],[121.34442,-2.31422],[121.34967,-2.31053],[121.35215,-2.30515],[121.35839,-2.30198],[121.3594,-2.29947],[121.3583,-2.29864],[121.3605,-2.29743],[121.36643,-2.2983],[121.37177,-2.29334],[121.37765,-2.29514],[121.37854,-2.29254],[121.38283,-2.29701],[121.39457,-2.30279],[121.39882,-2.3016],[121.40169,-2.29326],[121.39844,-2.2874],[121.4021,-2.28552],[121.40448,-2.27192],[121.40259,-2.25603],[121.40449,-2.24323],[121.41153,-2.2352],[121.41871,-2.23178],[121.42064,-2.22746],[121.42457,-2.22739],[121.43598,-2.21735],[121.44062,-2.20038],[121.4476,-2.18919],[121.46035,-2.18734],[121.46021,-2.18949],[121.46307,-2.19144],[121.46159,-2.19225],[121.46392,-2.19491],[121.46383,-2.20376],[121.4723,-2.19843],[121.47434,-2.19401],[121.4772,-2.19492],[121.47606,-2.20366],[121.4719,-2.20705],[121.4676,-2.20816],[121.45661,-2.20664],[121.4657,-2.21159],[121.46827,-2.21787],[121.47508,-2.21915],[121.47727,-2.21687],[121.48178,-2.21923],[121.47703,-2.22424],[121.48055,-2.23024],[121.48226,-2.23043],[121.48638,-2.22408],[121.49085,-2.22226],[121.49552,-2.21673],[121.50378,-2.21618],[121.50903,-2.21847],[121.51166,-2.22166],[121.51114,-2.22349],[121.51462,-2.22549],[121.51667,-2.22388],[121.51888,-2.22541],[121.52402,-2.22432],[121.52293,-2.22663],[121.52397,-2.22913],[121.52992,-2.23169],[121.53279,-2.24502],[121.53209,-2.25282],[121.53029,-2.25632],[121.532,-2.25952],[121.52899,-2.26692],[121.5168,-2.32262],[121.51539,-2.33352],[121.518,-2.35242],[121.52589,-2.36342],[121.53609,-2.36842],[121.54889,-2.38782],[121.55579,-2.39012],[121.5708,-2.39122],[121.57789,-2.39532],[121.5816,-2.40012],[121.58859,-2.42092],[121.59679,-2.42932],[121.6017,-2.43722],[121.62252,-2.48429],[121.62115,-2.48725],[121.63098,-2.49401],[121.63909,-2.50863],[121.62989,-2.50557],[121.62069,-2.53507],[121.58529,-2.52812],[121.57938,-2.50753],[121.57033,-2.49125],[121.54719,-2.4751],[121.49766,-2.44644],[121.47761,-2.42512],[121.47124,-2.42176],[121.46878,-2.41539],[121.45443,-2.4185],[121.45114,-2.41781],[121.44164,-2.40633],[121.44214,-2.40504],[121.41384,-2.40682],[121.40593,-2.40361],[121.40293,-2.40419],[121.4015,-2.40631],[121.39611,-2.40666],[121.39103,-2.41109],[121.38428,-2.4073],[121.37819,-2.40619],[121.37626,-2.40368],[121.35261,-2.39789],[121.34024,-2.3908],[121.33356,-2.38896],[121.3324,-2.38683],[121.32995,-2.38625],[121.33001,-2.38817],[121.32186,-2.38654],[121.3208,-2.38369]]],[[[121.37067,-2.24002],[121.37204,-2.2445],[121.37273,-2.25665],[121.37047,-2.2789],[121.372,-2.28587],[121.36252,-2.28739],[121.35106,-2.29274],[121.34644,-2.29739],[121.34276,-2.30679],[121.33587,-2.31108],[121.33242,-2.31154],[121.32592,-2.30896],[121.3201,-2.31278],[121.31811,-2.31212],[121.31618,-2.30849],[121.307,-2.3089],[121.30644,-2.30522],[121.30123,-2.29916],[121.30104,-2.29585],[121.29929,-2.29537],[121.30019,-2.29475],[121.29881,-2.29284],[121.30216,-2.29254],[121.30987,-2.28695],[121.30931,-2.27989],[121.31188,-2.28033],[121.3113,-2.28316],[121.31387,-2.28277],[121.31473,-2.28064],[121.31582,-2.28041],[121.31603,-2.28277],[121.31821,-2.28168],[121.31685,-2.27852],[121.31279,-2.27897],[121.31148,-2.27484],[121.30943,-2.27518],[121.31017,-2.27053],[121.30819,-2.26243],[121.30551,-2.26042],[121.30425,-2.25526],[121.29592,-2.26064],[121.29562,-2.26368],[121.29272,-2.26483],[121.29137,-2.26374],[121.29046,-2.26245],[121.29375,-2.26276],[121.2939,-2.25497],[121.29598,-2.25624],[121.29652,-2.25276],[121.30035,-2.25331],[121.30309,-2.24883],[121.30545,-2.24857],[121.30629,-2.24286],[121.31105,-2.24248],[121.31423,-2.23994],[121.3194,-2.24218],[121.32597,-2.24116],[121.32723,-2.2435],[121.34221,-2.2415],[121.34123,-2.25215],[121.3426,-2.25336],[121.34425,-2.25215],[121.34445,-2.25456],[121.34959,-2.25431],[121.3563,-2.24772],[121.35822,-2.24766],[121.35933,-2.25067],[121.36027,-2.25022],[121.36128,-2.24166],[121.36604,-2.23277],[121.36748,-2.23806],[121.37067,-2.24002]],[[121.3221,-2.30343],[121.32629,-2.30553],[121.32867,-2.30419],[121.33127,-2.30137],[121.32594,-2.29709],[121.32768,-2.29336],[121.33031,-2.29327],[121.33348,-2.28696],[121.32891,-2.28922],[121.32741,-2.28437],[121.32479,-2.2846],[121.32291,-2.28928],[121.32481,-2.29087],[121.32145,-2.29947],[121.3221,-2.30343]],[[121.32666,-2.27428],[121.33027,-2.27448],[121.32929,-2.27057],[121.32783,-2.27015],[121.32666,-2.27428]]],[[[121.40434,-2.13881],[121.40481,-2.13927],[121.40473,-2.13993],[121.40434,-2.13881]]],[[[121.41821,-2.08686],[121.42069,-2.08956],[121.42386,-2.08818],[121.43166,-2.08922],[121.43558,-2.08264],[121.43581,-2.07912],[121.4423,-2.07862],[121.44487,-2.08154],[121.44326,-2.08397],[121.44424,-2.08593],[121.44729,-2.08541],[121.44966,-2.0876],[121.45514,-2.08887],[121.45543,-2.09199],[121.45255,-2.09482],[121.45543,-2.09949],[121.45988,-2.10128],[121.46051,-2.10422],[121.45699,-2.11369],[121.45935,-2.11432],[121.45855,-2.11623],[121.46184,-2.11854],[121.46391,-2.12737],[121.4668,-2.13244],[121.46997,-2.13181],[121.47465,-2.1377],[121.47413,-2.13989],[121.46928,-2.14358],[121.4698,-2.15028],[121.46698,-2.14981],[121.46436,-2.15251],[121.46251,-2.14971],[121.45797,-2.15004],[121.45661,-2.14415],[121.45392,-2.1469],[121.45179,-2.14037],[121.45035,-2.14111],[121.44897,-2.14673],[121.4471,-2.14589],[121.44291,-2.14925],[121.43826,-2.14723],[121.43526,-2.15133],[121.43327,-2.14856],[121.4315,-2.15001],[121.43015,-2.14713],[121.42656,-2.14503],[121.42456,-2.14694],[121.42317,-2.14572],[121.42415,-2.1351],[121.42877,-2.13216],[121.42132,-2.12269],[121.41757,-2.12275],[121.41255,-2.11969],[121.40817,-2.11369],[121.40793,-2.11571],[121.39991,-2.11721],[121.40055,-2.11992],[121.3972,-2.12431],[121.39022,-2.12038],[121.38577,-2.10988],[121.38231,-2.10676],[121.37977,-2.10769],[121.37746,-2.11317],[121.37481,-2.11403],[121.37614,-2.10936],[121.37135,-2.10267],[121.37313,-2.1018],[121.37071,-2.09436],[121.3725,-2.09141],[121.37971,-2.08939],[121.38277,-2.08599],[121.38416,-2.09107],[121.38814,-2.08864],[121.39068,-2.09078],[121.3916,-2.08726],[121.39316,-2.08726],[121.39737,-2.08218],[121.40672,-2.07808],[121.40655,-2.08143],[121.4121,-2.08572],[121.41821,-2.08686]]],[[[121.41389,-1.91237],[121.41179,-1.91469],[121.41398,-1.91803],[121.41244,-1.922],[121.41673,-1.92351],[121.41663,-1.92703],[121.41898,-1.93133],[121.41407,-1.93506],[121.41688,-1.93651],[121.41369,-1.94086],[121.41931,-1.93921],[121.4217,-1.94009],[121.42056,-1.94203],[121.42345,-1.941],[121.42299,-1.9428],[121.4267,-1.94674],[121.41534,-1.9585],[121.41517,-1.96729],[121.41282,-1.97166],[121.41754,-1.97483],[121.41591,-1.97637],[121.41754,-1.97793],[121.42041,-1.97108],[121.42313,-1.96967],[121.42018,-1.96803],[121.42387,-1.96294],[121.42939,-1.96737],[121.43155,-1.97426],[121.43498,-1.97893],[121.43415,-1.98051],[121.43108,-1.98061],[121.43108,-1.98204],[121.42243,-1.98283],[121.43073,-1.98698],[121.42539,-1.99156],[121.42656,-1.99296],[121.42305,-1.99464],[121.4195,-1.99301],[121.41949,-1.99105],[121.41713,-1.99191],[121.41608,-1.98739],[121.41423,-1.98842],[121.41133,-1.98571],[121.41073,-1.98962],[121.41434,-1.99179],[121.41158,-1.99682],[121.40955,-1.99359],[121.40607,-1.99571],[121.4001,-1.99413],[121.39656,-1.99797],[121.39251,-1.99877],[121.38616,-1.99625],[121.38107,-1.9881],[121.38918,-1.98488],[121.3913,-1.98563],[121.39256,-1.98392],[121.39492,-1.98732],[121.39324,-1.98241],[121.39564,-1.98178],[121.3969,-1.97767],[121.39406,-1.97927],[121.39579,-1.97649],[121.3941,-1.97469],[121.3875,-1.97592],[121.38427,-1.93809],[121.38494,-1.93446],[121.38769,-1.93352],[121.38391,-1.92698],[121.38493,-1.92479],[121.39142,-1.9254],[121.38872,-1.92286],[121.38678,-1.92463],[121.3877,-1.92087],[121.38445,-1.9212],[121.38842,-1.91892],[121.39098,-1.9143],[121.39374,-1.91341],[121.40024,-1.91693],[121.40112,-1.91017],[121.40453,-1.91066],[121.40433,-1.90843],[121.40709,-1.90669],[121.40857,-1.90896],[121.4087,-1.90638],[121.40964,-1.90638],[121.4099,-1.90935],[121.41389,-1.91237]]],[[[121.72922,-1.65202],[121.72907,-1.65279],[121.72917,-1.65223],[121.72922,-1.65202]]],[[[121.19839,-1.54772],[121.2021,-1.54622],[121.21227,-1.54797],[121.22604,-1.52099],[121.23333,-1.51391],[121.24994,-1.50834],[121.25723,-1.51644],[121.26411,-1.5134],[121.26827,-1.50611],[121.26528,-1.49735],[121.29697,-1.47569],[121.3009,-1.47637],[121.3047,-1.47061],[121.30475,-1.46791],[121.30829,-1.46403],[121.3135,-1.46344],[121.31986,-1.46805],[121.32644,-1.46776],[121.336,-1.47002],[121.34576,-1.46866],[121.3508,-1.47124],[121.40319,-1.45444],[121.41179,-1.4503],[121.42326,-1.43882],[121.42723,-1.43436],[121.42697,-1.43204],[121.43134,-1.42942],[121.43353,-1.42112],[121.43876,-1.41806],[121.4418,-1.42052],[121.46373,-1.40664],[121.46405,-1.39772],[121.47329,-1.37828],[121.47361,-1.37318],[121.49687,-1.37407],[121.49774,-1.37782],[121.49978,-1.37716],[121.50284,-1.37922],[121.49649,-1.38525],[121.49275,-1.38629],[121.49304,-1.38961],[121.49019,-1.39367],[121.48286,-1.39667],[121.48511,-1.3985],[121.48382,-1.39993],[121.48426,-1.40611],[121.48793,-1.40736],[121.49152,-1.41437],[121.49497,-1.41504],[121.49523,-1.41691],[121.49812,-1.41654],[121.49853,-1.42021],[121.50167,-1.42455],[121.50568,-1.42582],[121.50467,-1.43034],[121.50729,-1.43176],[121.51009,-1.43772],[121.50862,-1.43842],[121.5049,-1.43625],[121.50295,-1.44203],[121.5053,-1.44694],[121.50339,-1.45048],[121.49908,-1.4523],[121.50044,-1.45564],[121.49449,-1.45683],[121.49092,-1.45591],[121.48822,-1.45883],[121.48279,-1.4592],[121.4816,-1.47109],[121.47431,-1.47719],[121.47398,-1.48183],[121.47143,-1.48622],[121.47395,-1.49108],[121.47204,-1.49133],[121.47008,-1.49632],[121.4654,-1.49878],[121.46413,-1.50207],[121.45954,-1.50514],[121.45134,-1.50525],[121.4527,-1.51074],[121.45123,-1.51213],[121.44792,-1.51161],[121.44683,-1.51403],[121.44677,-1.52586],[121.44503,-1.53203],[121.44275,-1.53632],[121.43886,-1.53921],[121.4286,-1.54102],[121.42498,-1.54446],[121.4208,-1.544],[121.41821,-1.54518],[121.41685,-1.54817],[121.41315,-1.54819],[121.4046,-1.54272],[121.40137,-1.53675],[121.39144,-1.53242],[121.38316,-1.53208],[121.37982,-1.5333],[121.37509,-1.5326],[121.37323,-1.53644],[121.36614,-1.5411],[121.36106,-1.53906],[121.35607,-1.5454],[121.35069,-1.54834],[121.34641,-1.54789],[121.34232,-1.55165],[121.33558,-1.5526],[121.33417,-1.54988],[121.3329,-1.55057],[121.32973,-1.54793],[121.32584,-1.55012],[121.3229,-1.54825],[121.31504,-1.55031],[121.30687,-1.54489],[121.30406,-1.54786],[121.29829,-1.5478],[121.29497,-1.54967],[121.29257,-1.55353],[121.28674,-1.55592],[121.28741,-1.56203],[121.2902,-1.56682],[121.28918,-1.56964],[121.2874,-1.57041],[121.2852,-1.56846],[121.27259,-1.58252],[121.25269,-1.58156],[121.24131,-1.58367],[121.23883,-1.58618],[121.23936,-1.59354],[121.25175,-1.6142],[121.25188,-1.62161],[121.24856,-1.63465],[121.24456,-1.62104],[121.23963,-1.6195],[121.23196,-1.61113],[121.22983,-1.61414],[121.22279,-1.61244],[121.21964,-1.61451],[121.21743,-1.61984],[121.20673,-1.62379],[121.20283,-1.62353],[121.20303,-1.62056],[121.20556,-1.61925],[121.20669,-1.60886],[121.20407,-1.60225],[121.19325,-1.60203],[121.19447,-1.59389],[121.19694,-1.59211],[121.19483,-1.58689],[121.19656,-1.58014],[121.19068,-1.56828],[121.1887,-1.56775],[121.19062,-1.56554],[121.1901,-1.56228],[121.18775,-1.56486],[121.18517,-1.56328],[121.19839,-1.54772]]]]},"properties":{"kph":"KPH Tepo Asa Aroa"}},{"type":"Feature","geometry":{"type":"MultiPolygon","coordinates":[[[[119.87146,0.18635],[119.87214,0.18447],[119.88015,0.19009],[119.88339,0.186],[119.8885,0.1843],[119.89736,0.1843],[119.89839,0.1826],[119.89787,0.18021],[119.89566,0.17902],[119.88202,0.17799],[119.87026,0.17016],[119.86975,0.1676],[119.87248,0.16589],[119.87793,0.16743],[119.88219,0.16521],[119.87776,0.15448],[119.87197,0.15789],[119.86941,0.15721],[119.8689,0.15294],[119.87581,0.14656],[119.87397,0.14054],[119.86838,0.14383],[119.86684,0.15061],[119.8625,0.15316],[119.85749,0.15976],[119.85967,0.1591],[119.8615,0.16104],[119.85785,0.16547],[119.86188,0.16465],[119.86322,0.16603],[119.86067,0.17117],[119.8618,0.17316],[119.86019,0.17453],[119.85974,0.17925],[119.86485,0.18325],[119.86455,0.18586],[119.86754,0.18652],[119.86569,0.19138],[119.86788,0.1947],[119.86544,0.19649],[119.86876,0.20378],[119.87387,0.20991],[119.87827,0.21089],[119.8793,0.20322],[119.8839,0.2022],[119.88339,0.19964],[119.8801,0.19534],[119.87367,0.19095],[119.87146,0.18635]]],[[[119.82411,0.21189],[119.82214,0.20728],[119.82381,0.19673],[119.82444,0.1956],[119.82656,0.19742],[119.83129,0.1964],[119.8329,0.19114],[119.8315,0.18997],[119.83656,0.18537],[119.83625,0.18119],[119.83317,0.17885],[119.83795,0.17689],[119.83868,0.17221],[119.83311,0.16947],[119.83406,0.16714],[119.8308,0.16644],[119.83288,0.16331],[119.83132,0.16184],[119.82667,0.16222],[119.8275,0.16596],[119.83007,0.16621],[119.83051,0.16784],[119.82807,0.16944],[119.8283,0.17135],[119.82702,0.17062],[119.82598,0.17415],[119.82042,0.17364],[119.82122,0.17633],[119.81813,0.17862],[119.8198,0.18171],[119.81716,0.18335],[119.81804,0.18929],[119.80871,0.18549],[119.80751,0.19052],[119.80568,0.18885],[119.7997,0.18986],[119.79575,0.18867],[119.7954,0.19912],[119.79449,0.20038],[119.79106,0.19902],[119.79395,0.20236],[119.79322,0.20646],[119.79754,0.21022],[119.79378,0.21438],[119.79461,0.21777],[119.79743,0.22291],[119.80704,0.22873],[119.80847,0.232],[119.8183,0.23004],[119.82411,0.21189]]],[[[119.91788,0.35315],[119.91609,0.35432],[119.91746,0.35497],[119.92026,0.35277],[119.91788,0.35315]]],[[[119.86193,0.36539],[119.86293,0.36542],[119.85887,0.36284],[119.86193,0.36539]]],[[[119.87762,0.43377],[119.88481,0.42667],[119.88918,0.41901],[119.89025,0.39464],[119.88778,0.41922],[119.8768,0.43313],[119.87728,0.44422],[119.87961,0.44916],[119.8795,0.43535],[119.87821,0.4356],[119.87762,0.43377]]],[[[119.8831,0.45989],[119.88601,0.4604],[119.88366,0.45676],[119.8831,0.45989]]],[[[119.89169,0.46573],[119.89309,0.46625],[119.88772,0.46219],[119.89169,0.46573]]],[[[119.8957,0.46689],[119.89607,0.46642],[119.89426,0.46653],[119.8957,0.46689]]],[[[119.89921,0.4689],[119.90193,0.46785],[119.89956,0.46727],[119.89785,0.46659],[119.89921,0.4689]]],[[[120.19925,0.67022],[120.18966,0.66826],[120.1845,0.6677],[120.18377,0.67083],[120.17191,0.67018],[120.17127,0.67203],[120.16824,0.67306],[120.15394,0.66893],[120.14801,0.67391],[120.14425,0.6721],[120.14259,0.67317],[120.13965,0.67085],[120.13064,0.67806],[120.12552,0.67896],[120.12318,0.67188],[120.1257,0.66569],[120.12096,0.66573],[120.11938,0.65976],[120.11418,0.65408],[120.11287,0.64004],[120.10856,0.63664],[120.10758,0.63377],[120.10621,0.63544],[120.10413,0.6317],[120.10358,0.62217],[120.1014,0.61624],[120.10294,0.60815],[120.10615,0.60683],[120.10781,0.60222],[120.11348,0.60064],[120.12043,0.59353],[120.11988,0.59127],[120.1218,0.58773],[120.12062,0.58164],[120.12386,0.57694],[120.11964,0.57201],[120.11883,0.56825],[120.11479,0.56801],[120.11208,0.56596],[120.1116,0.56128],[120.1043,0.55694],[120.10363,0.55331],[120.09701,0.5488],[120.09793,0.54733],[120.10258,0.54737],[120.1056,0.54532],[120.11161,0.54679],[120.11487,0.54519],[120.10873,0.54259],[120.10466,0.53712],[120.10177,0.53848],[120.09684,0.53551],[120.09483,0.54189],[120.08801,0.55057],[120.09016,0.556],[120.08495,0.55959],[120.08835,0.56334],[120.08622,0.56772],[120.09064,0.57126],[120.09038,0.57721],[120.09312,0.58001],[120.09133,0.5843],[120.09257,0.59057],[120.08906,0.59213],[120.08506,0.59597],[120.08586,0.59715],[120.08254,0.59905],[120.08407,0.60265],[120.07848,0.60988],[120.07794,0.61588],[120.07545,0.61701],[120.07777,0.62337],[120.07653,0.62586],[120.07987,0.6304],[120.07971,0.63903],[120.08162,0.64435],[120.08076,0.64769],[120.08721,0.65589],[120.08821,0.66268],[120.06818,0.6751],[120.06851,0.67707],[120.06595,0.67881],[120.0666,0.68037],[120.07054,0.68271],[120.07263,0.68776],[120.07788,0.68614],[120.08456,0.68762],[120.08786,0.69481],[120.09119,0.69788],[120.09949,0.69754],[120.11848,0.69294],[120.12382,0.69622],[120.131,0.69214],[120.14051,0.69123],[120.14542,0.69865],[120.14732,0.69415],[120.15072,0.6935],[120.1517,0.69154],[120.15608,0.69645],[120.15462,0.69742],[120.1551,0.69987],[120.16013,0.69792],[120.16111,0.69596],[120.16516,0.69547],[120.16646,0.69727],[120.16691,0.69727],[120.16544,0.69415],[120.16716,0.69295],[120.16954,0.69322],[120.17146,0.69973],[120.1796,0.69776],[120.18431,0.69156],[120.18334,0.69026],[120.18674,0.69058],[120.18366,0.68781],[120.18561,0.68405],[120.18902,0.68748],[120.19178,0.68291],[120.19648,0.68455],[120.19937,0.67575],[120.19925,0.67022]]],[[[120.22694,0.65071],[120.22716,0.6507],[120.22705,0.65067],[120.22694,0.65071]]],[[[120.04306,0.71506],[120.0439,0.71203],[120.05042,0.71139],[120.04122,0.70947],[120.04044,0.6979],[120.03652,0.68636],[120.03375,0.6827],[120.03205,0.68271],[120.03205,0.68178],[120.03062,0.67894],[120.02222,0.67202],[120.01788,0.66482],[120.01998,0.6724],[120.0299,0.67872],[120.03196,0.6823],[120.03089,0.68614],[120.03436,0.68614],[120.03644,0.68883],[120.0353,0.69226],[120.03864,0.69486],[120.03777,0.70213],[120.04046,0.70984],[120.03766,0.71597],[120.03891,0.71731],[120.04306,0.71506]]],[[[120.40804,0.66912],[120.412,0.66345],[120.41689,0.66165],[120.43091,0.66422],[120.43835,0.66394],[120.44202,0.66678],[120.45822,0.66659],[120.46215,0.66789],[120.46688,0.66129],[120.47742,0.66],[120.48223,0.65309],[120.49223,0.65132],[120.4918,0.64363],[120.49546,0.63639],[120.51104,0.63432],[120.51675,0.63643],[120.52219,0.63331],[120.52755,0.63657],[120.53816,0.63512],[120.54091,0.632],[120.54357,0.62003],[120.54107,0.61424],[120.54232,0.60655],[120.54563,0.59658],[120.54741,0.59519],[120.55698,0.59472],[120.56303,0.60552],[120.57485,0.60932],[120.58112,0.60531],[120.58865,0.60476],[120.60032,0.59541],[120.60493,0.60054],[120.61239,0.60139],[120.61512,0.59771],[120.61533,0.5894],[120.6196,0.58767],[120.62523,0.5885],[120.63115,0.59536],[120.63775,0.59799],[120.63685,0.60582],[120.64174,0.61171],[120.65022,0.61695],[120.65323,0.61667],[120.65207,0.61152],[120.65375,0.60064],[120.65626,0.59636],[120.666,0.59307],[120.67724,0.59585],[120.67754,0.59324],[120.68114,0.59577],[120.68254,0.59089],[120.68664,0.58986],[120.68493,0.58792],[120.69035,0.58595],[120.68852,0.58464],[120.69804,0.58163],[120.69686,0.58029],[120.69438,0.58095],[120.6946,0.57769],[120.68702,0.58055],[120.68425,0.57802],[120.67336,0.57735],[120.6742,0.57218],[120.67167,0.5709],[120.671,0.5611],[120.66696,0.56297],[120.66302,0.56004],[120.66073,0.56275],[120.65858,0.56172],[120.65679,0.56289],[120.65581,0.55934],[120.65078,0.5593],[120.64881,0.55651],[120.63916,0.56003],[120.63892,0.56408],[120.63493,0.56501],[120.62818,0.55593],[120.62932,0.56046],[120.62506,0.56776],[120.62127,0.56923],[120.61974,0.56695],[120.61646,0.57263],[120.6146,0.57274],[120.61239,0.57048],[120.61114,0.56152],[120.60932,0.55906],[120.60588,0.55717],[120.60382,0.56038],[120.60051,0.5595],[120.59557,0.54994],[120.59545,0.54022],[120.57537,0.5422],[120.56461,0.55037],[120.56004,0.5516],[120.55392,0.55746],[120.54198,0.55536],[120.53785,0.54864],[120.51667,0.53176],[120.50296,0.52698],[120.49985,0.52178],[120.49978,0.51785],[120.49335,0.51484],[120.49557,0.50873],[120.48703,0.50473],[120.48956,0.51207],[120.48786,0.51549],[120.48551,0.51598],[120.47807,0.5111],[120.47744,0.50504],[120.47208,0.50438],[120.46695,0.51323],[120.45895,0.51243],[120.45042,0.52698],[120.44289,0.54822],[120.4455,0.55135],[120.45608,0.55394],[120.4581,0.55776],[120.45743,0.56218],[120.42362,0.55872],[120.42181,0.55799],[120.4233,0.55591],[120.40892,0.54524],[120.39996,0.54986],[120.39023,0.55022],[120.38273,0.54768],[120.38272,0.54328],[120.37945,0.54373],[120.37369,0.54073],[120.37619,0.53773],[120.37447,0.52923],[120.38438,0.52143],[120.3847,0.52029],[120.38086,0.51801],[120.37586,0.51912],[120.36986,0.52335],[120.36302,0.51907],[120.3569,0.52233],[120.35197,0.52003],[120.34651,0.52035],[120.34309,0.51727],[120.34482,0.50786],[120.3538,0.50454],[120.35556,0.49873],[120.35192,0.49247],[120.34916,0.49251],[120.34642,0.49576],[120.34277,0.49519],[120.33818,0.50038],[120.32459,0.49734],[120.32315,0.49211],[120.32406,0.48876],[120.31888,0.48237],[120.32205,0.48321],[120.32495,0.48176],[120.32356,0.47998],[120.32444,0.47598],[120.32775,0.47231],[120.32366,0.46734],[120.31947,0.46981],[120.31706,0.47659],[120.31572,0.47778],[120.31359,0.4763],[120.31108,0.48004],[120.31006,0.48351],[120.31247,0.48523],[120.31161,0.48861],[120.31441,0.49011],[120.31242,0.49512],[120.30614,0.49567],[120.30469,0.49372],[120.30154,0.49542],[120.29771,0.49289],[120.29288,0.49655],[120.28908,0.49722],[120.28551,0.49644],[120.28314,0.49358],[120.28425,0.48873],[120.28184,0.48727],[120.28182,0.4856],[120.28719,0.48418],[120.29057,0.4858],[120.29012,0.48171],[120.29423,0.4808],[120.29548,0.48224],[120.29585,0.4802],[120.28601,0.47414],[120.28372,0.47759],[120.27891,0.47691],[120.27658,0.47529],[120.27805,0.47139],[120.27522,0.46902],[120.27579,0.46662],[120.25983,0.46731],[120.25555,0.46548],[120.25067,0.46065],[120.25079,0.47611],[120.24719,0.47706],[120.24152,0.47283],[120.23615,0.47323],[120.22049,0.47861],[120.20783,0.46859],[120.19832,0.46702],[120.19429,0.46012],[120.19754,0.44983],[120.2022,0.45013],[120.20457,0.45281],[120.20971,0.44848],[120.21999,0.45065],[120.22118,0.44912],[120.21512,0.43554],[120.21892,0.43616],[120.22069,0.44026],[120.2226,0.44005],[120.22229,0.43445],[120.2196,0.42772],[120.2204,0.42062],[120.22461,0.4138],[120.23555,0.40343],[120.2385,0.39799],[120.23728,0.3918],[120.23026,0.39149],[120.22707,0.37963],[120.21915,0.37766],[120.21803,0.37505],[120.22245,0.37116],[120.22307,0.36253],[120.22973,0.36212],[120.23515,0.35898],[120.23981,0.35154],[120.23847,0.34597],[120.23526,0.34445],[120.22544,0.34838],[120.22554,0.34108],[120.22258,0.34127],[120.2202,0.33579],[120.21648,0.33464],[120.20532,0.34156],[120.20127,0.34719],[120.19082,0.35078],[120.18883,0.35317],[120.18243,0.35231],[120.17952,0.34951],[120.18094,0.34592],[120.18449,0.34278],[120.19204,0.34131],[120.19559,0.33829],[120.20196,0.31899],[120.19557,0.3187],[120.18868,0.32177],[120.17832,0.31947],[120.17602,0.3111],[120.17822,0.30723],[120.16311,0.31014],[120.1526,0.3085],[120.14773,0.30946],[120.14478,0.30746],[120.13909,0.29749],[120.14013,0.29248],[120.15533,0.28088],[120.1612,0.26757],[120.15916,0.26439],[120.16467,0.26251],[120.16593,0.25861],[120.15482,0.25461],[120.1545,0.2484],[120.15143,0.24501],[120.14728,0.24673],[120.14188,0.24633],[120.14156,0.24199],[120.12684,0.23738],[120.12451,0.23537],[120.12297,0.22786],[120.11607,0.22429],[120.09803,0.20489],[120.09484,0.19404],[120.08957,0.18469],[120.08889,0.17563],[120.08694,0.1719],[120.07521,0.16077],[120.06511,0.15662],[120.062,0.15072],[120.05464,0.14547],[120.05782,0.14172],[120.05906,0.13562],[120.06754,0.13343],[120.06465,0.13084],[120.06406,0.12651],[120.06639,0.12281],[120.06884,0.10883],[120.07074,0.1058],[120.06816,0.10252],[120.06682,0.09117],[120.07214,0.08853],[120.07112,0.08075],[120.07348,0.07334],[120.06885,0.07786],[120.06779,0.0767],[120.07483,0.06956],[120.07397,0.06723],[120.07593,0.06188],[120.07545,0.0589],[120.07264,0.05639],[120.07363,0.05067],[120.07074,0.04714],[120.06736,0.03789],[120.06531,0.03532],[120.06255,0.03515],[120.06309,0.03079],[120.05575,0.02226],[120.05219,0.00838],[120.04701,0.00402],[120.04504,0.00485],[120.04439,0.00275],[120.04017,0.00437],[120.03608,0.00204],[120.03341,0.00485],[120.03119,0.00248],[120.02855,0.00458],[120.02754,0.00192],[120.03016,-0.00376],[120.02618,-0.00397],[120.02754,-0.00684],[120.02529,-0.00675],[120.02544,-0.01073],[120.02315,-0.01105],[120.02293,-0.0153],[120.0191,-0.01643],[120.02097,-0.01909],[120.01823,-0.01992],[120.01754,-0.02264],[120.01477,-0.02139],[120.01252,-0.02345],[120.01051,-0.02003],[120.00712,-0.0225],[120.00789,-0.01874],[119.99969,-0.02124],[119.99449,-0.01897],[119.99367,-0.02284],[119.99018,-0.02347],[119.99089,-0.01757],[119.98725,-0.01889],[119.98595,-0.01695],[119.98273,-0.01764],[119.98014,-0.01556],[119.97801,-0.02935],[119.98008,-0.03321],[119.97873,-0.037],[119.98166,-0.04065],[119.9829,-0.04571],[119.97703,-0.04641],[119.97412,-0.04412],[119.97162,-0.048],[119.9654,-0.04675],[119.96367,-0.04924],[119.96028,-0.04988],[119.95832,-0.05397],[119.95397,-0.0462],[119.9513,-0.04783],[119.95156,-0.04971],[119.9475,-0.04907],[119.94393,-0.05368],[119.94007,-0.05568],[119.94116,-0.06051],[119.93998,-0.06546],[119.93852,-0.05405],[119.93957,-0.04597],[119.93571,-0.03954],[119.93876,-0.03681],[119.93623,-0.02921],[119.93649,-0.02462],[119.93349,-0.02202],[119.92979,-0.02172],[119.91785,-0.02598],[119.91652,-0.0236],[119.91893,-0.02184],[119.9174,-0.01805],[119.92016,-0.01611],[119.91834,-0.01474],[119.91998,-0.01358],[119.91628,-0.01196],[119.91785,-0.0108],[119.91712,-0.00876],[119.91925,-0.00564],[119.91911,-0.00205],[119.91593,-0.00145],[119.91565,3e-05],[119.91097,-4e-05],[119.91094,0.00463],[119.90545,0.00118],[119.90399,0.00298],[119.90626,0.00523],[119.90574,0.00646],[119.89962,0.00635],[119.90133,0.00755],[119.90245,0.01353],[119.90518,0.01483],[119.9042,0.01957],[119.90776,0.02408],[119.90737,0.02671],[119.90465,0.02661],[119.90594,0.02998],[119.90427,0.03202],[119.90699,0.03592],[119.90423,0.04165],[119.91083,0.04791],[119.913,0.04289],[119.91708,0.04274],[119.91705,0.04654],[119.91893,0.04626],[119.92183,0.0502],[119.92159,0.05871],[119.92518,0.06451],[119.9255,0.0689],[119.91949,0.07449],[119.91754,0.07896],[119.91467,0.0791],[119.9139,0.08342],[119.91718,0.08454],[119.91921,0.08922],[119.92323,0.09151],[119.92497,0.09221],[119.92466,0.09],[119.92822,0.08944],[119.93245,0.09549],[119.93563,0.09566],[119.93741,0.09851],[119.94195,0.09985],[119.94359,0.09795],[119.94638,0.10329],[119.94533,0.10702],[119.94855,0.10846],[119.95022,0.11511],[119.94778,0.12273],[119.95546,0.13075],[119.9513,0.13691],[119.95011,0.14636],[119.94725,0.14907],[119.94812,0.15104],[119.95351,0.15099],[119.95656,0.1631],[119.95645,0.17234],[119.94715,0.18289],[119.95297,0.18343],[119.95526,0.19056],[119.95828,0.19351],[119.9608,0.20045],[119.95977,0.2016],[119.96175,0.20621],[119.96116,0.2107],[119.9635,0.21584],[119.96671,0.21791],[119.96488,0.22186],[119.96998,0.22147],[119.97167,0.2235],[119.96865,0.22659],[119.97264,0.23234],[119.96993,0.23386],[119.96985,0.23547],[119.97252,0.23601],[119.97347,0.23849],[119.97125,0.23912],[119.97099,0.24426],[119.96856,0.24587],[119.97259,0.25343],[119.96898,0.25374],[119.97047,0.25683],[119.96813,0.25875],[119.97276,0.26117],[119.97466,0.26063],[119.97546,0.26215],[119.9729,0.26592],[119.96577,0.2648],[119.96366,0.27193],[119.95982,0.27231],[119.95758,0.27559],[119.954,0.2742],[119.95369,0.27919],[119.94859,0.28289],[119.94843,0.2845],[119.94675,0.28415],[119.94521,0.28003],[119.94358,0.28077],[119.94398,0.2836],[119.93962,0.2907],[119.93855,0.29756],[119.93469,0.29732],[119.93194,0.30051],[119.93042,0.29954],[119.92913,0.30634],[119.92554,0.30691],[119.93,0.309],[119.92984,0.31367],[119.934,0.314],[119.93364,0.31753],[119.93709,0.31675],[119.93731,0.31825],[119.93531,0.32072],[119.9362,0.32264],[119.93483,0.32481],[119.93175,0.3227],[119.92997,0.326],[119.92497,0.3275],[119.92444,0.33078],[119.927,0.3365],[119.93145,0.33511],[119.93217,0.33189],[119.93508,0.33186],[119.93384,0.33428],[119.9362,0.33647],[119.94217,0.33639],[119.9477,0.34009],[119.94314,0.34586],[119.94365,0.34735],[119.93567,0.35014],[119.9362,0.35108],[119.93064,0.35583],[119.94086,0.35828],[119.94625,0.35728],[119.94784,0.35478],[119.95358,0.37006],[119.94792,0.37319],[119.94053,0.36925],[119.93755,0.3707],[119.92689,0.37053],[119.92952,0.37723],[119.92917,0.38131],[119.93446,0.38544],[119.931,0.39207],[119.92896,0.39196],[119.93151,0.39655],[119.928,0.40286],[119.93104,0.40468],[119.92737,0.41114],[119.93756,0.4144],[119.93945,0.4165],[119.95372,0.41375],[119.96824,0.4152],[119.97126,0.41417],[119.97559,0.41619],[119.97807,0.41544],[119.97623,0.41548],[119.97623,0.39681],[120.01861,0.39686],[120.02157,0.42367],[120.02651,0.4269],[120.02801,0.42567],[120.02861,0.42753],[120.03349,0.42565],[120.04171,0.43215],[120.05306,0.43269],[120.05946,0.43736],[120.06392,0.43866],[120.06398,0.44175],[120.06759,0.44444],[120.06507,0.44436],[120.0635,0.44644],[120.06004,0.44618],[120.0596,0.44795],[120.07397,0.45873],[120.08096,0.46196],[120.07794,0.45697],[120.0794,0.44976],[120.07778,0.44822],[120.0827,0.44358],[120.08388,0.43388],[120.08942,0.42152],[120.08869,0.4192],[120.0925,0.40488],[120.08859,0.40105],[120.07503,0.39609],[120.07032,0.39746],[120.06076,0.38302],[120.05941,0.36864],[120.06116,0.36212],[120.05969,0.35791],[120.06168,0.35485],[120.0572,0.34123],[120.05813,0.33361],[120.05265,0.32327],[120.05392,0.31633],[120.06498,0.30392],[120.06691,0.29586],[120.06927,0.2946],[120.0683,0.28536],[120.0646,0.28306],[120.0627,0.27519],[120.06466,0.26767],[120.06901,0.26234],[120.07658,0.26191],[120.08188,0.26672],[120.09002,0.28219],[120.0983,0.29067],[120.09957,0.30065],[120.10248,0.30475],[120.10356,0.32298],[120.10568,0.3319],[120.11274,0.34639],[120.12356,0.38067],[120.12994,0.39172],[120.13347,0.40422],[120.14688,0.41819],[120.14886,0.43252],[120.15358,0.44116],[120.1608,0.44471],[120.16851,0.4542],[120.17698,0.45481],[120.17747,0.4643],[120.18148,0.47622],[120.1803,0.48026],[120.17683,0.48387],[120.18441,0.49246],[120.18397,0.49426],[120.18853,0.4999],[120.18921,0.50323],[120.1963,0.50583],[120.19893,0.51106],[120.20048,0.51059],[120.20073,0.50843],[120.20702,0.5095],[120.20721,0.51325],[120.21324,0.51524],[120.21468,0.51495],[120.21495,0.51136],[120.21807,0.51342],[120.22536,0.51238],[120.23133,0.51394],[120.23483,0.51802],[120.2372,0.52578],[120.24774,0.53035],[120.25716,0.53096],[120.25851,0.52429],[120.26039,0.52303],[120.26696,0.53001],[120.2716,0.53168],[120.27743,0.53682],[120.28108,0.5372],[120.28328,0.53267],[120.29382,0.53406],[120.29226,0.5368],[120.29623,0.53715],[120.29578,0.52009],[120.29719,0.51698],[120.30344,0.51846],[120.30096,0.52187],[120.30468,0.52182],[120.30778,0.52677],[120.31049,0.52456],[120.31098,0.52672],[120.31771,0.53301],[120.32606,0.52845],[120.33124,0.52755],[120.3354,0.52993],[120.33863,0.53285],[120.3367,0.53742],[120.33542,0.53701],[120.33406,0.54004],[120.33284,0.53917],[120.32284,0.55106],[120.33003,0.57392],[120.33669,0.56988],[120.34073,0.56947],[120.34337,0.56474],[120.34245,0.56258],[120.34397,0.55973],[120.34576,0.55998],[120.34739,0.55712],[120.34959,0.55996],[120.35591,0.56258],[120.36105,0.56877],[120.36702,0.58034],[120.36672,0.58578],[120.37019,0.58865],[120.37413,0.58794],[120.37897,0.59169],[120.38652,0.59353],[120.39423,0.59153],[120.39415,0.59599],[120.40151,0.59766],[120.40221,0.60917],[120.40376,0.60977],[120.40319,0.60618],[120.40505,0.60339],[120.40835,0.60225],[120.40921,0.59908],[120.4198,0.61083],[120.42535,0.61329],[120.42162,0.62222],[120.40621,0.62726],[120.40072,0.63278],[120.39969,0.63739],[120.3966,0.63994],[120.38727,0.64143],[120.38981,0.65049],[120.39601,0.65922],[120.3981,0.6594],[120.39418,0.66122],[120.39418,0.66258],[120.39892,0.66439],[120.39759,0.66634],[120.38727,0.66849],[120.38749,0.67047],[120.40804,0.66912]],[[120.20715,0.35929],[120.2063,0.36067],[120.20512,0.35994],[120.20594,0.35857],[120.20715,0.35929]],[[120.47413,0.52704],[120.46971,0.53347],[120.46473,0.53396],[120.46091,0.53135],[120.45967,0.52351],[120.46259,0.51808],[120.46973,0.51761],[120.47399,0.52061],[120.47413,0.52704]],[[120.47236,0.56478],[120.47329,0.56709],[120.47259,0.5707],[120.47075,0.57204],[120.46327,0.57253],[120.46046,0.57036],[120.45993,0.56771],[120.46191,0.56499],[120.47236,0.56478]],[[120.39374,0.57703],[120.39326,0.57225],[120.40536,0.57188],[120.40293,0.57539],[120.40394,0.57972],[120.4022,0.58091],[120.40128,0.5862],[120.39649,0.58457],[120.39231,0.5791],[120.39374,0.57703]],[[120.45918,0.58571],[120.46155,0.58691],[120.46201,0.59041],[120.4538,0.59412],[120.44577,0.59518],[120.44269,0.59213],[120.44314,0.58946],[120.44529,0.58552],[120.45918,0.58571]]],[[[120.97816,0.42063],[120.97905,0.42163],[120.97876,0.42107],[120.97935,0.41917],[120.97816,0.42063]]],[[[120.99466,0.4267],[120.99446,0.42673],[120.99449,0.42683],[120.99466,0.4267]]],[[[120.99288,0.42716],[120.99397,0.42508],[120.99015,0.42458],[120.98563,0.42078],[120.98205,0.42069],[120.98376,0.42382],[120.9835,0.42737],[120.9904,0.43121],[120.99622,0.43115],[121.00268,0.43349],[121.00004,0.4291],[120.99288,0.42716]]],[[[120.81691,0.45332],[120.82553,0.45273],[120.83369,0.44617],[120.83846,0.45039],[120.84969,0.45088],[120.86667,0.438],[120.86261,0.434],[120.85879,0.43569],[120.85777,0.43925],[120.85453,0.44259],[120.83968,0.44637],[120.83548,0.44489],[120.83056,0.44014],[120.8245,0.4485],[120.82069,0.44931],[120.81755,0.44694],[120.80925,0.45324],[120.81055,0.45794],[120.8065,0.46224],[120.81202,0.46756],[120.81101,0.47421],[120.80798,0.47382],[120.81009,0.4751],[120.8128,0.47341],[120.8135,0.46269],[120.81691,0.45332]]],[[[120.80405,0.47441],[120.80788,0.47332],[120.80768,0.46962],[120.80461,0.47069],[120.80405,0.47441]]],[[[120.72729,0.48123],[120.7353,0.47622],[120.74586,0.47532],[120.74752,0.48224],[120.75037,0.48332],[120.75648,0.46868],[120.7633,0.46657],[120.76827,0.4627],[120.79008,0.46506],[120.79278,0.46671],[120.79349,0.47253],[120.79384,0.47346],[120.79584,0.47228],[120.79364,0.47225],[120.79562,0.47039],[120.79029,0.46074],[120.78243,0.46234],[120.77566,0.45983],[120.77336,0.45729],[120.76731,0.45696],[120.7605,0.46263],[120.7556,0.46378],[120.75439,0.4662],[120.7486,0.46613],[120.74072,0.47074],[120.73795,0.46983],[120.73416,0.47325],[120.72576,0.47616],[120.71731,0.48492],[120.7171,0.48811],[120.71286,0.49004],[120.70886,0.49857],[120.71298,0.49826],[120.72729,0.48123]]],[[[120.70678,0.50234],[120.71087,0.49978],[120.70795,0.50094],[120.70678,0.50234]]],[[[120.70547,0.50259],[120.70576,0.5019],[120.70475,0.50298],[120.70547,0.50259]]],[[[120.70197,0.50223],[120.69918,0.50254],[120.69972,0.50676],[120.6953,0.5105],[120.68873,0.51175],[120.68821,0.51578],[120.69488,0.51308],[120.70278,0.50541],[120.70197,0.50223]]],[[[120.66876,0.50993],[120.6649,0.51209],[120.66635,0.51229],[120.66458,0.51434],[120.67525,0.51306],[120.68542,0.51576],[120.68307,0.51198],[120.67844,0.50983],[120.66876,0.50993]]],[[[121.16414,0.67464],[121.16584,0.66899],[121.17416,0.66536],[121.17923,0.6548],[121.18691,0.65203],[121.19764,0.64131],[121.19928,0.64061],[121.20385,0.64302],[121.2187,0.63852],[121.22333,0.6405],[121.22458,0.64342],[121.22872,0.64556],[121.23218,0.64157],[121.23155,0.63318],[121.22686,0.62875],[121.22879,0.62694],[121.22898,0.62245],[121.23774,0.60352],[121.24216,0.60039],[121.24973,0.60108],[121.2615,0.5904],[121.27071,0.58781],[121.27569,0.58266],[121.29585,0.58023],[121.29997,0.57576],[121.30254,0.56919],[121.30697,0.56867],[121.30958,0.57517],[121.3137,0.5755],[121.31611,0.57773],[121.32948,0.57533],[121.3267,0.5702],[121.32794,0.56792],[121.32161,0.56249],[121.32228,0.54929],[121.31812,0.54312],[121.32245,0.53765],[121.3212,0.53267],[121.32333,0.53373],[121.32622,0.53139],[121.32586,0.5334],[121.33108,0.53224],[121.33108,0.52268],[121.33314,0.52169],[121.33413,0.51741],[121.32621,0.51481],[121.31783,0.50844],[121.30455,0.50559],[121.29857,0.50704],[121.29587,0.5164],[121.28562,0.51826],[121.28221,0.51561],[121.27077,0.51221],[121.26507,0.51301],[121.25045,0.5109],[121.23321,0.51065],[121.22856,0.52076],[121.22396,0.52189],[121.22458,0.52581],[121.22278,0.52674],[121.21797,0.52459],[121.21806,0.52168],[121.21073,0.52324],[121.20776,0.52046],[121.20839,0.50997],[121.20726,0.50765],[121.20944,0.50214],[121.2084,0.50079],[121.20442,0.49851],[121.20442,0.49998],[121.2027,0.49965],[121.20262,0.49746],[121.19593,0.49868],[121.19384,0.49501],[121.18086,0.49442],[121.1786,0.49551],[121.17622,0.49475],[121.17538,0.49159],[121.17162,0.49382],[121.16936,0.49138],[121.16664,0.49151],[121.16187,0.48872],[121.15961,0.49066],[121.15781,0.49824],[121.15446,0.50107],[121.15065,0.50228],[121.14894,0.49824],[121.1453,0.49702],[121.14371,0.50157],[121.13262,0.50653],[121.12801,0.50683],[121.12558,0.51374],[121.12621,0.51711],[121.12131,0.52043],[121.11918,0.51095],[121.12023,0.50881],[121.11508,0.50851],[121.11496,0.50569],[121.11358,0.50577],[121.10844,0.50956],[121.10402,0.50228],[121.10128,0.50195],[121.09983,0.49804],[121.10077,0.4947],[121.09832,0.49271],[121.09352,0.49974],[121.09185,0.4996],[121.09015,0.4959],[121.08865,0.49588],[121.08804,0.49849],[121.08413,0.49827],[121.08384,0.5019],[121.08013,0.50145],[121.08041,0.50305],[121.07723,0.50597],[121.07801,0.50824],[121.07577,0.50753],[121.07502,0.5103],[121.06951,0.508],[121.06819,0.5058],[121.06,0.5135],[121.05795,0.51066],[121.05732,0.51196],[121.06136,0.51814],[121.06343,0.51869],[121.06308,0.51997],[121.06762,0.5198],[121.06915,0.52329],[121.06889,0.52596],[121.06152,0.53333],[121.05952,0.53027],[121.05686,0.53006],[121.04622,0.53311],[121.04037,0.53062],[121.03818,0.52645],[121.03669,0.52631],[121.03641,0.52889],[121.03288,0.53029],[121.03069,0.53403],[121.02725,0.53498],[121.0241,0.54066],[121.01781,0.54244],[121.01906,0.5486],[121.01449,0.54824],[121.01597,0.55096],[121.01288,0.55487],[121.02061,0.558],[121.02183,0.56068],[121.01997,0.55949],[121.0193,0.56151],[121.00957,0.56809],[121.00674,0.56868],[121.00249,0.5639],[120.99201,0.55925],[120.98964,0.56233],[120.9879,0.55983],[120.9808,0.55755],[120.97392,0.56955],[120.9741,0.57239],[120.96887,0.57011],[120.96537,0.57329],[120.96419,0.57205],[120.96081,0.57345],[120.96378,0.57866],[120.96679,0.57797],[120.96942,0.58],[120.96115,0.58642],[120.95666,0.58427],[120.95864,0.5771],[120.95288,0.5805],[120.94814,0.57806],[120.94584,0.58046],[120.94358,0.57765],[120.93063,0.58171],[120.92834,0.58573],[120.92951,0.58751],[120.91984,0.5938],[120.91176,0.58934],[120.92704,0.58089],[120.92995,0.57518],[120.93376,0.57428],[120.93429,0.57269],[120.94551,0.5717],[120.94675,0.57029],[120.94658,0.56161],[120.94465,0.56188],[120.9414,0.55913],[120.93984,0.56256],[120.93379,0.56372],[120.9327,0.56109],[120.93014,0.55988],[120.91172,0.55809],[120.90893,0.55485],[120.89944,0.55323],[120.89536,0.54778],[120.89413,0.54128],[120.8896,0.53416],[120.89005,0.51811],[120.88311,0.51652],[120.86279,0.50452],[120.85297,0.50349],[120.84674,0.50708],[120.84805,0.51036],[120.84253,0.5123],[120.83469,0.51007],[120.82952,0.50674],[120.82384,0.51008],[120.83511,0.51885],[120.83893,0.52623],[120.82703,0.54712],[120.82436,0.55886],[120.81995,0.56445],[120.82108,0.56648],[120.82821,0.56831],[120.83039,0.57191],[120.83019,0.57979],[120.82855,0.58035],[120.83019,0.58504],[120.82914,0.58761],[120.82193,0.57759],[120.82151,0.58026],[120.82303,0.58193],[120.82184,0.58404],[120.82053,0.58112],[120.81587,0.58152],[120.80599,0.58647],[120.81393,0.59397],[120.82129,0.59339],[120.82341,0.59595],[120.82094,0.59732],[120.823,0.59861],[120.82262,0.59988],[120.81999,0.59986],[120.8224,0.60522],[120.82176,0.61071],[120.81784,0.60944],[120.81555,0.61248],[120.81522,0.61488],[120.81683,0.61638],[120.81422,0.61787],[120.81444,0.62248],[120.80798,0.61808],[120.80398,0.61795],[120.79925,0.62416],[120.79387,0.62108],[120.79191,0.61739],[120.78532,0.61533],[120.78316,0.62189],[120.7785,0.6253],[120.77516,0.62335],[120.77461,0.61667],[120.77285,0.61723],[120.77302,0.62135],[120.76791,0.6234],[120.76527,0.61613],[120.76137,0.61946],[120.75939,0.62481],[120.75605,0.61644],[120.74974,0.61028],[120.74862,0.61039],[120.75116,0.61479],[120.74858,0.61501],[120.74416,0.61155],[120.74363,0.60595],[120.73962,0.60811],[120.73616,0.60712],[120.73503,0.60569],[120.73576,0.59997],[120.73255,0.60173],[120.73022,0.60169],[120.72949,0.59934],[120.72498,0.60055],[120.72268,0.59912],[120.7229,0.59376],[120.719,0.59226],[120.71697,0.58694],[120.70826,0.5887],[120.70301,0.58514],[120.69824,0.58543],[120.6986,0.58239],[120.69724,0.58375],[120.69381,0.58335],[120.69285,0.58636],[120.69074,0.58498],[120.69033,0.58823],[120.68291,0.59201],[120.68184,0.59692],[120.67804,0.59487],[120.67811,0.59614],[120.6933,0.60173],[120.72524,0.61714],[120.75026,0.63468],[120.79186,0.64734],[120.81133,0.6632],[120.8146,0.66833],[120.84358,0.68044],[120.85111,0.67332],[120.85081,0.66842],[120.86031,0.66958],[120.86617,0.66414],[120.89661,0.66729],[120.93669,0.68577],[120.93735,0.68984],[120.9506,0.69251],[120.97659,0.69216],[120.97624,0.69448],[120.97886,0.69688],[121.00527,0.7039],[121.01424,0.71136],[121.022,0.70685],[121.03107,0.70614],[121.03398,0.70222],[121.03992,0.69902],[121.053,0.69478],[121.05575,0.69469],[121.05898,0.69817],[121.06205,0.70516],[121.08242,0.70013],[121.09204,0.70216],[121.09643,0.70135],[121.10872,0.69827],[121.11042,0.69332],[121.12252,0.69005],[121.1276,0.68548],[121.13354,0.68399],[121.15031,0.68485],[121.16123,0.67865],[121.16414,0.67464]]]]},"properties":{"kph":"KPH Dampelas Tinombo"}},{"type":"Feature","geometry":{"type":"MultiPolygon","coordinates":[[[[119.9399,-0.06785],[119.9428,-0.07047],[119.94263,-0.07718],[119.94637,-0.08196],[119.94798,-0.08132],[119.94876,-0.08402],[119.94965,-0.08929],[119.94787,-0.09009],[119.95015,-0.09456],[119.94755,-0.09637],[119.94354,-0.09498],[119.94377,-0.09142],[119.93938,-0.08722],[119.93672,-0.08655],[119.93323,-0.08772],[119.92955,-0.08355],[119.93147,-0.07799],[119.93332,-0.07852],[119.93255,-0.07539],[119.93549,-0.07483],[119.93056,-0.06738],[119.9291,-0.06801],[119.92578,-0.06481],[119.92756,-0.06245],[119.93029,-0.06418],[119.93049,-0.06115],[119.93458,-0.05869],[119.93413,-0.05405],[119.93682,-0.04997],[119.93371,-0.04744],[119.93053,-0.04938],[119.92585,-0.04793],[119.92103,-0.05008],[119.91757,-0.04881],[119.91901,-0.04438],[119.91576,-0.04037],[119.91261,-0.0415],[119.91197,-0.03917],[119.92096,-0.03169],[119.92122,-0.02725],[119.92019,-0.02575],[119.91785,-0.02598],[119.92979,-0.02172],[119.93349,-0.02202],[119.93649,-0.02462],[119.93623,-0.02921],[119.93876,-0.03681],[119.93571,-0.03954],[119.93957,-0.04597],[119.93852,-0.05405],[119.9399,-0.06785]]],[[[119.9501,-0.89354],[119.94665,-0.89169],[119.95692,-0.88849],[119.96184,-0.88833],[119.96352,-0.88969],[119.9501,-0.89354]]],[[[119.96486,-0.8413],[119.9702,-0.84354],[119.97247,-0.84712],[119.97138,-0.8671],[119.97229,-0.87091],[119.97572,-0.87453],[119.97588,-0.87743],[119.97437,-0.88101],[119.9703,-0.88127],[119.96954,-0.88298],[119.9653,-0.88237],[119.96496,-0.88462],[119.96195,-0.88443],[119.96163,-0.88221],[119.95567,-0.8821],[119.95483,-0.88015],[119.95849,-0.8771],[119.95755,-0.87657],[119.94556,-0.87377],[119.94447,-0.8715],[119.93834,-0.87192],[119.94751,-0.86665],[119.94887,-0.86729],[119.95117,-0.86465],[119.95034,-0.86339],[119.94683,-0.86502],[119.94699,-0.86001],[119.93364,-0.86011],[119.9284,-0.8572],[119.93233,-0.85373],[119.92856,-0.85367],[119.93181,-0.85099],[119.92904,-0.84935],[119.93249,-0.84803],[119.93449,-0.84487],[119.93318,-0.84329],[119.92893,-0.84792],[119.92291,-0.84513],[119.93288,-0.84039],[119.9383,-0.83314],[119.94276,-0.83531],[119.95417,-0.83081],[119.95857,-0.83294],[119.96486,-0.8413]]],[[[119.85339,-0.58143],[119.85227,-0.58102],[119.85244,-0.58048],[119.85456,-0.57985],[119.85339,-0.58143]]],[[[119.85597,-0.57861],[119.85844,-0.57961],[119.85665,-0.57934],[119.85635,-0.57972],[119.85572,-0.57968],[119.85507,-0.57982],[119.85471,-0.57986],[119.85456,-0.57985],[119.85597,-0.57861]]],[[[120.5101,-1.13542],[120.49591,-1.14373],[120.48683,-1.14698],[120.46013,-1.15064],[120.45521,-1.14916],[120.44499,-1.14984],[120.43271,-1.15735],[120.43152,-1.15507],[120.424,-1.15277],[120.4164,-1.1581],[120.41125,-1.15805],[120.36247,-1.18221],[120.36012,-1.17745],[120.3565,-1.17744],[120.35877,-1.17183],[120.35772,-1.16272],[120.36195,-1.15665],[120.36964,-1.15453],[120.36949,-1.15089],[120.36603,-1.1477],[120.36271,-1.14785],[120.36044,-1.15255],[120.35517,-1.15103],[120.34853,-1.14328],[120.34656,-1.15451],[120.33758,-1.15835],[120.33571,-1.15471],[120.3376,-1.14454],[120.3322,-1.14412],[120.32606,-1.13997],[120.29038,-1.13748],[120.27893,-1.14626],[120.2674,-1.15005],[120.2794,-1.17312],[120.2847,-1.19202],[120.28149,-1.19882],[120.26879,-1.20572],[120.26769,-1.20912],[120.27664,-1.23694],[120.27224,-1.23165],[120.22797,-1.22074],[120.18848,-1.21746],[120.18437,-1.21663],[120.18163,-1.21412],[120.18331,-1.20884],[120.1797,-1.20369],[120.18016,-1.19664],[120.17834,-1.1879],[120.17999,-1.18707],[120.17941,-1.18407],[120.18615,-1.18273],[120.18877,-1.18007],[120.18945,-1.17636],[120.19365,-1.17731],[120.1952,-1.18288],[120.20487,-1.18586],[120.20409,-1.18943],[120.2062,-1.18972],[120.20728,-1.19928],[120.21278,-1.20258],[120.21197,-1.20011],[120.2167,-1.20089],[120.22116,-1.21256],[120.22275,-1.21279],[120.22489,-1.20898],[120.22811,-1.20762],[120.22766,-1.20466],[120.23038,-1.19989],[120.23252,-1.20109],[120.23586,-1.19905],[120.23676,-1.1936],[120.24173,-1.19423],[120.24608,-1.19224],[120.24653,-1.19389],[120.25076,-1.19548],[120.25421,-1.19407],[120.25996,-1.19709],[120.26505,-1.1955],[120.26764,-1.19692],[120.26962,-1.19277],[120.27224,-1.19212],[120.27342,-1.19576],[120.2754,-1.1958],[120.27456,-1.19137],[120.27067,-1.19161],[120.2744,-1.19106],[120.27421,-1.18507],[120.27702,-1.18367],[120.27486,-1.18268],[120.27511,-1.1811],[120.26943,-1.18086],[120.26937,-1.18282],[120.26574,-1.18021],[120.26602,-1.17771],[120.2632,-1.17544],[120.26061,-1.16987],[120.26028,-1.16418],[120.26209,-1.16231],[120.25989,-1.16032],[120.24707,-1.16087],[120.24408,-1.16275],[120.23855,-1.16121],[120.23641,-1.1578],[120.2346,-1.15831],[120.23099,-1.15546],[120.22974,-1.15637],[120.22659,-1.1529],[120.22167,-1.15301],[120.2171,-1.15874],[120.21771,-1.16204],[120.2163,-1.16107],[120.21833,-1.16431],[120.21584,-1.168],[120.21861,-1.17062],[120.2182,-1.17656],[120.20769,-1.172],[120.20614,-1.17714],[120.20789,-1.179],[120.2024,-1.18174],[120.20004,-1.17979],[120.19704,-1.18248],[120.19732,-1.17269],[120.19608,-1.17456],[120.19329,-1.17467],[120.19328,-1.17604],[120.18886,-1.17638],[120.18672,-1.18054],[120.17896,-1.18283],[120.17533,-1.17371],[120.17166,-1.17052],[120.16867,-1.16065],[120.16307,-1.15521],[120.15908,-1.15353],[120.15853,-1.14946],[120.14919,-1.14743],[120.14563,-1.14234],[120.14153,-1.14543],[120.1367,-1.14387],[120.13808,-1.132],[120.13612,-1.12727],[120.12415,-1.1345],[120.12195,-1.14083],[120.12433,-1.1442],[120.12012,-1.14534],[120.11968,-1.14879],[120.11546,-1.15101],[120.11078,-1.14701],[120.10196,-1.14679],[120.0994,-1.14094],[120.09744,-1.14244],[120.0952,-1.13967],[120.09737,-1.13626],[120.09532,-1.13578],[120.09323,-1.1374],[120.08856,-1.13244],[120.0864,-1.13213],[120.08646,-1.12832],[120.08746,-1.12785],[120.08946,-1.13091],[120.09041,-1.1292],[120.09041,-1.12635],[120.08734,-1.12469],[120.08837,-1.12207],[120.08994,-1.12298],[120.0899,-1.12006],[120.09215,-1.12164],[120.09549,-1.11955],[120.09601,-1.11701],[120.0925,-1.11661],[120.0947,-1.11137],[120.10049,-1.10732],[120.09886,-1.10675],[120.10632,-1.10446],[120.11152,-1.09812],[120.11234,-1.0872],[120.11573,-1.07929],[120.11351,-1.07899],[120.11204,-1.07624],[120.11213,-1.07947],[120.10973,-1.07901],[120.10899,-1.08175],[120.10788,-1.07959],[120.0984,-1.07812],[120.09186,-1.08809],[120.09833,-1.09284],[120.09713,-1.09707],[120.09861,-1.09809],[120.09874,-1.10165],[120.09752,-1.10024],[120.09587,-1.10846],[120.09382,-1.11084],[120.09322,-1.10691],[120.08857,-1.11189],[120.08952,-1.11039],[120.08809,-1.11053],[120.08605,-1.10677],[120.08159,-1.10849],[120.08127,-1.10608],[120.07942,-1.10619],[120.07726,-1.09276],[120.07943,-1.08967],[120.07939,-1.08446],[120.07413,-1.08783],[120.07535,-1.08919],[120.07268,-1.0898],[120.07391,-1.0914],[120.07164,-1.09322],[120.07413,-1.09211],[120.07428,-1.0949],[120.07612,-1.09371],[120.07516,-1.09716],[120.0775,-1.09932],[120.07752,-1.10522],[120.07641,-1.10762],[120.07045,-1.10812],[120.06949,-1.11031],[120.06735,-1.11008],[120.06531,-1.11229],[120.06582,-1.11552],[120.07007,-1.11873],[120.06708,-1.12225],[120.06672,-1.12522],[120.06141,-1.12926],[120.05885,-1.12438],[120.05634,-1.12374],[120.05355,-1.13239],[120.0491,-1.12763],[120.04774,-1.12849],[120.04573,-1.12549],[120.04299,-1.12472],[120.04482,-1.11994],[120.04433,-1.1167],[120.04188,-1.11479],[120.04336,-1.10945],[120.04212,-1.10505],[120.04077,-1.10344],[120.03572,-1.10389],[120.03365,-1.10659],[120.03458,-1.09907],[120.03903,-1.09611],[120.03935,-1.08896],[120.03278,-1.08564],[120.03236,-1.08265],[120.02748,-1.07997],[120.02748,-1.0772],[120.01433,-1.07323],[120.00823,-1.073],[120.0034,-1.07597],[119.99682,-1.0693],[119.98778,-1.06878],[119.98187,-1.07074],[119.97648,-1.06781],[119.97009,-1.05826],[119.9704,-1.0407],[119.97613,-1.03155],[119.97015,-1.02935],[119.97297,-1.02549],[119.96873,-1.02423],[119.96786,-1.0187],[119.97086,-1.01631],[119.97549,-1.00702],[119.97736,-1.00582],[119.97961,-1.00765],[119.98255,-1.00551],[119.98642,-0.99647],[119.98756,-0.99647],[119.98688,-0.99931],[119.99249,-1.00044],[119.99732,-0.99738],[119.9988,-1.00277],[120.00203,-1.00668],[120.01117,-0.9984],[120.02298,-1.00061],[120.0238,-0.99861],[120.02179,-0.9951],[120.02372,-0.98914],[120.02763,-0.98744],[120.02451,-0.98545],[120.02752,-0.98341],[120.02888,-0.97512],[120.03882,-0.96871],[120.04194,-0.96542],[120.0408,-0.9649],[120.04228,-0.96207],[120.04489,-0.96229],[120.04716,-0.95747],[120.05011,-0.95673],[120.05284,-0.95259],[120.05125,-0.95089],[120.04512,-0.95117],[120.04358,-0.94776],[120.03734,-0.9439],[120.03615,-0.94061],[120.04563,-0.9372],[120.05068,-0.92926],[120.04744,-0.92477],[120.03643,-0.92562],[120.02576,-0.92182],[120.02479,-0.92262],[120.02701,-0.92659],[120.02582,-0.93198],[120.02195,-0.92784],[120.01753,-0.93891],[120.01855,-0.94197],[120.01441,-0.94385],[120.01809,-0.94861],[120.01236,-0.94595],[120.00845,-0.94765],[120.01248,-0.95423],[120.0148,-0.95526],[120.00436,-0.9628],[120.00061,-0.96371],[119.99982,-0.96587],[119.99649,-0.96509],[119.99472,-0.96242],[119.99466,-0.96105],[119.99828,-0.96237],[119.99577,-0.95831],[119.99734,-0.95526],[120.0029,-0.95231],[119.99912,-0.95123],[119.99651,-0.94832],[119.99771,-0.94711],[120.00363,-0.94864],[120.00568,-0.94459],[119.99599,-0.93767],[119.99746,-0.93567],[120.0005,-0.93773],[119.99971,-0.93525],[120.00102,-0.9352],[120.00118,-0.93051],[120.00297,-0.93078],[120.00344,-0.92914],[119.99956,-0.92734],[120.0014,-0.92587],[119.99946,-0.92545],[120.00255,-0.92302],[120.00213,-0.92181],[119.99847,-0.92154],[120.00172,-0.91696],[119.99005,-0.90899],[119.99471,-0.90641],[119.99629,-0.89508],[119.99367,-0.89571],[119.99341,-0.89429],[119.991,-0.89418],[119.99279,-0.88849],[119.99452,-0.88754],[119.99284,-0.88564],[119.9952,-0.88517],[119.98934,-0.87979],[119.98473,-0.87862],[119.98463,-0.87551],[119.97935,-0.8657],[119.98082,-0.86244],[119.97903,-0.86243],[119.98009,-0.85927],[119.97616,-0.86038],[119.97506,-0.85711],[119.9737,-0.85721],[119.97516,-0.85568],[119.97349,-0.85447],[119.97836,-0.85026],[119.9747,-0.84693],[119.97942,-0.84367],[119.97188,-0.84187],[119.97088,-0.84292],[119.96696,-0.84023],[119.97083,-0.83871],[119.97073,-0.83639],[119.97513,-0.83475],[119.97592,-0.82896],[119.97288,-0.82943],[119.96937,-0.82716],[119.96676,-0.82737],[119.96587,-0.82905],[119.96204,-0.82852],[119.96561,-0.81941],[119.95907,-0.81371],[119.95765,-0.82256],[119.95456,-0.82325],[119.95282,-0.82773],[119.94984,-0.82704],[119.94905,-0.83041],[119.94581,-0.82978],[119.9445,-0.82677],[119.94701,-0.82551],[119.94675,-0.82319],[119.9488,-0.82108],[119.94681,-0.81792],[119.94817,-0.81618],[119.94629,-0.81149],[119.94263,-0.80927],[119.94048,-0.80895],[119.93996,-0.81032],[119.93873,-0.80914],[119.94472,-0.80278],[119.94557,-0.80502],[119.9432,-0.80643],[119.95247,-0.805],[119.95082,-0.80299],[119.94597,-0.80405],[119.94528,-0.80227],[119.94968,-0.79946],[119.94851,-0.79754],[119.95375,-0.79828],[119.94904,-0.79534],[119.95687,-0.79233],[119.94979,-0.79254],[119.94558,-0.79036],[119.9461,-0.78829],[119.9436,-0.788],[119.94581,-0.7864],[119.94209,-0.78519],[119.94269,-0.78375],[119.93925,-0.78532],[119.94191,-0.78225],[119.94519,-0.78187],[119.94017,-0.77963],[119.93964,-0.77824],[119.94283,-0.77605],[119.93824,-0.77574],[119.94581,-0.77244],[119.94658,-0.77015],[119.9381,-0.77373],[119.93093,-0.77153],[119.92889,-0.7728],[119.92768,-0.76893],[119.92608,-0.77207],[119.92382,-0.77325],[119.9226,-0.77168],[119.92262,-0.77353],[119.91778,-0.77265],[119.91807,-0.77113],[119.9158,-0.77254],[119.91554,-0.77044],[119.91169,-0.76897],[119.91117,-0.76707],[119.90516,-0.76671],[119.90589,-0.76367],[119.90383,-0.76073],[119.9043,-0.75767],[119.90774,-0.75665],[119.90941,-0.75007],[119.91071,-0.75225],[119.91405,-0.75301],[119.91743,-0.75191],[119.91821,-0.74782],[119.92092,-0.7478],[119.92333,-0.75043],[119.9278,-0.74909],[119.92433,-0.74471],[119.92341,-0.73712],[119.92773,-0.73821],[119.92645,-0.73703],[119.93121,-0.73562],[119.92984,-0.73119],[119.93347,-0.72984],[119.9332,-0.72705],[119.92649,-0.72732],[119.9251,-0.72792],[119.91791,-0.73523],[119.91667,-0.73584],[119.92475,-0.72797],[119.92631,-0.72712],[119.92476,-0.72465],[119.91962,-0.72527],[119.91641,-0.72289],[119.91323,-0.71396],[119.91865,-0.70575],[119.92303,-0.7052],[119.92807,-0.70128],[119.92052,-0.69483],[119.92043,-0.69176],[119.92282,-0.69075],[119.9233,-0.68692],[119.92146,-0.68442],[119.92321,-0.68156],[119.90244,-0.67191],[119.90363,-0.66653],[119.90245,-0.66099],[119.89638,-0.65799],[119.89784,-0.65628],[119.89256,-0.65623],[119.88936,-0.65806],[119.88979,-0.65613],[119.88535,-0.65416],[119.88456,-0.6512],[119.88674,-0.65089],[119.88779,-0.6413],[119.8893,-0.64119],[119.88696,-0.638],[119.88175,-0.63641],[119.87751,-0.63027],[119.87399,-0.63316],[119.87163,-0.63073],[119.86988,-0.63422],[119.86666,-0.63326],[119.86807,-0.62987],[119.86688,-0.62587],[119.86951,-0.61826],[119.8677,-0.61595],[119.86223,-0.61464],[119.86424,-0.61087],[119.86109,-0.60727],[119.85834,-0.60714],[119.85952,-0.60387],[119.85359,-0.60228],[119.8487,-0.60449],[119.84717,-0.60376],[119.84726,-0.60044],[119.85479,-0.59628],[119.85334,-0.59112],[119.85073,-0.59478],[119.84763,-0.59367],[119.85117,-0.58898],[119.8491,-0.58677],[119.84689,-0.5868],[119.84783,-0.58368],[119.84989,-0.58291],[119.85179,-0.58422],[119.85687,-0.58132],[119.86656,-0.58086],[119.85998,-0.57202],[119.85142,-0.57418],[119.84599,-0.57153],[119.84347,-0.57693],[119.8408,-0.57274],[119.84126,-0.56805],[119.84315,-0.56846],[119.84263,-0.56137],[119.83653,-0.56707],[119.837,-0.55902],[119.836,-0.55743],[119.83226,-0.5578],[119.83401,-0.54667],[119.83622,-0.54588],[119.83791,-0.53815],[119.84017,-0.53857],[119.83823,-0.53544],[119.83675,-0.53555],[119.83644,-0.5329],[119.83486,-0.53285],[119.83565,-0.52776],[119.83954,-0.52549],[119.83597,-0.52252],[119.83513,-0.51822],[119.83871,-0.51759],[119.84396,-0.51335],[119.83712,-0.51636],[119.83458,-0.51654],[119.83502,-0.51552],[119.83224,-0.51462],[119.83234,-0.51616],[119.83113,-0.51589],[119.83103,-0.50842],[119.83324,-0.50646],[119.82792,-0.50646],[119.83256,-0.50275],[119.83273,-0.49443],[119.83559,-0.496],[119.83626,-0.49474],[119.83387,-0.49176],[119.8317,-0.49267],[119.83136,-0.49489],[119.82716,-0.4964],[119.82451,-0.49619],[119.82331,-0.49334],[119.82058,-0.49407],[119.81739,-0.49267],[119.81456,-0.49475],[119.81083,-0.49395],[119.80688,-0.49644],[119.8062,-0.49485],[119.80956,-0.49294],[119.80799,-0.49289],[119.80857,-0.48998],[119.81004,-0.49109],[119.81177,-0.48939],[119.80915,-0.48637],[119.80757,-0.48748],[119.80415,-0.48632],[119.81757,-0.48124],[119.81451,-0.47506],[119.81617,-0.46211],[119.81864,-0.46065],[119.81725,-0.45878],[119.81929,-0.45523],[119.81901,-0.45224],[119.82365,-0.45421],[119.82987,-0.45029],[119.8321,-0.45057],[119.83823,-0.44562],[119.83897,-0.44431],[119.8373,-0.44189],[119.83944,-0.44076],[119.83814,-0.43768],[119.84102,-0.4317],[119.83684,-0.42909],[119.83276,-0.42273],[119.82617,-0.4245],[119.8259,-0.4232],[119.82358,-0.42329],[119.82376,-0.41264],[119.82107,-0.41086],[119.82275,-0.40956],[119.82275,-0.40171],[119.81644,-0.39731],[119.81579,-0.39507],[119.81245,-0.39591],[119.81004,-0.3946],[119.808,-0.396],[119.80549,-0.39292],[119.80763,-0.38965],[119.80726,-0.38657],[119.81218,-0.37909],[119.8093,-0.37826],[119.80949,-0.37498],[119.808,-0.37498],[119.80596,-0.37134],[119.80707,-0.36975],[119.80643,-0.36405],[119.80226,-0.35714],[119.80857,-0.35387],[119.80857,-0.35238],[119.80588,-0.35163],[119.80903,-0.34967],[119.8081,-0.34752],[119.80532,-0.34883],[119.80597,-0.34518],[119.80894,-0.33911],[119.81692,-0.33108],[119.81971,-0.33043],[119.82277,-0.32202],[119.8263,-0.31922],[119.82445,-0.31856],[119.8263,-0.31399],[119.82537,-0.31221],[119.8186,-0.3138],[119.81795,-0.30913],[119.8148,-0.30651],[119.80487,-0.31099],[119.80852,-0.30414],[119.81349,-0.3018],[119.81502,-0.30388],[119.81689,-0.30079],[119.82324,-0.2983],[119.82544,-0.30079],[119.8245,-0.30361],[119.82624,-0.30516],[119.82978,-0.302],[119.83619,-0.29965],[119.83826,-0.30066],[119.83693,-0.30294],[119.83859,-0.30483],[119.83953,-0.30321],[119.84227,-0.30321],[119.8467,-0.30471],[119.8462,-0.30533],[119.84608,-0.30575],[119.84639,-0.306],[119.84699,-0.30617],[119.85113,-0.30307],[119.85484,-0.3038],[119.85735,-0.30268],[119.85931,-0.30339],[119.85936,-0.30276],[119.85889,-0.30245],[119.85807,-0.30224],[119.85935,-0.2999],[119.85926,-0.29934],[119.85881,-0.29883],[119.85897,-0.29865],[119.85952,-0.29886],[119.85986,-0.29866],[119.86169,-0.2968],[119.86306,-0.29666],[119.86346,-0.2961],[119.86391,-0.29501],[119.86391,-0.29469],[119.86339,-0.2937],[119.86598,-0.29226],[119.86459,-0.30541],[119.86922,-0.31023],[119.86706,-0.31385],[119.86963,-0.32262],[119.86859,-0.32717],[119.87537,-0.34041],[119.87652,-0.33518],[119.87544,-0.33418],[119.87755,-0.33014],[119.87671,-0.32498],[119.8794,-0.32382],[119.8796,-0.31861],[119.87765,-0.3168],[119.87718,-0.31105],[119.87307,-0.30667],[119.87385,-0.30246],[119.87134,-0.29575],[119.86615,-0.2916],[119.8633,-0.29366],[119.86301,-0.29659],[119.86165,-0.29672],[119.85872,-0.29879],[119.85794,-0.30228],[119.85928,-0.30329],[119.85737,-0.30259],[119.85112,-0.30297],[119.84672,-0.30605],[119.84747,-0.30275],[119.84934,-0.30254],[119.85061,-0.29972],[119.84808,-0.29797],[119.8444,-0.29925],[119.83926,-0.29569],[119.83642,-0.29185],[119.83591,-0.29145],[119.83506,-0.29111],[119.84214,-0.29179],[119.83926,-0.28762],[119.8405,-0.28473],[119.8388,-0.28345],[119.83439,-0.28553],[119.83452,-0.28452],[119.83987,-0.27995],[119.84094,-0.27774],[119.83993,-0.27471],[119.84575,-0.27162],[119.84408,-0.27054],[119.84281,-0.26228],[119.84475,-0.26026],[119.85016,-0.26147],[119.85169,-0.25946],[119.85403,-0.25959],[119.85517,-0.25791],[119.85416,-0.2569],[119.85617,-0.25502],[119.8573,-0.25986],[119.86578,-0.25865],[119.86423,-0.26147],[119.86705,-0.26343],[119.87039,-0.26027],[119.87373,-0.26],[119.8754,-0.2557],[119.87306,-0.25529],[119.873,-0.25294],[119.8764,-0.25079],[119.87713,-0.23773],[119.8803,-0.22957],[119.88611,-0.22679],[119.88556,-0.22432],[119.88956,-0.22167],[119.89007,-0.21692],[119.90932,-0.21426],[119.91096,-0.20978],[119.90912,-0.20899],[119.90547,-0.21198],[119.90059,-0.21184],[119.89164,-0.21579],[119.88036,-0.21587],[119.87838,-0.2147],[119.87705,-0.20919],[119.87255,-0.21053],[119.87573,-0.20754],[119.87429,-0.20317],[119.87579,-0.20177],[119.87242,-0.20255],[119.87617,-0.19956],[119.87754,-0.19605],[119.87317,-0.19605],[119.87184,-0.19313],[119.87426,-0.1921],[119.87443,-0.18887],[119.87361,-0.18632],[119.87017,-0.18461],[119.8732,-0.18415],[119.87414,-0.18569],[119.87786,-0.18613],[119.87772,-0.18336],[119.87948,-0.18132],[119.88204,-0.18559],[119.88815,-0.18115],[119.88122,-0.16694],[119.87993,-0.1657],[119.87665,-0.16639],[119.8774,-0.16319],[119.86367,-0.16673],[119.86104,-0.169],[119.86184,-0.17328],[119.86026,-0.17357],[119.86189,-0.18207],[119.86029,-0.18544],[119.86332,-0.18815],[119.86111,-0.19097],[119.86408,-0.191],[119.86551,-0.1953],[119.86124,-0.19946],[119.85731,-0.19338],[119.85455,-0.19451],[119.8526,-0.19814],[119.85058,-0.19512],[119.85158,-0.19392],[119.84984,-0.19131],[119.85258,-0.18446],[119.84643,-0.18315],[119.84274,-0.17858],[119.84054,-0.1726],[119.84233,-0.16969],[119.83929,-0.17013],[119.83751,-0.16735],[119.83386,-0.16748],[119.83181,-0.1681],[119.8315,-0.17096],[119.83034,-0.16484],[119.82833,-0.16356],[119.82964,-0.15759],[119.82847,-0.15529],[119.83066,-0.15263],[119.83031,-0.14966],[119.83838,-0.14656],[119.84039,-0.14999],[119.84318,-0.14872],[119.84795,-0.15227],[119.85161,-0.14976],[119.85646,-0.15016],[119.85552,-0.14496],[119.85755,-0.14195],[119.85393,-0.13244],[119.85872,-0.13451],[119.85987,-0.13335],[119.85627,-0.13194],[119.85672,-0.12948],[119.86163,-0.12664],[119.85668,-0.12624],[119.85962,-0.12206],[119.85847,-0.12025],[119.86519,-0.11891],[119.86542,-0.11397],[119.87159,-0.11321],[119.87482,-0.10973],[119.87156,-0.10235],[119.8648,-0.10358],[119.8592,-0.10695],[119.85757,-0.10517],[119.86378,-0.10049],[119.86293,-0.09711],[119.86132,-0.09701],[119.85882,-0.09227],[119.85442,-0.09327],[119.85436,-0.08965],[119.85176,-0.09106],[119.85355,-0.08841],[119.8651,-0.08959],[119.86351,-0.08317],[119.86993,-0.08559],[119.86681,-0.07996],[119.86974,-0.07724],[119.87452,-0.07989],[119.87848,-0.07708],[119.88086,-0.07768],[119.88513,-0.09093],[119.88771,-0.0944],[119.89287,-0.09439],[119.8994,-0.0901],[119.89921,-0.09164],[119.90161,-0.09234],[119.90307,-0.09037],[119.90454,-0.09132],[119.90769,-0.08966],[119.90915,-0.09083],[119.90863,-0.0871],[119.90704,-0.08667],[119.90957,-0.08348],[119.90783,-0.08098],[119.91299,-0.08045],[119.91376,-0.07782],[119.91512,-0.07905],[119.91694,-0.07824],[119.92173,-0.08724],[119.92496,-0.08512],[119.93052,-0.08826],[119.9317,-0.08629],[119.93345,-0.08825],[119.93676,-0.08702],[119.94321,-0.09166],[119.94285,-0.09467],[119.94525,-0.09705],[119.94272,-0.09983],[119.93845,-0.11228],[119.93495,-0.11381],[119.9259,-0.11397],[119.91319,-0.12008],[119.91193,-0.12242],[119.91576,-0.12451],[119.91348,-0.12606],[119.91519,-0.12682],[119.9121,-0.12653],[119.91203,-0.13039],[119.90922,-0.13127],[119.90727,-0.13455],[119.91167,-0.14081],[119.91419,-0.13303],[119.91795,-0.13262],[119.91876,-0.13032],[119.92131,-0.13087],[119.92043,-0.12846],[119.92333,-0.12832],[119.92276,-0.12511],[119.92614,-0.12047],[119.92714,-0.12106],[119.9259,-0.12396],[119.93068,-0.12551],[119.93425,-0.12189],[119.93737,-0.12306],[119.93715,-0.12475],[119.9343,-0.1237],[119.93327,-0.12665],[119.93432,-0.12696],[119.93363,-0.1312],[119.93575,-0.13024],[119.93696,-0.13224],[119.93299,-0.13403],[119.93604,-0.13643],[119.9332,-0.13764],[119.93313,-0.14571],[119.9314,-0.14778],[119.93242,-0.1488],[119.93016,-0.14985],[119.9299,-0.15349],[119.93522,-0.15437],[119.94006,-0.15168],[119.94422,-0.15171],[119.94565,-0.15487],[119.95138,-0.15309],[119.95459,-0.15694],[119.95431,-0.15344],[119.95926,-0.15704],[119.95907,-0.15992],[119.96364,-0.15968],[119.96257,-0.16263],[119.9594,-0.16208],[119.95426,-0.16582],[119.95098,-0.16568],[119.95022,-0.16906],[119.95318,-0.17077],[119.95817,-0.16786],[119.96306,-0.16854],[119.96703,-0.17419],[119.96884,-0.19042],[119.97727,-0.18808],[119.9778,-0.19473],[119.98198,-0.19878],[119.97856,-0.2015],[119.97688,-0.1993],[119.97549,-0.20496],[119.97659,-0.20702],[119.97465,-0.20887],[119.97633,-0.2109],[119.97664,-0.2168],[119.97914,-0.21648],[119.98074,-0.21813],[119.97667,-0.2215],[119.97439,-0.22005],[119.97384,-0.22108],[119.97596,-0.22266],[119.98052,-0.2348],[119.97871,-0.23564],[119.97494,-0.23096],[119.97221,-0.23136],[119.96837,-0.23812],[119.96554,-0.23863],[119.96488,-0.23569],[119.96218,-0.23873],[119.9564,-0.2414],[119.95661,-0.24287],[119.95409,-0.24237],[119.9522,-0.24618],[119.9542,-0.24692],[119.95237,-0.24789],[119.94815,-0.24617],[119.94375,-0.2466],[119.9427,-0.2513],[119.94083,-0.25267],[119.94233,-0.25458],[119.94178,-0.26093],[119.9433,-0.26451],[119.95758,-0.26647],[119.95582,-0.27409],[119.96052,-0.27274],[119.96281,-0.26848],[119.96885,-0.26651],[119.96898,-0.26273],[119.96684,-0.25934],[119.96929,-0.25582],[119.97016,-0.26],[119.97249,-0.2595],[119.97267,-0.26335],[119.97628,-0.26261],[119.9791,-0.26822],[119.97547,-0.26916],[119.97463,-0.27359],[119.98493,-0.27699],[119.98278,-0.28389],[119.98545,-0.28641],[119.98445,-0.29586],[119.98642,-0.29776],[119.98801,-0.29723],[119.98825,-0.29865],[119.9843,-0.30084],[119.98526,-0.30429],[119.98378,-0.30376],[119.98335,-0.30676],[119.98652,-0.3085],[119.9851,-0.30958],[119.98528,-0.31311],[119.98335,-0.31469],[119.98032,-0.31361],[119.97658,-0.31576],[119.97642,-0.31755],[119.97433,-0.31632],[119.97004,-0.31813],[119.96648,-0.31609],[119.96421,-0.31829],[119.96379,-0.31621],[119.96013,-0.31679],[119.95892,-0.31805],[119.95981,-0.31992],[119.95558,-0.32455],[119.96109,-0.32711],[119.95845,-0.3274],[119.95848,-0.33153],[119.95463,-0.3324],[119.95529,-0.33473],[119.9522,-0.33629],[119.95126,-0.33929],[119.95429,-0.34177],[119.95737,-0.33993],[119.9593,-0.34089],[119.96193,-0.33701],[119.97074,-0.34146],[119.97322,-0.34052],[119.97416,-0.34678],[119.97134,-0.34604],[119.9717,-0.35149],[119.97631,-0.34923],[119.97665,-0.35136],[119.97972,-0.35201],[119.9764,-0.35464],[119.97756,-0.35738],[119.98062,-0.3566],[119.9808,-0.35819],[119.98298,-0.3585],[119.98181,-0.36054],[119.97741,-0.36222],[119.97587,-0.36522],[119.98022,-0.37111],[119.98056,-0.37565],[119.9843,-0.37602],[119.98538,-0.38085],[119.98262,-0.38562],[119.98487,-0.38575],[119.99008,-0.381],[119.99069,-0.38546],[119.99547,-0.38355],[119.99397,-0.38724],[119.99984,-0.38698],[119.99468,-0.3995],[119.99839,-0.40165],[120.00023,-0.39791],[120.00233,-0.39801],[119.99856,-0.40336],[120.0004,-0.40442],[120.00245,-0.40339],[120.00446,-0.40542],[120.00041,-0.40915],[119.99541,-0.40875],[119.99252,-0.41216],[119.98837,-0.41333],[119.99294,-0.41722],[119.99202,-0.41929],[119.98773,-0.42029],[119.98349,-0.42646],[119.98274,-0.42869],[119.98647,-0.43406],[119.98281,-0.43149],[119.97897,-0.43334],[119.977,-0.4363],[119.97883,-0.44083],[119.97344,-0.44925],[119.97843,-0.4527],[119.98378,-0.44891],[119.98312,-0.45368],[119.98059,-0.45691],[119.98227,-0.45842],[119.9868,-0.45659],[119.98448,-0.46615],[119.98035,-0.47046],[119.98337,-0.47319],[119.98242,-0.47721],[119.97837,-0.47912],[119.98139,-0.48057],[119.97622,-0.48658],[119.97825,-0.49133],[119.97443,-0.49428],[119.9776,-0.49653],[119.9833,-0.49706],[119.98584,-0.49515],[119.98722,-0.48818],[119.98818,-0.48851],[119.99029,-0.4987],[119.9939,-0.50152],[119.99349,-0.50465],[119.99533,-0.50509],[119.99343,-0.5069],[119.99394,-0.51096],[119.99617,-0.51062],[119.99844,-0.50726],[120.00007,-0.50694],[120.00026,-0.50966],[120.00441,-0.50625],[120.00527,-0.5151],[120.00224,-0.51699],[119.99932,-0.52261],[119.99573,-0.52246],[119.99402,-0.52421],[119.99404,-0.52694],[120.00098,-0.52673],[119.99918,-0.52852],[120.00261,-0.53015],[120.00876,-0.52332],[120.00762,-0.52217],[120.01106,-0.5213],[120.01124,-0.51697],[120.01819,-0.52251],[120.02014,-0.5196],[120.02466,-0.52078],[120.02148,-0.53246],[120.01953,-0.53265],[120.01689,-0.53541],[120.01746,-0.53683],[120.01579,-0.53693],[120.01644,-0.53835],[120.01441,-0.53908],[120.01435,-0.54652],[120.01119,-0.54633],[120.00579,-0.5504],[120.00688,-0.55379],[120.0044,-0.55904],[120.00886,-0.56039],[120.00894,-0.56272],[120.01528,-0.56775],[120.01556,-0.57001],[120.02044,-0.57277],[120.02741,-0.58472],[120.02921,-0.58549],[120.03186,-0.59468],[120.03123,-0.59792],[120.03272,-0.6002],[120.03572,-0.60107],[120.03577,-0.60656],[120.03833,-0.60785],[120.03659,-0.60958],[120.03264,-0.60966],[120.03128,-0.61153],[120.0349,-0.61826],[120.03467,-0.62198],[120.03756,-0.62302],[120.03666,-0.63364],[120.04202,-0.63806],[120.04652,-0.63077],[120.04956,-0.63182],[120.0493,-0.63397],[120.05542,-0.64365],[120.05319,-0.64534],[120.05571,-0.64916],[120.0545,-0.65032],[120.05935,-0.65486],[120.05637,-0.65897],[120.05801,-0.65922],[120.05923,-0.65677],[120.06278,-0.65954],[120.06219,-0.66138],[120.06569,-0.66049],[120.06764,-0.66233],[120.06101,-0.66455],[120.06352,-0.66954],[120.06071,-0.67029],[120.05958,-0.66891],[120.05774,-0.67139],[120.06225,-0.6737],[120.06349,-0.67618],[120.06893,-0.67668],[120.0666,-0.67841],[120.06777,-0.682],[120.06437,-0.68221],[120.06147,-0.67947],[120.05501,-0.68229],[120.05636,-0.68417],[120.06017,-0.68444],[120.06029,-0.68684],[120.06646,-0.68826],[120.07078,-0.69406],[120.06697,-0.69433],[120.06601,-0.69794],[120.06489,-0.69563],[120.06376,-0.69808],[120.05983,-0.69811],[120.0639,-0.70139],[120.06382,-0.7029],[120.05965,-0.70147],[120.06029,-0.70311],[120.05825,-0.70417],[120.06207,-0.70469],[120.05894,-0.70608],[120.05439,-0.7056],[120.06085,-0.70901],[120.05943,-0.70911],[120.06033,-0.71031],[120.06397,-0.70925],[120.06376,-0.71261],[120.06194,-0.71137],[120.05548,-0.71929],[120.05211,-0.71673],[120.05051,-0.72066],[120.0469,-0.72108],[120.04511,-0.71944],[120.04017,-0.72594],[120.04157,-0.72918],[120.03836,-0.72572],[120.03754,-0.7269],[120.03581,-0.72748],[120.02758,-0.72894],[120.02213,-0.72599],[120.01664,-0.72464],[120.00447,-0.72072],[119.99583,-0.7197],[119.99121,-0.72381],[119.99547,-0.72249],[120.00009,-0.72324],[120.00332,-0.72897],[120.01179,-0.72692],[120.01349,-0.72885],[120.01626,-0.72869],[120.01644,-0.72483],[120.02255,-0.72905],[120.03469,-0.731],[120.02738,-0.75305],[120.04888,-0.802],[120.05975,-0.81257],[120.06359,-0.80997],[120.06573,-0.80504],[120.07208,-0.80274],[120.08463,-0.80526],[120.08765,-0.80458],[120.08984,-0.80731],[120.11074,-0.80601],[120.10787,-0.82107],[120.1131,-0.82503],[120.12272,-0.82515],[120.12374,-0.82652],[120.12253,-0.82997],[120.12396,-0.83155],[120.12846,-0.82952],[120.1318,-0.83085],[120.13181,-0.83267],[120.12693,-0.8376],[120.12756,-0.84106],[120.13057,-0.84369],[120.13764,-0.8425],[120.138,-0.84995],[120.14276,-0.84813],[120.1448,-0.84908],[120.14816,-0.85351],[120.14776,-0.858],[120.15351,-0.85657],[120.15544,-0.85973],[120.15545,-0.86227],[120.14953,-0.86408],[120.1472,-0.86843],[120.15414,-0.87292],[120.15391,-0.87855],[120.15862,-0.87773],[120.1636,-0.88284],[120.16272,-0.88904],[120.1691,-0.89296],[120.17117,-0.89922],[120.16942,-0.90361],[120.17198,-0.9034],[120.17217,-0.90531],[120.17465,-0.90458],[120.17517,-0.91079],[120.18385,-0.91553],[120.18493,-0.91802],[120.18802,-0.91689],[120.19129,-0.92068],[120.19388,-0.91997],[120.19639,-0.92518],[120.1999,-0.92572],[120.20357,-0.92351],[120.20545,-0.92848],[120.20861,-0.93104],[120.20907,-0.93431],[120.20591,-0.93521],[120.20356,-0.93894],[120.19997,-0.93731],[120.19869,-0.94084],[120.20353,-0.94433],[120.20293,-0.94722],[120.20713,-0.94866],[120.21042,-0.95274],[120.2093,-0.95473],[120.20652,-0.95492],[120.20481,-0.96046],[120.21487,-0.95924],[120.2209,-0.96283],[120.22673,-0.9731],[120.23691,-0.97553],[120.24228,-0.97287],[120.24442,-0.97454],[120.24531,-0.98028],[120.25122,-0.98335],[120.25133,-0.98833],[120.25616,-0.98985],[120.26088,-0.98843],[120.26231,-0.98687],[120.26147,-0.9844],[120.265,-0.98321],[120.26796,-0.99447],[120.27527,-0.99439],[120.27985,-0.99795],[120.28439,-0.99848],[120.28882,-1.00233],[120.29224,-1.00078],[120.29452,-1.00373],[120.29855,-1.00423],[120.2944,-1.00892],[120.29496,-1.01084],[120.30016,-1.01557],[120.30361,-1.01406],[120.30312,-1.01898],[120.30479,-1.01907],[120.31056,-1.01374],[120.31629,-1.0201],[120.31794,-1.01996],[120.31883,-1.02287],[120.32445,-1.02282],[120.32791,-1.02598],[120.32955,-1.02529],[120.32999,-1.03014],[120.3312,-1.02938],[120.33268,-1.03177],[120.33786,-1.0325],[120.3358,-1.03693],[120.33704,-1.03897],[120.34313,-1.04094],[120.34288,-1.04752],[120.35039,-1.0447],[120.34842,-1.04817],[120.34943,-1.05076],[120.35389,-1.04823],[120.35651,-1.04392],[120.36183,-1.04299],[120.36296,-1.04689],[120.37211,-1.04652],[120.37091,-1.05262],[120.37607,-1.05175],[120.37748,-1.05571],[120.38168,-1.0563],[120.38467,-1.05441],[120.38706,-1.0496],[120.38815,-1.05415],[120.39292,-1.05421],[120.39475,-1.0597],[120.39726,-1.0596],[120.39628,-1.05505],[120.3999,-1.05229],[120.40336,-1.052],[120.40289,-1.05422],[120.40558,-1.05711],[120.40387,-1.05874],[120.40778,-1.059],[120.41141,-1.05612],[120.41334,-1.05801],[120.41203,-1.05962],[120.41382,-1.06425],[120.41516,-1.06504],[120.42037,-1.06234],[120.41982,-1.06878],[120.42382,-1.06987],[120.42694,-1.07302],[120.42996,-1.06795],[120.43356,-1.06807],[120.43707,-1.06515],[120.43895,-1.06746],[120.44122,-1.06608],[120.43767,-1.07028],[120.44011,-1.07235],[120.44323,-1.07143],[120.44494,-1.06722],[120.44727,-1.06776],[120.44674,-1.06637],[120.44841,-1.06647],[120.44869,-1.06501],[120.45184,-1.06594],[120.45212,-1.0674],[120.45727,-1.06908],[120.45767,-1.07897],[120.46764,-1.08648],[120.46982,-1.0835],[120.47239,-1.08407],[120.47332,-1.08507],[120.47212,-1.08645],[120.47685,-1.08897],[120.4757,-1.09684],[120.48334,-1.09937],[120.48605,-1.09692],[120.48621,-1.09419],[120.48855,-1.09608],[120.48962,-1.09491],[120.49059,-1.09668],[120.48882,-1.09891],[120.49058,-1.10437],[120.4969,-1.11126],[120.50026,-1.11752],[120.50305,-1.11851],[120.5075,-1.11178],[120.50882,-1.11219],[120.50886,-1.1094],[120.50402,-1.10858],[120.50452,-1.10465],[120.50658,-1.10323],[120.51064,-1.10667],[120.50975,-1.1084],[120.51646,-1.11392],[120.51654,-1.11752],[120.52235,-1.12305],[120.52654,-1.13287],[120.5101,-1.13542]],[[119.99612,-0.71947],[120.00467,-0.72056],[120.02235,-0.72589],[120.02761,-0.72874],[120.03823,-0.72557],[120.03631,-0.72357],[120.03557,-0.7245],[120.03199,-0.72268],[120.02346,-0.72202],[120.01914,-0.71719],[120.01479,-0.7152],[120.00808,-0.7167],[120.00469,-0.7156],[119.99612,-0.71947]],[[119.97142,-0.6466],[119.97131,-0.64935],[119.97171,-0.64994],[119.97142,-0.6466]],[[119.86092,-0.58803],[119.85915,-0.59302],[119.86093,-0.59584],[119.87155,-0.59366],[119.86673,-0.59024],[119.86411,-0.58412],[119.8583,-0.58587],[119.86092,-0.58803]],[[120.02437,-1.07028],[120.0277,-1.06972],[120.0169,-1.06564],[120.01658,-1.0682],[120.02437,-1.07028]],[[119.91871,-0.7697],[119.91951,-0.77057],[119.92004,-0.76898],[119.92164,-0.76933],[119.92112,-0.76655],[119.91871,-0.7697]]],[[[119.83648,-0.29211],[119.83651,-0.29278],[119.83522,-0.29129],[119.83648,-0.29211]]],[[[119.7516,-0.09058],[119.74841,-0.08813],[119.75426,-0.08588],[119.7562,-0.08283],[119.75773,-0.08434],[119.75636,-0.08578],[119.75718,-0.08747],[119.7516,-0.09058]]],[[[119.66182,-0.02638],[119.66739,-0.03125],[119.67962,-0.03462],[119.68052,-0.03863],[119.67865,-0.04823],[119.68135,-0.05163],[119.69618,-0.06195],[119.69666,-0.07156],[119.69784,-0.07337],[119.69955,-0.07281],[119.70027,-0.07816],[119.70254,-0.07649],[119.70384,-0.07923],[119.70536,-0.07552],[119.70759,-0.07599],[119.70725,-0.07976],[119.71062,-0.077],[119.71346,-0.07963],[119.71461,-0.07909],[119.71605,-0.07179],[119.7147,-0.0708],[119.71266,-0.07196],[119.71262,-0.06917],[119.70988,-0.0669],[119.70999,-0.06304],[119.71156,-0.06196],[119.7147,-0.06347],[119.71525,-0.06025],[119.71733,-0.0608],[119.71843,-0.05821],[119.72301,-0.06287],[119.72838,-0.06052],[119.7276,-0.06359],[119.72522,-0.06442],[119.72827,-0.0719],[119.7324,-0.07262],[119.73374,-0.07033],[119.73579,-0.07052],[119.73185,-0.07679],[119.73968,-0.07578],[119.73944,-0.07717],[119.73627,-0.07741],[119.73535,-0.08159],[119.74186,-0.07963],[119.74027,-0.08183],[119.74143,-0.08298],[119.74014,-0.08722],[119.74515,-0.0861],[119.74821,-0.09259],[119.74511,-0.09405],[119.74839,-0.09561],[119.74979,-0.10149],[119.74868,-0.10259],[119.74372,-0.1014],[119.74273,-0.09979],[119.74024,-0.1003],[119.7414,-0.09682],[119.74022,-0.09604],[119.73589,-0.10117],[119.73555,-0.09947],[119.73381,-0.10108],[119.73443,-0.10403],[119.74353,-0.10477],[119.74551,-0.10828],[119.74544,-0.11434],[119.74891,-0.11737],[119.74733,-0.12066],[119.7507,-0.12329],[119.74722,-0.12391],[119.7491,-0.12597],[119.74798,-0.12905],[119.74489,-0.13021],[119.74772,-0.13795],[119.74439,-0.13622],[119.7452,-0.13343],[119.74242,-0.13509],[119.74214,-0.13088],[119.73951,-0.12987],[119.73752,-0.12611],[119.73628,-0.12769],[119.73275,-0.1269],[119.73286,-0.12874],[119.73075,-0.12958],[119.73087,-0.13317],[119.72761,-0.13153],[119.72393,-0.13537],[119.7202,-0.13656],[119.71681,-0.13464],[119.71989,-0.12998],[119.72242,-0.12921],[119.71819,-0.12261],[119.7249,-0.11439],[119.72808,-0.11484],[119.72713,-0.10992],[119.72871,-0.10499],[119.72427,-0.09965],[119.71994,-0.10403],[119.72446,-0.10762],[119.72328,-0.11203],[119.71505,-0.11869],[119.71358,-0.12168],[119.71089,-0.12132],[119.70773,-0.12433],[119.71007,-0.12638],[119.7088,-0.12789],[119.70312,-0.12716],[119.70462,-0.12128],[119.70317,-0.12109],[119.70211,-0.12316],[119.69982,-0.11956],[119.70312,-0.11611],[119.70096,-0.11552],[119.69723,-0.11905],[119.6946,-0.11937],[119.69742,-0.11454],[119.69919,-0.11535],[119.69746,-0.11323],[119.69216,-0.116],[119.69515,-0.11193],[119.68903,-0.10903],[119.69235,-0.10463],[119.68865,-0.10346],[119.69137,-0.10202],[119.68953,-0.09888],[119.68764,-0.09891],[119.68802,-0.09367],[119.69158,-0.09424],[119.69328,-0.09138],[119.69235,-0.0895],[119.69586,-0.08867],[119.69492,-0.08715],[119.69263,-0.08609],[119.68577,-0.08809],[119.67769,-0.08789],[119.67371,-0.08488],[119.67219,-0.07211],[119.67003,-0.06874],[119.67376,-0.06533],[119.67442,-0.05961],[119.67781,-0.05434],[119.67727,-0.05182],[119.67403,-0.05251],[119.66884,-0.05006],[119.66713,-0.05113],[119.65411,-0.04505],[119.65003,-0.0361],[119.64652,-0.03374],[119.64296,-0.03411],[119.63314,-0.0403],[119.62986,-0.03763],[119.62912,-0.03326],[119.63109,-0.02629],[119.64023,-0.02099],[119.64547,-0.02137],[119.65383,-0.02644],[119.66182,-0.02638]],[[119.70025,-0.07959],[119.70136,-0.07901],[119.70086,-0.0787],[119.70025,-0.07959]]],[[[119.69863,0.00155],[119.70318,-0.00253],[119.70823,-0.00375],[119.70692,-0.00825],[119.70859,-0.01481],[119.71026,-0.01516],[119.71476,-0.01172],[119.71301,-0.018],[119.71511,-0.01773],[119.71768,-0.01339],[119.71932,-0.0165],[119.72205,-0.01596],[119.71875,-0.01975],[119.72178,-0.01967],[119.72014,-0.02264],[119.72415,-0.02532],[119.72011,-0.02767],[119.72052,-0.03122],[119.72314,-0.03263],[119.72391,-0.02955],[119.73005,-0.02988],[119.72874,-0.03277],[119.73095,-0.03575],[119.73174,-0.03378],[119.73226,-0.03548],[119.73365,-0.03441],[119.73335,-0.03591],[119.73538,-0.03381],[119.73873,-0.03551],[119.73809,-0.03994],[119.74026,-0.04178],[119.73927,-0.04281],[119.73739,-0.04399],[119.73613,-0.04302],[119.73546,-0.04547],[119.73447,-0.04486],[119.73598,-0.04179],[119.73199,-0.04382],[119.72839,-0.04275],[119.72562,-0.04423],[119.71531,-0.0385],[119.71031,-0.03907],[119.71151,-0.03526],[119.71047,-0.03448],[119.70627,-0.03592],[119.70575,-0.03267],[119.70776,-0.02946],[119.705,-0.02871],[119.70393,-0.02655],[119.70197,-0.03084],[119.7009,-0.02836],[119.69892,-0.03062],[119.69554,-0.02747],[119.69072,-0.02962],[119.68857,-0.02882],[119.68879,-0.02679],[119.6859,-0.02657],[119.68565,-0.02374],[119.68774,-0.02207],[119.68724,-0.01913],[119.68935,-0.01862],[119.68954,-0.01462],[119.68683,-0.01587],[119.68389,-0.01476],[119.68421,-0.0105],[119.67912,-0.00599],[119.68289,-0.00257],[119.68185,0.00124],[119.683,0.00509],[119.69863,0.00155]]],[[[119.66723,-0.01837],[119.66197,-0.02049],[119.64739,-0.0164],[119.64821,-0.01362],[119.64576,-0.01247],[119.64164,-0.01367],[119.637,-0.01223],[119.62745,-0.01318],[119.60902,-0.00826],[119.60756,-0.01129],[119.61151,-0.0235],[119.60777,-0.01325],[119.60587,-0.01353],[119.60703,-0.01704],[119.60504,-0.01157],[119.60585,-0.00561],[119.60952,-0.00553],[119.62634,-0.01261],[119.63092,-0.0125],[119.63655,-0.00989],[119.6461,-0.01215],[119.65852,-0.01893],[119.666,-0.0185],[119.66751,-0.01626],[119.66626,-0.01548],[119.66716,-0.01206],[119.67283,-7e-05],[119.67225,0.0014],[119.66823,0.0008],[119.66425,0.00485],[119.66175,0.00488],[119.65912,0.01593],[119.66281,0.01854],[119.66231,0.00956],[119.66601,0.0056],[119.67296,0.00253],[119.6739,0.0],[119.66723,-0.01837]]],[[[120.14304,-1.1481],[120.14165,-1.14765],[120.14273,-1.14785],[120.14304,-1.1481]]],[[[120.56322,-1.11771],[120.56341,-1.11901],[120.55861,-1.11975],[120.55265,-1.12435],[120.53053,-1.13231],[120.52713,-1.1237],[120.52996,-1.12367],[120.52787,-1.11954],[120.53157,-1.11629],[120.53238,-1.10735],[120.53601,-1.10824],[120.53718,-1.10672],[120.54016,-1.11004],[120.54161,-1.10902],[120.53768,-1.10403],[120.53762,-1.09777],[120.53457,-1.09718],[120.53352,-1.10226],[120.53084,-1.10291],[120.52946,-1.10077],[120.52824,-1.09252],[120.52605,-1.091],[120.5303,-1.08577],[120.53158,-1.08116],[120.53612,-1.08398],[120.53837,-1.0876],[120.54261,-1.09694],[120.54334,-1.10264],[120.54716,-1.10403],[120.54749,-1.10884],[120.5502,-1.10763],[120.55875,-1.10935],[120.56525,-1.11836],[120.56322,-1.11771]]],[[[120.44841,-1.00673],[120.4485,-1.01125],[120.45506,-1.01912],[120.45716,-1.01908],[120.45837,-1.01596],[120.45566,-1.01174],[120.45957,-1.00822],[120.4692,-1.0124],[120.47144,-1.01494],[120.47341,-1.02362],[120.47163,-1.02485],[120.46615,-1.02384],[120.46352,-1.02603],[120.46341,-1.02828],[120.46738,-1.02789],[120.47005,-1.02936],[120.47096,-1.03242],[120.47504,-1.03339],[120.47592,-1.04348],[120.4827,-1.05544],[120.4828,-1.05941],[120.4731,-1.05818],[120.47074,-1.05572],[120.46803,-1.05555],[120.46945,-1.05356],[120.46905,-1.05006],[120.4619,-1.0426],[120.45892,-1.0425],[120.45799,-1.03522],[120.44141,-1.01219],[120.43411,-1.00496],[120.42871,-1.00239],[120.41694,-0.98697],[120.40891,-0.97445],[120.40844,-0.96894],[120.41267,-0.96836],[120.43038,-0.97618],[120.43538,-0.98362],[120.44474,-0.98763],[120.44746,-0.99259],[120.45247,-0.99509],[120.45521,-0.99875],[120.45467,-1.00208],[120.44841,-1.00673]]],[[[120.01619,-0.72037],[120.01671,-0.72063],[120.01653,-0.72081],[120.01616,-0.72036],[120.01619,-0.72037]]],[[[120.01888,-0.71973],[120.019,-0.72002],[120.01895,-0.72034],[120.01888,-0.71973]]],[[[120.06289,-0.70611],[120.06281,-0.70718],[120.06088,-0.70652],[120.06289,-0.70611]]],[[[120.06919,-0.69792],[120.06775,-0.69828],[120.06893,-0.69644],[120.06919,-0.69792]]],[[[120.06591,-0.66583],[120.06642,-0.66877],[120.06531,-0.66937],[120.06396,-0.66679],[120.06591,-0.66583]]]]},"properties":{"kph":"KPH Dolago Tanggunung"}},{"type":"Feature","geometry":{"type":"MultiPolygon","coordinates":[[[[120.67057,0.64798],[120.67063,0.64711],[120.66902,0.64741],[120.67057,0.64798]]],[[[120.66511,0.65288],[120.66292,0.65101],[120.66326,0.65354],[120.66511,0.65288]]],[[[120.61718,0.71585],[120.61775,0.71508],[120.61702,0.71584],[120.61652,0.71697],[120.61718,0.71585]]],[[[120.63685,0.60582],[120.63775,0.59799],[120.63115,0.59536],[120.62523,0.5885],[120.6196,0.58767],[120.61533,0.5894],[120.61512,0.59771],[120.61239,0.60139],[120.60493,0.60054],[120.60032,0.59541],[120.58865,0.60476],[120.58112,0.60531],[120.57485,0.60932],[120.56303,0.60552],[120.55698,0.59472],[120.54741,0.59519],[120.54563,0.59658],[120.54232,0.60655],[120.54107,0.61424],[120.54357,0.62003],[120.54091,0.632],[120.53816,0.63512],[120.52755,0.63657],[120.52219,0.63331],[120.51675,0.63643],[120.51104,0.63432],[120.49546,0.63639],[120.4918,0.64363],[120.49223,0.65132],[120.48223,0.65309],[120.47742,0.66],[120.46688,0.66129],[120.46215,0.66789],[120.45822,0.66659],[120.44202,0.66678],[120.43835,0.66394],[120.43091,0.66422],[120.41689,0.66165],[120.412,0.66345],[120.40804,0.66912],[120.38749,0.67047],[120.39044,0.68805],[120.38238,0.68798],[120.38162,0.69107],[120.37639,0.68918],[120.36982,0.6903],[120.37371,0.69235],[120.36784,0.71616],[120.3725,0.73182],[120.36722,0.73582],[120.35575,0.73645],[120.35188,0.74101],[120.35103,0.74485],[120.34823,0.74268],[120.34831,0.74044],[120.3432,0.73697],[120.34262,0.73199],[120.33811,0.73068],[120.33862,0.72857],[120.33287,0.72337],[120.32721,0.72144],[120.32368,0.72331],[120.32204,0.72059],[120.31751,0.71925],[120.31614,0.71589],[120.30671,0.71549],[120.30602,0.71242],[120.30027,0.70817],[120.29773,0.70244],[120.29954,0.6925],[120.29644,0.6897],[120.29623,0.68599],[120.30198,0.67927],[120.31197,0.67533],[120.31516,0.66952],[120.31955,0.66798],[120.31852,0.66472],[120.32348,0.66414],[120.32449,0.6616],[120.32332,0.65982],[120.32618,0.66049],[120.32748,0.65825],[120.32179,0.65486],[120.31561,0.64048],[120.30788,0.63587],[120.30077,0.6328],[120.26713,0.63411],[120.25629,0.63775],[120.25603,0.64368],[120.2585,0.64802],[120.26085,0.6482],[120.26072,0.65236],[120.25287,0.65644],[120.25104,0.65642],[120.24992,0.65382],[120.23507,0.65325],[120.22694,0.65071],[120.22091,0.65243],[120.21616,0.65719],[120.21348,0.65629],[120.21083,0.66058],[120.20951,0.65917],[120.20635,0.66252],[120.20229,0.6632],[120.19846,0.66058],[120.19986,0.66668],[120.19869,0.6793],[120.20119,0.67622],[120.20152,0.67247],[120.2046,0.6723],[120.20849,0.679],[120.21125,0.68063],[120.21466,0.67884],[120.21547,0.68162],[120.21692,0.68178],[120.21693,0.67917],[120.21986,0.67692],[120.22108,0.67909],[120.21971,0.68685],[120.21702,0.68736],[120.21728,0.68989],[120.22559,0.68944],[120.22823,0.68776],[120.23842,0.6904],[120.2408,0.68614],[120.24339,0.68553],[120.24324,0.68046],[120.24592,0.67245],[120.2479,0.67139],[120.25099,0.67301],[120.2515,0.67463],[120.2481,0.67696],[120.24425,0.68721],[120.24841,0.69025],[120.24983,0.69349],[120.26027,0.69471],[120.25551,0.6976],[120.25596,0.70389],[120.25307,0.70424],[120.2511,0.70739],[120.25682,0.71144],[120.26184,0.70997],[120.26707,0.7152],[120.27117,0.71646],[120.27325,0.71449],[120.27645,0.71666],[120.26768,0.72371],[120.26321,0.72538],[120.2618,0.73279],[120.26777,0.73476],[120.27188,0.73441],[120.27442,0.73669],[120.27148,0.74511],[120.27523,0.74993],[120.27305,0.75135],[120.27097,0.75023],[120.27026,0.7519],[120.27325,0.7623],[120.27178,0.76762],[120.2733,0.77244],[120.2696,0.77426],[120.27325,0.77796],[120.27229,0.7808],[120.27437,0.78755],[120.27929,0.79469],[120.28147,0.79561],[120.28059,0.79923],[120.27861,0.80175],[120.27446,0.80247],[120.27419,0.80608],[120.26734,0.80518],[120.26427,0.80211],[120.26125,0.80219],[120.25717,0.80741],[120.25262,0.80441],[120.24927,0.80427],[120.24721,0.80557],[120.24756,0.81026],[120.24626,0.81192],[120.24915,0.81299],[120.24784,0.8157],[120.25007,0.81638],[120.25044,0.82204],[120.25571,0.82856],[120.25372,0.83582],[120.25756,0.83759],[120.25946,0.83419],[120.2589,0.83808],[120.26087,0.83985],[120.26174,0.83741],[120.26246,0.83813],[120.26462,0.84155],[120.26302,0.84147],[120.264,0.84426],[120.26656,0.84755],[120.26527,0.84977],[120.27055,0.85389],[120.27105,0.85595],[120.2751,0.85562],[120.27433,0.85389],[120.27701,0.8511],[120.27962,0.85243],[120.28087,0.85497],[120.28051,0.86186],[120.28242,0.86506],[120.28122,0.86829],[120.27845,0.86826],[120.27413,0.87563],[120.27291,0.88359],[120.27514,0.88488],[120.2752,0.88874],[120.2699,0.88848],[120.26431,0.89196],[120.26174,0.89511],[120.26007,0.9019],[120.25639,0.9036],[120.25731,0.90733],[120.26003,0.90833],[120.25896,0.9127],[120.26449,0.91192],[120.26873,0.91451],[120.26719,0.91706],[120.26797,0.91875],[120.276,0.9189],[120.2764,0.92319],[120.27956,0.92413],[120.28141,0.92675],[120.27933,0.9281],[120.28132,0.93145],[120.28065,0.93379],[120.28428,0.93207],[120.28712,0.93452],[120.2928,0.9361],[120.29352,0.93368],[120.29686,0.93225],[120.29437,0.92793],[120.29892,0.92705],[120.2989,0.91941],[120.29455,0.91556],[120.29887,0.91358],[120.29662,0.90836],[120.29801,0.90538],[120.29981,0.90503],[120.30381,0.90985],[120.30369,0.9148],[120.30702,0.91616],[120.30945,0.91539],[120.31173,0.91741],[120.31579,0.91703],[120.31297,0.92022],[120.31365,0.92757],[120.31644,0.9289],[120.31435,0.93197],[120.31755,0.93656],[120.32354,0.94011],[120.32436,0.93777],[120.32233,0.93628],[120.32382,0.93476],[120.3196,0.93164],[120.32043,0.92986],[120.32601,0.92935],[120.32447,0.92705],[120.3256,0.92369],[120.32378,0.91723],[120.32568,0.91725],[120.32606,0.91467],[120.32843,0.91457],[120.3276,0.91255],[120.32376,0.91276],[120.32269,0.91443],[120.32125,0.91282],[120.31798,0.91494],[120.3189,0.90822],[120.31739,0.90472],[120.32031,0.90466],[120.3212,0.90641],[120.32537,0.90747],[120.32915,0.90713],[120.32921,0.90385],[120.33177,0.90683],[120.334,0.90529],[120.33664,0.90645],[120.33802,0.90326],[120.33662,0.90222],[120.33847,0.90128],[120.33845,0.89825],[120.33633,0.89704],[120.33748,0.8937],[120.33036,0.89576],[120.32825,0.89345],[120.332,0.89187],[120.33335,0.89268],[120.33716,0.89004],[120.33506,0.89046],[120.3339,0.8876],[120.33271,0.88874],[120.33149,0.88749],[120.32588,0.88776],[120.32917,0.87935],[120.32509,0.87735],[120.32098,0.87932],[120.31955,0.88218],[120.31608,0.8822],[120.31584,0.885],[120.31472,0.88457],[120.31584,0.87673],[120.31868,0.87711],[120.31878,0.87583],[120.31427,0.87541],[120.3177,0.87145],[120.31481,0.87054],[120.31333,0.87193],[120.31228,0.8688],[120.30607,0.87102],[120.3061,0.86787],[120.31272,0.86636],[120.31222,0.86092],[120.30085,0.85187],[120.29779,0.85266],[120.29694,0.85065],[120.29948,0.85001],[120.29787,0.84659],[120.3008,0.84186],[120.29856,0.84046],[120.2992,0.83872],[120.29628,0.83711],[120.29283,0.83773],[120.29185,0.83462],[120.29425,0.83201],[120.29337,0.82927],[120.29705,0.82319],[120.29752,0.81853],[120.30521,0.81669],[120.30469,0.81144],[120.30604,0.80803],[120.30865,0.80442],[120.31016,0.80449],[120.31025,0.80159],[120.30416,0.80025],[120.30829,0.78842],[120.3128,0.78701],[120.31829,0.78764],[120.31746,0.78616],[120.31885,0.78391],[120.31736,0.78395],[120.3165,0.78102],[120.3196,0.77732],[120.32293,0.77782],[120.32428,0.77531],[120.31913,0.76755],[120.32179,0.766],[120.3226,0.76811],[120.32387,0.76671],[120.32666,0.76823],[120.32722,0.76482],[120.33069,0.76408],[120.33527,0.76775],[120.33986,0.76818],[120.3403,0.76537],[120.34249,0.76587],[120.34446,0.76316],[120.34412,0.76064],[120.34824,0.75546],[120.34917,0.75129],[120.35164,0.75139],[120.35349,0.75355],[120.3528,0.75547],[120.35529,0.75878],[120.35113,0.76479],[120.35201,0.76795],[120.35041,0.77199],[120.35788,0.77488],[120.36146,0.78495],[120.36961,0.78852],[120.37014,0.79207],[120.37705,0.7925],[120.3832,0.79524],[120.38563,0.79216],[120.38477,0.78714],[120.38824,0.78528],[120.39096,0.78064],[120.39764,0.78123],[120.39473,0.786],[120.39652,0.79118],[120.40331,0.78356],[120.40365,0.78009],[120.40597,0.77906],[120.4046,0.7764],[120.40206,0.77664],[120.39926,0.77403],[120.40454,0.77072],[120.40314,0.76888],[120.40505,0.7695],[120.40765,0.76735],[120.40549,0.76394],[120.40587,0.76117],[120.41094,0.75368],[120.40719,0.74739],[120.40684,0.74383],[120.39924,0.74212],[120.40246,0.73825],[120.4092,0.74014],[120.41249,0.74724],[120.41286,0.74373],[120.41531,0.74179],[120.41412,0.73939],[120.4162,0.73916],[120.41488,0.73626],[120.41724,0.7325],[120.42532,0.73028],[120.42832,0.73278],[120.43067,0.73247],[120.43509,0.72516],[120.43921,0.72365],[120.44711,0.72917],[120.44817,0.72622],[120.44869,0.72936],[120.45227,0.72717],[120.45394,0.72337],[120.45653,0.7282],[120.4556,0.7303],[120.45724,0.73339],[120.45589,0.73617],[120.46055,0.73761],[120.45995,0.74256],[120.46263,0.74461],[120.46357,0.74302],[120.46935,0.74233],[120.47267,0.73899],[120.47802,0.73861],[120.47955,0.73683],[120.48195,0.7403],[120.48182,0.74253],[120.47833,0.74491],[120.47925,0.74813],[120.48218,0.75271],[120.48509,0.75353],[120.48426,0.75504],[120.48574,0.75708],[120.48291,0.75925],[120.47923,0.75804],[120.47946,0.76159],[120.48414,0.76466],[120.48996,0.76571],[120.49192,0.7634],[120.4925,0.76507],[120.495,0.76414],[120.49579,0.76566],[120.49242,0.76816],[120.4943,0.77039],[120.49317,0.77368],[120.48918,0.77645],[120.49141,0.77863],[120.49783,0.77836],[120.49981,0.776],[120.50105,0.77049],[120.49947,0.76762],[120.50161,0.76574],[120.5028,0.76816],[120.50573,0.76888],[120.50386,0.77152],[120.50802,0.77437],[120.50981,0.77253],[120.51045,0.77435],[120.51243,0.77205],[120.50693,0.76675],[120.50882,0.76432],[120.50836,0.76099],[120.5111,0.75976],[120.51151,0.7576],[120.50717,0.75517],[120.50439,0.75783],[120.49745,0.75508],[120.49619,0.75261],[120.49647,0.75181],[120.50335,0.75181],[120.50088,0.74886],[120.50163,0.74659],[120.49644,0.7465],[120.49623,0.74082],[120.50085,0.74258],[120.50253,0.74037],[120.50372,0.74346],[120.50724,0.74303],[120.50927,0.74505],[120.51673,0.7372],[120.52369,0.73554],[120.52818,0.72913],[120.53243,0.72998],[120.53446,0.73293],[120.53671,0.73109],[120.54058,0.7352],[120.54089,0.74127],[120.54553,0.73887],[120.54365,0.74195],[120.54812,0.74512],[120.55108,0.74177],[120.55275,0.74295],[120.55418,0.74138],[120.55625,0.74222],[120.55615,0.74029],[120.55875,0.73939],[120.55681,0.73777],[120.5586,0.73626],[120.56243,0.73705],[120.56358,0.73968],[120.56587,0.73858],[120.56493,0.74061],[120.56712,0.74114],[120.57467,0.7378],[120.5776,0.73746],[120.57947,0.73963],[120.58832,0.73296],[120.59089,0.73824],[120.59026,0.74143],[120.59256,0.74149],[120.59237,0.74344],[120.59566,0.74468],[120.59851,0.7414],[120.59767,0.7398],[120.59954,0.73994],[120.60179,0.7362],[120.60286,0.73941],[120.60637,0.7388],[120.60654,0.7359],[120.60074,0.73204],[120.60027,0.73014],[120.60239,0.72669],[120.60803,0.73081],[120.61007,0.73007],[120.6084,0.72684],[120.60531,0.72824],[120.60503,0.72311],[120.60729,0.7206],[120.60948,0.72071],[120.60999,0.71587],[120.61525,0.71519],[120.61823,0.70566],[120.62349,0.69961],[120.62215,0.69781],[120.62349,0.68695],[120.62641,0.68583],[120.62861,0.67997],[120.63221,0.6812],[120.63728,0.67701],[120.64011,0.66888],[120.64462,0.66645],[120.64475,0.66475],[120.65255,0.66135],[120.64954,0.65778],[120.64328,0.65576],[120.64397,0.65233],[120.64669,0.65233],[120.64557,0.6475],[120.64754,0.64624],[120.65164,0.64693],[120.65117,0.65262],[120.65923,0.64789],[120.66148,0.64827],[120.66259,0.65037],[120.66408,0.64639],[120.66768,0.6493],[120.66648,0.64734],[120.6681,0.64399],[120.67069,0.64276],[120.66674,0.63587],[120.65777,0.62668],[120.65323,0.61667],[120.64953,0.61681],[120.64174,0.61171],[120.63685,0.60582]]],[[[120.64127,0.94101],[120.63808,0.93635],[120.63661,0.93893],[120.63873,0.93857],[120.64059,0.94206],[120.64488,0.94314],[120.64127,0.94101]]],[[[120.64683,0.94073],[120.64664,0.94066],[120.64686,0.94132],[120.64683,0.94073]]],[[[120.65058,0.94055],[120.64718,0.94067],[120.65443,0.94293],[120.65058,0.94055]]],[[[120.68039,0.95035],[120.6805,0.95017],[120.68045,0.95008],[120.68039,0.95035]]],[[[120.67855,0.95068],[120.67656,0.95266],[120.67841,0.95328],[120.67855,0.95068]]],[[[120.67637,0.96355],[120.675,0.95965],[120.67737,0.95546],[120.6763,0.95294],[120.67454,0.95739],[120.67029,0.95593],[120.6741,0.94988],[120.67397,0.94647],[120.66578,0.94641],[120.66367,0.94332],[120.6576,0.94133],[120.6586,0.94405],[120.65562,0.94506],[120.65632,0.9453],[120.66004,0.94356],[120.65912,0.94535],[120.66526,0.94799],[120.66735,0.94745],[120.66782,0.94905],[120.67113,0.94891],[120.67035,0.95111],[120.6643,0.95158],[120.66322,0.9533],[120.66984,0.95785],[120.66862,0.95989],[120.67104,0.9611],[120.67007,0.9654],[120.67144,0.9638],[120.67191,0.96583],[120.67291,0.96388],[120.67364,0.96385],[120.67637,0.96355]]],[[[120.67334,0.9645],[120.67361,0.9641],[120.67312,0.9639],[120.67334,0.9645]]],[[[120.66395,1.02973],[120.66285,1.02875],[120.66348,1.0241],[120.65941,1.02523],[120.65646,1.03063],[120.65649,1.0362],[120.65922,1.037],[120.66395,1.02973]]],[[[120.38051,1.04377],[120.38321,1.04694],[120.38654,1.04608],[120.38979,1.04207],[120.38972,1.03615],[120.38609,1.02489],[120.3836,1.02036],[120.38065,1.01876],[120.37782,1.02111],[120.37637,1.02597],[120.38051,1.04377]]],[[[120.6305,1.05528],[120.6316,1.05111],[120.62749,1.05137],[120.61936,1.05651],[120.61862,1.05954],[120.62208,1.06109],[120.6305,1.05528]]],[[[120.76564,0.79367],[120.7729,0.79175],[120.7739,0.78796],[120.77241,0.78549],[120.76575,0.78414],[120.7515,0.75869],[120.74841,0.75776],[120.75004,0.75612],[120.75046,0.75165],[120.74653,0.7497],[120.74263,0.74417],[120.74202,0.7406],[120.74352,0.74025],[120.74644,0.74391],[120.75236,0.74492],[120.73671,0.71552],[120.73496,0.7064],[120.72956,0.70326],[120.72766,0.69721],[120.73116,0.69285],[120.72972,0.69024],[120.72569,0.69016],[120.72166,0.68649],[120.72212,0.68319],[120.72478,0.68143],[120.71717,0.67875],[120.71771,0.67301],[120.71337,0.67232],[120.70934,0.66887],[120.70965,0.66634],[120.71353,0.66435],[120.71072,0.66144],[120.70691,0.66305],[120.70159,0.66075],[120.69924,0.65577],[120.69399,0.65339],[120.6933,0.65148],[120.69125,0.65377],[120.68729,0.65339],[120.68631,0.65048],[120.67809,0.64581],[120.67239,0.64565],[120.67067,0.64842],[120.66696,0.64743],[120.66801,0.64876],[120.66774,0.64976],[120.66435,0.64827],[120.66317,0.65069],[120.66546,0.6528],[120.66472,0.65459],[120.67156,0.65928],[120.66504,0.66161],[120.66439,0.66514],[120.66861,0.66659],[120.66845,0.66924],[120.66677,0.67008],[120.66767,0.67189],[120.66413,0.67559],[120.66585,0.67769],[120.66588,0.68336],[120.66237,0.68863],[120.65717,0.68812],[120.64931,0.69184],[120.64977,0.69606],[120.65291,0.69732],[120.65062,0.70177],[120.64645,0.69811],[120.63734,0.70094],[120.63304,0.70472],[120.62759,0.70586],[120.62502,0.70898],[120.62527,0.71386],[120.62092,0.71339],[120.61832,0.71477],[120.61556,0.71979],[120.61766,0.72343],[120.61549,0.72754],[120.61721,0.73056],[120.62,0.73338],[120.62667,0.73578],[120.62617,0.73316],[120.6283,0.73152],[120.62911,0.72806],[120.63375,0.72579],[120.63512,0.72889],[120.63434,0.73263],[120.63613,0.73307],[120.63829,0.72743],[120.64064,0.72938],[120.64399,0.72569],[120.64276,0.72125],[120.64623,0.71982],[120.64728,0.72125],[120.6525,0.7211],[120.65331,0.71958],[120.65199,0.71848],[120.66048,0.71404],[120.65995,0.70948],[120.66107,0.70841],[120.66283,0.71038],[120.66511,0.70894],[120.66466,0.71299],[120.65967,0.71617],[120.66236,0.71682],[120.6617,0.72075],[120.66482,0.72212],[120.65843,0.7279],[120.65838,0.72972],[120.65724,0.72939],[120.65805,0.73226],[120.66021,0.73156],[120.66111,0.72892],[120.66367,0.73101],[120.66758,0.72858],[120.67373,0.72892],[120.681,0.72291],[120.68121,0.71811],[120.68487,0.71436],[120.68453,0.70963],[120.68105,0.70512],[120.68329,0.70322],[120.67933,0.69321],[120.68509,0.69193],[120.68779,0.68768],[120.69271,0.68768],[120.695,0.69325],[120.69535,0.69967],[120.69908,0.69991],[120.7004,0.70257],[120.71098,0.70645],[120.70809,0.71165],[120.70941,0.71431],[120.71722,0.71783],[120.72095,0.72134],[120.72094,0.72291],[120.71423,0.72482],[120.72063,0.72897],[120.71926,0.7308],[120.72093,0.73315],[120.71678,0.73361],[120.71544,0.73519],[120.72178,0.73858],[120.72278,0.74469],[120.71898,0.7493],[120.70959,0.74761],[120.70561,0.75792],[120.70288,0.75734],[120.70191,0.75331],[120.69764,0.75514],[120.69424,0.7599],[120.69024,0.7599],[120.68824,0.76167],[120.68405,0.76063],[120.68299,0.76179],[120.68396,0.76331],[120.68911,0.76631],[120.68844,0.76771],[120.68599,0.76625],[120.68362,0.76692],[120.68302,0.7696],[120.68708,0.77046],[120.68856,0.77482],[120.69469,0.77373],[120.7012,0.77529],[120.70407,0.77807],[120.70393,0.7802],[120.70656,0.78173],[120.7052,0.78386],[120.70708,0.78435],[120.70957,0.7777],[120.71251,0.77533],[120.71518,0.77563],[120.71403,0.77136],[120.71561,0.76818],[120.72146,0.76657],[120.72381,0.76973],[120.73398,0.77357],[120.73524,0.78242],[120.73707,0.77955],[120.73973,0.78181],[120.74352,0.79011],[120.74716,0.78954],[120.74806,0.79292],[120.75012,0.79088],[120.75428,0.79213],[120.75849,0.795],[120.76376,0.80267],[120.76564,0.79367]]],[[[120.76613,0.75351],[120.76022,0.74639],[120.76444,0.75621],[120.7681,0.75891],[120.77346,0.76014],[120.7739,0.76149],[120.77158,0.76322],[120.77342,0.7652],[120.77854,0.76712],[120.78292,0.76569],[120.78193,0.76252],[120.76613,0.75351]]],[[[121.03925,0.89952],[121.04149,0.90125],[121.04188,0.89887],[121.03845,0.89728],[121.03925,0.89952]]],[[[121.04191,0.9164],[121.04021,0.91582],[121.0391,0.91173],[121.04029,0.90512],[121.04145,0.90512],[121.04114,0.90156],[121.03883,0.89971],[121.03797,0.89738],[121.03414,0.89675],[121.03322,0.88934],[121.02981,0.88926],[121.0241,0.88603],[121.02356,0.88405],[121.02467,0.88075],[121.02135,0.88254],[121.02137,0.88007],[121.0199,0.88051],[121.01825,0.87922],[121.01588,0.88039],[121.0119,0.87869],[121.01196,0.87777],[121.01066,0.87867],[121.00888,0.87771],[121.00464,0.8788],[121.00417,0.87768],[121.01098,0.87712],[121.0159,0.87987],[121.0186,0.8788],[121.02214,0.8799],[121.02187,0.88184],[121.02491,0.88036],[121.02413,0.8853],[121.02994,0.88883],[121.03355,0.88902],[121.03465,0.89662],[121.03728,0.89072],[121.04591,0.88182],[121.04796,0.88418],[121.04928,0.88207],[121.06117,0.88199],[121.06612,0.88372],[121.06993,0.89064],[121.07937,0.89051],[121.08191,0.89242],[121.08594,0.89148],[121.09039,0.89277],[121.09652,0.89825],[121.09755,0.90367],[121.1014,0.90198],[121.10269,0.89628],[121.101,0.89188],[121.09669,0.88808],[121.08749,0.88308],[121.06089,0.87358],[121.04619,0.87098],[121.0231,0.87028],[121.00429,0.85068],[120.999,0.84058],[121.00069,0.82208],[120.99639,0.80625],[120.99071,0.79975],[120.97507,0.79564],[120.97169,0.78948],[120.9749,0.78518],[120.9869,0.78268],[120.9874,0.77358],[120.98279,0.76948],[120.9818,0.76608],[120.9838,0.74428],[120.98219,0.74118],[120.97789,0.73848],[120.96719,0.73628],[120.96029,0.72748],[120.9552,0.71238],[120.95771,0.69265],[120.93735,0.68984],[120.9414,0.70782],[120.93987,0.72061],[120.94047,0.73831],[120.93172,0.73677],[120.93141,0.75416],[120.92487,0.75377],[120.92494,0.75814],[120.91428,0.78034],[120.92592,0.78609],[120.92097,0.79558],[120.92332,0.79918],[120.9145,0.80086],[120.91373,0.80554],[120.91259,0.80285],[120.9094,0.80354],[120.90978,0.80798],[120.90674,0.80507],[120.90612,0.80821],[120.9078,0.80928],[120.89805,0.82291],[120.88504,0.8275],[120.88451,0.82466],[120.88672,0.82436],[120.8887,0.82068],[120.88794,0.81831],[120.89045,0.81578],[120.88801,0.81624],[120.88779,0.81471],[120.88626,0.81571],[120.88436,0.81433],[120.88345,0.81662],[120.88178,0.81379],[120.87995,0.81823],[120.87934,0.81532],[120.87721,0.81547],[120.87828,0.81187],[120.87547,0.80995],[120.87561,0.81486],[120.87325,0.81616],[120.87059,0.81524],[120.86998,0.81708],[120.83348,0.79768],[120.82199,0.78963],[120.81074,0.78519],[120.80944,0.78611],[120.80157,0.78168],[120.80062,0.78528],[120.79653,0.78561],[120.79873,0.7902],[120.79736,0.79304],[120.80337,0.79496],[120.80456,0.7979],[120.8015,0.8002],[120.80126,0.80286],[120.79843,0.80278],[120.80015,0.80833],[120.79819,0.81135],[120.7931,0.81325],[120.79524,0.81895],[120.80012,0.82101],[120.81809,0.82376],[120.82741,0.82074],[120.83152,0.82121],[120.83215,0.82493],[120.82781,0.82717],[120.82893,0.83122],[120.82596,0.83511],[120.82927,0.83613],[120.83143,0.83514],[120.83271,0.83059],[120.83139,0.82758],[120.83258,0.82584],[120.83462,0.82665],[120.83698,0.8249],[120.83876,0.82794],[120.83724,0.82966],[120.84156,0.83383],[120.84105,0.83656],[120.8395,0.83703],[120.8442,0.83815],[120.83873,0.84182],[120.84077,0.84328],[120.84364,0.84096],[120.84651,0.84466],[120.84543,0.84646],[120.84795,0.84764],[120.8511,0.85486],[120.85539,0.85408],[120.85569,0.85754],[120.85892,0.85721],[120.86346,0.85079],[120.88117,0.84743],[120.87764,0.84617],[120.87847,0.84474],[120.88028,0.84515],[120.87937,0.84248],[120.88228,0.83984],[120.88166,0.83393],[120.88606,0.83205],[120.88402,0.83167],[120.88392,0.82757],[120.88733,0.82821],[120.88909,0.83237],[120.88858,0.84683],[120.89909,0.84914],[120.91516,0.84613],[120.92498,0.84691],[120.93077,0.84946],[120.93379,0.85357],[120.94195,0.84597],[120.94277,0.85465],[120.93902,0.86066],[120.93845,0.8649],[120.94017,0.86363],[120.94227,0.8655],[120.94564,0.86166],[120.9505,0.86201],[120.95656,0.85694],[120.96283,0.85521],[120.9717,0.86103],[120.97558,0.85785],[120.98019,0.85677],[120.98668,0.859],[120.98697,0.86151],[120.99069,0.86376],[120.99864,0.86342],[121.00077,0.86929],[120.99729,0.87419],[121.00002,0.87587],[120.99954,0.88031],[120.99071,0.8836],[120.98837,0.8814],[120.99163,0.87671],[120.99257,0.8706],[120.99046,0.8668],[120.98735,0.86501],[120.98768,0.86356],[120.98329,0.86267],[120.98404,0.85971],[120.9793,0.85832],[120.97116,0.86253],[120.96294,0.857],[120.95794,0.85842],[120.95603,0.86175],[120.94494,0.86423],[120.94346,0.86673],[120.94464,0.86763],[120.93966,0.86842],[120.94128,0.87292],[120.94012,0.87659],[120.93273,0.8828],[120.92918,0.88931],[120.9295,0.89562],[120.92498,0.89438],[120.92307,0.90132],[120.91669,0.89785],[120.9169,0.90104],[120.91555,0.90203],[120.91066,0.89537],[120.90173,0.897],[120.90227,0.90441],[120.89926,0.90552],[120.903,0.90793],[120.89699,0.91052],[120.8922,0.91656],[120.89306,0.92033],[120.89091,0.92205],[120.89404,0.92409],[120.89686,0.92249],[120.89729,0.92434],[120.90097,0.92502],[120.89851,0.92588],[120.90048,0.92885],[120.89845,0.92897],[120.90004,0.93132],[120.90366,0.93249],[120.90511,0.93598],[120.90262,0.93811],[120.89955,0.9378],[120.89912,0.94051],[120.89342,0.94119],[120.89422,0.9394],[120.89054,0.93662],[120.88398,0.93915],[120.88367,0.93717],[120.88153,0.93748],[120.8822,0.93451],[120.87674,0.93414],[120.87687,0.9313],[120.8727,0.92926],[120.86994,0.9313],[120.86234,0.9329],[120.86185,0.93031],[120.85443,0.92753],[120.85087,0.92851],[120.84829,0.93382],[120.84455,0.93653],[120.83897,0.93424],[120.8383,0.93227],[120.8367,0.93442],[120.83419,0.93467],[120.83339,0.93788],[120.82873,0.94183],[120.82713,0.94831],[120.83087,0.9488],[120.83706,0.958],[120.84478,0.95659],[120.85024,0.96036],[120.85202,0.96573],[120.85115,0.96795],[120.84631,0.97091],[120.84784,0.97973],[120.8563,0.98122],[120.85832,0.97838],[120.86022,0.97888],[120.86089,0.98369],[120.8596,0.98554],[120.86132,0.98635],[120.86107,0.98826],[120.86653,0.98814],[120.86849,0.98969],[120.87364,0.98691],[120.87266,0.99043],[120.8737,0.99105],[120.87837,0.98815],[120.88118,0.99031],[120.8856,0.98902],[120.88818,0.99025],[120.88999,0.99532],[120.90338,0.99704],[120.90372,0.99963],[120.90144,1.00092],[120.90623,1.00531],[120.90574,1.0077],[120.90359,1.00782],[120.90607,1.01519],[120.91053,1.01219],[120.91614,1.01195],[120.92098,1.01244],[120.92639,1.01559],[120.93643,1.02808],[120.93703,1.03121],[120.93529,1.03428],[120.939,1.03809],[120.94145,1.04628],[120.94487,1.0457],[120.94761,1.0513],[120.94587,1.06124],[120.95655,1.08134],[120.99978,1.09679],[121.00917,1.10159],[121.01239,1.10622],[121.01899,1.1061],[121.02063,1.10882],[121.02983,1.11108],[121.03946,1.11635],[121.04988,1.11788],[121.05858,1.11505],[121.07574,1.12126],[121.0743,1.12268],[121.0767,1.12427],[121.08761,1.12644],[121.08954,1.12889],[121.09508,1.13008],[121.09755,1.13902],[121.10234,1.14058],[121.10258,1.14869],[121.10449,1.13648],[121.10379,1.12848],[121.09821,1.11807],[121.09984,1.11253],[121.0969,1.10319],[121.09872,1.09899],[121.09495,1.08933],[121.0817,1.086],[121.07592,1.08076],[121.06918,1.08059],[121.05886,1.0759],[121.053,1.06733],[121.04994,1.06664],[121.04702,1.06162],[121.04381,1.0595],[121.04323,1.0467],[121.03676,1.04441],[121.02964,1.03703],[121.02381,1.03583],[121.021,1.0329],[121.01548,1.03277],[121.01004,1.03012],[121.01485,1.02194],[121.01713,1.01423],[121.0241,1.01464],[121.0261,1.01312],[121.02932,1.0],[121.02871,0.99763],[121.02363,0.99344],[121.02179,0.98699],[121.02343,0.98128],[121.02096,0.97506],[121.02233,0.97131],[121.01943,0.96446],[121.01506,0.93992],[121.01752,0.93797],[121.01968,0.92932],[121.01899,0.92058],[121.0242,0.92168],[121.04227,0.93074],[121.04214,0.92393],[121.04013,0.91964],[121.04191,0.9164]]],[[[120.80225,0.94518],[120.8003,0.94302],[120.80216,0.93847],[120.79769,0.93177],[120.79488,0.93198],[120.79223,0.9299],[120.7861,0.9316],[120.78333,0.92891],[120.78122,0.9321],[120.77898,0.93235],[120.7765,0.92879],[120.77696,0.92618],[120.77356,0.92763],[120.77112,0.92353],[120.77592,0.91927],[120.77795,0.91968],[120.78114,0.91289],[120.78109,0.90958],[120.78565,0.9078],[120.78614,0.90432],[120.78428,0.90126],[120.78304,0.90399],[120.78126,0.90234],[120.77948,0.90375],[120.77576,0.90966],[120.77195,0.90892],[120.76917,0.9114],[120.76988,0.91385],[120.76814,0.916],[120.76338,0.91629],[120.76197,0.91339],[120.76408,0.9095],[120.76731,0.90884],[120.76851,0.90139],[120.76582,0.9047],[120.75957,0.90478],[120.75883,0.90946],[120.75655,0.9083],[120.75452,0.90971],[120.75547,0.91501],[120.75415,0.9143],[120.7403,0.92193],[120.73715,0.92025],[120.73644,0.9163],[120.73434,0.91856],[120.72776,0.91668],[120.72642,0.91873],[120.72852,0.91906],[120.72878,0.92052],[120.7256,0.92108],[120.72214,0.91597],[120.71669,0.91436],[120.71739,0.90973],[120.71952,0.90858],[120.71944,0.90407],[120.72168,0.9019],[120.70936,0.8999],[120.70616,0.90066],[120.70816,0.89482],[120.70107,0.89074],[120.69205,0.89103],[120.67982,0.89667],[120.6736,0.9018],[120.67071,0.90726],[120.6702,0.91136],[120.67455,0.92036],[120.68128,0.92649],[120.68737,0.94331],[120.69355,0.94468],[120.71673,0.94217],[120.72899,0.94508],[120.73292,0.94721],[120.7423,0.95687],[120.75024,0.959],[120.7582,0.95894],[120.76738,0.97341],[120.77629,0.97718],[120.78281,0.98684],[120.78884,0.98555],[120.79366,0.98029],[120.7984,0.96011],[120.80273,0.95241],[120.80225,0.94518]]],[[[120.69764,0.97952],[120.70102,0.97513],[120.70216,0.97876],[120.70029,0.98016],[120.701,0.9834],[120.70378,0.98612],[120.70554,0.98196],[120.70401,0.98176],[120.70368,0.9798],[120.7081,0.97943],[120.70615,0.97667],[120.70679,0.9738],[120.7116,0.97436],[120.71219,0.97641],[120.7143,0.9747],[120.71528,0.97614],[120.71723,0.97518],[120.71704,0.97797],[120.72115,0.97519],[120.72234,0.9728],[120.72031,0.97024],[120.71988,0.96374],[120.71693,0.9657],[120.71912,0.97126],[120.71846,0.97343],[120.70737,0.97173],[120.70564,0.97326],[120.70556,0.97689],[120.69935,0.97334],[120.69752,0.97741],[120.69767,0.982],[120.69595,0.98255],[120.68707,0.97491],[120.69737,0.96575],[120.69739,0.95829],[120.69485,0.95588],[120.68541,0.95079],[120.68178,0.94972],[120.68152,0.95291],[120.68905,0.95302],[120.68744,0.9551],[120.68855,0.95598],[120.68264,0.95676],[120.68323,0.95907],[120.68079,0.96101],[120.68358,0.96153],[120.6922,0.95673],[120.69109,0.9607],[120.69424,0.9594],[120.69526,0.96068],[120.69377,0.963],[120.69587,0.96574],[120.69266,0.96324],[120.69029,0.96379],[120.69012,0.96669],[120.68697,0.97126],[120.68118,0.96854],[120.67877,0.9695],[120.67943,0.97271],[120.68136,0.97278],[120.68233,0.97545],[120.68623,0.97599],[120.68702,0.97948],[120.6907,0.98102],[120.69156,0.98367],[120.69642,0.9868],[120.69983,0.9851],[120.69764,0.97952]],[[120.68605,0.95838],[120.68397,0.95799],[120.68703,0.95715],[120.68605,0.95838]]],[[[121.11014,1.18901],[121.1025,1.18689],[121.10221,1.19364],[121.10397,1.19493],[121.10305,1.19662],[121.09975,1.19713],[121.09318,1.21447],[121.08888,1.2075],[121.08452,1.20941],[121.07894,1.20497],[121.07716,1.19891],[121.07124,1.19619],[121.06934,1.19294],[121.06389,1.19417],[121.06098,1.19296],[121.05457,1.20318],[121.04977,1.2048],[121.0458,1.204],[121.03995,1.19767],[121.03843,1.1926],[121.04836,1.18359],[121.05938,1.16857],[121.05257,1.17312],[121.05041,1.1682],[121.04708,1.17046],[121.04321,1.16875],[121.04454,1.16125],[121.03996,1.15873],[121.03383,1.15908],[121.02884,1.15626],[121.02737,1.15794],[121.02269,1.15416],[121.01826,1.15357],[121.01184,1.1482],[121.0057,1.14665],[121.00709,1.14245],[121.00459,1.1354],[120.9914,1.12689],[120.98775,1.11991],[120.98441,1.11781],[120.97712,1.11744],[120.97012,1.11877],[120.96774,1.12086],[120.96087,1.11866],[120.9559,1.12163],[120.94514,1.12324],[120.9435,1.12618],[120.94436,1.12896],[120.94125,1.13313],[120.92828,1.13338],[120.9226,1.12714],[120.92263,1.12533],[120.91766,1.12177],[120.91327,1.10948],[120.90871,1.10783],[120.90521,1.10891],[120.89593,1.11654],[120.89556,1.12509],[120.88784,1.14097],[120.88567,1.15436],[120.88064,1.15818],[120.87013,1.16229],[120.86376,1.16808],[120.86515,1.17524],[120.87188,1.17784],[120.87682,1.18411],[120.87787,1.19311],[120.87454,1.20349],[120.87367,1.22238],[120.87187,1.2233],[120.86864,1.22213],[120.86481,1.21489],[120.85908,1.21455],[120.8567,1.21697],[120.85616,1.22515],[120.85856,1.23116],[120.86657,1.23832],[120.86922,1.24479],[120.87268,1.24674],[120.87258,1.25309],[120.86556,1.26136],[120.86426,1.26728],[120.86537,1.26906],[120.86963,1.2715],[120.87293,1.2677],[120.87673,1.26972],[120.87563,1.26682],[120.87921,1.26389],[120.88126,1.26557],[120.8773,1.27166],[120.88088,1.27218],[120.88635,1.27933],[120.88869,1.28112],[120.89193,1.28071],[120.90227,1.28949],[120.9052,1.28818],[120.90697,1.29041],[120.90903,1.28831],[120.90964,1.29562],[120.91346,1.29479],[120.9166,1.30025],[120.91983,1.2987],[120.91795,1.29525],[120.92363,1.29581],[120.92654,1.2923],[120.92411,1.28578],[120.92,1.28305],[120.92278,1.27684],[120.92781,1.28134],[120.92932,1.2861],[120.93234,1.28416],[120.93231,1.29045],[120.92767,1.30028],[120.92904,1.30218],[120.93182,1.30167],[120.93364,1.29801],[120.94194,1.29239],[120.94781,1.29564],[120.94646,1.30558],[120.94344,1.30848],[120.94835,1.30786],[120.94951,1.30924],[120.95217,1.30729],[120.95441,1.31039],[120.95798,1.3049],[120.96269,1.3039],[120.96663,1.30843],[120.96697,1.31226],[120.96835,1.30979],[120.97273,1.30926],[120.97465,1.3152],[120.97763,1.31289],[120.97921,1.31355],[120.97821,1.31645],[120.97993,1.31738],[120.98089,1.32128],[120.98536,1.31498],[120.98737,1.31763],[120.98905,1.31715],[120.9894,1.31904],[120.9931,1.32157],[120.9897,1.32605],[120.9919,1.32371],[120.99741,1.32316],[121.00102,1.32006],[121.00486,1.31528],[121.00537,1.31102],[121.0069,1.31213],[121.01026,1.31113],[121.01369,1.31636],[121.01874,1.31766],[121.02213,1.32333],[121.02406,1.31875],[121.03263,1.31953],[121.03294,1.30813],[121.03753,1.299],[121.03535,1.29726],[121.03481,1.29395],[121.03265,1.29422],[121.03405,1.29039],[121.03714,1.28996],[121.04252,1.29262],[121.04593,1.28832],[121.04356,1.28784],[121.04303,1.28595],[121.0473,1.28326],[121.04677,1.28078],[121.04133,1.28072],[121.03712,1.28359],[121.03525,1.2824],[121.04102,1.27615],[121.04173,1.27724],[121.04358,1.27624],[121.04386,1.27439],[121.04225,1.27354],[121.03591,1.27737],[121.04233,1.26913],[121.04573,1.27495],[121.05601,1.27184],[121.07001,1.29395],[121.07307,1.2879],[121.08261,1.28962],[121.08479,1.28836],[121.08734,1.26962],[121.09451,1.26356],[121.08908,1.25912],[121.08523,1.25975],[121.08509,1.25307],[121.08868,1.25243],[121.09428,1.2574],[121.09847,1.25876],[121.10027,1.25132],[121.10805,1.23784],[121.10464,1.22308],[121.10597,1.21793],[121.11568,1.21053],[121.12968,1.20549],[121.12668,1.20004],[121.11014,1.18901]],[[120.98612,1.2921],[120.98621,1.28986],[120.98822,1.28921],[121.00177,1.30192],[121.0023,1.30435],[120.99663,1.30482],[120.98866,1.29746],[120.98612,1.2921]]],[[[121.03097,1.32065],[121.0305,1.32067],[121.0307,1.32071],[121.03097,1.32065]]],[[[121.03012,1.32085],[121.03028,1.32071],[121.02966,1.3208],[121.03012,1.32085]]],[[[121.0249,1.32221],[121.025,1.32204],[121.025,1.32195],[121.0249,1.32221]]],[[[121.02401,1.3256],[121.02401,1.32562],[121.02426,1.32384],[121.02401,1.3256]]],[[[121.02492,1.3264],[121.02404,1.32594],[121.02389,1.32864],[121.02492,1.3264]]]]},"properties":{"kph":"KPH Gunung Dako"}},{"type":"Feature","geometry":{"type":"MultiPolygon","coordinates":[[[[121.93878,-1.07023],[121.93912,-1.07073],[121.93751,-1.06955],[121.93878,-1.07023]]],[[[121.92181,-1.05034],[121.92181,-1.05234],[121.92463,-1.05358],[121.92546,-1.05734],[121.93184,-1.05735],[121.93117,-1.05962],[121.93679,-1.06902],[121.9278,-1.06152],[121.92059,-1.05091],[121.92181,-1.05034]]],[[[122.72469,-0.93232],[122.7025,-0.91732],[122.68789,-0.91502],[122.65969,-0.92352],[122.63269,-0.93452],[122.56219,-0.97372],[122.54499,-0.98072],[122.5346,-0.98252],[122.5248,-0.98882],[122.5152,-0.99932],[122.50369,-1.00532],[122.49888,-1.00602],[122.46869,-1.00212],[122.446,-1.00232],[122.43189,-1.00422],[122.42809,-1.00602],[122.42249,-1.01282],[122.41999,-1.02612],[122.4166,-1.02932],[122.41239,-1.03002],[122.4059,-1.02662],[122.3971,-1.01722],[122.3878,-1.01532],[122.3541,-1.05552],[122.34839,-1.06002],[122.3382,-1.06352],[122.3396,-1.06982],[122.3487,-1.08332],[122.34769,-1.08712],[122.34349,-1.09042],[122.34169,-1.09472],[122.3346,-1.11872],[122.33222,-1.13243],[122.3279,-1.13992],[122.32339,-1.14322],[122.31579,-1.14062],[122.30859,-1.14152],[122.29639,-1.16162],[122.2657,-1.17952],[122.24729,-1.17932],[122.23209,-1.18582],[122.2221,-1.18822],[122.21159,-1.18122],[122.20439,-1.17852],[122.19819,-1.17942],[122.19619,-1.18142],[122.1806,-1.16792],[122.1699,-1.16972],[122.16199,-1.16682],[122.15309,-1.15812],[122.1465,-1.14382],[122.1422,-1.13862],[122.1389,-1.13562],[122.1192,-1.12692],[122.1085,-1.12622],[122.0923,-1.12872],[122.07559,-1.12872],[122.05929,-1.12682],[122.0371,-1.11482],[122.0251,-1.10352],[122.0088,-1.09592],[121.97379,-1.08422],[121.9619,-1.08332],[121.9544,-1.08087],[121.95629,-1.07693],[121.95254,-1.07481],[121.94873,-1.06848],[121.95055,-1.0655],[121.94519,-1.06158],[121.93905,-1.06288],[121.9383,-1.06467],[121.93428,-1.06472],[121.93412,-1.06265],[121.93687,-1.06288],[121.93506,-1.06237],[121.93486,-1.05811],[121.92586,-1.05477],[121.92588,-1.05056],[121.92304,-1.04921],[121.92307,-1.04699],[121.91632,-1.04538],[121.89149,-1.01292],[121.88407,-0.99464],[121.88751,-0.99049],[121.89093,-0.9904],[121.89219,-0.99211],[121.89434,-0.9913],[121.89578,-0.99392],[121.89946,-0.99212],[121.89991,-0.99374],[121.90287,-0.99338],[121.90583,-0.99537],[121.90799,-1.00125],[121.91238,-1.00405],[121.91436,-1.0074],[121.92971,-1.0065],[121.93133,-1.00867],[121.93519,-1.00731],[121.93869,-1.00804],[121.9404,-1.00885],[121.94013,-1.01048],[121.9439,-1.00768],[121.95153,-1.00768],[121.95539,-1.01256],[121.95773,-1.01256],[121.95818,-1.01483],[121.9669,-1.0148],[121.96914,-1.01335],[121.97,-1.01754],[121.97159,-1.01816],[121.97368,-1.01619],[121.97356,-1.01113],[121.97552,-1.00607],[121.97037,-0.99916],[121.973,-0.99885],[121.97219,-0.99569],[121.97738,-0.98931],[121.9884,-0.98756],[121.99318,-0.9904],[121.99649,-0.9883],[122.00924,-0.99374],[122.01206,-0.99732],[122.01635,-0.9988],[122.01831,-0.99288],[122.01696,-0.99176],[122.01709,-0.98744],[122.01868,-0.98621],[122.01881,-0.98806],[122.02077,-0.98868],[122.02205,-0.98442],[122.02555,-0.98189],[122.0229,-0.979],[122.02641,-0.97461],[122.02604,-0.97202],[122.02911,-0.97264],[122.02837,-0.96955],[122.04112,-0.97523],[122.04174,-0.974],[122.03917,-0.97227],[122.04039,-0.96943],[122.03238,-0.96414],[122.02729,-0.9538],[122.02487,-0.95233],[122.0256,-0.94183],[122.02754,-0.93857],[122.02916,-0.94207],[122.03384,-0.94427],[122.03926,-0.95111],[122.04161,-0.95111],[122.04452,-0.95364],[122.0471,-0.95242],[122.05705,-0.95364],[122.06805,-0.96284],[122.06975,-0.9604],[122.07355,-0.96024],[122.07468,-0.95674],[122.07686,-0.95959],[122.08244,-0.95739],[122.08657,-0.95935],[122.08713,-0.96277],[122.09125,-0.96578],[122.0915,-0.96822],[122.10079,-0.97181],[122.10128,-0.97449],[122.0995,-0.97677],[122.10071,-0.97897],[122.1033,-0.97718],[122.10613,-0.97889],[122.10856,-0.9758],[122.10929,-0.97743],[122.11228,-0.97702],[122.11309,-0.97539],[122.11667,-0.97753],[122.11416,-0.98044],[122.11508,-0.98317],[122.11835,-0.98435],[122.11945,-0.98178],[122.12271,-0.98687],[122.12287,-0.98386],[122.12643,-0.98182],[122.13112,-0.98582],[122.13726,-0.98386],[122.13872,-0.98541],[122.14115,-0.9824],[122.14333,-0.98614],[122.14284,-0.99119],[122.14753,-0.99062],[122.15079,-0.98714],[122.15774,-0.9908],[122.1568,-0.98596],[122.15972,-0.98811],[122.16406,-0.98664],[122.16606,-0.98774],[122.1674,-0.99152],[122.17165,-0.99054],[122.17749,-0.99551],[122.17879,-0.99276],[122.1812,-0.9947],[122.18539,-0.99028],[122.18694,-0.99071],[122.18831,-0.9851],[122.19141,-0.98308],[122.19527,-0.98846],[122.20714,-0.98115],[122.20904,-0.98752],[122.21102,-0.98681],[122.21851,-0.98033],[122.22365,-0.97824],[122.22701,-0.97333],[122.23691,-0.96669],[122.23781,-0.96422],[122.24556,-0.96061],[122.24595,-0.95852],[122.25297,-0.95806],[122.25859,-0.9549],[122.26458,-0.95476],[122.26769,-0.95118],[122.27029,-0.95138],[122.27078,-0.94963],[122.27331,-0.94898],[122.27942,-0.9412],[122.27665,-0.93334],[122.2795,-0.93463],[122.28028,-0.93267],[122.28343,-0.9377],[122.28569,-0.93606],[122.28378,-0.93214],[122.28654,-0.93105],[122.28468,-0.92904],[122.28602,-0.92569],[122.28441,-0.92547],[122.28834,-0.92188],[122.28937,-0.91848],[122.29539,-0.91751],[122.29674,-0.91478],[122.29686,-0.91783],[122.29829,-0.91814],[122.30144,-0.91259],[122.30173,-0.90705],[122.31718,-0.90196],[122.31062,-0.90035],[122.31522,-0.89559],[122.31283,-0.89554],[122.31345,-0.89374],[122.31639,-0.89335],[122.31528,-0.89225],[122.31635,-0.89011],[122.31461,-0.88843],[122.31718,-0.88868],[122.31428,-0.88668],[122.31271,-0.88859],[122.31385,-0.89058],[122.30976,-0.88935],[122.30771,-0.89187],[122.30728,-0.89677],[122.30857,-0.89768],[122.30733,-0.89936],[122.31,-0.89986],[122.3099,-0.90158],[122.29867,-0.90491],[122.29707,-0.90457],[122.30279,-0.90077],[122.30237,-0.89796],[122.294,-0.90266],[122.28872,-0.90143],[122.28448,-0.90241],[122.28181,-0.90162],[122.28357,-0.89789],[122.28084,-0.89728],[122.28472,-0.89142],[122.27823,-0.88904],[122.26907,-0.89203],[122.27535,-0.88347],[122.28254,-0.8862],[122.28621,-0.88572],[122.28669,-0.87028],[122.28845,-0.86787],[122.30283,-0.86016],[122.30602,-0.85598],[122.3089,-0.83299],[122.30682,-0.82832],[122.27152,-0.83427],[122.26703,-0.83372],[122.26794,-0.83125],[122.26507,-0.83061],[122.26445,-0.82713],[122.26071,-0.82516],[122.26147,-0.82064],[122.27041,-0.81823],[122.27672,-0.81134],[122.28249,-0.81981],[122.28916,-0.82231],[122.29147,-0.8203],[122.29369,-0.82383],[122.3021,-0.8222],[122.30674,-0.82405],[122.3118,-0.81732],[122.31547,-0.80722],[122.31882,-0.80321],[122.32598,-0.80511],[122.33095,-0.80301],[122.33322,-0.80471],[122.33675,-0.81561],[122.34071,-0.81719],[122.34134,-0.81354],[122.34319,-0.81392],[122.34367,-0.81685],[122.34695,-0.81965],[122.34579,-0.82554],[122.34885,-0.82779],[122.35384,-0.82859],[122.35604,-0.82742],[122.36258,-0.83213],[122.36552,-0.83055],[122.36553,-0.82699],[122.35768,-0.82088],[122.3558,-0.81733],[122.35818,-0.81398],[122.36042,-0.8152],[122.36536,-0.81231],[122.36824,-0.81342],[122.36763,-0.81799],[122.37295,-0.81862],[122.37564,-0.82149],[122.3759,-0.82843],[122.382,-0.83416],[122.39128,-0.83939],[122.40166,-0.83825],[122.40315,-0.83372],[122.39995,-0.82827],[122.39334,-0.82606],[122.38851,-0.82026],[122.3775,-0.81607],[122.37582,-0.81444],[122.37656,-0.81152],[122.38083,-0.80981],[122.39172,-0.81141],[122.39289,-0.80999],[122.40234,-0.80912],[122.40761,-0.80498],[122.41178,-0.79619],[122.41523,-0.79093],[122.4183,-0.7902],[122.41938,-0.78641],[122.4253,-0.78406],[122.4343,-0.78473],[122.43829,-0.77949],[122.43942,-0.77316],[122.44237,-0.76782],[122.45044,-0.7671],[122.45693,-0.76379],[122.46231,-0.77337],[122.46532,-0.77442],[122.4707,-0.78118],[122.47244,-0.78767],[122.47183,-0.78998],[122.46702,-0.78929],[122.46782,-0.79287],[122.46645,-0.79684],[122.46869,-0.79664],[122.46924,-0.79393],[122.47063,-0.79506],[122.46761,-0.80655],[122.45829,-0.81139],[122.46084,-0.81343],[122.45929,-0.81667],[122.46267,-0.81872],[122.46199,-0.8214],[122.46551,-0.81888],[122.47004,-0.81846],[122.4703,-0.81625],[122.47146,-0.81978],[122.46654,-0.82492],[122.47282,-0.82311],[122.47341,-0.82647],[122.47668,-0.82627],[122.47607,-0.82904],[122.47791,-0.82859],[122.4785,-0.83037],[122.48106,-0.83091],[122.48417,-0.82745],[122.49113,-0.82881],[122.49705,-0.83308],[122.5006,-0.83311],[122.51147,-0.82887],[122.51211,-0.82982],[122.50922,-0.83315],[122.51054,-0.83557],[122.51374,-0.83656],[122.51646,-0.83484],[122.51674,-0.8404],[122.52037,-0.84077],[122.52765,-0.8516],[122.53581,-0.85154],[122.53928,-0.85522],[122.5449,-0.85275],[122.5483,-0.84597],[122.55119,-0.84797],[122.55502,-0.85653],[122.5583,-0.85547],[122.56197,-0.8581],[122.56682,-0.87159],[122.56915,-0.86942],[122.57321,-0.86973],[122.57786,-0.86429],[122.58114,-0.86353],[122.58119,-0.86783],[122.58433,-0.86888],[122.58329,-0.87516],[122.58657,-0.87935],[122.58499,-0.88345],[122.58649,-0.88494],[122.60322,-0.88002],[122.60665,-0.88359],[122.60987,-0.88437],[122.61223,-0.88203],[122.61707,-0.88198],[122.62084,-0.87623],[122.62307,-0.87629],[122.62792,-0.87272],[122.62705,-0.86918],[122.62413,-0.86728],[122.62387,-0.86399],[122.62136,-0.86275],[122.61515,-0.85346],[122.61524,-0.85129],[122.61793,-0.8508],[122.61776,-0.84831],[122.62408,-0.84075],[122.62322,-0.83796],[122.61794,-0.8347],[122.6205,-0.8227],[122.62616,-0.82195],[122.63553,-0.82477],[122.64055,-0.82962],[122.64009,-0.83431],[122.63843,-0.83609],[122.63108,-0.83686],[122.63284,-0.84791],[122.64377,-0.84672],[122.64616,-0.84121],[122.65123,-0.84233],[122.657,-0.84087],[122.65812,-0.8458],[122.66457,-0.84471],[122.66657,-0.8476],[122.67121,-0.84754],[122.67311,-0.85131],[122.68576,-0.85255],[122.69116,-0.85162],[122.70418,-0.84302],[122.71916,-0.84092],[122.72337,-0.83682],[122.73081,-0.8335],[122.73619,-0.83357],[122.7392,-0.83651],[122.74259,-0.83695],[122.75051,-0.82535],[122.75484,-0.82177],[122.75924,-0.82085],[122.76984,-0.82255],[122.79413,-0.81506],[122.79625,-0.81638],[122.79976,-0.81514],[122.80304,-0.81653],[122.81246,-0.81624],[122.815,-0.81478],[122.8159,-0.80978],[122.82084,-0.80751],[122.82514,-0.81042],[122.82387,-0.81555],[122.82479,-0.81755],[122.82656,-0.81534],[122.83385,-0.81669],[122.83874,-0.8147],[122.84277,-0.81741],[122.84657,-0.81586],[122.85186,-0.81902],[122.86544,-0.81869],[122.86599,-0.8246],[122.87235,-0.83967],[122.86879,-0.84813],[122.87202,-0.84872],[122.87162,-0.85225],[122.87438,-0.86032],[122.87194,-0.86442],[122.86871,-0.8652],[122.86938,-0.86724],[122.86758,-0.86873],[122.87424,-0.87573],[122.87515,-0.88049],[122.87898,-0.88144],[122.88577,-0.88917],[122.8847,-0.89118],[122.88008,-0.89054],[122.87746,-0.89716],[122.87608,-0.8982],[122.8747,-0.89706],[122.87693,-0.90205],[122.87637,-0.90397],[122.87952,-0.90518],[122.87872,-0.90739],[122.88267,-0.91135],[122.88023,-0.91481],[122.87857,-0.91389],[122.87799,-0.9091],[122.86949,-0.90326],[122.87335,-0.90126],[122.86794,-0.89952],[122.86371,-0.89506],[122.85643,-0.89464],[122.85385,-0.88914],[122.85522,-0.88796],[122.85181,-0.88846],[122.85072,-0.89146],[122.84395,-0.88839],[122.84272,-0.88404],[122.83855,-0.88201],[122.84064,-0.88208],[122.83966,-0.879],[122.84244,-0.87994],[122.83847,-0.87338],[122.83968,-0.87077],[122.83834,-0.86964],[122.83768,-0.87229],[122.83406,-0.87346],[122.83396,-0.87558],[122.83228,-0.87327],[122.82986,-0.87607],[122.82969,-0.87388],[122.82608,-0.87278],[122.82502,-0.87043],[122.82516,-0.86914],[122.82782,-0.87074],[122.82745,-0.86906],[122.81762,-0.867],[122.81344,-0.86775],[122.80986,-0.87242],[122.80788,-0.87274],[122.80625,-0.87645],[122.80306,-0.87677],[122.79786,-0.88315],[122.79176,-0.88436],[122.78822,-0.88283],[122.78054,-0.88336],[122.77894,-0.88657],[122.7822,-0.88959],[122.78245,-0.89456],[122.78397,-0.89623],[122.77905,-0.90108],[122.7776,-0.90482],[122.77434,-0.90614],[122.77413,-0.91195],[122.76392,-0.91494],[122.75266,-0.92584],[122.75098,-0.92966],[122.74735,-0.92975],[122.74577,-0.93209],[122.74887,-0.93645],[122.75147,-0.93574],[122.75423,-0.93893],[122.74677,-0.93765],[122.7444,-0.93938],[122.74476,-0.94182],[122.74673,-0.94002],[122.74977,-0.94001],[122.75331,-0.94428],[122.76095,-0.94433],[122.75609,-0.94765],[122.76044,-0.95098],[122.72469,-0.93232]],[[122.42855,-0.97021],[122.42586,-0.96873],[122.42345,-0.96948],[122.41984,-0.9735],[122.42088,-0.9758],[122.41927,-0.97951],[122.42179,-0.98317],[122.42601,-0.97994],[122.43052,-0.98089],[122.43042,-0.97832],[122.42647,-0.97612],[122.43056,-0.97224],[122.4353,-0.9723],[122.43606,-0.97737],[122.43998,-0.97694],[122.44001,-0.97397],[122.43611,-0.9672],[122.42855,-0.97021]],[[122.44712,-0.97074],[122.44583,-0.97392],[122.44684,-0.9765],[122.45222,-0.97474],[122.45117,-0.95813],[122.4467,-0.9598],[122.44388,-0.96327],[122.44267,-0.96542],[122.44398,-0.96566],[122.44443,-0.9688],[122.44712,-0.97074]],[[122.84848,-0.88962],[122.85192,-0.8881],[122.84858,-0.88095],[122.84543,-0.88095],[122.84848,-0.88962]],[[122.55565,-0.88074],[122.55136,-0.87575],[122.5491,-0.87802],[122.55466,-0.88911],[122.55677,-0.88216],[122.55921,-0.88122],[122.55565,-0.88074]]],[[[122.7624,-0.95193],[122.76894,-0.95245],[122.76967,-0.9488],[122.77325,-0.95015],[122.77445,-0.94744],[122.77315,-0.94469],[122.7763,-0.94429],[122.77673,-0.94294],[122.77425,-0.94002],[122.77663,-0.94016],[122.77491,-0.93879],[122.77549,-0.93753],[122.78067,-0.93793],[122.78233,-0.93449],[122.7775,-0.93658],[122.77686,-0.93413],[122.77857,-0.93303],[122.77712,-0.93141],[122.77453,-0.93402],[122.77516,-0.93066],[122.77786,-0.92852],[122.78041,-0.92945],[122.78205,-0.92835],[122.78471,-0.93072],[122.78545,-0.92495],[122.78807,-0.92452],[122.79098,-0.92845],[122.79573,-0.92567],[122.79899,-0.92638],[122.80131,-0.93052],[122.80871,-0.93007],[122.80894,-0.93124],[122.80125,-0.93346],[122.80043,-0.93088],[122.79911,-0.93211],[122.79981,-0.93381],[122.79311,-0.93466],[122.79375,-0.93644],[122.78899,-0.93851],[122.77616,-0.94979],[122.77736,-0.953],[122.77311,-0.95479],[122.77196,-0.95709],[122.7624,-0.95193]],[[122.7918,-0.93124],[122.79578,-0.93247],[122.79792,-0.92985],[122.79595,-0.92796],[122.7918,-0.93124]]],[[[122.80082,-0.93249],[122.80064,-0.93261],[122.80066,-0.93257],[122.80082,-0.93249]]],[[[122.83757,-0.90175],[122.83875,-0.90718],[122.84061,-0.90909],[122.83999,-0.91159],[122.84355,-0.91528],[122.84034,-0.91467],[122.83905,-0.91658],[122.83789,-0.91362],[122.83277,-0.91134],[122.83212,-0.91421],[122.83085,-0.91316],[122.82045,-0.91959],[122.82063,-0.91801],[122.81705,-0.9188],[122.81662,-0.92006],[122.81983,-0.92018],[122.81059,-0.92357],[122.8131,-0.91881],[122.81513,-0.91846],[122.81296,-0.91232],[122.81835,-0.9146],[122.8207,-0.91143],[122.81936,-0.91052],[122.8197,-0.90937],[122.82286,-0.9101],[122.82792,-0.90862],[122.82954,-0.90623],[122.82944,-0.90342],[122.82715,-0.90282],[122.82779,-0.90011],[122.83126,-0.89769],[122.83757,-0.90175]],[[122.83234,-0.90719],[122.83218,-0.9047],[122.83134,-0.90559],[122.83234,-0.90719]]],[[[122.84971,-0.91375],[122.84687,-0.91405],[122.84418,-0.9081],[122.84074,-0.90912],[122.83872,-0.9049],[122.84017,-0.90352],[122.84107,-0.9047],[122.85045,-0.90524],[122.84971,-0.91375]]],[[[123.05036,-0.90112],[123.05409,-0.89957],[123.05383,-0.90055],[123.05036,-0.90112]]],[[[123.06002,-0.89687],[123.05709,-0.89319],[123.0578,-0.89276],[123.05841,-0.89265],[123.06002,-0.89687]]],[[[123.02998,-0.88679],[123.02687,-0.88881],[123.0278,-0.89043],[123.02989,-0.89026],[123.03015,-0.89098],[123.02677,-0.89106],[123.03199,-0.89477],[123.0297,-0.89654],[123.02477,-0.89387],[123.02241,-0.89539],[123.02161,-0.88952],[123.02482,-0.88195],[123.02793,-0.88251],[123.02998,-0.88679]]],[[[123.04315,-0.89067],[123.04452,-0.89204],[123.04387,-0.89759],[123.04698,-0.90107],[123.04463,-0.90141],[123.04247,-0.90042],[123.04394,-0.89616],[123.04301,-0.89306],[123.04069,-0.89272],[123.04255,-0.89488],[123.04067,-0.89809],[123.03848,-0.89543],[123.0366,-0.89546],[123.03655,-0.89203],[123.03852,-0.88944],[123.03697,-0.88037],[123.03873,-0.87976],[123.03906,-0.87723],[123.04154,-0.87721],[123.04156,-0.875],[123.04368,-0.87361],[123.04146,-0.8703],[123.0415,-0.87252],[123.0401,-0.87249],[123.04006,-0.87153],[123.04052,-0.87047],[123.04046,-0.87027],[123.03905,-0.87241],[123.03993,-0.87389],[123.0396,-0.87522],[123.03768,-0.87582],[123.03594,-0.87534],[123.03584,-0.8779],[123.03414,-0.87685],[123.03146,-0.87872],[123.03433,-0.87911],[123.03333,-0.88465],[123.03546,-0.88883],[123.03424,-0.88891],[123.03148,-0.8829],[123.03023,-0.88393],[123.02933,-0.88238],[123.03102,-0.8819],[123.03152,-0.87722],[123.03584,-0.8741],[123.03736,-0.87533],[123.03951,-0.8745],[123.03798,-0.87182],[123.04022,-0.87019],[123.04185,-0.87003],[123.04339,-0.87062],[123.04442,-0.87205],[123.04614,-0.87895],[123.04315,-0.89067]]],[[[123.02848,-0.88131],[123.02852,-0.88067],[123.02869,-0.88077],[123.02848,-0.88131]]],[[[122.94264,-0.85755],[122.9431,-0.85852],[122.9388,-0.8604],[122.94176,-0.86067],[122.94468,-0.86511],[122.9496,-0.86011],[122.95058,-0.86204],[122.95274,-0.86224],[122.95344,-0.86489],[122.95776,-0.86515],[122.94745,-0.86675],[122.95009,-0.86869],[122.95054,-0.87109],[122.95521,-0.87097],[122.95599,-0.87471],[122.9497,-0.87937],[122.94636,-0.87802],[122.94318,-0.87985],[122.94387,-0.88136],[122.9428,-0.88116],[122.94133,-0.88562],[122.93598,-0.88373],[122.9352,-0.88733],[122.93841,-0.88672],[122.93962,-0.88844],[122.93666,-0.89101],[122.93795,-0.89201],[122.93616,-0.89251],[122.93109,-0.88886],[122.92781,-0.89168],[122.92565,-0.88841],[122.92271,-0.88914],[122.92509,-0.88731],[122.92348,-0.88574],[122.92662,-0.88494],[122.92468,-0.88344],[122.9251,-0.88138],[122.92802,-0.88323],[122.92819,-0.8815],[122.93007,-0.88177],[122.93096,-0.87986],[122.9381,-0.87972],[122.93655,-0.87805],[122.9314,-0.87799],[122.92962,-0.87434],[122.93313,-0.87344],[122.9328,-0.87231],[122.92429,-0.87301],[122.92373,-0.87021],[122.91985,-0.86873],[122.92959,-0.86076],[122.92892,-0.85744],[122.92504,-0.85295],[122.92474,-0.85057],[122.92562,-0.84915],[122.9284,-0.85098],[122.93063,-0.84891],[122.94264,-0.85755]]],[[[123.04119,-0.80227],[123.04086,-0.80855],[123.05074,-0.80862],[123.05285,-0.81283],[123.05067,-0.81481],[123.05259,-0.8181],[123.04389,-0.82316],[123.03317,-0.82649],[123.03174,-0.82435],[123.02706,-0.82477],[123.02894,-0.82213],[123.02442,-0.82088],[123.02447,-0.8098],[123.02777,-0.80318],[123.03075,-0.80342],[123.03238,-0.79928],[123.03064,-0.79866],[123.03324,-0.79774],[123.0309,-0.79716],[123.04053,-0.79482],[123.04119,-0.79827],[123.03826,-0.80181],[123.04119,-0.80227]]],[[[122.22256,-0.79704],[122.22664,-0.79568],[122.22813,-0.79822],[122.22548,-0.79977],[122.23002,-0.80109],[122.22943,-0.80348],[122.23186,-0.80473],[122.22995,-0.80589],[122.23311,-0.808],[122.23554,-0.80555],[122.23773,-0.80597],[122.23504,-0.80401],[122.23598,-0.79763],[122.24277,-0.798],[122.24331,-0.80112],[122.24786,-0.80227],[122.24999,-0.806],[122.25265,-0.80625],[122.2549,-0.80338],[122.25975,-0.80356],[122.26606,-0.8046],[122.26946,-0.80781],[122.26596,-0.81306],[122.26217,-0.81214],[122.25992,-0.81378],[122.25846,-0.8161],[122.25906,-0.8189],[122.25499,-0.82332],[122.24976,-0.81689],[122.25056,-0.8156],[122.24882,-0.81609],[122.24406,-0.81207],[122.21702,-0.81595],[122.21782,-0.81387],[122.21548,-0.81189],[122.21848,-0.81054],[122.21463,-0.80728],[122.21397,-0.80126],[122.21626,-0.80131],[122.21619,-0.79941],[122.21328,-0.8002],[122.20668,-0.79482],[122.20899,-0.79403],[122.22143,-0.79952],[122.22256,-0.79704]]],[[[122.97814,-0.76943],[122.99125,-0.77164],[122.99167,-0.77404],[122.99296,-0.77481],[122.99691,-0.77485],[122.99425,-0.77865],[122.99191,-0.77897],[122.99276,-0.7809],[122.99124,-0.78262],[122.99684,-0.78893],[123.00112,-0.79863],[123.00247,-0.79898],[123.00213,-0.80222],[122.99823,-0.80297],[123.00104,-0.80934],[123.00479,-0.80985],[123.00563,-0.812],[123.00748,-0.81343],[123.00097,-0.81506],[122.99765,-0.81275],[122.99548,-0.813],[122.99382,-0.81583],[122.99586,-0.81956],[122.99267,-0.82046],[122.99165,-0.82265],[122.99791,-0.82462],[122.99905,-0.82826],[122.98784,-0.82976],[122.98813,-0.82705],[122.98501,-0.82683],[122.9826,-0.82805],[122.98139,-0.83098],[122.97536,-0.83155],[122.96841,-0.8369],[122.96352,-0.8339],[122.95976,-0.83661],[122.95557,-0.83726],[122.94955,-0.8454],[122.94664,-0.8424],[122.9421,-0.8439],[122.93997,-0.83968],[122.93756,-0.8394],[122.93478,-0.84766],[122.93047,-0.84603],[122.9275,-0.8488],[122.92541,-0.84652],[122.91988,-0.8498],[122.91603,-0.84775],[122.90773,-0.85254],[122.8927,-0.85219],[122.89425,-0.83937],[122.90757,-0.83443],[122.90879,-0.83082],[122.91229,-0.82797],[122.91578,-0.82768],[122.91852,-0.83054],[122.91974,-0.83006],[122.92041,-0.82085],[122.9172,-0.81401],[122.92022,-0.81182],[122.92135,-0.80849],[122.92437,-0.80783],[122.92409,-0.80384],[122.92228,-0.80364],[122.9342,-0.80425],[122.93449,-0.80067],[122.93351,-0.80298],[122.92972,-0.80256],[122.93127,-0.79901],[122.93028,-0.79772],[122.93224,-0.79894],[122.93341,-0.7978],[122.93015,-0.79328],[122.93563,-0.78809],[122.93867,-0.78741],[122.94213,-0.78902],[122.94477,-0.78705],[122.94341,-0.78537],[122.94498,-0.78409],[122.93813,-0.78545],[122.9357,-0.78755],[122.93143,-0.78445],[122.92585,-0.78612],[122.91964,-0.78553],[122.91188,-0.78118],[122.91256,-0.77827],[122.91086,-0.7781],[122.91188,-0.77668],[122.91045,-0.77784],[122.91069,-0.77873],[122.91185,-0.77843],[122.90985,-0.78447],[122.90754,-0.78281],[122.90377,-0.78357],[122.90081,-0.78869],[122.89814,-0.78924],[122.89207,-0.78613],[122.88905,-0.78824],[122.88423,-0.78573],[122.88116,-0.78724],[122.87408,-0.78608],[122.86674,-0.7892],[122.86307,-0.789],[122.86422,-0.78318],[122.86825,-0.78628],[122.86596,-0.77541],[122.86855,-0.77684],[122.87079,-0.77505],[122.87106,-0.77674],[122.87553,-0.77694],[122.88001,-0.7799],[122.88297,-0.77809],[122.88343,-0.77583],[122.89056,-0.77452],[122.90111,-0.7789],[122.90367,-0.77844],[122.90769,-0.77412],[122.91056,-0.77538],[122.91106,-0.77397],[122.91578,-0.77463],[122.91839,-0.77734],[122.91629,-0.77201],[122.91699,-0.77025],[122.91884,-0.77211],[122.92292,-0.77251],[122.92267,-0.76784],[122.92523,-0.76739],[122.93095,-0.77443],[122.93382,-0.77191],[122.93241,-0.77101],[122.93311,-0.76698],[122.93593,-0.76739],[122.93639,-0.76516],[122.93925,-0.76315],[122.94619,-0.76225],[122.95005,-0.76476],[122.95277,-0.7639],[122.95653,-0.76516],[122.96045,-0.76345],[122.96246,-0.76546],[122.96657,-0.76401],[122.97814,-0.76943]],[[122.93841,-0.79531],[122.94153,-0.79674],[122.94292,-0.79543],[122.93802,-0.79458],[122.93758,-0.79269],[122.93661,-0.79609],[122.93952,-0.79691],[122.93841,-0.79531]]],[[[122.86616,-0.77434],[122.86684,-0.77456],[122.86579,-0.77498],[122.86616,-0.77434]]],[[[122.82048,-0.67687],[122.83039,-0.68436],[122.83289,-0.68342],[122.83617,-0.68492],[122.84156,-0.68292],[122.84315,-0.68762],[122.84227,-0.69373],[122.84444,-0.69766],[122.84236,-0.70901],[122.83592,-0.70935],[122.83003,-0.70486],[122.82869,-0.70151],[122.82306,-0.69883],[122.81529,-0.70091],[122.81449,-0.70412],[122.80678,-0.70714],[122.80517,-0.70727],[122.80511,-0.70299],[122.80156,-0.7074],[122.79941,-0.70526],[122.78903,-0.70446],[122.79091,-0.70138],[122.78883,-0.6987],[122.78963,-0.69434],[122.78823,-0.69387],[122.78682,-0.69662],[122.78394,-0.68985],[122.78257,-0.69596],[122.77775,-0.69337],[122.77677,-0.69015],[122.76918,-0.68417],[122.78189,-0.67994],[122.78868,-0.67425],[122.79433,-0.67547],[122.79328,-0.67938],[122.79478,-0.67868],[122.79479,-0.68031],[122.79653,-0.68079],[122.7966,-0.67613],[122.80192,-0.67307],[122.80078,-0.66621],[122.80373,-0.66184],[122.81447,-0.66093],[122.81444,-0.65778],[122.81955,-0.65526],[122.82432,-0.6575],[122.82912,-0.67513],[122.82707,-0.67672],[122.82048,-0.67687]],[[122.82006,-0.67652],[122.82028,-0.67661],[122.82019,-0.6765],[122.82006,-0.67652]]],[[[122.60755,-0.49392],[122.60301,-0.49606],[122.58846,-0.49762],[122.57648,-0.50387],[122.55727,-0.50821],[122.55042,-0.50628],[122.54581,-0.50045],[122.5486,-0.49798],[122.56287,-0.49947],[122.59195,-0.48998],[122.60049,-0.4898],[122.60755,-0.49392]]],[[[123.05966,-0.89715],[123.05947,-0.8974],[123.0595,-0.89727],[123.05966,-0.89715]]],[[[123.08505,-0.89465],[123.06989,-0.89945],[123.06451,-0.90004],[123.05938,-0.89826],[123.06565,-0.89509],[123.07201,-0.89758],[123.07435,-0.89502],[123.07885,-0.8962],[123.08304,-0.89468],[123.08306,-0.89347],[123.08107,-0.89413],[123.08279,-0.89193],[123.08505,-0.89465]]],[[[123.07027,-0.89388],[123.0697,-0.8945],[123.06943,-0.8942],[123.07027,-0.89388]]],[[[123.07121,-0.89304],[123.07169,-0.89386],[123.07131,-0.89423],[123.07121,-0.89304]]],[[[123.0694,-0.89294],[123.06897,-0.88845],[123.06991,-0.8896],[123.0694,-0.89294]]],[[[123.07602,-0.8887],[123.07682,-0.88881],[123.07677,-0.88932],[123.07602,-0.8887]]],[[[123.07354,-0.88892],[123.07341,-0.88759],[123.07442,-0.88743],[123.07354,-0.88892]]],[[[123.06884,-0.88679],[123.06832,-0.88742],[123.0679,-0.8867],[123.06884,-0.88679]]],[[[123.07659,-0.88588],[123.0772,-0.88622],[123.07672,-0.88675],[123.07659,-0.88588]]],[[[123.07519,-0.88587],[123.07534,-0.88613],[123.0743,-0.8861],[123.07519,-0.88587]]],[[[123.06849,-0.88567],[123.06685,-0.88627],[123.0669,-0.88409],[123.06849,-0.88567]]],[[[123.08216,-0.88255],[123.08188,-0.88612],[123.07989,-0.87989],[123.08216,-0.88255]]],[[[123.07704,-0.88288],[123.07645,-0.881],[123.078,-0.88151],[123.07704,-0.88288]]],[[[123.07499,-0.88128],[123.07518,-0.88125],[123.07513,-0.8814],[123.07499,-0.88128]]],[[[123.07532,-0.87985],[123.07585,-0.87951],[123.07621,-0.8808],[123.07532,-0.87985]]],[[[123.07737,-0.8805],[123.07632,-0.87886],[123.07725,-0.8789],[123.07737,-0.8805]]],[[[123.07554,-0.87683],[123.07559,-0.87778],[123.07494,-0.87775],[123.07554,-0.87683]]],[[[123.0703,-0.87392],[123.0702,-0.87418],[123.06923,-0.87387],[123.0703,-0.87392]]],[[[123.09735,-0.83531],[123.09295,-0.84185],[123.09371,-0.84742],[123.08615,-0.84998],[123.08602,-0.85157],[123.08072,-0.85302],[123.07869,-0.85607],[123.07902,-0.86026],[123.07668,-0.8602],[123.07797,-0.86097],[123.07618,-0.86238],[123.07273,-0.86214],[123.07204,-0.86435],[123.06747,-0.86468],[123.06805,-0.86666],[123.06682,-0.86738],[123.065,-0.86494],[123.06165,-0.86835],[123.06187,-0.87131],[123.06454,-0.87342],[123.0611,-0.8737],[123.05994,-0.87697],[123.06496,-0.87694],[123.06629,-0.88096],[123.06712,-0.87747],[123.07109,-0.87767],[123.07455,-0.88315],[123.07254,-0.88701],[123.07031,-0.88146],[123.06666,-0.88399],[123.06377,-0.88231],[123.06136,-0.89084],[123.06045,-0.89293],[123.05947,-0.89298],[123.06446,-0.87742],[123.05836,-0.87831],[123.05561,-0.87618],[123.06059,-0.86531],[123.07708,-0.85602],[123.07624,-0.85417],[123.08137,-0.84947],[123.08068,-0.85125],[123.08517,-0.8513],[123.08505,-0.84794],[123.08942,-0.84674],[123.0938,-0.83892],[123.09617,-0.83614],[123.0989,-0.8339],[123.10757,-0.83497],[123.10889,-0.83629],[123.1067,-0.83904],[123.09735,-0.83531]]],[[[123.1142,-0.84186],[123.11657,-0.84435],[123.11899,-0.84291],[123.12082,-0.84647],[123.12004,-0.84795],[123.12525,-0.85032],[123.12716,-0.85446],[123.11888,-0.85018],[123.11514,-0.84527],[123.11157,-0.84419],[123.10919,-0.84123],[123.1117,-0.83826],[123.11449,-0.83886],[123.11495,-0.84072],[123.11623,-0.83938],[123.11754,-0.83989],[123.11694,-0.84173],[123.1142,-0.84186]]],[[[123.28199,-1.01099],[123.27696,-1.0138],[123.27376,-1.01131],[123.27205,-1.01174],[123.27365,-1.00787],[123.27718,-1.00787],[123.27515,-1.00625],[123.27792,-1.00367],[123.2775,-1.00034],[123.27791,-1.00189],[123.28274,-1.0018],[123.28341,-1.00759],[123.27996,-1.00819],[123.28199,-1.01099]]],[[[123.26823,-1.00395],[123.2682,-1.00185],[123.27065,-0.9969],[123.27301,-0.997],[123.27493,-1.00045],[123.27066,-1.00109],[123.2713,-1.00294],[123.26823,-1.00395]]],[[[123.26219,-0.99201],[123.26259,-0.9921],[123.26253,-0.9925],[123.26219,-0.99201]]],[[[123.33397,-0.96718],[123.32862,-0.96965],[123.34039,-0.97103],[123.34053,-0.97383],[123.35576,-0.97487],[123.35938,-0.97616],[123.36133,-0.97883],[123.35173,-0.98045],[123.35029,-0.97857],[123.34636,-0.9789],[123.33749,-0.98287],[123.33749,-0.98452],[123.34096,-0.98585],[123.34138,-0.98749],[123.3498,-0.98712],[123.34438,-0.99113],[123.34923,-0.99211],[123.34951,-0.99369],[123.35334,-0.99534],[123.35337,-0.99781],[123.34951,-0.99692],[123.34813,-0.99862],[123.34581,-0.99663],[123.34329,-0.99883],[123.34178,-0.99613],[123.33449,-1.00084],[123.33599,-1.00209],[123.33531,-1.00327],[123.33185,-1.0043],[123.32703,-1.00116],[123.326,-1.00733],[123.31855,-1.01264],[123.3178,-1.01059],[123.31319,-1.01011],[123.31202,-1.00308],[123.30921,-1.00114],[123.31133,-0.99744],[123.31509,-0.99552],[123.31354,-0.992],[123.30934,-0.99013],[123.31111,-0.98781],[123.30336,-0.98656],[123.29818,-0.98951],[123.30004,-0.98598],[123.29601,-0.98688],[123.29606,-0.98955],[123.29473,-0.98732],[123.29128,-0.99093],[123.28924,-0.98915],[123.28211,-0.98915],[123.27946,-0.98518],[123.27755,-0.98795],[123.27881,-0.98876],[123.27484,-0.98937],[123.27607,-0.99335],[123.27165,-0.99578],[123.26478,-0.98926],[123.26435,-0.98495],[123.27127,-0.97866],[123.26971,-0.97552],[123.26571,-0.97681],[123.26668,-0.97254],[123.27045,-0.973],[123.27215,-0.97082],[123.27926,-0.9734],[123.28537,-0.97234],[123.28988,-0.96901],[123.30407,-0.96453],[123.31311,-0.96531],[123.31759,-0.96822],[123.32087,-0.96229],[123.32459,-0.96548],[123.32878,-0.96439],[123.33397,-0.96718]]],[[[123.25666,-0.87865],[123.25373,-0.88074],[123.24822,-0.8799],[123.24947,-0.88179],[123.25406,-0.88164],[123.24974,-0.88468],[123.25162,-0.88666],[123.26154,-0.88489],[123.25955,-0.88591],[123.25862,-0.88986],[123.25541,-0.89066],[123.25985,-0.89476],[123.26307,-0.89508],[123.26644,-0.89173],[123.28085,-0.89083],[123.28292,-0.88826],[123.28943,-0.88891],[123.2847,-0.89268],[123.28543,-0.896],[123.28926,-0.89544],[123.29049,-0.89792],[123.29196,-0.89758],[123.29112,-0.90614],[123.2941,-0.90659],[123.29393,-0.9089],[123.29697,-0.91126],[123.3017,-0.90872],[123.31398,-0.90996],[123.32237,-0.90619],[123.32946,-0.9072],[123.32839,-0.91734],[123.33008,-0.92106],[123.33526,-0.92342],[123.33956,-0.92912],[123.33758,-0.92867],[123.33657,-0.93066],[123.33976,-0.93188],[123.33994,-0.9306],[123.34154,-0.93079],[123.34581,-0.93299],[123.34821,-0.93925],[123.34478,-0.94009],[123.34238,-0.93738],[123.33798,-0.93655],[123.33679,-0.93329],[123.33206,-0.9326],[123.33025,-0.93425],[123.33289,-0.93832],[123.33179,-0.94131],[123.33477,-0.94332],[123.33183,-0.94392],[123.33126,-0.94634],[123.32751,-0.94689],[123.32166,-0.94497],[123.3185,-0.94618],[123.31814,-0.94313],[123.31448,-0.93953],[123.30817,-0.94054],[123.29623,-0.93896],[123.29585,-0.94001],[123.29473,-0.93636],[123.29636,-0.9353],[123.29117,-0.934],[123.28887,-0.9387],[123.29092,-0.93825],[123.29461,-0.94178],[123.29117,-0.94499],[123.28685,-0.94388],[123.28769,-0.94211],[123.28553,-0.94239],[123.28401,-0.94042],[123.2803,-0.94183],[123.27089,-0.93925],[123.2674,-0.9429],[123.26362,-0.94124],[123.25151,-0.94269],[123.24945,-0.94533],[123.25126,-0.94709],[123.24953,-0.94889],[123.25136,-0.95011],[123.24732,-0.95619],[123.24949,-0.95824],[123.24833,-0.95982],[123.24563,-0.96066],[123.24315,-0.95662],[123.23762,-0.9535],[123.23027,-0.95439],[123.22762,-0.9524],[123.22521,-0.954],[123.22182,-0.95359],[123.21959,-0.95627],[123.21221,-0.95861],[123.2134,-0.96275],[123.21055,-0.96555],[123.20407,-0.96251],[123.20472,-0.95802],[123.20989,-0.95534],[123.219,-0.95484],[123.22051,-0.9517],[123.21541,-0.95144],[123.21098,-0.95409],[123.20721,-0.95377],[123.20156,-0.95629],[123.20026,-0.95461],[123.21075,-0.94701],[123.22007,-0.94669],[123.22291,-0.94368],[123.22791,-0.94357],[123.2282,-0.94127],[123.23017,-0.94038],[123.21671,-0.93492],[123.20135,-0.93448],[123.19948,-0.93175],[123.20174,-0.93034],[123.20895,-0.93057],[123.21252,-0.92869],[123.21452,-0.93089],[123.22096,-0.92751],[123.2296,-0.92834],[123.2301,-0.9253],[123.21364,-0.92421],[123.21002,-0.92719],[123.2045,-0.92761],[123.20153,-0.92628],[123.19698,-0.92887],[123.19341,-0.9267],[123.18523,-0.92916],[123.17588,-0.92683],[123.16742,-0.93021],[123.16169,-0.92652],[123.15976,-0.92911],[123.1581,-0.92845],[123.15812,-0.9261],[123.16367,-0.92544],[123.16369,-0.91889],[123.16536,-0.91637],[123.17153,-0.91896],[123.17794,-0.91702],[123.18453,-0.91776],[123.18648,-0.91658],[123.18955,-0.91792],[123.19041,-0.91456],[123.19283,-0.91396],[123.19213,-0.91155],[123.20635,-0.9068],[123.20502,-0.90252],[123.21991,-0.89754],[123.21637,-0.89281],[123.22186,-0.88831],[123.22135,-0.87802],[123.22263,-0.87725],[123.23003,-0.87738],[123.23616,-0.87506],[123.24805,-0.87488],[123.25019,-0.87673],[123.25289,-0.87575],[123.25666,-0.87865]],[[123.22301,-0.8875],[123.23053,-0.88856],[123.23266,-0.89169],[123.23873,-0.89092],[123.23771,-0.88949],[123.23914,-0.88878],[123.23038,-0.88674],[123.22301,-0.8875]]],[[[123.15294,-0.91205],[123.15611,-0.91305],[123.15287,-0.91538],[123.14893,-0.91438],[123.15315,-0.91333],[123.15294,-0.91205]]],[[[123.19125,-0.90223],[123.19598,-0.89887],[123.20333,-0.90124],[123.2025,-0.90573],[123.19159,-0.90567],[123.19125,-0.90223]]],[[[123.15819,-0.9029],[123.1524,-0.9029],[123.15029,-0.90462],[123.14764,-0.9038],[123.15276,-0.90063],[123.15377,-0.89469],[123.15311,-0.89387],[123.15306,-0.89495],[123.1514,-0.89605],[123.15067,-0.89504],[123.15241,-0.89477],[123.15338,-0.8902],[123.15472,-0.89369],[123.15563,-0.89008],[123.15715,-0.89108],[123.15819,-0.9029]]],[[[123.14156,-0.88842],[123.13848,-0.89028],[123.13871,-0.88968],[123.14156,-0.88842]]],[[[123.15102,-0.88193],[123.15042,-0.88422],[123.1406,-0.8763],[123.14246,-0.87562],[123.14698,-0.87829],[123.14587,-0.8802],[123.14759,-0.88175],[123.14944,-0.88143],[123.14894,-0.87902],[123.15102,-0.88193]]],[[[123.14381,-0.87203],[123.14539,-0.87322],[123.14438,-0.87247],[123.14381,-0.87203]]],[[[123.13678,-0.8708],[123.13831,-0.87195],[123.13737,-0.8726],[123.13514,-0.86965],[123.13425,-0.86772],[123.13459,-0.86638],[123.13678,-0.8708]]],[[[123.1376,-0.86478],[123.13743,-0.86451],[123.13781,-0.86503],[123.1376,-0.86478]]],[[[123.13724,-0.86438],[123.1374,-0.86448],[123.13743,-0.86451],[123.13724,-0.86438]]],[[[123.13282,-0.8642],[123.13286,-0.86432],[123.13254,-0.86402],[123.13282,-0.8642]]],[[[123.13281,-0.86364],[123.13285,-0.86369],[123.13183,-0.86337],[123.13281,-0.86364]]],[[[123.09767,-0.62982],[123.10684,-0.63104],[123.10684,-0.63384],[123.11941,-0.63454],[123.12796,-0.63128],[123.13264,-0.63132],[123.16142,-0.64334],[123.18649,-0.65039],[123.19305,-0.64945],[123.21849,-0.6393],[123.22383,-0.63948],[123.22628,-0.64217],[123.23095,-0.64052],[123.23942,-0.64314],[123.23998,-0.63619],[123.25035,-0.63684],[123.25825,-0.64285],[123.26626,-0.6448],[123.26785,-0.65334],[123.27208,-0.6575],[123.26877,-0.66407],[123.27252,-0.66634],[123.27215,-0.66874],[123.27952,-0.66473],[123.2813,-0.66553],[123.28183,-0.66166],[123.28357,-0.66333],[123.28456,-0.66876],[123.29521,-0.66459],[123.3074,-0.67552],[123.31371,-0.67528],[123.31224,-0.67225],[123.3087,-0.67144],[123.30627,-0.6679],[123.30215,-0.66611],[123.30377,-0.6643],[123.30117,-0.66279],[123.30633,-0.65729],[123.31175,-0.65739],[123.31492,-0.65925],[123.32949,-0.65705],[123.34345,-0.65801],[123.35016,-0.66189],[123.35459,-0.66593],[123.35529,-0.66986],[123.35774,-0.66997],[123.35718,-0.67311],[123.35886,-0.67593],[123.35696,-0.68025],[123.35704,-0.6856],[123.35225,-0.6881],[123.35224,-0.69068],[123.3441,-0.6909],[123.34378,-0.69206],[123.34578,-0.6937],[123.35068,-0.69387],[123.3545,-0.69696],[123.35848,-0.69549],[123.36218,-0.70209],[123.367,-0.70388],[123.37174,-0.70899],[123.37738,-0.70973],[123.37865,-0.71126],[123.37507,-0.71621],[123.37916,-0.71801],[123.38846,-0.72796],[123.39193,-0.72883],[123.38987,-0.73218],[123.39045,-0.73735],[123.39526,-0.73848],[123.39847,-0.74101],[123.39777,-0.74244],[123.40026,-0.74311],[123.39624,-0.74579],[123.39385,-0.74498],[123.39442,-0.75153],[123.39681,-0.75449],[123.39299,-0.75339],[123.39151,-0.75674],[123.39705,-0.75889],[123.40074,-0.75889],[123.4026,-0.75688],[123.40729,-0.75712],[123.41341,-0.76062],[123.42632,-0.75937],[123.42924,-0.76062],[123.43144,-0.7652],[123.43134,-0.76678],[123.42245,-0.76277],[123.41948,-0.7652],[123.418,-0.76353],[123.41494,-0.76406],[123.40886,-0.76162],[123.39624,-0.76205],[123.39447,-0.7652],[123.38854,-0.7643],[123.38677,-0.76172],[123.38548,-0.76272],[123.38639,-0.76587],[123.38347,-0.7643],[123.37692,-0.76635],[123.37941,-0.76894],[123.38696,-0.77013],[123.39179,-0.77577],[123.38453,-0.77989],[123.38343,-0.78252],[123.38462,-0.78381],[123.38883,-0.77984],[123.39289,-0.7785],[123.39538,-0.77821],[123.3955,-0.77989],[123.39882,-0.77883],[123.40016,-0.78051],[123.40442,-0.77926],[123.40638,-0.78271],[123.41838,-0.78783],[123.41499,-0.78897],[123.41068,-0.7951],[123.40945,-0.79387],[123.40614,-0.79433],[123.40665,-0.796],[123.40469,-0.7962],[123.40364,-0.79853],[123.40557,-0.7984],[123.40475,-0.80017],[123.40772,-0.80184],[123.40643,-0.80299],[123.40762,-0.80427],[123.40464,-0.8056],[123.40506,-0.8038],[123.40298,-0.80199],[123.40287,-0.80626],[123.40502,-0.80845],[123.403,-0.81226],[123.40107,-0.81356],[123.39466,-0.80992],[123.39112,-0.81164],[123.38916,-0.81585],[123.38816,-0.82173],[123.3917,-0.82273],[123.39545,-0.83145],[123.3947,-0.83408],[123.40105,-0.83832],[123.40215,-0.8443],[123.39738,-0.84399],[123.39441,-0.84615],[123.38595,-0.84217],[123.38271,-0.84281],[123.38038,-0.84084],[123.38115,-0.83697],[123.37957,-0.82988],[123.37462,-0.82964],[123.3701,-0.83122],[123.36884,-0.83666],[123.36969,-0.84435],[123.36853,-0.84623],[123.36651,-0.84455],[123.36546,-0.84674],[123.36703,-0.84746],[123.36569,-0.84899],[123.36785,-0.85118],[123.3661,-0.85248],[123.36716,-0.85628],[123.36415,-0.85426],[123.36415,-0.85105],[123.3618,-0.85053],[123.36378,-0.84766],[123.36077,-0.84445],[123.35691,-0.84619],[123.35913,-0.8478],[123.35629,-0.85184],[123.35756,-0.85744],[123.35089,-0.85419],[123.34836,-0.85481],[123.34692,-0.853],[123.34114,-0.85296],[123.3236,-0.84083],[123.32045,-0.84302],[123.32196,-0.84589],[123.3179,-0.84553],[123.31411,-0.85013],[123.30985,-0.84988],[123.30815,-0.84659],[123.30304,-0.84538],[123.29915,-0.84945],[123.30304,-0.84933],[123.3028,-0.852],[123.3048,-0.85395],[123.30371,-0.85881],[123.3025,-0.85923],[123.29879,-0.85401],[123.29703,-0.85401],[123.29818,-0.8568],[123.29301,-0.8599],[123.29569,-0.86562],[123.29508,-0.86933],[123.29636,-0.87242],[123.30316,-0.87443],[123.30462,-0.87874],[123.3076,-0.87893],[123.31696,-0.88671],[123.31668,-0.88846],[123.31364,-0.8893],[123.31392,-0.89093],[123.31691,-0.89184],[123.31933,-0.88874],[123.32153,-0.89809],[123.31713,-0.8978],[123.31021,-0.89273],[123.30615,-0.89228],[123.30221,-0.88153],[123.29686,-0.87691],[123.29224,-0.87624],[123.29024,-0.88117],[123.287,-0.88249],[123.28667,-0.88592],[123.28062,-0.88418],[123.2786,-0.88137],[123.27371,-0.88177],[123.24897,-0.87043],[123.24995,-0.86779],[123.25209,-0.86954],[123.26053,-0.86877],[123.26285,-0.87272],[123.27196,-0.87582],[123.26981,-0.8695],[123.26824,-0.87034],[123.25699,-0.86511],[123.25981,-0.85949],[123.24773,-0.85294],[123.24611,-0.8488],[123.24263,-0.84601],[123.24358,-0.84371],[123.23939,-0.84126],[123.2397,-0.83563],[123.2447,-0.83374],[123.24438,-0.8307],[123.24942,-0.8316],[123.25126,-0.82842],[123.25074,-0.8263],[123.24814,-0.82725],[123.24366,-0.82597],[123.24646,-0.824],[123.24416,-0.82147],[123.24214,-0.82144],[123.24291,-0.81899],[123.23708,-0.81994],[123.23584,-0.8174],[123.22603,-0.81123],[123.21979,-0.81082],[123.21876,-0.81306],[123.21679,-0.81344],[123.21271,-0.81243],[123.20822,-0.80993],[123.21073,-0.80787],[123.20953,-0.80655],[123.2068,-0.8072],[123.20394,-0.80492],[123.20204,-0.80621],[123.19949,-0.8036],[123.19479,-0.80321],[123.1855,-0.79887],[123.17841,-0.80215],[123.17104,-0.80032],[123.17295,-0.79617],[123.16998,-0.7955],[123.16644,-0.79],[123.1605,-0.79058],[123.15284,-0.79733],[123.14574,-0.79902],[123.14314,-0.79587],[123.14191,-0.79722],[123.13885,-0.79643],[123.13626,-0.8007],[123.13624,-0.78773],[123.12233,-0.78756],[123.12258,-0.76683],[123.09938,-0.76677],[123.09964,-0.77208],[123.09095,-0.76901],[123.0879,-0.77122],[123.08405,-0.77055],[123.08299,-0.77202],[123.07563,-0.77309],[123.05515,-0.77251],[123.05386,-0.76947],[123.04816,-0.76955],[123.04268,-0.77175],[123.04251,-0.77639],[123.02883,-0.77635],[123.02257,-0.78553],[123.01572,-0.7833],[123.00902,-0.7844],[123.00887,-0.78546],[123.01266,-0.78559],[123.00954,-0.78942],[123.01427,-0.78989],[123.00944,-0.7976],[123.01415,-0.79806],[123.01215,-0.80089],[123.00729,-0.80048],[123.0066,-0.80304],[123.00935,-0.80385],[123.01051,-0.80793],[123.01285,-0.80671],[123.01207,-0.80824],[123.01361,-0.80914],[123.01631,-0.80711],[123.01831,-0.81098],[123.02026,-0.811],[123.02049,-0.81654],[123.01886,-0.81908],[123.01607,-0.81603],[123.0095,-0.81521],[123.005,-0.80944],[123.00151,-0.80915],[122.99882,-0.80295],[123.00244,-0.80256],[123.00417,-0.7977],[123.00133,-0.79596],[123.00022,-0.79237],[122.99871,-0.79196],[122.99906,-0.78976],[122.9959,-0.78709],[122.99689,-0.78365],[122.99484,-0.7827],[122.99422,-0.77934],[122.99732,-0.77462],[122.99303,-0.77435],[122.99219,-0.77227],[123.00879,-0.77636],[123.01663,-0.77581],[123.01643,-0.7732],[123.00613,-0.77295],[123.00487,-0.77069],[122.99975,-0.76968],[122.99955,-0.76838],[123.0112,-0.76797],[123.01578,-0.7638],[123.01809,-0.7632],[123.01994,-0.76481],[123.02236,-0.76229],[123.03009,-0.76084],[123.03166,-0.75919],[123.03478,-0.76085],[123.03642,-0.76023],[123.03669,-0.75447],[123.03235,-0.74861],[123.03372,-0.7462],[123.02215,-0.74428],[123.02453,-0.74087],[123.02367,-0.73981],[123.02141,-0.74147],[123.02091,-0.73464],[123.0186,-0.73579],[123.01729,-0.73936],[123.01222,-0.73433],[123.01388,-0.73911],[123.01287,-0.74112],[123.00845,-0.73886],[123.00946,-0.73308],[123.00624,-0.72348],[123.00217,-0.726],[123.00493,-0.72806],[123.00508,-0.73027],[123.00172,-0.72886],[123.00252,-0.73067],[123.0,-0.7335],[122.99837,-0.73225],[122.99767,-0.7337],[122.99614,-0.73316],[122.99936,-0.73604],[122.99941,-0.73815],[122.99694,-0.7367],[122.98795,-0.74017],[122.98468,-0.73645],[122.98438,-0.73384],[122.98262,-0.73398],[122.98177,-0.73006],[122.9779,-0.73906],[122.97479,-0.73645],[122.97388,-0.74353],[122.97172,-0.74584],[122.96569,-0.74152],[122.96162,-0.74072],[122.96217,-0.73454],[122.95926,-0.73449],[122.95916,-0.73182],[122.95685,-0.73147],[122.95187,-0.73514],[122.94956,-0.73052],[122.94698,-0.72948],[122.94864,-0.72869],[122.94604,-0.72907],[122.94793,-0.7236],[122.95037,-0.72209],[122.94992,-0.71727],[122.94351,-0.72401],[122.93959,-0.72405],[122.93587,-0.72684],[122.93605,-0.72895],[122.92494,-0.72884],[122.91925,-0.73717],[122.91412,-0.73585],[122.90939,-0.73856],[122.90774,-0.73788],[122.90655,-0.73234],[122.90346,-0.73298],[122.90146,-0.73035],[122.89871,-0.73377],[122.8981,-0.73132],[122.89498,-0.73035],[122.8982,-0.7241],[122.89786,-0.72156],[122.89451,-0.72243],[122.88768,-0.7162],[122.88359,-0.71834],[122.88084,-0.7169],[122.88044,-0.71464],[122.87949,-0.7164],[122.87752,-0.71569],[122.87788,-0.71353],[122.87471,-0.71368],[122.87255,-0.71609],[122.872,-0.71177],[122.87029,-0.71077],[122.87187,-0.70742],[122.87022,-0.70588],[122.86494,-0.70885],[122.86306,-0.71183],[122.8568,-0.71145],[122.85624,-0.70946],[122.85443,-0.70908],[122.85152,-0.71153],[122.84939,-0.707],[122.84638,-0.70841],[122.8451,-0.7074],[122.8459,-0.69601],[122.84426,-0.69289],[122.84462,-0.6862],[122.84269,-0.6824],[122.84711,-0.67633],[122.85183,-0.67617],[122.85425,-0.66775],[122.85644,-0.666],[122.86228,-0.66742],[122.8625,-0.66342],[122.86492,-0.66233],[122.86883,-0.66275],[122.87092,-0.66683],[122.87722,-0.66569],[122.87881,-0.66675],[122.87661,-0.6757],[122.87739,-0.67744],[122.88231,-0.67736],[122.88581,-0.67372],[122.88822,-0.67472],[122.89097,-0.67231],[122.90486,-0.67661],[122.90608,-0.67403],[122.91183,-0.671],[122.9178,-0.6713],[122.92015,-0.673],[122.93084,-0.66927],[122.93408,-0.67939],[122.93915,-0.67688],[122.93886,-0.67297],[122.94175,-0.66993],[122.9474,-0.66713],[122.95858,-0.66986],[122.96184,-0.67448],[122.96322,-0.67297],[122.96635,-0.67398],[122.96582,-0.67274],[122.97351,-0.66669],[122.97527,-0.66346],[122.97925,-0.6623],[122.98183,-0.66357],[122.98253,-0.66073],[122.98518,-0.6623],[122.98958,-0.66075],[122.99152,-0.65865],[122.99094,-0.652],[122.99477,-0.65387],[122.99622,-0.66624],[122.99873,-0.67138],[123.00263,-0.67357],[123.01196,-0.67114],[123.01477,-0.68326],[123.01884,-0.68833],[123.02469,-0.68833],[123.03752,-0.68391],[123.04419,-0.67737],[123.04874,-0.67524],[123.05134,-0.66984],[123.05215,-0.66215],[123.04939,-0.65937],[123.04223,-0.63879],[123.04963,-0.63568],[123.05156,-0.62815],[123.05985,-0.63092],[123.068,-0.63151],[123.06502,-0.63951],[123.06999,-0.64123],[123.06931,-0.64323],[123.07117,-0.64572],[123.07516,-0.64666],[123.0779,-0.6415],[123.08256,-0.6377],[123.08426,-0.63006],[123.09101,-0.61849],[123.09336,-0.60253],[123.09565,-0.60097],[123.10016,-0.6045],[123.10179,-0.61259],[123.10491,-0.61827],[123.10109,-0.62297],[123.09662,-0.62325],[123.09576,-0.62782],[123.09767,-0.62982]],[[123.33936,-0.68081],[123.3396,-0.68384],[123.34278,-0.6846],[123.34682,-0.68226],[123.35068,-0.67813],[123.34988,-0.6761],[123.33936,-0.68081]]]]},"properties":{"kph":"KPH Balantak"}},{"type":"Feature","geometry":{"type":"MultiPolygon","coordinates":[[[[120.19156,-1.9909],[120.18862,-1.98436],[120.1865,-1.98337],[120.18663,-1.97971],[120.18282,-1.97573],[120.18025,-1.96612],[120.17685,-1.96613],[120.17413,-1.96141],[120.17285,-1.96252],[120.17374,-1.96461],[120.17148,-1.96586],[120.17162,-1.96304],[120.16847,-1.9587],[120.16752,-1.95127],[120.17477,-1.94119],[120.17858,-1.92868],[120.17805,-1.92446],[120.17569,-1.92303],[120.17697,-1.91992],[120.17494,-1.91542],[120.16993,-1.90974],[120.17812,-1.90784],[120.17708,-1.90426],[120.17291,-1.90061],[120.17179,-1.89632],[120.17506,-1.89501],[120.19108,-1.898],[120.19345,-1.89637],[120.19538,-1.8909],[120.19713,-1.89033],[120.19659,-1.88592],[120.20017,-1.87769],[120.2056,-1.87724],[120.21357,-1.87337],[120.21627,-1.88196],[120.21431,-1.88809],[120.22253,-1.89196],[120.22452,-1.89452],[120.22199,-1.89915],[120.21995,-1.91072],[120.22511,-1.91852],[120.20304,-1.9096],[120.19378,-1.91509],[120.18839,-1.92104],[120.1868,-1.92616],[120.1875,-1.92992],[120.20181,-1.95668],[120.20595,-1.96039],[120.21165,-1.96249],[120.22875,-1.96439],[120.23829,-1.96378],[120.25353,-1.96625],[120.27324,-1.96569],[120.29658,-1.9492],[120.31163,-1.94119],[120.32081,-1.93065],[120.31599,-1.91492],[120.31522,-1.90606],[120.31624,-1.90148],[120.32192,-1.89237],[120.3225,-1.88703],[120.31293,-1.8697],[120.31122,-1.8628],[120.31268,-1.86207],[120.31347,-1.85979],[120.31427,-1.86233],[120.31697,-1.86582],[120.31767,-1.86386],[120.31983,-1.86492],[120.32016,-1.86328],[120.31826,-1.86102],[120.31903,-1.86063],[120.31902,-1.85967],[120.3206,-1.8606],[120.32194,-1.85985],[120.32292,-1.85819],[120.32255,-1.8562],[120.32333,-1.85674],[120.32529,-1.85547],[120.32596,-1.85389],[120.32542,-1.85004],[120.33967,-1.8428],[120.341,-1.84151],[120.3436,-1.83496],[120.34569,-1.83591],[120.3458,-1.83374],[120.34819,-1.83424],[120.3494,-1.83305],[120.34987,-1.83123],[120.34867,-1.82964],[120.35189,-1.83109],[120.35494,-1.8303],[120.3601,-1.82532],[120.36046,-1.82374],[120.36391,-1.82269],[120.36543,-1.81898],[120.36756,-1.81863],[120.36952,-1.81677],[120.37222,-1.81622],[120.37824,-1.80785],[120.38184,-1.80874],[120.38153,-1.81024],[120.38341,-1.81172],[120.38946,-1.8113],[120.3943,-1.80573],[120.3954,-1.80283],[120.39808,-1.80186],[120.39928,-1.80299],[120.39964,-1.80108],[120.40478,-1.80176],[120.41363,-1.80086],[120.41675,-1.80205],[120.41903,-1.80758],[120.42176,-1.80888],[120.42905,-1.80594],[120.4318,-1.80747],[120.43369,-1.8074],[120.43514,-1.80464],[120.43793,-1.80495],[120.44328,-1.80096],[120.44444,-1.79885],[120.44772,-1.79803],[120.45029,-1.79864],[120.45209,-1.79752],[120.45474,-1.79931],[120.4573,-1.79735],[120.45802,-1.79978],[120.45969,-1.80012],[120.46092,-1.79896],[120.46703,-1.80208],[120.46715,-1.8034],[120.46801,-1.80404],[120.47251,-1.80454],[120.47187,-1.80308],[120.47383,-1.80131],[120.47431,-1.797],[120.47665,-1.79675],[120.47856,-1.79422],[120.48047,-1.79382],[120.4815,-1.79635],[120.48466,-1.79517],[120.486,-1.79652],[120.48669,-1.79617],[120.49,-1.80094],[120.4914,-1.79777],[120.49683,-1.79783],[120.48948,-1.8018],[120.48798,-1.80185],[120.47636,-1.81378],[120.47673,-1.82541],[120.48204,-1.8375],[120.48197,-1.84457],[120.4743,-1.86243],[120.46906,-1.86387],[120.46432,-1.86764],[120.46562,-1.87433],[120.46373,-1.88495],[120.46576,-1.89346],[120.46806,-1.89574],[120.46587,-1.89654],[120.45968,-1.90634],[120.4501,-1.91458],[120.44466,-1.91552],[120.43719,-1.92517],[120.4436,-1.93345],[120.45061,-1.93574],[120.45437,-1.9353],[120.45943,-1.92948],[120.4657,-1.93005],[120.46743,-1.93746],[120.46656,-1.94284],[120.47291,-1.95551],[120.47715,-1.95797],[120.47582,-1.96481],[120.47741,-1.96891],[120.48131,-1.97321],[120.48494,-1.97066],[120.48564,-1.9715],[120.48915,-1.9793],[120.48985,-1.98753],[120.48845,-1.99145],[120.4947,-1.9966],[120.49857,-2.00239],[120.49761,-2.01048],[120.50306,-2.02007],[120.50429,-2.02704],[120.50538,-2.02825],[120.50813,-2.02643],[120.51174,-2.03],[120.51132,-2.03549],[120.51407,-2.04243],[120.51792,-2.04696],[120.51726,-2.05153],[120.52284,-2.05559],[120.52073,-2.06242],[120.5207,-2.07015],[120.52339,-2.07231],[120.52322,-2.07655],[120.5273,-2.07797],[120.52965,-2.08304],[120.52651,-2.08432],[120.52222,-2.08275],[120.52248,-2.08514],[120.52484,-2.08664],[120.52441,-2.09043],[120.52069,-2.09713],[120.51318,-2.10282],[120.51342,-2.10729],[120.51219,-2.10838],[120.51339,-2.11007],[120.51145,-2.11282],[120.50814,-2.11289],[120.50499,-2.10816],[120.50164,-2.10736],[120.49679,-2.09415],[120.48521,-2.0896],[120.48199,-2.08652],[120.48034,-2.08223],[120.48251,-2.08093],[120.48169,-2.07753],[120.48277,-2.07655],[120.48077,-2.07057],[120.48348,-2.06433],[120.48175,-2.05847],[120.48315,-2.05755],[120.47929,-2.05408],[120.47811,-2.05036],[120.47557,-2.0501],[120.47071,-2.05627],[120.46851,-2.05567],[120.46579,-2.05003],[120.46069,-2.04491],[120.45766,-2.03468],[120.45476,-2.03078],[120.45436,-2.02557],[120.4506,-2.02445],[120.44868,-2.01841],[120.44507,-2.01597],[120.44585,-2.01122],[120.44287,-2.00836],[120.43556,-2.00861],[120.43679,-2.00679],[120.43356,-2.00467],[120.43122,-1.99998],[120.43259,-1.99593],[120.42988,-1.9951],[120.42837,-1.99628],[120.42942,-1.99308],[120.42829,-1.99041],[120.4298,-1.9884],[120.42781,-1.98772],[120.42871,-1.98614],[120.42463,-1.98615],[120.42338,-1.98218],[120.4214,-1.98175],[120.41988,-1.97875],[120.41917,-1.97458],[120.41747,-1.9767],[120.41363,-1.9733],[120.41227,-1.97378],[120.40891,-1.96951],[120.40703,-1.96957],[120.40796,-1.97137],[120.40665,-1.97173],[120.40221,-1.96422],[120.4016,-1.95812],[120.39945,-1.957],[120.39912,-1.95424],[120.39819,-1.95807],[120.39514,-1.95827],[120.39273,-1.95651],[120.39119,-1.96037],[120.38677,-1.95918],[120.38745,-1.96577],[120.38958,-1.96772],[120.38724,-1.97398],[120.38978,-1.97975],[120.38841,-1.98151],[120.38899,-1.98808],[120.39106,-1.99089],[120.39194,-1.9969],[120.38205,-1.98779],[120.38197,-1.98416],[120.37676,-1.98355],[120.37305,-1.98568],[120.37453,-1.98791],[120.37271,-1.99015],[120.37034,-1.98914],[120.36165,-1.99261],[120.36113,-1.98842],[120.35672,-1.98523],[120.35466,-1.97962],[120.3437,-1.97721],[120.3405,-1.98937],[120.33734,-1.99097],[120.33456,-1.99005],[120.32904,-1.99713],[120.32876,-2.0056],[120.33125,-2.00916],[120.3315,-2.01974],[120.33006,-2.02229],[120.3274,-2.0223],[120.32873,-2.02727],[120.32728,-2.02886],[120.32628,-2.03953],[120.31244,-2.0427],[120.31259,-2.05248],[120.3078,-2.05204],[120.30346,-2.04753],[120.29922,-2.05036],[120.29565,-2.04243],[120.28977,-2.03872],[120.28775,-2.02736],[120.27157,-2.02752],[120.26805,-2.02364],[120.26739,-2.01886],[120.263,-2.01214],[120.25341,-2.00689],[120.25266,-1.99893],[120.2409,-1.99718],[120.23293,-1.98699],[120.23199,-1.98258],[120.22681,-1.98616],[120.21902,-1.99616],[120.21262,-1.99282],[120.21335,-1.99805],[120.20841,-1.99704],[120.20541,-1.99355],[120.19912,-1.99473],[120.19156,-1.9909]]],[[[120.88259,-1.48067],[120.88402,-1.49607],[120.88259,-1.49733],[120.88655,-1.50806],[120.88715,-1.52194],[120.89044,-1.53188],[120.89465,-1.53702],[120.89387,-1.54444],[120.89137,-1.54802],[120.90088,-1.55989],[120.90299,-1.57027],[120.90734,-1.58048],[120.90714,-1.58711],[120.9097,-1.58939],[120.91082,-1.59421],[120.91382,-1.59559],[120.90988,-1.60069],[120.91145,-1.62753],[120.91008,-1.63136],[120.91615,-1.64253],[120.91543,-1.65447],[120.92426,-1.67983],[120.91759,-1.67754],[120.91211,-1.67344],[120.89969,-1.67416],[120.89231,-1.6705],[120.88867,-1.66179],[120.88111,-1.66093],[120.8776,-1.66317],[120.88049,-1.66714],[120.87944,-1.6735],[120.87568,-1.67771],[120.87001,-1.68038],[120.86373,-1.69786],[120.86276,-1.70753],[120.86418,-1.7142],[120.85758,-1.715],[120.8538,-1.71774],[120.8556,-1.72206],[120.85212,-1.72517],[120.85519,-1.74335],[120.85147,-1.74667],[120.85533,-1.75292],[120.85313,-1.75772],[120.84983,-1.75444],[120.84621,-1.75551],[120.84057,-1.76055],[120.83963,-1.76657],[120.84989,-1.78374],[120.85296,-1.78641],[120.85585,-1.7945],[120.85533,-1.79983],[120.86325,-1.81524],[120.86288,-1.81999],[120.86682,-1.82523],[120.86791,-1.83367],[120.86454,-1.83768],[120.86536,-1.84211],[120.87128,-1.84537],[120.87295,-1.85126],[120.87921,-1.85358],[120.88083,-1.85678],[120.88679,-1.85407],[120.88973,-1.85576],[120.89705,-1.86907],[120.89619,-1.875],[120.89903,-1.87794],[120.89893,-1.88035],[120.89436,-1.88421],[120.88618,-1.87884],[120.88616,-1.87582],[120.88377,-1.87368],[120.87601,-1.87271],[120.87761,-1.87758],[120.87592,-1.88077],[120.87808,-1.88347],[120.87612,-1.88596],[120.87502,-1.88513],[120.87477,-1.89209],[120.87317,-1.89289],[120.87276,-1.89715],[120.87338,-1.90076],[120.87764,-1.90204],[120.88161,-1.89817],[120.88639,-1.89814],[120.88308,-1.90264],[120.88301,-1.9051],[120.88559,-1.90894],[120.88948,-1.90635],[120.89231,-1.90719],[120.89288,-1.91574],[120.90003,-1.92739],[120.90033,-1.93588],[120.90294,-1.9355],[120.90438,-1.94001],[120.90309,-1.9418],[120.89349,-1.94023],[120.88504,-1.94141],[120.88357,-1.9363],[120.88034,-1.93261],[120.88027,-1.9224],[120.87816,-1.918],[120.87389,-1.91556],[120.87073,-1.91764],[120.86773,-1.91172],[120.86163,-1.90498],[120.85234,-1.89738],[120.84921,-1.89894],[120.84617,-1.8974],[120.83106,-1.87915],[120.82413,-1.87867],[120.81779,-1.87481],[120.8144,-1.87567],[120.80822,-1.86733],[120.80659,-1.85799],[120.8048,-1.85799],[120.8039,-1.8614],[120.80572,-1.86755],[120.80285,-1.8689],[120.80085,-1.86623],[120.80075,-1.85981],[120.79318,-1.85134],[120.79064,-1.85081],[120.78913,-1.84834],[120.7817,-1.84597],[120.78071,-1.84829],[120.78175,-1.85383],[120.78943,-1.8561],[120.79259,-1.85919],[120.79469,-1.86525],[120.80011,-1.87165],[120.80108,-1.8751],[120.80217,-1.87266],[120.80583,-1.87781],[120.80306,-1.87822],[120.80314,-1.87666],[120.80218,-1.87742],[120.79989,-1.87489],[120.79602,-1.87536],[120.79383,-1.87221],[120.78961,-1.87617],[120.78217,-1.87525],[120.77477,-1.88044],[120.77332,-1.88574],[120.77005,-1.88888],[120.77345,-1.90091],[120.77361,-1.91182],[120.7753,-1.91324],[120.77311,-1.91553],[120.77465,-1.91823],[120.77452,-1.92688],[120.77601,-1.92874],[120.77484,-1.93173],[120.77609,-1.93532],[120.77934,-1.93644],[120.7786,-1.94165],[120.78125,-1.94721],[120.77765,-1.94888],[120.77587,-1.95168],[120.7716,-1.95132],[120.76805,-1.94684],[120.76541,-1.94822],[120.76655,-1.94907],[120.76559,-1.95096],[120.76324,-1.95039],[120.7617,-1.95374],[120.76481,-1.95672],[120.76209,-1.95877],[120.76235,-1.96189],[120.75949,-1.95874],[120.75545,-1.95997],[120.75714,-1.96274],[120.75518,-1.96864],[120.75681,-1.97029],[120.7539,-1.97076],[120.75655,-1.97318],[120.75377,-1.97679],[120.75479,-1.97873],[120.76624,-1.97898],[120.76478,-1.98177],[120.76558,-1.99027],[120.76354,-1.99104],[120.7652,-1.99398],[120.77283,-1.99634],[120.77628,-1.99552],[120.77528,-2.00179],[120.77918,-2.00553],[120.78462,-2.00694],[120.784,-2.00874],[120.788,-2.01315],[120.79487,-2.01396],[120.79569,-2.01503],[120.79334,-2.0181],[120.79557,-2.01949],[120.79094,-2.02375],[120.78509,-2.02531],[120.78286,-2.02822],[120.77944,-2.02728],[120.77239,-2.03085],[120.77085,-2.02891],[120.76662,-2.02943],[120.76232,-2.03313],[120.75705,-2.02998],[120.75488,-2.03108],[120.7525,-2.03004],[120.74993,-2.03268],[120.74631,-2.03276],[120.74143,-2.02991],[120.74367,-2.02812],[120.74319,-2.02552],[120.74085,-2.02476],[120.73981,-2.02693],[120.73231,-2.02745],[120.72877,-2.03074],[120.72773,-2.02907],[120.72984,-2.02515],[120.72732,-2.02314],[120.7289,-2.0209],[120.73525,-2.02073],[120.73504,-2.01648],[120.72716,-2.0113],[120.7265,-2.00442],[120.72061,-2.00441],[120.71347,-2.0094],[120.71288,-2.00498],[120.70991,-2.00019],[120.70379,-1.9991],[120.70313,-1.99739],[120.70758,-1.99567],[120.70617,-1.99449],[120.70829,-1.98612],[120.7063,-1.98624],[120.70666,-1.98164],[120.70081,-1.97668],[120.69788,-1.97644],[120.70023,-1.97338],[120.69777,-1.96984],[120.69109,-1.96877],[120.69379,-1.96712],[120.69309,-1.96217],[120.68489,-1.96157],[120.68631,-1.95296],[120.68889,-1.94801],[120.68175,-1.94459],[120.68023,-1.94152],[120.67757,-1.94403],[120.67871,-1.93798],[120.68695,-1.92704],[120.68189,-1.92106],[120.68204,-1.91901],[120.68049,-1.9193],[120.68087,-1.91656],[120.67874,-1.91385],[120.68553,-1.91169],[120.67945,-1.91065],[120.67916,-1.90718],[120.67741,-1.90721],[120.67671,-1.90206],[120.67428,-1.8997],[120.67453,-1.8945],[120.67117,-1.89126],[120.67354,-1.8903],[120.67343,-1.88812],[120.6713,-1.88479],[120.66923,-1.88482],[120.66502,-1.88134],[120.66584,-1.87896],[120.66296,-1.87205],[120.66402,-1.86746],[120.66051,-1.86614],[120.66256,-1.86179],[120.6621,-1.85417],[120.6539,-1.84728],[120.64812,-1.84636],[120.64277,-1.84832],[120.64149,-1.84485],[120.64515,-1.84015],[120.64615,-1.83418],[120.64843,-1.8331],[120.64574,-1.83006],[120.64662,-1.82804],[120.64499,-1.8243],[120.64779,-1.81382],[120.6427,-1.81119],[120.64796,-1.80472],[120.64767,-1.79998],[120.64881,-1.79958],[120.64525,-1.79475],[120.65068,-1.79438],[120.64802,-1.79194],[120.65036,-1.7917],[120.65019,-1.78676],[120.65311,-1.78643],[120.65159,-1.78441],[120.65295,-1.78038],[120.65487,-1.77989],[120.65798,-1.7828],[120.65692,-1.78013],[120.65876,-1.77929],[120.65957,-1.77638],[120.66479,-1.77634],[120.66373,-1.77164],[120.66521,-1.76981],[120.67189,-1.77179],[120.67035,-1.76462],[120.67148,-1.76667],[120.673,-1.7664],[120.67298,-1.76042],[120.67787,-1.75393],[120.67787,-1.75158],[120.68291,-1.75175],[120.69093,-1.76225],[120.69681,-1.77549],[120.68994,-1.77716],[120.69198,-1.78052],[120.69059,-1.78415],[120.68676,-1.78737],[120.6842,-1.79454],[120.67927,-1.80094],[120.68062,-1.80436],[120.67908,-1.81221],[120.68118,-1.81406],[120.68243,-1.81338],[120.68189,-1.81097],[120.68361,-1.81255],[120.68535,-1.81108],[120.68772,-1.81917],[120.69035,-1.81772],[120.69466,-1.82125],[120.69724,-1.81738],[120.7012,-1.81846],[120.69802,-1.8101],[120.69587,-1.79729],[120.69906,-1.79358],[120.70154,-1.79641],[120.70308,-1.79204],[120.70495,-1.79353],[120.70569,-1.78492],[120.70841,-1.78557],[120.7072,-1.7821],[120.70936,-1.78256],[120.70711,-1.77874],[120.70227,-1.77547],[120.70351,-1.77194],[120.70867,-1.76987],[120.71195,-1.77232],[120.71417,-1.76941],[120.72193,-1.76895],[120.7175,-1.758],[120.72347,-1.74461],[120.72087,-1.73307],[120.72124,-1.72786],[120.72671,-1.72035],[120.72665,-1.71492],[120.73304,-1.7003],[120.73054,-1.69573],[120.72137,-1.69318],[120.72083,-1.68536],[120.7247,-1.6734],[120.73444,-1.66966],[120.73358,-1.66858],[120.73569,-1.66834],[120.73591,-1.66489],[120.7297,-1.66281],[120.7211,-1.66412],[120.71922,-1.66059],[120.70333,-1.64891],[120.70597,-1.64823],[120.71024,-1.6434],[120.71419,-1.6433],[120.71437,-1.63857],[120.71843,-1.63457],[120.71649,-1.63017],[120.70782,-1.63153],[120.70327,-1.62229],[120.70938,-1.61728],[120.71177,-1.62257],[120.71704,-1.62447],[120.72319,-1.60506],[120.72642,-1.60388],[120.73386,-1.58935],[120.72924,-1.5857],[120.73279,-1.57996],[120.73226,-1.57744],[120.73075,-1.5778],[120.7285,-1.57415],[120.7299,-1.57044],[120.73266,-1.56484],[120.7375,-1.56384],[120.73905,-1.56023],[120.74325,-1.56078],[120.74916,-1.55815],[120.75014,-1.55318],[120.7472,-1.5514],[120.74828,-1.54744],[120.74595,-1.5474],[120.74551,-1.55122],[120.74315,-1.55306],[120.74093,-1.54552],[120.74216,-1.53837],[120.7412,-1.53296],[120.74747,-1.53015],[120.74704,-1.53372],[120.75087,-1.53344],[120.75433,-1.52522],[120.75949,-1.52118],[120.75892,-1.51774],[120.76065,-1.51534],[120.75957,-1.51393],[120.76549,-1.51235],[120.76728,-1.51304],[120.7681,-1.51607],[120.76755,-1.52574],[120.75703,-1.54348],[120.76163,-1.55572],[120.77543,-1.54863],[120.78094,-1.54862],[120.78337,-1.55032],[120.78475,-1.54847],[120.79296,-1.5486],[120.80287,-1.54565],[120.80424,-1.5435],[120.81107,-1.54081],[120.81102,-1.53839],[120.81615,-1.53503],[120.816,-1.53261],[120.82451,-1.52033],[120.82317,-1.5182],[120.82791,-1.51599],[120.82875,-1.51404],[120.82816,-1.50362],[120.82564,-1.50284],[120.82839,-1.49692],[120.82427,-1.49482],[120.8243,-1.48747],[120.82142,-1.48095],[120.82407,-1.47918],[120.82155,-1.4725],[120.83421,-1.45599],[120.84358,-1.4517],[120.84564,-1.44877],[120.84816,-1.45065],[120.8503,-1.44965],[120.85774,-1.45117],[120.86602,-1.4557],[120.86759,-1.45711],[120.8675,-1.46331],[120.87144,-1.46747],[120.87575,-1.46675],[120.87479,-1.46267],[120.87537,-1.46086],[120.8773,-1.46148],[120.88464,-1.47201],[120.88259,-1.48067]],[[120.75624,-1.79982],[120.7532,-1.79794],[120.75008,-1.79864],[120.74935,-1.81346],[120.75573,-1.81613],[120.76283,-1.8152],[120.76672,-1.80472],[120.77721,-1.81699],[120.78087,-1.82774],[120.78821,-1.83574],[120.7894,-1.84021],[120.79272,-1.84176],[120.79409,-1.84073],[120.79632,-1.8379],[120.79385,-1.83429],[120.79419,-1.8269],[120.78524,-1.8152],[120.78524,-1.81322],[120.77688,-1.81072],[120.77774,-1.80874],[120.77389,-1.80779],[120.768,-1.80229],[120.76874,-1.79678],[120.7665,-1.79404],[120.76135,-1.79328],[120.75624,-1.79982]],[[120.71653,-1.77188],[120.71757,-1.77493],[120.72097,-1.77408],[120.7243,-1.77632],[120.72857,-1.77598],[120.72917,-1.77795],[120.7325,-1.77615],[120.73549,-1.77719],[120.74,-1.78235],[120.74223,-1.78261],[120.74453,-1.78657],[120.74401,-1.79095],[120.74572,-1.79241],[120.75195,-1.79379],[120.75357,-1.79182],[120.74914,-1.7821],[120.74744,-1.78098],[120.74641,-1.78262],[120.74095,-1.77943],[120.73711,-1.77461],[120.73105,-1.7722],[120.71653,-1.77188]],[[120.74865,-1.76896],[120.7437,-1.76689],[120.74505,-1.77557],[120.74744,-1.7784],[120.75453,-1.77386],[120.75572,-1.77747],[120.75735,-1.77747],[120.76205,-1.77035],[120.7624,-1.76734],[120.7658,-1.76466],[120.76346,-1.76072],[120.76104,-1.76081],[120.75907,-1.76321],[120.76086,-1.76639],[120.75551,-1.76865],[120.74865,-1.76896]],[[120.76415,-1.64623],[120.76035,-1.65168],[120.75977,-1.65065],[120.7585,-1.65294],[120.75646,-1.64881],[120.75332,-1.65118],[120.75688,-1.65751],[120.75605,-1.65875],[120.75307,-1.65735],[120.75372,-1.66186],[120.75092,-1.67586],[120.75346,-1.67586],[120.75404,-1.67783],[120.75428,-1.6872],[120.75322,-1.68812],[120.75065,-1.68525],[120.7499,-1.69067],[120.75362,-1.69185],[120.75385,-1.69637],[120.75812,-1.70143],[120.7592,-1.70002],[120.7606,-1.70797],[120.76235,-1.7082],[120.76376,-1.71095],[120.77643,-1.70552],[120.77885,-1.70083],[120.77655,-1.69819],[120.77728,-1.69304],[120.77171,-1.68708],[120.77448,-1.67673],[120.77031,-1.67484],[120.76634,-1.67594],[120.77053,-1.66379],[120.76989,-1.66052],[120.77308,-1.66034],[120.77355,-1.65249],[120.77725,-1.64881],[120.77581,-1.64312],[120.77659,-1.63864],[120.77119,-1.63525],[120.77035,-1.63155],[120.76819,-1.63087],[120.7623,-1.63617],[120.76151,-1.63922],[120.76415,-1.64623]]],[[[120.26769,-1.20912],[120.26879,-1.20572],[120.28149,-1.19882],[120.2847,-1.19202],[120.2794,-1.17312],[120.2674,-1.15005],[120.27893,-1.14626],[120.29038,-1.13748],[120.32606,-1.13997],[120.3322,-1.14412],[120.3376,-1.14454],[120.33596,-1.15658],[120.34377,-1.1725],[120.34879,-1.187],[120.35803,-1.18462],[120.41125,-1.15805],[120.4164,-1.1581],[120.424,-1.15277],[120.43152,-1.15507],[120.43271,-1.15735],[120.44499,-1.14984],[120.45521,-1.14916],[120.46013,-1.15064],[120.48948,-1.14632],[120.51158,-1.13504],[120.52654,-1.13287],[120.52918,-1.13727],[120.53097,-1.13563],[120.53053,-1.13231],[120.55265,-1.12435],[120.55861,-1.11975],[120.56341,-1.11901],[120.56322,-1.11771],[120.56601,-1.11861],[120.56761,-1.12486],[120.56555,-1.12808],[120.57182,-1.13192],[120.5675,-1.13475],[120.55558,-1.13709],[120.55745,-1.14077],[120.55283,-1.14279],[120.55169,-1.14736],[120.55289,-1.1514],[120.55032,-1.14701],[120.54936,-1.14956],[120.54768,-1.14428],[120.54313,-1.14148],[120.53967,-1.1362],[120.53833,-1.13731],[120.5383,-1.14121],[120.54035,-1.1429],[120.54366,-1.15535],[120.54534,-1.15653],[120.544,-1.15632],[120.54404,-1.15908],[120.54201,-1.16129],[120.53842,-1.15725],[120.53909,-1.16725],[120.54171,-1.17089],[120.53987,-1.1798],[120.54822,-1.1846],[120.54475,-1.19105],[120.5509,-1.19204],[120.55233,-1.1961],[120.54956,-1.19775],[120.54784,-1.20206],[120.54091,-1.20561],[120.53871,-1.20943],[120.53419,-1.20498],[120.5323,-1.21457],[120.52415,-1.21647],[120.52356,-1.21989],[120.51751,-1.21458],[120.51842,-1.21318],[120.51584,-1.21256],[120.5205,-1.21977],[120.52385,-1.22011],[120.52424,-1.21683],[120.5282,-1.21678],[120.5314,-1.21898],[120.52931,-1.21926],[120.52873,-1.22143],[120.53164,-1.22208],[120.53297,-1.22484],[120.53661,-1.22434],[120.53727,-1.22705],[120.53914,-1.2275],[120.54015,-1.23266],[120.54258,-1.23393],[120.54379,-1.23837],[120.54009,-1.24606],[120.54095,-1.24877],[120.53882,-1.24973],[120.53882,-1.24718],[120.53654,-1.25044],[120.53441,-1.2507],[120.53552,-1.25406],[120.5282,-1.25343],[120.52907,-1.25103],[120.52582,-1.25187],[120.52662,-1.25384],[120.52147,-1.25672],[120.52034,-1.25576],[120.52136,-1.25427],[120.51934,-1.25397],[120.51941,-1.25731],[120.51593,-1.25768],[120.51225,-1.25577],[120.51281,-1.25973],[120.51046,-1.26277],[120.50946,-1.26115],[120.50874,-1.26295],[120.50433,-1.26141],[120.50119,-1.2644],[120.50335,-1.26695],[120.50224,-1.26669],[120.50217,-1.26831],[120.50338,-1.26802],[120.50242,-1.26914],[120.50402,-1.26856],[120.50505,-1.27147],[120.50324,-1.27272],[120.50416,-1.27566],[120.50655,-1.27541],[120.51287,-1.26989],[120.51384,-1.26564],[120.51846,-1.26502],[120.5216,-1.26215],[120.52029,-1.26146],[120.52189,-1.25813],[120.52673,-1.25797],[120.52756,-1.25431],[120.53646,-1.25809],[120.5423,-1.26636],[120.54437,-1.26484],[120.54663,-1.26679],[120.54057,-1.26636],[120.54056,-1.26816],[120.53816,-1.2687],[120.53273,-1.26737],[120.53075,-1.26893],[120.53205,-1.27642],[120.53541,-1.278],[120.53354,-1.28164],[120.53407,-1.28445],[120.53878,-1.28713],[120.5429,-1.28542],[120.54522,-1.28798],[120.55076,-1.28999],[120.55038,-1.29552],[120.55238,-1.29188],[120.55284,-1.29301],[120.55192,-1.29657],[120.54847,-1.29628],[120.54665,-1.29834],[120.54737,-1.29957],[120.55425,-1.29704],[120.55629,-1.298],[120.55762,-1.30399],[120.56194,-1.30358],[120.56294,-1.30551],[120.56277,-1.30773],[120.55919,-1.31024],[120.56373,-1.31133],[120.569,-1.31906],[120.57669,-1.32337],[120.57935,-1.32682],[120.57954,-1.33294],[120.57563,-1.34376],[120.57428,-1.35696],[120.57656,-1.36194],[120.58174,-1.36528],[120.57957,-1.37429],[120.58496,-1.37713],[120.58811,-1.37658],[120.58793,-1.38467],[120.58353,-1.38725],[120.58399,-1.38847],[120.58853,-1.38845],[120.58814,-1.38995],[120.58487,-1.39062],[120.5853,-1.40055],[120.58792,-1.4038],[120.59202,-1.40557],[120.5919,-1.4076],[120.59355,-1.40709],[120.59607,-1.41202],[120.59558,-1.41638],[120.5919,-1.4235],[120.59428,-1.43109],[120.59083,-1.43527],[120.5878,-1.4656],[120.58579,-1.46939],[120.5883,-1.47157],[120.58625,-1.47345],[120.58883,-1.4748],[120.59179,-1.47378],[120.58518,-1.4773],[120.58424,-1.48042],[120.58536,-1.48279],[120.57947,-1.48507],[120.5789,-1.48698],[120.58553,-1.49085],[120.58536,-1.4952],[120.57682,-1.5076],[120.57464,-1.51963],[120.58263,-1.51684],[120.59273,-1.5207],[120.59397,-1.51671],[120.59677,-1.51539],[120.59457,-1.51911],[120.59588,-1.52092],[120.60329,-1.51899],[120.60929,-1.51116],[120.61477,-1.50759],[120.61653,-1.51325],[120.61505,-1.51791],[120.61862,-1.52372],[120.61805,-1.52829],[120.61581,-1.53114],[120.61639,-1.53452],[120.61418,-1.5362],[120.61828,-1.54091],[120.62337,-1.54147],[120.62542,-1.5438],[120.62439,-1.54866],[120.62272,-1.54871],[120.61415,-1.5582],[120.59746,-1.55123],[120.59011,-1.55175],[120.5888,-1.55766],[120.58993,-1.5607],[120.58751,-1.5629],[120.58223,-1.56277],[120.58118,-1.56497],[120.58225,-1.5661],[120.57778,-1.57179],[120.57988,-1.57945],[120.5753,-1.57874],[120.57499,-1.58109],[120.57373,-1.58111],[120.57347,-1.58316],[120.57017,-1.58424],[120.57205,-1.58595],[120.56887,-1.59105],[120.56567,-1.59194],[120.56501,-1.591],[120.56147,-1.59122],[120.56085,-1.59015],[120.55781,-1.59123],[120.55598,-1.593],[120.55623,-1.59159],[120.55463,-1.59112],[120.55433,-1.59275],[120.5493,-1.59483],[120.54952,-1.59321],[120.54871,-1.59195],[120.5454,-1.5914],[120.54318,-1.59524],[120.54383,-1.59885],[120.54252,-1.59996],[120.53982,-1.59579],[120.53419,-1.59958],[120.53494,-1.59719],[120.53301,-1.59647],[120.5287,-1.59919],[120.52664,-1.60256],[120.52484,-1.60259],[120.52328,-1.60452],[120.52127,-1.604],[120.52011,-1.60658],[120.51844,-1.6066],[120.51589,-1.6082],[120.51472,-1.61019],[120.5158,-1.60527],[120.51257,-1.60323],[120.50569,-1.60479],[120.50438,-1.60302],[120.49916,-1.60429],[120.49484,-1.60324],[120.49397,-1.60476],[120.49346,-1.60294],[120.48978,-1.60111],[120.48673,-1.59232],[120.48515,-1.5925],[120.48458,-1.59366],[120.48513,-1.59045],[120.48217,-1.58717],[120.47853,-1.58494],[120.47462,-1.58461],[120.46996,-1.58582],[120.47031,-1.58426],[120.46865,-1.58197],[120.46683,-1.58115],[120.46643,-1.58317],[120.46604,-1.58109],[120.46404,-1.58112],[120.46503,-1.57628],[120.46119,-1.57299],[120.46029,-1.57322],[120.45959,-1.57525],[120.45912,-1.57414],[120.45764,-1.57425],[120.45536,-1.57606],[120.45503,-1.57414],[120.45427,-1.57408],[120.44862,-1.58239],[120.44795,-1.58491],[120.44332,-1.58775],[120.44286,-1.58884],[120.4397,-1.58561],[120.43667,-1.587],[120.43688,-1.58563],[120.4315,-1.59091],[120.43211,-1.58753],[120.4303,-1.58622],[120.42817,-1.58707],[120.42703,-1.58897],[120.42685,-1.58793],[120.42457,-1.58773],[120.42363,-1.58823],[120.42344,-1.58943],[120.42152,-1.58915],[120.42184,-1.59161],[120.41956,-1.5902],[120.4181,-1.59019],[120.41728,-1.58798],[120.41159,-1.5875],[120.41109,-1.58874],[120.40552,-1.58704],[120.40427,-1.58508],[120.4057,-1.57921],[120.40497,-1.57552],[120.40688,-1.57301],[120.40527,-1.57258],[120.40397,-1.56928],[120.40859,-1.56862],[120.40802,-1.57111],[120.41133,-1.56844],[120.41177,-1.5712],[120.41368,-1.56898],[120.41753,-1.57047],[120.41819,-1.56425],[120.42029,-1.56361],[120.42115,-1.5613],[120.41895,-1.56022],[120.42208,-1.53776],[120.4243,-1.53883],[120.42466,-1.54225],[120.42824,-1.54569],[120.43103,-1.53959],[120.43491,-1.53888],[120.43709,-1.53537],[120.43616,-1.52972],[120.43492,-1.52922],[120.43005,-1.5373],[120.42716,-1.5382],[120.4255,-1.53723],[120.42529,-1.53606],[120.42916,-1.53694],[120.42904,-1.53088],[120.43288,-1.52885],[120.43314,-1.52421],[120.42951,-1.52181],[120.43011,-1.51646],[120.42411,-1.5193],[120.42218,-1.51902],[120.42735,-1.5157],[120.42841,-1.51318],[120.42161,-1.51003],[120.42035,-1.49385],[120.41682,-1.48936],[120.41725,-1.48482],[120.41368,-1.48545],[120.4145,-1.48],[120.41883,-1.47741],[120.42222,-1.46966],[120.42937,-1.47282],[120.43186,-1.47188],[120.42594,-1.46452],[120.42616,-1.46339],[120.42867,-1.46453],[120.42976,-1.46663],[120.42938,-1.46097],[120.42695,-1.45552],[120.42808,-1.45353],[120.42456,-1.45076],[120.42671,-1.44875],[120.4207,-1.44665],[120.42144,-1.44227],[120.42318,-1.44116],[120.42194,-1.43778],[120.41915,-1.43813],[120.41858,-1.44297],[120.41659,-1.44443],[120.4144,-1.44033],[120.40814,-1.43947],[120.40511,-1.43163],[120.39566,-1.43201],[120.3957,-1.42664],[120.39138,-1.42653],[120.39275,-1.42723],[120.39241,-1.42927],[120.38841,-1.42866],[120.3877,-1.43201],[120.38901,-1.43343],[120.38723,-1.43492],[120.37804,-1.43438],[120.37903,-1.43121],[120.37645,-1.43465],[120.37489,-1.43431],[120.37557,-1.42683],[120.37295,-1.42522],[120.36725,-1.42529],[120.36347,-1.42012],[120.36142,-1.42015],[120.35799,-1.41709],[120.35845,-1.41477],[120.3569,-1.41541],[120.35563,-1.41174],[120.35294,-1.41096],[120.35419,-1.40263],[120.35698,-1.40124],[120.35646,-1.39504],[120.34998,-1.39611],[120.34949,-1.39828],[120.34573,-1.40027],[120.3405,-1.39944],[120.33545,-1.39431],[120.33562,-1.39651],[120.33013,-1.3969],[120.32572,-1.39198],[120.3254,-1.38938],[120.32151,-1.38721],[120.32243,-1.38603],[120.31737,-1.38583],[120.3216,-1.37449],[120.32231,-1.37549],[120.32379,-1.37296],[120.32878,-1.37354],[120.33126,-1.37201],[120.33214,-1.37319],[120.33496,-1.36979],[120.33452,-1.36696],[120.33959,-1.36566],[120.34197,-1.36311],[120.34632,-1.35013],[120.34807,-1.3499],[120.34889,-1.35669],[120.35948,-1.3553],[120.35255,-1.34479],[120.35471,-1.3438],[120.3592,-1.33076],[120.36326,-1.32757],[120.36684,-1.32056],[120.36533,-1.31683],[120.37009,-1.31322],[120.34014,-1.29181],[120.32135,-1.28998],[120.31229,-1.28608],[120.30285,-1.27632],[120.28959,-1.25289],[120.27664,-1.23694],[120.26769,-1.20912]],[[120.51126,-1.24179],[120.51049,-1.24122],[120.51109,-1.24361],[120.51126,-1.24179]],[[120.51011,-1.23409],[120.50757,-1.23543],[120.50956,-1.2387],[120.51011,-1.23409]],[[120.5211,-1.2368],[120.5215,-1.23536],[120.51763,-1.23488],[120.51806,-1.23646],[120.5211,-1.2368]],[[120.51604,-1.23773],[120.5164,-1.23671],[120.51289,-1.23393],[120.51338,-1.23656],[120.51604,-1.23773]],[[120.50328,-1.23381],[120.50327,-1.23504],[120.50412,-1.23472],[120.50328,-1.23381]],[[120.51868,-1.2308],[120.51789,-1.23214],[120.51904,-1.23295],[120.51868,-1.2308]],[[120.49109,-1.2219],[120.49243,-1.22409],[120.49009,-1.22709],[120.48845,-1.22697],[120.49353,-1.2297],[120.49591,-1.22841],[120.49591,-1.22487],[120.49824,-1.22449],[120.50195,-1.21699],[120.4968,-1.21501],[120.49537,-1.22015],[120.49109,-1.2219]],[[120.52629,-1.20904],[120.52934,-1.20989],[120.52873,-1.2075],[120.53118,-1.20755],[120.53134,-1.20603],[120.52782,-1.2066],[120.52629,-1.20904]]],[[[120.21325,-1.87045],[120.20808,-1.87161],[120.2066,-1.86989],[120.20535,-1.87407],[120.20297,-1.87427],[120.20377,-1.87593],[120.20066,-1.87677],[120.20178,-1.87313],[120.19981,-1.8686],[120.20217,-1.87105],[120.2059,-1.8688],[120.21273,-1.86772],[120.21325,-1.87045]]],[[[120.4646,-1.57649],[120.46361,-1.58131],[120.46574,-1.58147],[120.46639,-1.58387],[120.46708,-1.58153],[120.46836,-1.58234],[120.46966,-1.58625],[120.47741,-1.58532],[120.48179,-1.58744],[120.48471,-1.5906],[120.48371,-1.59263],[120.48454,-1.59482],[120.48635,-1.59262],[120.48941,-1.60136],[120.49314,-1.60328],[120.49372,-1.60517],[120.4949,-1.60369],[120.49919,-1.60476],[120.5043,-1.60347],[120.50529,-1.60525],[120.5073,-1.60534],[120.51241,-1.6037],[120.51537,-1.6054],[120.51464,-1.61065],[120.5184,-1.60719],[120.52065,-1.60727],[120.52147,-1.60441],[120.52339,-1.60496],[120.52693,-1.60291],[120.53314,-1.59692],[120.53452,-1.59743],[120.53382,-1.60048],[120.5394,-1.59613],[120.54272,-1.60041],[120.54424,-1.59905],[120.54363,-1.59531],[120.54578,-1.59175],[120.5488,-1.59266],[120.54922,-1.59528],[120.55261,-1.59465],[120.55478,-1.59294],[120.55474,-1.59156],[120.55595,-1.59347],[120.56092,-1.5906],[120.56139,-1.59168],[120.56562,-1.59239],[120.56828,-1.5919],[120.57151,-1.58844],[120.57265,-1.58588],[120.57127,-1.58484],[120.57382,-1.58344],[120.57406,-1.58144],[120.57524,-1.58161],[120.57558,-1.57915],[120.57734,-1.58049],[120.58127,-1.57991],[120.5813,-1.58567],[120.58623,-1.58806],[120.58752,-1.58722],[120.59147,-1.59056],[120.59311,-1.59807],[120.59218,-1.60081],[120.5937,-1.60287],[120.59889,-1.60562],[120.60122,-1.60446],[120.60156,-1.6021],[120.6049,-1.59923],[120.60426,-1.59428],[120.60871,-1.59163],[120.60998,-1.58537],[120.61372,-1.58172],[120.62528,-1.58122],[120.62483,-1.58474],[120.6273,-1.58587],[120.63299,-1.58152],[120.64614,-1.57889],[120.65401,-1.57245],[120.65022,-1.56871],[120.64261,-1.56825],[120.646,-1.5653],[120.64213,-1.56173],[120.6348,-1.56076],[120.63848,-1.55637],[120.63922,-1.54833],[120.64495,-1.5443],[120.64407,-1.53938],[120.64853,-1.52881],[120.6462,-1.52544],[120.647,-1.5198],[120.63552,-1.50823],[120.6373,-1.50632],[120.64014,-1.50823],[120.6415,-1.50741],[120.64441,-1.49976],[120.64824,-1.49961],[120.64924,-1.49559],[120.65393,-1.49756],[120.66327,-1.49617],[120.66339,-1.49756],[120.66711,-1.49738],[120.66605,-1.49423],[120.6685,-1.49209],[120.66877,-1.48564],[120.67038,-1.48191],[120.67465,-1.48343],[120.66963,-1.48596],[120.67289,-1.48762],[120.67527,-1.48648],[120.67352,-1.48996],[120.67575,-1.48924],[120.67609,-1.4846],[120.67801,-1.4832],[120.68013,-1.47711],[120.67715,-1.47559],[120.67564,-1.46608],[120.67306,-1.46408],[120.67385,-1.46186],[120.67299,-1.46107],[120.6721,-1.46291],[120.66919,-1.46004],[120.6683,-1.45708],[120.67168,-1.45597],[120.66919,-1.45593],[120.66834,-1.45257],[120.66977,-1.45366],[120.67039,-1.45094],[120.67344,-1.45467],[120.67719,-1.45459],[120.67679,-1.4517],[120.67483,-1.45132],[120.67687,-1.44954],[120.67783,-1.44479],[120.68508,-1.4509],[120.68552,-1.45422],[120.6824,-1.45517],[120.68333,-1.45894],[120.68718,-1.45785],[120.68945,-1.46118],[120.69651,-1.46152],[120.70094,-1.4572],[120.701,-1.45408],[120.70228,-1.45492],[120.70526,-1.45237],[120.7026,-1.44901],[120.69848,-1.44832],[120.6995,-1.44569],[120.69833,-1.44417],[120.69576,-1.4468],[120.69463,-1.4441],[120.69257,-1.44491],[120.69202,-1.4432],[120.68885,-1.44416],[120.68741,-1.44294],[120.68543,-1.43966],[120.68684,-1.43938],[120.68599,-1.43816],[120.68866,-1.4387],[120.68773,-1.43554],[120.69043,-1.4377],[120.69115,-1.43586],[120.69474,-1.43931],[120.69454,-1.43695],[120.69709,-1.43619],[120.69345,-1.43282],[120.69058,-1.43395],[120.68831,-1.43029],[120.68884,-1.42832],[120.69616,-1.4312],[120.70228,-1.43088],[120.70702,-1.4341],[120.70829,-1.43333],[120.70764,-1.43091],[120.71504,-1.43124],[120.7187,-1.42696],[120.72093,-1.42804],[120.72705,-1.42695],[120.72905,-1.42822],[120.73239,-1.42467],[120.73444,-1.42407],[120.73616,-1.42576],[120.73507,-1.42775],[120.73634,-1.43061],[120.73425,-1.43083],[120.73651,-1.43472],[120.73096,-1.43574],[120.72664,-1.44036],[120.72143,-1.4385],[120.72086,-1.44084],[120.72497,-1.44396],[120.72238,-1.44492],[120.7212,-1.44899],[120.71767,-1.45153],[120.71891,-1.45547],[120.71659,-1.46012],[120.718,-1.46089],[120.72167,-1.45709],[120.7234,-1.4526],[120.72643,-1.4522],[120.72599,-1.44967],[120.7285,-1.44986],[120.72819,-1.44612],[120.72989,-1.44775],[120.73157,-1.44669],[120.73347,-1.44807],[120.73421,-1.44667],[120.73673,-1.44993],[120.73455,-1.45455],[120.73256,-1.45409],[120.73095,-1.45681],[120.72893,-1.45574],[120.72555,-1.45996],[120.72531,-1.46566],[120.72671,-1.46556],[120.72799,-1.46039],[120.73565,-1.4572],[120.7345,-1.4597],[120.73723,-1.46069],[120.73731,-1.46402],[120.74009,-1.46374],[120.73834,-1.4663],[120.73575,-1.46479],[120.73747,-1.46766],[120.73478,-1.46973],[120.73921,-1.46885],[120.74116,-1.46631],[120.74417,-1.46902],[120.74221,-1.47128],[120.74663,-1.47368],[120.74686,-1.47679],[120.73982,-1.48086],[120.7335,-1.47749],[120.72689,-1.48262],[120.72387,-1.48157],[120.71651,-1.48328],[120.7168,-1.48604],[120.71825,-1.48459],[120.72289,-1.48788],[120.72051,-1.49056],[120.71623,-1.49147],[120.71728,-1.49623],[120.7149,-1.50551],[120.71311,-1.5067],[120.70769,-1.50579],[120.70383,-1.50877],[120.7014,-1.51531],[120.7034,-1.51824],[120.69912,-1.52354],[120.70326,-1.53156],[120.7109,-1.53182],[120.71363,-1.53544],[120.72225,-1.53532],[120.72416,-1.53696],[120.72375,-1.54343],[120.72049,-1.5476],[120.71901,-1.54779],[120.71808,-1.54534],[120.71426,-1.54622],[120.70298,-1.55574],[120.70383,-1.55993],[120.71045,-1.56961],[120.71511,-1.57237],[120.71697,-1.57665],[120.7172,-1.57989],[120.71483,-1.58227],[120.71293,-1.58827],[120.70973,-1.58977],[120.70879,-1.59534],[120.70354,-1.60238],[120.7006,-1.60401],[120.69954,-1.61261],[120.69165,-1.62037],[120.68765,-1.61451],[120.68554,-1.61528],[120.68057,-1.61321],[120.68128,-1.60679],[120.68021,-1.60522],[120.6766,-1.60588],[120.67115,-1.61057],[120.66632,-1.61799],[120.6629,-1.61832],[120.66032,-1.62082],[120.65604,-1.61776],[120.65316,-1.62192],[120.65421,-1.62908],[120.65235,-1.62699],[120.64642,-1.62649],[120.64664,-1.6298],[120.64309,-1.63418],[120.64576,-1.63908],[120.64207,-1.64269],[120.63945,-1.64955],[120.6343,-1.64852],[120.63614,-1.64535],[120.63513,-1.64398],[120.63141,-1.64441],[120.62734,-1.64759],[120.62671,-1.6448],[120.62235,-1.64449],[120.62126,-1.65035],[120.61404,-1.66026],[120.61605,-1.66428],[120.62171,-1.66753],[120.61903,-1.6721],[120.62091,-1.67516],[120.61702,-1.67729],[120.6185,-1.68255],[120.61626,-1.68311],[120.6159,-1.68697],[120.6226,-1.69242],[120.62549,-1.69891],[120.63021,-1.70088],[120.63064,-1.70356],[120.63587,-1.70943],[120.63467,-1.71053],[120.63345,-1.70764],[120.6315,-1.70739],[120.63404,-1.71304],[120.63331,-1.7146],[120.63031,-1.71307],[120.62902,-1.70975],[120.6263,-1.70928],[120.62752,-1.71547],[120.62274,-1.71517],[120.6179,-1.72505],[120.61435,-1.7282],[120.62131,-1.733],[120.6247,-1.73304],[120.62457,-1.73831],[120.62205,-1.7415],[120.62387,-1.74181],[120.62506,-1.74005],[120.62977,-1.74356],[120.62611,-1.74452],[120.62658,-1.74674],[120.62405,-1.74838],[120.62467,-1.75501],[120.62213,-1.75608],[120.62125,-1.75456],[120.61749,-1.75481],[120.61729,-1.75951],[120.60882,-1.76166],[120.60543,-1.76464],[120.60226,-1.76344],[120.60447,-1.75657],[120.5975,-1.75448],[120.60674,-1.74994],[120.60715,-1.7478],[120.5974,-1.7477],[120.59828,-1.74184],[120.59439,-1.73892],[120.59398,-1.72805],[120.58866,-1.72249],[120.58187,-1.72448],[120.57585,-1.73278],[120.55074,-1.73541],[120.54931,-1.73721],[120.53071,-1.73987],[120.52247,-1.75272],[120.52064,-1.75819],[120.52289,-1.76222],[120.52237,-1.77164],[120.51572,-1.76966],[120.51302,-1.77078],[120.50299,-1.79105],[120.49769,-1.79752],[120.49417,-1.79649],[120.49034,-1.79795],[120.49003,-1.7997],[120.48517,-1.79364],[120.48161,-1.7959],[120.48116,-1.79349],[120.48003,-1.79339],[120.47818,-1.79381],[120.47645,-1.79634],[120.47362,-1.79626],[120.47349,-1.80093],[120.47106,-1.80397],[120.46775,-1.8034],[120.46756,-1.80189],[120.46597,-1.80063],[120.46107,-1.79853],[120.45807,-1.79931],[120.45747,-1.79673],[120.45469,-1.79886],[120.45213,-1.79698],[120.44557,-1.79852],[120.44389,-1.79758],[120.44297,-1.80063],[120.43774,-1.80453],[120.43559,-1.80376],[120.43289,-1.80711],[120.42903,-1.80548],[120.42141,-1.80833],[120.41932,-1.807],[120.41698,-1.80158],[120.41155,-1.79982],[120.40611,-1.80124],[120.39954,-1.8006],[120.39899,-1.80209],[120.39815,-1.80139],[120.39526,-1.80239],[120.38941,-1.81075],[120.38369,-1.81104],[120.38192,-1.8082],[120.378,-1.80731],[120.37202,-1.81578],[120.36944,-1.81631],[120.36514,-1.81863],[120.36361,-1.82234],[120.36016,-1.82339],[120.35469,-1.82993],[120.35177,-1.83061],[120.34792,-1.82856],[120.34933,-1.83229],[120.34816,-1.83377],[120.34552,-1.83307],[120.34552,-1.83505],[120.3432,-1.8346],[120.33935,-1.84246],[120.32677,-1.8478],[120.32496,-1.84988],[120.32493,-1.8552],[120.322,-1.85564],[120.32246,-1.85814],[120.3207,-1.86014],[120.31852,-1.85951],[120.3178,-1.86111],[120.31971,-1.86341],[120.31739,-1.86347],[120.31711,-1.86499],[120.31351,-1.8592],[120.31234,-1.8616],[120.31135,-1.861],[120.31308,-1.85477],[120.31936,-1.8441],[120.32286,-1.821],[120.32222,-1.81832],[120.31762,-1.81415],[120.31743,-1.80901],[120.319,-1.80776],[120.31958,-1.80262],[120.3177,-1.80157],[120.31584,-1.79607],[120.31704,-1.79188],[120.31283,-1.78915],[120.30971,-1.78128],[120.3061,-1.77813],[120.30694,-1.77519],[120.30583,-1.77429],[120.3075,-1.77178],[120.29994,-1.77135],[120.30119,-1.768],[120.30523,-1.76583],[120.30654,-1.76228],[120.30301,-1.75948],[120.29899,-1.7527],[120.29872,-1.74921],[120.30691,-1.74677],[120.31531,-1.74721],[120.31608,-1.74476],[120.31754,-1.7449],[120.31532,-1.74204],[120.31622,-1.73952],[120.32045,-1.74421],[120.32692,-1.74207],[120.32697,-1.73586],[120.3251,-1.7335],[120.32674,-1.73134],[120.32612,-1.72675],[120.32765,-1.72085],[120.32222,-1.71636],[120.32406,-1.71436],[120.32344,-1.70984],[120.32767,-1.70332],[120.32115,-1.70579],[120.3204,-1.70406],[120.32385,-1.7008],[120.3253,-1.69503],[120.32437,-1.69102],[120.32209,-1.69573],[120.31742,-1.69101],[120.319,-1.6852],[120.32295,-1.68629],[120.3343,-1.68526],[120.33625,-1.68162],[120.35379,-1.68253],[120.35591,-1.68053],[120.36505,-1.67809],[120.36878,-1.67274],[120.36777,-1.67112],[120.36892,-1.66811],[120.36707,-1.66524],[120.36122,-1.66495],[120.35282,-1.65819],[120.35027,-1.64972],[120.34329,-1.64254],[120.35502,-1.63614],[120.36465,-1.62632],[120.36063,-1.62481],[120.36198,-1.61986],[120.35712,-1.61186],[120.3548,-1.61065],[120.35608,-1.60977],[120.35529,-1.6071],[120.35751,-1.60576],[120.36012,-1.59906],[120.36178,-1.59864],[120.36478,-1.6025],[120.36998,-1.59857],[120.37294,-1.60187],[120.37826,-1.59424],[120.38513,-1.59983],[120.39129,-1.59974],[120.39116,-1.59685],[120.38838,-1.59361],[120.3924,-1.59174],[120.38887,-1.58829],[120.39367,-1.58819],[120.39501,-1.59257],[120.397,-1.59296],[120.39921,-1.58567],[120.39837,-1.58265],[120.3966,-1.58475],[120.39537,-1.58425],[120.39735,-1.57871],[120.39769,-1.58176],[120.39933,-1.58033],[120.40105,-1.58403],[120.40296,-1.59269],[120.40355,-1.59098],[120.40468,-1.59172],[120.40724,-1.59085],[120.40288,-1.58778],[120.40343,-1.58013],[120.40479,-1.58012],[120.40382,-1.58522],[120.40592,-1.58783],[120.41105,-1.58919],[120.41165,-1.58796],[120.41713,-1.58842],[120.41789,-1.59061],[120.42209,-1.59207],[120.42182,-1.58951],[120.42365,-1.58984],[120.42461,-1.58818],[120.4272,-1.58953],[120.43078,-1.58667],[120.43149,-1.59224],[120.43635,-1.58638],[120.43638,-1.58765],[120.43947,-1.58602],[120.44124,-1.58889],[120.44315,-1.58919],[120.44829,-1.5852],[120.45457,-1.57442],[120.45535,-1.57652],[120.45769,-1.5747],[120.4597,-1.57576],[120.46142,-1.57374],[120.4646,-1.57649]],[[120.35755,-1.60861],[120.35816,-1.61198],[120.3616,-1.61192],[120.36105,-1.61408],[120.36429,-1.6112],[120.36208,-1.60892],[120.36266,-1.60569],[120.35755,-1.60861]],[[120.36523,-1.60518],[120.36481,-1.61055],[120.36817,-1.6096],[120.36781,-1.60623],[120.36523,-1.60518]],[[120.37564,-1.60411],[120.37202,-1.60533],[120.37428,-1.6064],[120.3749,-1.60886],[120.37673,-1.60756],[120.37564,-1.60411]],[[120.37961,-1.6067],[120.38127,-1.60366],[120.38035,-1.60314],[120.37751,-1.60382],[120.37961,-1.6067]],[[120.36769,-1.60173],[120.3673,-1.60469],[120.37064,-1.60701],[120.36955,-1.60107],[120.36769,-1.60173]],[[120.37849,-1.60295],[120.37957,-1.60243],[120.37826,-1.60164],[120.37704,-1.60249],[120.37849,-1.60295]],[[120.53088,-1.64178],[120.5312,-1.64193],[120.53044,-1.6408],[120.53088,-1.64178]]],[[[120.58165,-1.58535],[120.58269,-1.58342],[120.58169,-1.58009],[120.58723,-1.58684],[120.58165,-1.58535]]],[[[120.65837,-1.75557],[120.65772,-1.75402],[120.65891,-1.75191],[120.66028,-1.75344],[120.65837,-1.75557]]],[[[120.65875,-1.74914],[120.65745,-1.75361],[120.65564,-1.74863],[120.65726,-1.74431],[120.65875,-1.74914]]],[[[120.65678,-1.71687],[120.65666,-1.71435],[120.65878,-1.71475],[120.65816,-1.71711],[120.65678,-1.71687]]],[[[120.65512,-1.71341],[120.65585,-1.71321],[120.65639,-1.71467],[120.65512,-1.71341]]],[[[120.76743,-1.69115],[120.76543,-1.68828],[120.76719,-1.68881],[120.76859,-1.69116],[120.76471,-1.69245],[120.76142,-1.69159],[120.76204,-1.69345],[120.76357,-1.69266],[120.76575,-1.69519],[120.7608,-1.69339],[120.76086,-1.69134],[120.76196,-1.69112],[120.7607,-1.68664],[120.76743,-1.69115]]],[[[120.76759,-1.68601],[120.76687,-1.68677],[120.76336,-1.68741],[120.75944,-1.68283],[120.76402,-1.68322],[120.76759,-1.68601]]],[[[120.8937,-1.49816],[120.89358,-1.49839],[120.89362,-1.49741],[120.8937,-1.49816]]],[[[120.89196,-1.49119],[120.89167,-1.49012],[120.89198,-1.49046],[120.89196,-1.49119]]]]},"properties":{"kph":"KPH Sintuwu Maroso"}},{"type":"Feature","geometry":{"type":"MultiPolygon","coordinates":[[[[124.83967,1.52839],[124.83964,1.52858],[124.83984,1.52834],[124.83967,1.52839]]],[[[124.83772,1.52948],[124.83749,1.52997],[124.83929,1.529],[124.83772,1.52948]]],[[[124.83586,1.53179],[124.83469,1.5325],[124.83444,1.53325],[124.83384,1.53336],[124.83356,1.53361],[124.83341,1.53396],[124.83428,1.53364],[124.83656,1.5317],[124.83586,1.53179]]],[[[124.83014,1.53565],[124.82561,1.53855],[124.82944,1.53795],[124.83228,1.5358],[124.83014,1.53565]]],[[[124.82378,1.53916],[124.82327,1.53993],[124.82432,1.53997],[124.82378,1.53916]]],[[[124.95,1.6164],[124.9501,1.61864],[124.94451,1.62192],[124.9437,1.62448],[124.94059,1.62487],[124.93942,1.62736],[124.93644,1.62836],[124.93417,1.62673],[124.93026,1.63081],[124.93295,1.62879],[124.93554,1.63065],[124.93917,1.63016],[124.94055,1.63626],[124.94011,1.63082],[124.94367,1.63011],[124.9466,1.6329],[124.94561,1.63479],[124.94344,1.63379],[124.94388,1.63752],[124.94266,1.63834],[124.9461,1.64141],[124.9462,1.6393],[124.95133,1.63964],[124.95104,1.63439],[124.95325,1.62907],[124.96046,1.62476],[124.96229,1.62565],[124.96096,1.63355],[124.96229,1.63601],[124.96513,1.63974],[124.96999,1.64043],[124.9748,1.63942],[124.98484,1.62944],[124.99236,1.6331],[124.99947,1.63427],[125.00616,1.62366],[125.008,1.59756],[124.9994,1.58006],[124.99542,1.56098],[124.9929,1.55662],[124.98727,1.55397],[124.9814,1.54485],[124.97562,1.54439],[124.96982,1.54046],[124.96849,1.54105],[124.96588,1.53733],[124.96288,1.53881],[124.96024,1.5515],[124.9533,1.54981],[124.94993,1.55049],[124.94656,1.56126],[124.94908,1.57049],[124.95176,1.57422],[124.94978,1.57562],[124.94714,1.57387],[124.94719,1.57582],[124.94317,1.57886],[124.94072,1.58493],[124.94212,1.58999],[124.93969,1.59251],[124.93727,1.59045],[124.93884,1.59531],[124.93769,1.59833],[124.94454,1.60111],[124.94196,1.60388],[124.94339,1.60312],[124.94643,1.60476],[124.95193,1.6113],[124.95236,1.61438],[124.95401,1.61436],[124.95307,1.61302],[124.9574,1.61345],[124.96215,1.61169],[124.96269,1.61357],[124.96012,1.61483],[124.96243,1.6171],[124.96059,1.61747],[124.95842,1.61495],[124.95,1.6164]]],[[[124.86246,1.6001],[124.85881,1.60034],[124.8618,1.60315],[124.86246,1.6001]]],[[[124.86756,1.60738],[124.86897,1.61091],[124.86831,1.61437],[124.86943,1.61501],[124.86852,1.60559],[124.86756,1.60738]]],[[[124.89873,1.63305],[124.8953,1.63332],[124.89464,1.63614],[124.89103,1.63547],[124.88607,1.63095],[124.88402,1.63159],[124.87841,1.62446],[124.87644,1.62526],[124.87539,1.62283],[124.87201,1.61959],[124.87327,1.6227],[124.87667,1.62575],[124.87829,1.62527],[124.87879,1.62843],[124.88266,1.63195],[124.8874,1.63342],[124.89113,1.63703],[124.89346,1.63649],[124.89693,1.6408],[124.90001,1.64151],[124.89799,1.64005],[124.89873,1.63305]]],[[[124.93905,1.68397],[124.94154,1.68485],[124.94055,1.68289],[124.94053,1.68229],[124.94084,1.68218],[124.94421,1.68464],[124.94314,1.68667],[124.94536,1.68698],[124.94544,1.68443],[124.94823,1.6841],[124.94947,1.68328],[124.94999,1.68181],[124.94804,1.68217],[124.9484,1.67901],[124.94675,1.68046],[124.94579,1.67956],[124.94667,1.68144],[124.9455,1.68353],[124.94538,1.68172],[124.94357,1.68138],[124.94416,1.67681],[124.94246,1.67828],[124.93968,1.67748],[124.9381,1.67967],[124.93592,1.67329],[124.9336,1.67337],[124.93736,1.66161],[124.93734,1.65519],[124.93266,1.65455],[124.93351,1.65241],[124.92813,1.65439],[124.92819,1.65143],[124.93003,1.65206],[124.93076,1.64927],[124.92381,1.64665],[124.92286,1.6495],[124.92098,1.64748],[124.92254,1.64669],[124.92273,1.64334],[124.91977,1.6443],[124.91958,1.64679],[124.91817,1.6457],[124.91745,1.64798],[124.91851,1.64217],[124.91567,1.64256],[124.91533,1.64555],[124.91299,1.64561],[124.91279,1.64433],[124.91175,1.64645],[124.90916,1.64477],[124.91095,1.64843],[124.90994,1.6491],[124.90665,1.64469],[124.90396,1.64365],[124.90275,1.64629],[124.90105,1.64524],[124.89937,1.64177],[124.89883,1.64184],[124.90255,1.64886],[124.90711,1.65164],[124.90986,1.65158],[124.91079,1.65366],[124.9118,1.6528],[124.91278,1.65628],[124.91642,1.65785],[124.91577,1.65918],[124.91768,1.65956],[124.91879,1.66298],[124.92228,1.66201],[124.91977,1.65905],[124.9222,1.65943],[124.92218,1.65806],[124.92453,1.66228],[124.92845,1.66036],[124.92881,1.66198],[124.92977,1.6608],[124.93215,1.6621],[124.92871,1.66323],[124.93008,1.6658],[124.92516,1.6652],[124.92595,1.66754],[124.92388,1.67217],[124.92598,1.67296],[124.92664,1.67711],[124.92935,1.67489],[124.93307,1.67569],[124.93024,1.67764],[124.93194,1.67872],[124.9306,1.68093],[124.93227,1.68511],[124.93815,1.68856],[124.93858,1.69207],[124.94122,1.69194],[124.94093,1.69409],[124.94178,1.69259],[124.93905,1.68397]]],[[[124.97425,1.70209],[124.97554,1.69971],[124.97392,1.69644],[124.97665,1.69202],[124.97498,1.69071],[124.97232,1.69165],[124.97214,1.68947],[124.96901,1.68999],[124.97048,1.68935],[124.96928,1.68886],[124.97017,1.68719],[124.96691,1.68052],[124.96995,1.67704],[124.96951,1.67191],[124.97185,1.66961],[124.97026,1.66934],[124.96926,1.66459],[124.96756,1.6654],[124.96365,1.66258],[124.96406,1.66901],[124.96666,1.67055],[124.96356,1.67353],[124.96144,1.67323],[124.9614,1.6753],[124.95972,1.67369],[124.95981,1.67085],[124.95796,1.66983],[124.95537,1.67275],[124.95737,1.67477],[124.95745,1.67653],[124.95575,1.67418],[124.95391,1.6758],[124.95454,1.68172],[124.95042,1.68195],[124.95156,1.67956],[124.95009,1.68094],[124.95016,1.68261],[124.95694,1.68325],[124.95872,1.67942],[124.96085,1.67883],[124.96035,1.67756],[124.96164,1.67862],[124.96113,1.68488],[124.9652,1.67923],[124.96436,1.67629],[124.96726,1.67674],[124.96448,1.68441],[124.96723,1.68371],[124.96571,1.68645],[124.96755,1.68759],[124.96706,1.68934],[124.96896,1.68914],[124.96737,1.69016],[124.96351,1.68727],[124.96089,1.69128],[124.96189,1.69241],[124.9608,1.69181],[124.95854,1.69449],[124.95716,1.69896],[124.96047,1.69965],[124.96013,1.69675],[124.96135,1.69578],[124.9628,1.69548],[124.96479,1.69977],[124.97005,1.6978],[124.96922,1.70201],[124.97069,1.70302],[124.97425,1.70209]],[[124.97296,1.7001],[124.9715,1.70252],[124.97109,1.70027],[124.97264,1.69959],[124.97106,1.69874],[124.97339,1.69809],[124.97296,1.7001]]],[[[124.94991,1.68335],[124.95067,1.68326],[124.9503,1.6829],[124.94991,1.68335]]],[[[124.95637,1.69016],[124.95407,1.68681],[124.95024,1.69223],[124.94834,1.69164],[124.95001,1.70112],[124.95331,1.69953],[124.95637,1.69016]]],[[[125.01268,1.69531],[125.01249,1.69505],[125.01262,1.69535],[125.01268,1.69531]]],[[[125.01352,1.69584],[125.013,1.69565],[125.014,1.69759],[125.01352,1.69584]]],[[[124.96309,1.69815],[124.96343,1.69825],[124.96353,1.69786],[124.96309,1.69815]]],[[[124.96115,1.70003],[124.96249,1.70042],[124.96316,1.69648],[124.96033,1.69703],[124.96115,1.70003]]],[[[125.01375,1.69837],[125.01375,1.69857],[125.01385,1.69852],[125.01375,1.69837]]],[[[124.96532,1.70591],[124.96507,1.70594],[124.96515,1.70626],[124.96532,1.70591]]],[[[124.95952,1.70767],[124.95914,1.70808],[124.9596,1.70845],[124.95952,1.70767]]],[[[124.97456,1.70331],[124.97295,1.70265],[124.96754,1.70427],[124.96618,1.70234],[124.96291,1.70464],[124.96549,1.70569],[124.96752,1.70453],[124.96516,1.7135],[124.96705,1.70993],[124.96899,1.70974],[124.9694,1.70555],[124.97208,1.70873],[124.97324,1.7083],[124.97455,1.71311],[124.97292,1.71393],[124.97527,1.71311],[124.97521,1.71496],[124.97667,1.71531],[124.9753,1.70503],[124.97393,1.70553],[124.97456,1.70331]]],[[[124.96532,1.71396],[124.96527,1.71363],[124.96523,1.71371],[124.96532,1.71396]]],[[[124.95586,1.71534],[124.95571,1.71509],[124.95539,1.71519],[124.95586,1.71534]]],[[[124.96514,1.71873],[124.96604,1.71622],[124.96536,1.71417],[124.96266,1.72297],[124.96303,1.72851],[124.96457,1.71953],[124.96668,1.7201],[124.96514,1.71873]]],[[[124.98597,1.73657],[124.98831,1.73393],[124.98415,1.73354],[124.98588,1.73278],[124.98401,1.73235],[124.98687,1.73151],[124.98631,1.7306],[124.98848,1.73143],[124.98852,1.72609],[124.9922,1.7221],[124.99277,1.71851],[124.99227,1.71551],[124.99143,1.71823],[124.98745,1.71929],[124.98533,1.71379],[124.98413,1.71798],[124.98214,1.71695],[124.97879,1.71989],[124.97729,1.71812],[124.97583,1.71896],[124.97662,1.72108],[124.97457,1.71912],[124.97378,1.72051],[124.97467,1.71994],[124.97548,1.72186],[124.97372,1.72158],[124.97461,1.72295],[124.9728,1.72464],[124.97434,1.72547],[124.97256,1.72637],[124.97284,1.72897],[124.97193,1.72768],[124.96996,1.7284],[124.97062,1.73181],[124.97225,1.73172],[124.97417,1.72594],[124.97684,1.7231],[124.97951,1.72277],[124.98028,1.71977],[124.9839,1.71938],[124.98344,1.72357],[124.98691,1.72435],[124.98616,1.72703],[124.98093,1.72629],[124.97718,1.73334],[124.98054,1.73646],[124.98314,1.73461],[124.98171,1.73835],[124.98531,1.73812],[124.98409,1.73598],[124.98597,1.73657]]],[[[124.98159,1.73973],[124.98298,1.74169],[124.98217,1.74247],[124.98271,1.74349],[124.98542,1.74191],[124.98403,1.73908],[124.98159,1.73973]]],[[[125.06145,1.28775],[125.06265,1.28699],[125.06176,1.28713],[125.06145,1.28775]]],[[[125.05715,1.49967],[125.06255,1.49419],[125.06563,1.49504],[125.0687,1.49083],[125.0677,1.489],[125.06962,1.48968],[125.07372,1.48758],[125.07333,1.47848],[125.07876,1.47699],[125.07989,1.46824],[125.08286,1.462],[125.08206,1.45909],[125.07721,1.45973],[125.07358,1.45754],[125.0742,1.44909],[125.07202,1.44581],[125.0659,1.4431],[125.05932,1.4434],[125.05768,1.43614],[125.04408,1.43284],[125.04405,1.42881],[125.03884,1.43345],[125.03513,1.42998],[125.03394,1.43467],[125.02212,1.43569],[125.02075,1.43532],[125.01874,1.42817],[125.0163,1.42671],[125.01153,1.42936],[125.00926,1.43519],[125.00519,1.43471],[125.00122,1.43849],[125.00118,1.44048],[124.99785,1.44049],[124.99415,1.44357],[124.99764,1.44579],[124.99484,1.44751],[124.9927,1.45164],[124.98949,1.45057],[124.9889,1.45628],[124.98462,1.45661],[124.97978,1.45357],[124.98605,1.4596],[124.99348,1.45762],[124.99503,1.46094],[124.99726,1.46241],[124.99862,1.4616],[125.00022,1.47102],[125.00333,1.46966],[125.00528,1.47053],[125.00639,1.47547],[125.00507,1.48203],[125.00959,1.4884],[125.01082,1.49414],[125.01321,1.49583],[125.01876,1.49291],[125.0228,1.49443],[125.02629,1.49373],[125.02332,1.50089],[125.02734,1.50212],[125.02855,1.5001],[125.03284,1.50046],[125.03278,1.49681],[125.0473,1.49709],[125.05715,1.49967]]],[[[125.0881,1.58768],[125.09184,1.58366],[125.091,1.57829],[125.09558,1.57571],[125.09766,1.57152],[125.09662,1.55103],[125.11454,1.53164],[125.12589,1.53116],[125.13037,1.52696],[125.13182,1.52744],[125.13736,1.52108],[125.13792,1.51483],[125.13654,1.51524],[125.13263,1.5118],[125.1295,1.51462],[125.12763,1.51217],[125.12202,1.51299],[125.12297,1.50983],[125.12071,1.50631],[125.1202,1.50172],[125.11766,1.50163],[125.11675,1.49828],[125.10734,1.49626],[125.10437,1.49745],[125.10298,1.50793],[125.09961,1.51176],[125.09326,1.51239],[125.09309,1.50921],[125.07969,1.50999],[125.07669,1.50657],[125.0726,1.51091],[125.06975,1.51043],[125.06643,1.51603],[125.06201,1.5156],[125.06065,1.51407],[125.0572,1.51472],[125.05789,1.52084],[125.05573,1.52099],[125.05491,1.52386],[125.0531,1.5241],[125.05093,1.52767],[125.04569,1.52913],[125.04172,1.52789],[125.04181,1.52586],[125.03872,1.52601],[125.03865,1.52254],[125.03498,1.52111],[125.03521,1.51954],[125.03246,1.517],[125.02877,1.5172],[125.02953,1.5142],[125.02544,1.5118],[125.02588,1.51696],[125.02374,1.51664],[125.028,1.52315],[125.02234,1.52518],[125.02538,1.5264],[125.02439,1.52745],[125.01827,1.52544],[125.01382,1.52593],[125.00736,1.5427],[125.01189,1.56775],[125.01745,1.57328],[125.03595,1.57383],[125.03936,1.57924],[125.04329,1.58173],[125.04615,1.59312],[125.06601,1.62512],[125.07104,1.63909],[125.07831,1.64578],[125.08433,1.64252],[125.08939,1.63233],[125.08737,1.61324],[125.08029,1.6026],[125.07903,1.59759],[125.08698,1.59399],[125.0881,1.58768]]],[[[125.08116,1.66876],[125.08211,1.66613],[125.07974,1.66392],[125.07557,1.66436],[125.0782,1.6675],[125.0741,1.66872],[125.07463,1.67154],[125.07325,1.67286],[125.07472,1.6715],[125.07569,1.67309],[125.07719,1.67254],[125.07596,1.67099],[125.07818,1.66894],[125.08116,1.66876]]],[[[125.04136,1.6777],[125.04138,1.67909],[125.04187,1.67851],[125.04136,1.6777]]],[[[125.03975,1.67919],[125.03892,1.68095],[125.04056,1.67831],[125.03975,1.67919]]],[[[125.01295,1.68965],[125.015,1.68789],[125.02104,1.68594],[125.02463,1.68618],[125.02947,1.68332],[125.03026,1.68087],[125.03805,1.67996],[125.0395,1.67722],[125.04127,1.67719],[125.0422,1.67847],[125.03961,1.68196],[125.04003,1.68371],[125.04604,1.68516],[125.05085,1.68306],[125.05608,1.67689],[125.05251,1.67392],[125.0476,1.67679],[125.04587,1.67626],[125.04705,1.67395],[125.04528,1.67216],[125.04332,1.67216],[125.04221,1.67475],[125.04249,1.67264],[125.04177,1.6745],[125.04063,1.67403],[125.04387,1.67074],[125.04269,1.66979],[125.0395,1.67352],[125.03633,1.67256],[125.03307,1.6759],[125.03226,1.67435],[125.02893,1.67537],[125.02736,1.67247],[125.02304,1.67428],[125.02753,1.67751],[125.02551,1.6801],[125.02343,1.67936],[125.02269,1.67681],[125.01762,1.6755],[125.01525,1.67805],[125.01287,1.67055],[125.01268,1.67953],[125.01062,1.67902],[125.00797,1.67458],[125.00631,1.67489],[125.01015,1.68262],[125.01045,1.69085],[125.01228,1.68948],[125.0125,1.69235],[125.01376,1.69194],[125.01295,1.68965]]],[[[125.03662,1.68624],[125.03716,1.6879],[125.03952,1.68818],[125.03662,1.68624]]],[[[125.02227,1.68922],[125.02425,1.68816],[125.02306,1.68657],[125.01994,1.68757],[125.02227,1.68922]]],[[[125.02897,1.70402],[125.02788,1.70341],[125.02937,1.70174],[125.02872,1.69913],[125.03165,1.69739],[125.02961,1.69521],[125.03165,1.69366],[125.02975,1.68751],[125.02522,1.69284],[125.0184,1.69223],[125.01725,1.69591],[125.01754,1.69779],[125.0207,1.69908],[125.01836,1.70017],[125.02164,1.70452],[125.02571,1.70649],[125.02897,1.70402]]],[[[125.01396,1.69875],[125.01374,1.69871],[125.01371,1.69961],[125.01396,1.69875]]],[[[125.01411,1.70026],[125.0139,1.70008],[125.0157,1.70651],[125.01411,1.70026]]],[[[125.01794,1.71014],[125.01671,1.70784],[125.01721,1.71248],[125.01794,1.71014]]],[[[125.01754,1.71371],[125.01723,1.71287],[125.01742,1.71369],[125.01754,1.71371]]],[[[125.01785,1.71507],[125.01841,1.71606],[125.01846,1.71583],[125.01785,1.71507]]],[[[125.01922,1.71702],[125.01969,1.71684],[125.01954,1.71663],[125.01922,1.71702]]],[[[125.0199,1.71875],[125.0199,1.71773],[125.01926,1.71866],[125.01939,1.71943],[125.01993,1.71924],[125.0199,1.71875]]],[[[125.01967,1.72048],[125.02022,1.72145],[125.0207,1.72089],[125.01967,1.72048]]],[[[125.02011,1.72173],[125.02049,1.72223],[125.02105,1.72193],[125.02011,1.72173]]],[[[125.02139,1.7225],[125.02049,1.72236],[125.02162,1.72311],[125.02139,1.7225]]],[[[125.02587,1.72445],[125.02193,1.72276],[125.02398,1.72623],[125.02587,1.72445]]],[[[125.02561,1.72771],[125.02554,1.7276],[125.02541,1.7278],[125.02561,1.72771]]],[[[125.02532,1.72845],[125.02525,1.72842],[125.02541,1.72855],[125.02532,1.72845]]],[[[125.02575,1.72952],[125.02269,1.72692],[125.02171,1.73158],[125.01846,1.73136],[125.01535,1.73362],[125.01574,1.73088],[125.01357,1.73057],[125.00974,1.72597],[125.00789,1.72682],[125.00802,1.73257],[125.0098,1.72854],[125.01222,1.73508],[125.01594,1.73492],[125.02575,1.72952]]],[[[125.08457,1.84281],[125.07934,1.83597],[125.07012,1.83239],[125.06714,1.82872],[125.06845,1.82698],[125.0669,1.82264],[125.06422,1.82082],[125.06071,1.81299],[125.06005,1.81955],[125.05756,1.81946],[125.0554,1.8226],[125.05683,1.82487],[125.05395,1.82568],[125.05725,1.83405],[125.06106,1.83536],[125.07097,1.84665],[125.06862,1.8492],[125.06872,1.8515],[125.07163,1.85153],[125.07053,1.85568],[125.07639,1.85696],[125.07877,1.86001],[125.07892,1.86327],[125.08398,1.86581],[125.08669,1.87453],[125.08972,1.87121],[125.09001,1.86415],[125.08389,1.84487],[125.08457,1.84281]]],[[[125.23356,1.42549],[125.22661,1.41923],[125.22384,1.41932],[125.22542,1.42497],[125.23371,1.42789],[125.23471,1.43103],[125.24416,1.43258],[125.24397,1.43563],[125.24634,1.43692],[125.24939,1.44276],[125.25057,1.45035],[125.2488,1.45396],[125.25083,1.4572],[125.25021,1.46161],[125.25252,1.46621],[125.25444,1.46662],[125.25727,1.4594],[125.25228,1.44532],[125.25438,1.442],[125.24411,1.42357],[125.23356,1.42549]]],[[[125.26402,1.47202],[125.26007,1.47051],[125.25603,1.47149],[125.26225,1.48606],[125.26863,1.49253],[125.27103,1.49246],[125.27162,1.48703],[125.27033,1.48371],[125.26555,1.47945],[125.26402,1.47202]]],[[[125.13939,1.61237],[125.1385,1.61529],[125.13585,1.61484],[125.13561,1.62071],[125.13726,1.6233],[125.14155,1.62312],[125.13977,1.62017],[125.1411,1.61624],[125.13939,1.61237]]],[[[125.12121,1.65253],[125.11615,1.65339],[125.11681,1.65416],[125.12055,1.65502],[125.12121,1.65253]]],[[[125.09102,1.67623],[125.09664,1.67138],[125.08995,1.67095],[125.08763,1.67228],[125.08579,1.67132],[125.08649,1.66876],[125.08498,1.66847],[125.08123,1.67158],[125.0815,1.67322],[125.07658,1.67526],[125.07787,1.6786],[125.08612,1.67579],[125.09102,1.67623]]],[[[125.17596,1.67458],[125.17595,1.67462],[125.176,1.67458],[125.17596,1.67458]]],[[[125.1755,1.68414],[125.17691,1.67775],[125.17435,1.67107],[125.17162,1.6705],[125.16907,1.66681],[125.16538,1.66581],[125.1651,1.66781],[125.15554,1.67059],[125.15465,1.67481],[125.1561,1.68008],[125.15899,1.68136],[125.16144,1.68694],[125.16463,1.68738],[125.16572,1.69021],[125.16743,1.68772],[125.1755,1.68414]]],[[[125.14849,1.74513],[125.15035,1.7399],[125.14524,1.74572],[125.1484,1.74769],[125.14707,1.75211],[125.1493,1.74936],[125.15292,1.74906],[125.1549,1.74819],[125.14893,1.74725],[125.14849,1.74513]]],[[[125.13352,1.75858],[125.13347,1.75912],[125.13426,1.75857],[125.13352,1.75858]]],[[[125.1462,1.75637],[125.14311,1.75668],[125.1446,1.76104],[125.14632,1.76011],[125.1462,1.75637]]],[[[125.1334,1.75983],[125.13283,1.76216],[125.13328,1.76124],[125.1334,1.75983]]],[[[125.15319,1.76245],[125.15027,1.75937],[125.15511,1.76726],[125.15575,1.76788],[125.15972,1.76979],[125.15529,1.76686],[125.15319,1.76245]]],[[[125.13231,1.77081],[125.1317,1.77349],[125.13401,1.77221],[125.13115,1.76731],[125.13231,1.77081]]],[[[125.13182,1.77486],[125.13213,1.77509],[125.13174,1.77394],[125.13182,1.77486]]],[[[125.13775,1.80676],[125.13556,1.80378],[125.14052,1.80244],[125.14162,1.80094],[125.14066,1.79962],[125.14416,1.8],[125.1506,1.81432],[125.15407,1.81058],[125.15357,1.80702],[125.15588,1.80442],[125.15363,1.80185],[125.15317,1.7964],[125.15693,1.7957],[125.15693,1.79868],[125.15885,1.79565],[125.16268,1.79571],[125.16319,1.79863],[125.16597,1.79687],[125.16728,1.79368],[125.16527,1.79436],[125.1662,1.79236],[125.16263,1.79017],[125.15288,1.79153],[125.15028,1.787],[125.15049,1.78145],[125.14723,1.78059],[125.14485,1.77502],[125.13996,1.77645],[125.14428,1.77743],[125.14412,1.7831],[125.14189,1.78486],[125.13875,1.7846],[125.13923,1.78761],[125.13646,1.78723],[125.13759,1.78993],[125.13491,1.79642],[125.13558,1.79866],[125.13051,1.79978],[125.12873,1.80178],[125.12672,1.80572],[125.12857,1.80902],[125.12321,1.81433],[125.12403,1.81741],[125.12851,1.81463],[125.12873,1.81628],[125.13117,1.81528],[125.13214,1.81011],[125.13775,1.80676]]],[[[125.12464,1.81842],[125.12195,1.81602],[125.11786,1.81507],[125.1159,1.81599],[125.12173,1.81638],[125.12517,1.81948],[125.13569,1.82222],[125.13612,1.82355],[125.13779,1.82208],[125.13545,1.8203],[125.12464,1.81842]]],[[[125.14751,1.82234],[125.14856,1.82246],[125.14951,1.8213],[125.14585,1.82269],[125.14623,1.82388],[125.14751,1.82234]]],[[[125.13488,1.82352],[125.13387,1.82382],[125.13441,1.82378],[125.13488,1.82352]]],[[[125.12819,1.82514],[125.12806,1.82518],[125.12845,1.82516],[125.12819,1.82514]]],[[[125.12682,1.82574],[125.12687,1.82543],[125.12643,1.82596],[125.12682,1.82574]]],[[[125.13352,1.82893],[125.13455,1.8281],[125.13283,1.82469],[125.13383,1.82383],[125.13014,1.82495],[125.13352,1.82893]]],[[[125.12633,1.82607],[125.1261,1.8275],[125.12689,1.8267],[125.12633,1.82607]]],[[[125.14579,1.82926],[125.14522,1.8264],[125.14457,1.82754],[125.14563,1.83049],[125.14579,1.82926]]],[[[125.12679,1.82945],[125.12592,1.82784],[125.12569,1.82858],[125.12625,1.83063],[125.12679,1.82945]]],[[[125.12692,1.83293],[125.12899,1.83241],[125.12585,1.83215],[125.12604,1.83104],[125.12518,1.83213],[125.12692,1.83293]]]]},"properties":{"kph":"KPH UNIT VI MANADO, MINAHASA UTARA DAN BITUNG"}},{"type":"Feature","geometry":{"type":"MultiPolygon","coordinates":[[[[121.72943,-1.65101],[121.73275,-1.64958],[121.73873,-1.65023],[121.74328,-1.65581],[121.74099,-1.65834],[121.74208,-1.66097],[121.7527,-1.6651],[121.74917,-1.6729],[121.74258,-1.67839],[121.74288,-1.6871],[121.73608,-1.6844],[121.73525,-1.68544],[121.74185,-1.69042],[121.7436,-1.69664],[121.73875,-1.70681],[121.73833,-1.71303],[121.73925,-1.71428],[121.74292,-1.71346],[121.74076,-1.71697],[121.73974,-1.7241],[121.74276,-1.72578],[121.74497,-1.72519],[121.75284,-1.73555],[121.74459,-1.75068],[121.74273,-1.74996],[121.74398,-1.74571],[121.74212,-1.74384],[121.74347,-1.73762],[121.73718,-1.72869],[121.73512,-1.72838],[121.72924,-1.73667],[121.72852,-1.74155],[121.72467,-1.74153],[121.72646,-1.72951],[121.7242,-1.72536],[121.72472,-1.71468],[121.71616,-1.71602],[121.70895,-1.71944],[121.70884,-1.72349],[121.70709,-1.72525],[121.70358,-1.7239],[121.69512,-1.71625],[121.70295,-1.71169],[121.712,-1.6821],[121.72588,-1.66417],[121.72943,-1.65101]]],[[[122.77424,-0.95864],[122.77218,-0.96293],[122.77353,-0.96728],[122.77197,-0.96835],[122.77353,-0.97106],[122.76557,-0.98098],[122.75966,-0.98381],[122.73867,-0.98674],[122.73947,-0.98419],[122.73142,-0.98898],[122.72731,-0.99354],[122.72727,-0.99811],[122.72463,-0.99807],[122.722,-0.99559],[122.71703,-1.00165],[122.7182,-1.00313],[122.71622,-1.00421],[122.71683,-1.00797],[122.71878,-1.01154],[122.71714,-1.01249],[122.71655,-1.01511],[122.71783,-1.016],[122.71668,-1.01754],[122.71437,-1.01998],[122.71083,-1.01187],[122.70035,-1.02817],[122.69439,-1.0304],[122.70049,-1.03788],[122.69757,-1.03869],[122.6955,-1.04265],[122.69712,-1.04478],[122.69332,-1.05448],[122.69605,-1.05799],[122.69636,-1.06411],[122.69166,-1.06845],[122.69342,-1.07666],[122.68755,-1.08451],[122.68108,-1.08187],[122.67861,-1.07749],[122.68019,-1.08151],[122.68315,-1.08399],[122.68216,-1.08601],[122.68549,-1.09503],[122.6838,-1.09293],[122.67961,-1.09303],[122.67681,-1.09382],[122.6773,-1.09616],[122.67395,-1.09634],[122.67429,-1.10038],[122.67971,-1.10551],[122.67675,-1.10474],[122.66998,-1.10818],[122.66555,-1.10811],[122.66626,-1.11065],[122.66147,-1.1115],[122.65998,-1.10958],[122.65432,-1.10788],[122.64918,-1.111],[122.64495,-1.11108],[122.63998,-1.10746],[122.63532,-1.10663],[122.63478,-1.10755],[122.63974,-1.10786],[122.64166,-1.11031],[122.64678,-1.11184],[122.64644,-1.11329],[122.64058,-1.11795],[122.63777,-1.11737],[122.63043,-1.121],[122.62901,-1.12347],[122.63029,-1.12987],[122.62894,-1.13223],[122.62379,-1.13168],[122.62134,-1.13369],[122.62293,-1.13839],[122.61367,-1.13317],[122.60539,-1.12601],[122.59779,-1.13984],[122.5953,-1.14179],[122.59471,-1.14528],[122.60085,-1.15626],[122.6052,-1.15854],[122.60205,-1.16278],[122.59276,-1.15982],[122.59543,-1.16393],[122.59837,-1.16534],[122.60025,-1.17254],[122.59556,-1.17826],[122.5975,-1.18755],[122.59396,-1.19764],[122.59496,-1.20067],[122.59001,-1.20128],[122.58633,-1.20646],[122.58754,-1.20956],[122.57289,-1.20329],[122.57443,-1.21198],[122.57971,-1.21938],[122.58259,-1.221],[122.58292,-1.22551],[122.57277,-1.22444],[122.57102,-1.23015],[122.56789,-1.22889],[122.56583,-1.22984],[122.55952,-1.22133],[122.55506,-1.22304],[122.55514,-1.22596],[122.55892,-1.23087],[122.55708,-1.23278],[122.55671,-1.24178],[122.55275,-1.24324],[122.55453,-1.24489],[122.55362,-1.24704],[122.55123,-1.24878],[122.5494,-1.24665],[122.54563,-1.24797],[122.54626,-1.24958],[122.54789,-1.24812],[122.5502,-1.24968],[122.54985,-1.24998],[122.54607,-1.25101],[122.54401,-1.2483],[122.54133,-1.24929],[122.53974,-1.23764],[122.53645,-1.23344],[122.54062,-1.21653],[122.54115,-1.202],[122.54265,-1.19944],[122.53976,-1.19391],[122.53548,-1.19115],[122.53563,-1.18423],[122.53351,-1.18438],[122.5361,-1.18233],[122.53862,-1.18259],[122.53854,-1.18048],[122.53042,-1.17757],[122.52709,-1.18042],[122.52332,-1.1795],[122.5239,-1.18429],[122.52582,-1.18582],[122.52536,-1.18702],[122.52119,-1.18639],[122.52175,-1.19143],[122.51668,-1.1861],[122.51717,-1.18077],[122.53279,-1.16809],[122.53817,-1.15958],[122.53928,-1.1515],[122.53683,-1.14378],[122.53524,-1.14029],[122.52949,-1.14033],[122.52771,-1.13556],[122.51778,-1.13483],[122.50782,-1.12583],[122.50178,-1.12356],[122.49827,-1.1261],[122.49623,-1.13104],[122.49857,-1.14437],[122.49823,-1.1546],[122.49749,-1.16002],[122.49282,-1.16922],[122.49137,-1.16966],[122.48812,-1.1666],[122.48434,-1.16631],[122.48089,-1.16377],[122.47786,-1.17165],[122.47426,-1.17331],[122.47543,-1.17632],[122.46269,-1.1804],[122.45582,-1.18841],[122.43827,-1.19077],[122.43048,-1.19109],[122.428,-1.18958],[122.42449,-1.19072],[122.4262,-1.19502],[122.42419,-1.19541],[122.42352,-1.1982],[122.42566,-1.19978],[122.42568,-1.20295],[122.43124,-1.20309],[122.43671,-1.20703],[122.43006,-1.21074],[122.42653,-1.21536],[122.42333,-1.21105],[122.41375,-1.20644],[122.41328,-1.20763],[122.4034,-1.20597],[122.39817,-1.20787],[122.40019,-1.22203],[122.4044,-1.22925],[122.39965,-1.23385],[122.40039,-1.23025],[122.39781,-1.22893],[122.39412,-1.23274],[122.38794,-1.23119],[122.38698,-1.22964],[122.38984,-1.22893],[122.39079,-1.22667],[122.38556,-1.22512],[122.38448,-1.22275],[122.38163,-1.22275],[122.38056,-1.23],[122.38353,-1.22798],[122.38794,-1.23512],[122.39174,-1.23429],[122.38984,-1.23845],[122.38267,-1.24196],[122.39136,-1.24719],[122.3929,-1.24991],[122.39809,-1.24675],[122.40347,-1.25016],[122.40111,-1.25016],[122.39591,-1.25479],[122.39336,-1.25231],[122.38793,-1.25068],[122.38782,-1.25924],[122.38353,-1.25523],[122.38163,-1.25665],[122.38246,-1.25856],[122.37782,-1.25832],[122.37649,-1.25628],[122.37913,-1.25475],[122.37675,-1.25047],[122.37556,-1.25118],[122.37576,-1.25541],[122.37104,-1.25523],[122.36769,-1.25836],[122.36414,-1.25689],[122.36129,-1.26286],[122.35926,-1.26367],[122.3596,-1.26547],[122.35645,-1.26543],[122.35637,-1.26356],[122.34016,-1.26492],[122.3355,-1.26848],[122.34215,-1.273],[122.34094,-1.27595],[122.336,-1.27663],[122.33082,-1.27063],[122.32332,-1.27195],[122.32016,-1.27368],[122.31886,-1.28408],[122.31143,-1.27005],[122.30816,-1.27291],[122.308,-1.27586],[122.30026,-1.27625],[122.29959,-1.27804],[122.3022,-1.28094],[122.3011,-1.28183],[122.29725,-1.28157],[122.29226,-1.28385],[122.29869,-1.28554],[122.30415,-1.28464],[122.30635,-1.28247],[122.30737,-1.28562],[122.30938,-1.28696],[122.31158,-1.28628],[122.31145,-1.28815],[122.31341,-1.28739],[122.31323,-1.28423],[122.31561,-1.28363],[122.31749,-1.28842],[122.32176,-1.28865],[122.31137,-1.29625],[122.31064,-1.29854],[122.30842,-1.29723],[122.30917,-1.29638],[122.3052,-1.29524],[122.30264,-1.29757],[122.30049,-1.29417],[122.29989,-1.29617],[122.29587,-1.29591],[122.29427,-1.29827],[122.29675,-1.30049],[122.29529,-1.30109],[122.29317,-1.29996],[122.29427,-1.29291],[122.28721,-1.2932],[122.28643,-1.29688],[122.28896,-1.29906],[122.2876,-1.30088],[122.29024,-1.30256],[122.28898,-1.30512],[122.28436,-1.30112],[122.2766,-1.29869],[122.27487,-1.29631],[122.26849,-1.29993],[122.26734,-1.30272],[122.26601,-1.30003],[122.26354,-1.29989],[122.26217,-1.30163],[122.26554,-1.30343],[122.26551,-1.30537],[122.26852,-1.30832],[122.27257,-1.30824],[122.27359,-1.31121],[122.27157,-1.3154],[122.26741,-1.31598],[122.2646,-1.31369],[122.26507,-1.30855],[122.26196,-1.30664],[122.25819,-1.308],[122.25819,-1.30992],[122.26266,-1.3125],[122.26352,-1.31605],[122.2658,-1.31585],[122.27228,-1.31966],[122.27183,-1.32164],[122.26872,-1.32347],[122.26268,-1.31897],[122.25769,-1.32081],[122.25325,-1.31668],[122.25184,-1.31694],[122.25157,-1.3196],[122.25922,-1.32489],[122.24638,-1.32405],[122.24879,-1.32659],[122.24554,-1.32477],[122.24318,-1.32859],[122.2409,-1.32822],[122.23445,-1.32102],[122.23296,-1.31656],[122.22617,-1.31063],[122.21454,-1.30582],[122.2124,-1.3065],[122.20677,-1.3018],[122.20154,-1.29871],[122.19983,-1.29844],[122.19239,-1.28612],[122.18499,-1.27801],[122.17982,-1.27487],[122.17321,-1.27287],[122.19389,-1.26152],[122.20259,-1.25022],[122.20309,-1.23682],[122.19819,-1.22362],[122.1972,-1.21572],[122.19989,-1.20192],[122.1987,-1.19292],[122.19529,-1.18542],[122.19619,-1.18142],[122.19819,-1.17942],[122.20439,-1.17852],[122.21159,-1.18122],[122.2221,-1.18822],[122.23209,-1.18582],[122.24729,-1.17932],[122.2657,-1.17952],[122.29639,-1.16162],[122.30859,-1.14152],[122.31579,-1.14062],[122.32339,-1.14322],[122.3279,-1.13992],[122.33222,-1.13243],[122.3346,-1.11872],[122.34169,-1.09472],[122.34349,-1.09042],[122.34769,-1.08712],[122.3487,-1.08332],[122.3396,-1.06982],[122.3382,-1.06352],[122.34839,-1.06002],[122.3541,-1.05552],[122.3878,-1.01532],[122.3971,-1.01722],[122.4059,-1.02662],[122.41239,-1.03002],[122.4166,-1.02932],[122.41999,-1.02612],[122.42249,-1.01282],[122.42809,-1.00602],[122.43189,-1.00422],[122.446,-1.00232],[122.46869,-1.00212],[122.49888,-1.00602],[122.50369,-1.00532],[122.5152,-0.99932],[122.5248,-0.98882],[122.5346,-0.98252],[122.54499,-0.98072],[122.56219,-0.97372],[122.63269,-0.93452],[122.65969,-0.92352],[122.68789,-0.91502],[122.7025,-0.91732],[122.72469,-0.93232],[122.77424,-0.95864]],[[122.54853,-1.24917],[122.54722,-1.25042],[122.54933,-1.24997],[122.54853,-1.24917]]],[[[121.90268,-1.67809],[121.90212,-1.67785],[121.90524,-1.67761],[121.9045,-1.67886],[121.90268,-1.67809]]],[[[122.10405,-1.61099],[122.09728,-1.61389],[122.10059,-1.60954],[122.10975,-1.60659],[122.11057,-1.61156],[122.10405,-1.61099]]],[[[122.13044,-1.6076],[122.12616,-1.60761],[122.12118,-1.61071],[122.11962,-1.60839],[122.11312,-1.61043],[122.1112,-1.60601],[122.11552,-1.60792],[122.11791,-1.60644],[122.11622,-1.60519],[122.12098,-1.60731],[122.12807,-1.60447],[122.12729,-1.60569],[122.13044,-1.6076]]],[[[122.13143,-1.60649],[122.13157,-1.60644],[122.13165,-1.60664],[122.13143,-1.60649]]],[[[122.13713,-1.60257],[122.13734,-1.60237],[122.13709,-1.60262],[122.13713,-1.60257]]],[[[122.13824,-1.60226],[122.1384,-1.60231],[122.1383,-1.60229],[122.13824,-1.60226]]],[[[122.14593,-1.60054],[122.14837,-1.59851],[122.14614,-1.60151],[122.14027,-1.6024],[122.14593,-1.60054]]],[[[122.14855,-1.59846],[122.14866,-1.59846],[122.14874,-1.59847],[122.14855,-1.59846]]],[[[122.18467,-1.27834],[122.19201,-1.28637],[122.19926,-1.2985],[122.21193,-1.30653],[122.20987,-1.30742],[122.21041,-1.31098],[122.21388,-1.31111],[122.21677,-1.31423],[122.22014,-1.31337],[122.22141,-1.3136],[122.22006,-1.31387],[122.22139,-1.31645],[122.21664,-1.31876],[122.21666,-1.32635],[122.21767,-1.32258],[122.22135,-1.31903],[122.22305,-1.32061],[122.22112,-1.32487],[122.2228,-1.32716],[122.22646,-1.32726],[122.23014,-1.32465],[122.233,-1.32679],[122.23911,-1.32656],[122.24508,-1.33298],[122.24728,-1.33187],[122.24745,-1.33343],[122.24418,-1.33458],[122.24662,-1.33735],[122.24417,-1.34059],[122.2458,-1.3453],[122.23908,-1.34298],[122.23889,-1.34655],[122.23376,-1.34701],[122.23439,-1.35047],[122.23804,-1.351],[122.23839,-1.35349],[122.24127,-1.35587],[122.23847,-1.35938],[122.23934,-1.36221],[122.23588,-1.36396],[122.23652,-1.36714],[122.2433,-1.36754],[122.24446,-1.36907],[122.24192,-1.37045],[122.24466,-1.37247],[122.24469,-1.37635],[122.24263,-1.37414],[122.23806,-1.37347],[122.24012,-1.37183],[122.23894,-1.37033],[122.23728,-1.37069],[122.23704,-1.37247],[122.23842,-1.37769],[122.23581,-1.37559],[122.23162,-1.3775],[122.23133,-1.37964],[122.2285,-1.37941],[122.22223,-1.37574],[122.21773,-1.36907],[122.20622,-1.36182],[122.20727,-1.36805],[122.21,-1.36798],[122.21154,-1.37075],[122.21075,-1.37784],[122.21336,-1.37521],[122.21722,-1.37559],[122.21897,-1.37835],[122.22422,-1.38109],[122.22455,-1.38429],[122.2313,-1.38512],[122.23509,-1.3826],[122.23906,-1.38367],[122.2415,-1.38708],[122.24168,-1.38833],[122.23832,-1.39023],[122.24168,-1.38996],[122.2424,-1.3936],[122.23629,-1.39077],[122.23554,-1.39278],[122.23778,-1.39717],[122.24243,-1.3986],[122.23807,-1.40674],[122.24332,-1.41552],[122.24435,-1.42253],[122.24101,-1.42338],[122.24044,-1.43145],[122.23797,-1.43053],[122.23705,-1.43263],[122.23839,-1.43563],[122.23661,-1.44442],[122.23988,-1.44539],[122.24074,-1.45024],[122.23903,-1.45509],[122.23661,-1.4567],[122.23406,-1.45349],[122.23049,-1.45396],[122.22378,-1.44736],[122.21802,-1.44856],[122.21637,-1.45288],[122.20909,-1.45166],[122.20079,-1.4561],[122.20007,-1.46046],[122.20169,-1.46448],[122.20416,-1.46586],[122.20947,-1.46739],[122.21591,-1.46636],[122.21454,-1.45913],[122.21711,-1.45869],[122.21869,-1.46091],[122.22422,-1.46181],[122.22384,-1.4647],[122.22644,-1.46559],[122.22672,-1.46749],[122.2243,-1.46912],[122.2175,-1.46837],[122.21575,-1.47817],[122.21696,-1.47903],[122.21594,-1.48135],[122.21743,-1.48715],[122.21553,-1.48998],[122.21258,-1.48966],[122.21185,-1.4855],[122.2093,-1.48362],[122.20613,-1.48345],[122.20266,-1.487],[122.20668,-1.49036],[122.20426,-1.49186],[122.20249,-1.49098],[122.2019,-1.49387],[122.2048,-1.4974],[122.20636,-1.50467],[122.20042,-1.50429],[122.19974,-1.50779],[122.19682,-1.50867],[122.19803,-1.51064],[122.20146,-1.51016],[122.20175,-1.51224],[122.20676,-1.51155],[122.20719,-1.51312],[122.20996,-1.5139],[122.20598,-1.51436],[122.20229,-1.51861],[122.19883,-1.5199],[122.19519,-1.52931],[122.19103,-1.52887],[122.18413,-1.53305],[122.18469,-1.5344],[122.17965,-1.54128],[122.17127,-1.54217],[122.16831,-1.54542],[122.16865,-1.54738],[122.1654,-1.53992],[122.16032,-1.53982],[122.1618,-1.53245],[122.15793,-1.53408],[122.15512,-1.53834],[122.15183,-1.53605],[122.15289,-1.53186],[122.1511,-1.53352],[122.14825,-1.5321],[122.14422,-1.53407],[122.1442,-1.52449],[122.13829,-1.52372],[122.14145,-1.51943],[122.13812,-1.51946],[122.13532,-1.51711],[122.13676,-1.51348],[122.13514,-1.51568],[122.13373,-1.51343],[122.13241,-1.51382],[122.13371,-1.51729],[122.13067,-1.51605],[122.13196,-1.52076],[122.12905,-1.52367],[122.12815,-1.52738],[122.13471,-1.52439],[122.13589,-1.52838],[122.1312,-1.53047],[122.13167,-1.53156],[122.13763,-1.53963],[122.14103,-1.53934],[122.14004,-1.5423],[122.14524,-1.54645],[122.1311,-1.5476],[122.12916,-1.55107],[122.12936,-1.55728],[122.12692,-1.56033],[122.13293,-1.56597],[122.13208,-1.56863],[122.12828,-1.57485],[122.12134,-1.57606],[122.11936,-1.58024],[122.11394,-1.57322],[122.11243,-1.57413],[122.11049,-1.57163],[122.10934,-1.57303],[122.10854,-1.57042],[122.10443,-1.56797],[122.09546,-1.57028],[122.09414,-1.56784],[122.08928,-1.56744],[122.09192,-1.5734],[122.08945,-1.5771],[122.09375,-1.58047],[122.09852,-1.58795],[122.09728,-1.58955],[122.09043,-1.58957],[122.08553,-1.59245],[122.08352,-1.59719],[122.08463,-1.59913],[122.08659,-1.59815],[122.0864,-1.60022],[122.08968,-1.60489],[122.08685,-1.60901],[122.08117,-1.60808],[122.07945,-1.60949],[122.08144,-1.61239],[122.07889,-1.61306],[122.07734,-1.61103],[122.06624,-1.6088],[122.05329,-1.60129],[122.03834,-1.5991],[122.03242,-1.59584],[122.02931,-1.59835],[122.02397,-1.59782],[122.02268,-1.6003],[122.01751,-1.59981],[122.02116,-1.59335],[122.02012,-1.59289],[122.01563,-1.59786],[122.01061,-1.59148],[122.00903,-1.59656],[122.01069,-1.59932],[121.99897,-1.60531],[121.99598,-1.60281],[121.99082,-1.60256],[121.98794,-1.60426],[121.98444,-1.5997],[121.97526,-1.60239],[121.96784,-1.60124],[121.96227,-1.60259],[121.95671,-1.59989],[121.95403,-1.60653],[121.96115,-1.6102],[121.96453,-1.61639],[121.96525,-1.62323],[121.95835,-1.62344],[121.95267,-1.62924],[121.94319,-1.62903],[121.94051,-1.63297],[121.9369,-1.63453],[121.93216,-1.62653],[121.92742,-1.62529],[121.92505,-1.62726],[121.92206,-1.62072],[121.91897,-1.62227],[121.91804,-1.62383],[121.92031,-1.62808],[121.91845,-1.63171],[121.91309,-1.63462],[121.91504,-1.64945],[121.91123,-1.64986],[121.91215,-1.64858],[121.91082,-1.64485],[121.90651,-1.6433],[121.90381,-1.6508],[121.89509,-1.6473],[121.89068,-1.65051],[121.8909,-1.65229],[121.89424,-1.64986],[121.89507,-1.65238],[121.89968,-1.65247],[121.9004,-1.65463],[121.90174,-1.65401],[121.90803,-1.65785],[121.90751,-1.65909],[121.90998,-1.65899],[121.9129,-1.66492],[121.90835,-1.66756],[121.90095,-1.67755],[121.89647,-1.67911],[121.89616,-1.67776],[121.89874,-1.676],[121.89926,-1.67164],[121.89451,-1.67402],[121.88751,-1.66676],[121.88102,-1.66335],[121.88119,-1.66822],[121.88375,-1.66778],[121.88895,-1.67329],[121.88415,-1.67553],[121.87987,-1.68055],[121.87627,-1.67546],[121.87503,-1.67432],[121.87266,-1.67536],[121.87122,-1.67235],[121.8771,-1.66654],[121.87483,-1.6627],[121.87617,-1.66053],[121.87153,-1.65524],[121.86481,-1.65353],[121.86669,-1.6499],[121.86783,-1.62994],[121.87082,-1.61403],[121.8686,-1.6079],[121.86283,-1.60027],[121.85936,-1.59766],[121.854,-1.59685],[121.85348,-1.60911],[121.84665,-1.61293],[121.84337,-1.61869],[121.84344,-1.6314],[121.83597,-1.64123],[121.83006,-1.64119],[121.82771,-1.64261],[121.83028,-1.64967],[121.83792,-1.65248],[121.84289,-1.65661],[121.84391,-1.65969],[121.84227,-1.6601],[121.84258,-1.66324],[121.83839,-1.66419],[121.83188,-1.66257],[121.8263,-1.66562],[121.81228,-1.66802],[121.80845,-1.66666],[121.80343,-1.66849],[121.80067,-1.67342],[121.78804,-1.67184],[121.79062,-1.66815],[121.78917,-1.66701],[121.78453,-1.66846],[121.78278,-1.67313],[121.77845,-1.67323],[121.77763,-1.67084],[121.77144,-1.66596],[121.76598,-1.66499],[121.76761,-1.66484],[121.76849,-1.66054],[121.76355,-1.65694],[121.76303,-1.65263],[121.75173,-1.64507],[121.74584,-1.64331],[121.74463,-1.63429],[121.75656,-1.62765],[121.75843,-1.62109],[121.76528,-1.61024],[121.76436,-1.60731],[121.76707,-1.60731],[121.77218,-1.60218],[121.77085,-1.5963],[121.77237,-1.59454],[121.78002,-1.59308],[121.77922,-1.59022],[121.78109,-1.58757],[121.78769,-1.58388],[121.80574,-1.57783],[121.81231,-1.57796],[121.81557,-1.56861],[121.81635,-1.56023],[121.81993,-1.55493],[121.82267,-1.55755],[121.8246,-1.54951],[121.82794,-1.5476],[121.82547,-1.5455],[121.82571,-1.54388],[121.8273,-1.54304],[121.83123,-1.54464],[121.83263,-1.53918],[121.83629,-1.54077],[121.83964,-1.53528],[121.84349,-1.53727],[121.84921,-1.53251],[121.85379,-1.53414],[121.85911,-1.52687],[121.85989,-1.52974],[121.86732,-1.5303],[121.87175,-1.5243],[121.87547,-1.5273],[121.87788,-1.53906],[121.88312,-1.53914],[121.88513,-1.54311],[121.89061,-1.54288],[121.89407,-1.5402],[121.89641,-1.53558],[121.89802,-1.54012],[121.90004,-1.54069],[121.90189,-1.53875],[121.90173,-1.53486],[121.9064,-1.5347],[121.90681,-1.53348],[121.91019,-1.53567],[121.91486,-1.53194],[121.91752,-1.52668],[121.92026,-1.52668],[121.91986,-1.5253],[121.92349,-1.5223],[121.92332,-1.52595],[121.92453,-1.52554],[121.92631,-1.51857],[121.93002,-1.51622],[121.93074,-1.51274],[121.9326,-1.51209],[121.93235,-1.51411],[121.93429,-1.51428],[121.93469,-1.51014],[121.93759,-1.50974],[121.93703,-1.5082],[121.94138,-1.51047],[121.94041,-1.5069],[121.94259,-1.50788],[121.94485,-1.50147],[121.9533,-1.49823],[121.95266,-1.4954],[121.94405,-1.48485],[121.93809,-1.48639],[121.93599,-1.48315],[121.9318,-1.48404],[121.9339,-1.4765],[121.93278,-1.46993],[121.93052,-1.46863],[121.93181,-1.46798],[121.92827,-1.46344],[121.92739,-1.45825],[121.92207,-1.45339],[121.917,-1.45622],[121.91482,-1.45581],[121.91103,-1.45468],[121.90884,-1.45015],[121.90733,-1.45062],[121.90508,-1.4486],[121.89396,-1.44883],[121.89251,-1.44697],[121.88695,-1.4498],[121.88236,-1.44583],[121.88027,-1.44753],[121.8772,-1.44639],[121.87696,-1.44866],[121.87326,-1.44947],[121.86464,-1.44225],[121.86521,-1.43787],[121.86319,-1.43666],[121.86231,-1.43325],[121.85514,-1.43001],[121.8541,-1.42749],[121.84789,-1.42278],[121.84548,-1.42522],[121.84644,-1.43187],[121.84467,-1.43284],[121.84475,-1.43786],[121.842,-1.4407],[121.84297,-1.44159],[121.8399,-1.45051],[121.84095,-1.45383],[121.83845,-1.45407],[121.83636,-1.45715],[121.83644,-1.45967],[121.84111,-1.46154],[121.84119,-1.4638],[121.83756,-1.46688],[121.8374,-1.46875],[121.84118,-1.47532],[121.84013,-1.47726],[121.84206,-1.47921],[121.8436,-1.47905],[121.84239,-1.47751],[121.84464,-1.47848],[121.84222,-1.48067],[121.84351,-1.48342],[121.84432,-1.48261],[121.84464,-1.48732],[121.83996,-1.48974],[121.83827,-1.49339],[121.83964,-1.50126],[121.83802,-1.50345],[121.84116,-1.5071],[121.83915,-1.51001],[121.83673,-1.50855],[121.83415,-1.51009],[121.83391,-1.51407],[121.83592,-1.51633],[121.83447,-1.51958],[121.83053,-1.51658],[121.82227,-1.51866],[121.81064,-1.52714],[121.8058,-1.53358],[121.80108,-1.53332],[121.79342,-1.54009],[121.79093,-1.53832],[121.77712,-1.53673],[121.77062,-1.53387],[121.76494,-1.52832],[121.76576,-1.52713],[121.76152,-1.52774],[121.75988,-1.52648],[121.75994,-1.52768],[121.76425,-1.5286],[121.76149,-1.53115],[121.7492,-1.53395],[121.74518,-1.53743],[121.73996,-1.53776],[121.72488,-1.55257],[121.72156,-1.55947],[121.7119,-1.56359],[121.71117,-1.56098],[121.70944,-1.56041],[121.70635,-1.56276],[121.70149,-1.56321],[121.7004,-1.5612],[121.69677,-1.56067],[121.69531,-1.56403],[121.68564,-1.56691],[121.67912,-1.56369],[121.67218,-1.55458],[121.68947,-1.54727],[121.68008,-1.54143],[121.68298,-1.53719],[121.68175,-1.52666],[121.68361,-1.52183],[121.67855,-1.51413],[121.67579,-1.49944],[121.6684,-1.47943],[121.66463,-1.47811],[121.65765,-1.46068],[121.65172,-1.45533],[121.64668,-1.45535],[121.6426,-1.45139],[121.64407,-1.45038],[121.64317,-1.44852],[121.63914,-1.4473],[121.63806,-1.44453],[121.64179,-1.44365],[121.64284,-1.44102],[121.64182,-1.43376],[121.63966,-1.4275],[121.63476,-1.42194],[121.63789,-1.41662],[121.63538,-1.40664],[121.6358,-1.40232],[121.63899,-1.39643],[121.63827,-1.39327],[121.63545,-1.39087],[121.65606,-1.37414],[121.6627,-1.36483],[121.67792,-1.3632],[121.68339,-1.36439],[121.69269,-1.36173],[121.71493,-1.36195],[121.72749,-1.35796],[121.73354,-1.34777],[121.74447,-1.33846],[121.7461,-1.3324],[121.76265,-1.33196],[121.77934,-1.32635],[121.79042,-1.32679],[121.79745,-1.32407],[121.81276,-1.34366],[121.81875,-1.34803],[121.82416,-1.34845],[121.83211,-1.34155],[121.84283,-1.34112],[121.85576,-1.33267],[121.87054,-1.33397],[121.87552,-1.33094],[121.88294,-1.33075],[121.8913,-1.3279],[121.89842,-1.328],[121.90262,-1.32312],[121.90388,-1.31308],[121.90586,-1.3102],[121.91804,-1.3027],[121.93854,-1.29608],[121.9404,-1.29633],[121.94256,-1.30217],[121.94988,-1.30352],[121.9451,-1.31196],[121.94947,-1.31002],[121.95751,-1.3101],[121.962,-1.31332],[121.96273,-1.31588],[121.96479,-1.31501],[121.96655,-1.31641],[121.96688,-1.31858],[121.96424,-1.3192],[121.96324,-1.3295],[121.96712,-1.32906],[121.97221,-1.32511],[121.97417,-1.32051],[121.97507,-1.31999],[121.97671,-1.32681],[121.97557,-1.344],[121.97656,-1.35057],[121.97886,-1.35718],[121.98412,-1.35767],[121.99054,-1.35456],[121.99,-1.34688],[121.9912,-1.34432],[122.00062,-1.34204],[122.00567,-1.34339],[122.00792,-1.34087],[122.00832,-1.34311],[122.00993,-1.34074],[122.00949,-1.33762],[122.00671,-1.33302],[122.00837,-1.33036],[122.00835,-1.33407],[122.01269,-1.33907],[122.01524,-1.34019],[122.02028,-1.33905],[122.02424,-1.34064],[122.0285,-1.34588],[122.02972,-1.34251],[122.02647,-1.34],[122.02176,-1.33788],[122.01466,-1.3393],[122.01265,-1.3374],[122.01202,-1.33233],[122.01586,-1.33052],[122.01349,-1.32872],[122.01167,-1.33113],[122.01208,-1.32966],[122.00942,-1.32696],[122.01355,-1.32697],[122.01533,-1.32299],[122.02176,-1.32524],[122.02348,-1.32752],[122.02571,-1.32458],[122.02949,-1.32389],[122.02994,-1.31603],[122.03759,-1.32288],[122.04211,-1.33069],[122.04388,-1.33031],[122.05585,-1.32133],[122.07165,-1.31587],[122.08038,-1.30167],[122.0819,-1.30131],[122.08341,-1.30475],[122.08999,-1.30779],[122.09399,-1.31161],[122.09741,-1.31125],[122.1019,-1.30367],[122.10573,-1.2906],[122.11102,-1.28562],[122.12789,-1.28151],[122.14293,-1.2726],[122.14325,-1.27457],[122.14921,-1.2768],[122.15176,-1.27599],[122.15322,-1.27353],[122.15828,-1.27243],[122.16374,-1.27583],[122.1663,-1.2796],[122.1692,-1.27472],[122.17273,-1.27289],[122.18467,-1.27834]],[[121.8812,-1.67265],[121.88117,-1.67478],[121.88512,-1.67359],[121.88488,-1.67147],[121.8812,-1.67265]],[[121.74225,-1.50882],[121.73542,-1.51273],[121.73506,-1.51455],[121.73963,-1.52126],[121.74017,-1.52459],[121.75033,-1.5265],[121.75753,-1.52273],[121.76051,-1.5256],[121.76237,-1.52491],[121.76404,-1.51905],[121.75981,-1.52035],[121.76724,-1.51288],[121.76779,-1.50699],[121.7642,-1.50471],[121.74225,-1.50882]],[[122.20544,-1.48098],[122.20779,-1.48048],[122.20925,-1.47646],[122.20718,-1.47565],[122.20473,-1.47954],[122.20351,-1.47921],[122.20544,-1.48098]],[[121.81605,-1.4565],[121.81219,-1.45481],[121.81138,-1.45636],[121.81534,-1.4597],[121.8223,-1.4601],[121.82241,-1.46876],[121.83079,-1.46541],[121.83043,-1.46286],[121.82391,-1.45969],[121.81919,-1.4476],[121.8172,-1.44577],[121.81271,-1.44699],[121.81605,-1.4565]],[[121.81691,-1.41426],[121.81527,-1.4177],[121.81583,-1.41766],[121.81691,-1.41426]],[[121.77941,-1.36524],[121.7729,-1.36706],[121.772,-1.37121],[121.77322,-1.37301],[121.76449,-1.37848],[121.76398,-1.38616],[121.76622,-1.38827],[121.76446,-1.3944],[121.76717,-1.39717],[121.76148,-1.40802],[121.75968,-1.40903],[121.75807,-1.4068],[121.74847,-1.40486],[121.74832,-1.40821],[121.74651,-1.40939],[121.73619,-1.41218],[121.73292,-1.40914],[121.736,-1.40525],[121.73135,-1.4034],[121.72675,-1.40724],[121.71932,-1.40742],[121.71281,-1.4117],[121.70931,-1.41084],[121.69943,-1.4149],[121.69115,-1.41615],[121.69205,-1.41958],[121.69615,-1.42003],[121.69631,-1.42498],[121.69465,-1.42681],[121.68184,-1.42614],[121.67865,-1.42873],[121.67787,-1.42763],[121.67545,-1.42886],[121.67605,-1.43107],[121.67308,-1.43501],[121.67298,-1.4381],[121.67459,-1.44153],[121.67474,-1.44964],[121.67703,-1.45259],[121.68466,-1.45265],[121.68545,-1.45699],[121.68866,-1.45919],[121.70365,-1.4528],[121.70793,-1.45332],[121.7103,-1.45616],[121.7188,-1.44817],[121.7227,-1.44665],[121.72356,-1.44288],[121.7265,-1.44115],[121.73616,-1.44356],[121.74192,-1.44228],[121.74889,-1.44878],[121.74966,-1.45027],[121.74576,-1.45093],[121.74795,-1.45354],[121.75218,-1.45533],[121.75917,-1.45414],[121.76495,-1.4519],[121.77375,-1.44145],[121.78042,-1.43977],[121.78096,-1.43554],[121.78364,-1.43329],[121.79509,-1.43223],[121.79816,-1.43043],[121.79945,-1.42536],[121.79264,-1.42295],[121.78502,-1.41082],[121.7862,-1.40523],[121.78329,-1.39262],[121.78814,-1.38551],[121.78697,-1.37855],[121.79436,-1.37297],[121.79529,-1.36909],[121.80036,-1.3694],[121.80156,-1.36425],[121.79884,-1.36131],[121.79039,-1.35913],[121.78273,-1.36176],[121.77941,-1.36524]]],[[[122.08055,-1.30117],[122.08105,-1.2992],[122.08142,-1.30011],[122.08055,-1.30117]]],[[[122.1584,-1.59817],[122.15936,-1.59849],[122.15084,-1.59962],[122.14664,-1.6036],[122.14404,-1.60436],[122.15005,-1.59971],[122.16206,-1.5973],[122.1584,-1.59817]]],[[[122.14881,-1.59853],[122.14882,-1.59871],[122.14874,-1.59847],[122.14881,-1.59853]]],[[[122.28489,-1.5491],[122.28322,-1.54871],[122.2774,-1.55367],[122.27713,-1.55593],[122.26558,-1.56262],[122.25853,-1.57019],[122.25107,-1.57392],[122.24392,-1.57473],[122.21947,-1.60163],[122.21023,-1.60061],[122.20113,-1.60217],[122.19219,-1.6087],[122.18439,-1.61147],[122.17498,-1.6088],[122.17248,-1.60384],[122.1695,-1.60243],[122.16996,-1.60112],[122.18155,-1.60803],[122.18439,-1.60774],[122.18889,-1.6042],[122.19713,-1.6033],[122.19465,-1.60562],[122.20067,-1.60165],[122.20009,-1.59974],[122.20128,-1.60128],[122.21541,-1.59808],[122.22436,-1.59146],[122.23442,-1.57831],[122.25886,-1.56379],[122.25995,-1.55969],[122.26254,-1.5607],[122.26486,-1.55931],[122.26451,-1.55799],[122.27083,-1.55681],[122.28306,-1.54751],[122.28489,-1.5491]]],[[[122.28998,-1.5458],[122.28834,-1.54534],[122.28997,-1.54217],[122.29229,-1.54322],[122.28998,-1.5458]]],[[[122.31242,-1.52406],[122.31687,-1.52197],[122.31454,-1.52317],[122.31473,-1.52455],[122.31242,-1.52406]]],[[[122.34799,-1.51795],[122.34605,-1.52162],[122.3405,-1.52337],[122.32702,-1.52229],[122.32495,-1.52047],[122.33179,-1.51787],[122.33928,-1.52164],[122.34228,-1.51911],[122.34799,-1.51795]]],[[[122.27384,-1.34403],[122.27461,-1.34504],[122.27106,-1.344],[122.26908,-1.34712],[122.2672,-1.34709],[122.26414,-1.34084],[122.27341,-1.33898],[122.27605,-1.34265],[122.27384,-1.34403]]],[[[122.22586,-1.32673],[122.22611,-1.32647],[122.226,-1.32681],[122.22586,-1.32673]]],[[[122.23413,-1.32501],[122.2329,-1.32353],[122.23411,-1.32398],[122.23413,-1.32501]]],[[[122.15085,-1.27034],[122.15746,-1.27213],[122.15294,-1.27316],[122.14922,-1.2763],[122.14358,-1.2742],[122.14335,-1.27247],[122.15085,-1.27034]]]]},"properties":{"kph":"KPH Toili Baturube"}},{"type":"Feature","geometry":{"type":"MultiPolygon","coordinates":[[[[122.10269,0.76042],[122.10253,0.76063],[122.10309,0.76003],[122.10269,0.76042]]],[[[122.10169,0.76193],[122.10158,0.76225],[122.10244,0.76075],[122.10169,0.76193]]],[[[122.10111,0.76339],[122.10107,0.76357],[122.10134,0.76291],[122.10111,0.76339]]],[[[122.10046,0.76565],[122.10044,0.76576],[122.10048,0.76562],[122.10046,0.76565]]],[[[122.09954,0.76854],[122.09986,0.76744],[122.09927,0.76914],[122.09954,0.76854]]],[[[122.09725,0.77438],[122.09731,0.77431],[122.09764,0.77357],[122.09725,0.77438]]],[[[122.09668,0.77494],[122.09669,0.77494],[122.0967,0.77491],[122.09668,0.77494]]],[[[122.08408,0.81374],[122.08408,0.81383],[122.0841,0.81379],[122.08408,0.81374]]],[[[122.08398,0.81397],[122.08312,0.81494],[122.08336,0.81469],[122.08398,0.81397]]],[[[122.08125,0.81682],[122.08129,0.81729],[122.08127,0.8168],[122.08125,0.81682]]],[[[122.08158,0.82055],[122.08153,0.82013],[122.08157,0.82061],[122.08158,0.82055]]],[[[122.08214,0.8224],[122.08197,0.8219],[122.08228,0.82293],[122.08214,0.8224]]],[[[122.08205,0.82763],[122.08193,0.82824],[122.08199,0.82807],[122.08205,0.82763]]],[[[122.07874,0.83772],[122.07943,0.83455],[122.07894,0.83584],[122.07874,0.83772]]],[[[122.07862,0.83913],[122.07914,0.84028],[122.07893,0.83973],[122.07862,0.83913]]],[[[122.07941,0.84086],[122.07952,0.84112],[122.07954,0.84113],[122.07941,0.84086]]],[[[122.08232,0.84544],[122.08245,0.84578],[122.08245,0.84573],[122.08232,0.84544]]],[[[122.08237,0.84935],[122.08239,0.84872],[122.08228,0.84987],[122.08237,0.84935]]],[[[122.08187,0.85517],[122.08188,0.85529],[122.08188,0.85506],[122.08187,0.85517]]],[[[122.0821,0.85838],[122.082,0.85726],[122.08205,0.85807],[122.0821,0.85838]]],[[[122.08216,0.85978],[122.08216,0.85986],[122.08217,0.85988],[122.08216,0.85978]]],[[[122.08346,0.86272],[122.08339,0.86253],[122.08311,0.86193],[122.08346,0.86272]]],[[[122.09243,0.906],[122.09235,0.90605],[122.09246,0.90599],[122.09243,0.906]]],[[[122.08638,0.90895],[122.08393,0.90869],[122.07972,0.90513],[122.07773,0.90433],[122.08383,0.90882],[122.08638,0.90895]]],[[[122.08934,0.90805],[122.08921,0.90811],[122.08946,0.90812],[122.08934,0.90805]]],[[[122.08875,0.90836],[122.08908,0.90817],[122.08839,0.90845],[122.08875,0.90836]]],[[[122.10717,0.69725],[122.1068,0.69752],[122.1076,0.69703],[122.10717,0.69725]]],[[[122.10636,0.69785],[122.10526,0.69911],[122.10516,0.69995],[122.10636,0.69785]]],[[[122.10787,0.70035],[122.10834,0.70038],[122.10825,0.70031],[122.10787,0.70035]]],[[[122.10728,0.70041],[122.10745,0.70039],[122.10735,0.7004],[122.10728,0.70041]]],[[[122.10674,0.71942],[122.10687,0.71924],[122.10738,0.71875],[122.10823,0.71712],[122.10674,0.71942]]],[[[122.10514,0.72365],[122.1052,0.72277],[122.10517,0.72313],[122.10514,0.72365]]],[[[122.10484,0.72672],[122.10503,0.72463],[122.10494,0.7254],[122.10484,0.72672]]],[[[122.10469,0.73033],[122.10435,0.73261],[122.10456,0.73125],[122.10469,0.73033]]],[[[122.10344,0.73825],[122.10316,0.73975],[122.10305,0.74068],[122.10344,0.73825]]],[[[122.10311,0.74108],[122.1032,0.74148],[122.10305,0.74068],[122.10311,0.74108]]],[[[122.10557,0.74627],[122.1055,0.74724],[122.10559,0.7463],[122.10557,0.74627]]],[[[122.10535,0.74843],[122.10539,0.74861],[122.10541,0.74793],[122.10535,0.74843]]],[[[122.10568,0.74938],[122.10542,0.74876],[122.10548,0.74899],[122.10568,0.74938]]],[[[122.10581,0.75118],[122.10568,0.75035],[122.10573,0.75095],[122.10581,0.75118]]],[[[122.10658,0.75329],[122.10655,0.75323],[122.10662,0.75348],[122.10658,0.75329]]],[[[122.10699,0.75509],[122.10698,0.755],[122.10676,0.75403],[122.10699,0.75509]]],[[[122.10707,0.75608],[122.10706,0.75604],[122.10684,0.7568],[122.10707,0.75608]]],[[[122.1066,0.75739],[122.10646,0.75759],[122.10655,0.7575],[122.1066,0.75739]]],[[[122.10587,0.7581],[122.10606,0.75798],[122.10615,0.75789],[122.10587,0.7581]]],[[[122.10427,0.7591],[122.10459,0.75892],[122.1045,0.75895],[122.10427,0.7591]]],[[[122.10334,0.75981],[122.10309,0.76003],[122.10425,0.75911],[122.10334,0.75981]]],[[[122.17925,0.47679],[122.17438,0.47287],[122.17074,0.47249],[122.16851,0.47017],[122.16914,0.46881],[122.16428,0.4711],[122.15907,0.46925],[122.15415,0.47016],[122.15234,0.46733],[122.15404,0.46543],[122.15296,0.46203],[122.14834,0.46303],[122.15202,0.46745],[122.15107,0.46952],[122.14778,0.47066],[122.14811,0.47252],[122.15176,0.46913],[122.15249,0.47163],[122.15526,0.47322],[122.15816,0.47208],[122.16406,0.47387],[122.16858,0.47222],[122.17094,0.47712],[122.17678,0.47879],[122.17898,0.47746],[122.18378,0.48414],[122.18641,0.48421],[122.18787,0.48183],[122.182,0.47719],[122.17925,0.47679]]],[[[122.27494,0.47676],[122.27508,0.4828],[122.27796,0.47776],[122.27885,0.47869],[122.28142,0.47678],[122.2779,0.48049],[122.27788,0.48211],[122.28059,0.48264],[122.28185,0.47965],[122.27973,0.48019],[122.28259,0.47624],[122.28105,0.47496],[122.27763,0.47608],[122.27577,0.4799],[122.27496,0.47364],[122.27263,0.47551],[122.27213,0.474],[122.26923,0.47409],[122.267,0.48043],[122.26498,0.47782],[122.26131,0.47919],[122.2609,0.48068],[122.26333,0.47869],[122.26304,0.48084],[122.26588,0.48241],[122.26764,0.48139],[122.26833,0.48351],[122.27011,0.48351],[122.26801,0.47835],[122.27056,0.47827],[122.27217,0.48092],[122.27371,0.48034],[122.27494,0.47676]]],[[[122.28586,0.47812],[122.28189,0.47963],[122.28372,0.48217],[122.28538,0.4801],[122.28904,0.47879],[122.28751,0.47975],[122.28896,0.48102],[122.29324,0.4807],[122.29143,0.47863],[122.28586,0.47812]]],[[[122.25764,0.48316],[122.25572,0.48584],[122.2479,0.48185],[122.23988,0.48282],[122.2353,0.47961],[122.23319,0.48114],[122.24153,0.48534],[122.24409,0.48545],[122.24752,0.48267],[122.24881,0.48553],[122.25347,0.48558],[122.25589,0.48791],[122.25715,0.48752],[122.25758,0.48398],[122.26096,0.48351],[122.26089,0.481],[122.26075,0.48231],[122.25764,0.48316]]],[[[122.29779,0.48415],[122.297,0.48532],[122.29813,0.4866],[122.30096,0.48496],[122.29779,0.48415]]],[[[122.23364,0.48605],[122.23338,0.48709],[122.23895,0.48601],[122.23806,0.48402],[122.23364,0.48605]]],[[[122.22718,0.48572],[122.23277,0.48683],[122.23088,0.48472],[122.22718,0.48572]]],[[[122.2975,0.48421],[122.29219,0.48641],[122.28423,0.48671],[122.28321,0.4881],[122.28471,0.48988],[122.28695,0.48728],[122.29099,0.48691],[122.29162,0.48847],[122.2975,0.48421]]],[[[122.35262,0.49333],[122.35254,0.49325],[122.35268,0.49349],[122.35262,0.49333]]],[[[122.12716,0.49434],[122.13,0.49538],[122.12983,0.49351],[122.13197,0.49178],[122.13115,0.49042],[122.1277,0.49251],[122.12403,0.49218],[122.12436,0.49465],[122.12323,0.49567],[122.12185,0.49388],[122.12091,0.49686],[122.12388,0.4977],[122.12478,0.49535],[122.12716,0.49434]]],[[[122.35291,0.49425],[122.35303,0.4944],[122.35297,0.49426],[122.35291,0.49425]]],[[[122.3498,0.49613],[122.3498,0.49634],[122.34985,0.49628],[122.34981,0.49535],[122.34963,0.49496],[122.3498,0.49613]]],[[[122.33971,0.49691],[122.33831,0.49241],[122.33711,0.49545],[122.33909,0.49534],[122.34048,0.49913],[122.34149,0.49928],[122.34071,0.49643],[122.33971,0.49691]]],[[[122.34377,0.49316],[122.34088,0.49319],[122.34223,0.49834],[122.34368,0.49896],[122.34377,0.49316]]],[[[122.35002,0.49798],[122.34945,0.49987],[122.35074,0.49979],[122.35294,0.49531],[122.35002,0.49798]]],[[[122.34729,0.49727],[122.34618,0.49545],[122.34411,0.49533],[122.34551,0.49692],[122.3447,0.49964],[122.34642,0.50132],[122.34945,0.4969],[122.34925,0.49626],[122.34879,0.49561],[122.34729,0.49727]],[[122.3491,0.49626],[122.34904,0.49638],[122.34885,0.4963],[122.3491,0.49626]],[[122.34866,0.49614],[122.34883,0.49646],[122.34871,0.49649],[122.34866,0.49614]]],[[[122.33589,0.50712],[122.33818,0.50593],[122.33688,0.50958],[122.33776,0.51032],[122.33868,0.5044],[122.33456,0.50131],[122.33416,0.50949],[122.33207,0.50941],[122.33301,0.50483],[122.32818,0.50322],[122.32891,0.50038],[122.32723,0.49811],[122.32715,0.49317],[122.3249,0.49226],[122.32202,0.49394],[122.32318,0.49709],[122.31883,0.50188],[122.31773,0.5084],[122.31624,0.50453],[122.31759,0.49528],[122.31657,0.49457],[122.31512,0.49439],[122.31387,0.49642],[122.3132,0.49476],[122.31191,0.49527],[122.31313,0.49132],[122.31609,0.49016],[122.31317,0.48889],[122.3109,0.48981],[122.31132,0.49376],[122.30931,0.49823],[122.3122,0.49854],[122.31251,0.4956],[122.3152,0.49755],[122.31605,0.49469],[122.31701,0.49509],[122.31424,0.50426],[122.31494,0.50905],[122.31831,0.50916],[122.32261,0.50531],[122.31927,0.50335],[122.32083,0.49981],[122.32411,0.50027],[122.32437,0.49486],[122.32638,0.49478],[122.3272,0.50584],[122.32904,0.50469],[122.33046,0.5078],[122.33125,0.50457],[122.33261,0.50562],[122.3293,0.51275],[122.33286,0.5112],[122.33473,0.51235],[122.33425,0.50783],[122.3349,0.50429],[122.33609,0.50438],[122.33589,0.50712]]],[[[122.33957,0.49962],[122.33814,0.49595],[122.33835,0.49921],[122.33665,0.49699],[122.33522,0.49785],[122.33703,0.50037],[122.34079,0.50345],[122.33963,0.50486],[122.34051,0.50698],[122.3422,0.50378],[122.33722,0.5003],[122.33957,0.49962]]],[[[122.33929,0.50565],[122.33912,0.50674],[122.33962,0.50488],[122.33929,0.50565]]],[[[122.36128,0.50567],[122.36035,0.50576],[122.362,0.50831],[122.364,0.50691],[122.36128,0.50567]]],[[[122.35893,0.50751],[122.35925,0.50713],[122.35909,0.50713],[122.35893,0.50751]]],[[[122.35876,0.50808],[122.35871,0.5082],[122.35876,0.50816],[122.35876,0.50808]]],[[[122.35814,0.50899],[122.35842,0.5087],[122.35832,0.50874],[122.35814,0.50899]]],[[[122.37623,0.51269],[122.37442,0.51417],[122.37342,0.51171],[122.37131,0.51165],[122.37067,0.50677],[122.36606,0.50215],[122.36192,0.50406],[122.36407,0.50671],[122.36652,0.50481],[122.36711,0.50768],[122.36828,0.50685],[122.36943,0.50896],[122.36801,0.51103],[122.37202,0.51561],[122.37604,0.51591],[122.37871,0.52092],[122.38041,0.52035],[122.38138,0.51726],[122.38004,0.51882],[122.37623,0.51269]]],[[[122.12855,0.5164],[122.12854,0.51626],[122.12854,0.51637],[122.12855,0.5164]]],[[[122.38329,0.51432],[122.38159,0.5147],[122.38266,0.51907],[122.38466,0.51799],[122.38329,0.51432]]],[[[122.3882,0.51321],[122.38583,0.51462],[122.38822,0.51791],[122.38716,0.5195],[122.38854,0.52317],[122.38962,0.51575],[122.3882,0.51321]]],[[[122.12479,0.52019],[122.12734,0.51783],[122.12395,0.51821],[122.12471,0.52328],[122.12479,0.52019]]],[[[122.1113,0.69551],[122.1126,0.69553],[122.11203,0.6955],[122.1113,0.69551]]],[[[122.10841,0.6965],[122.11018,0.69549],[122.1092,0.69601],[122.10841,0.6965]]],[[[122.10949,0.70465],[122.10942,0.70334],[122.10945,0.70424],[122.10949,0.70465]]],[[[122.10956,0.70697],[122.10953,0.70577],[122.10953,0.70614],[122.10956,0.70697]]],[[[122.10956,0.70697],[122.10962,0.70764],[122.10983,0.70927],[122.10956,0.70697]]],[[[122.13001,0.5579],[122.12929,0.56815],[122.12725,0.56853],[122.12685,0.66698],[122.11955,0.68372],[122.11977,0.69531],[122.11628,0.69599],[122.11303,0.71563],[122.10581,0.79845],[122.10064,0.83209],[122.10308,0.84922],[122.10135,0.90181],[122.09697,0.9043],[122.10849,0.8985],[122.11304,0.89945],[122.11569,0.90327],[122.121,0.90064],[122.12718,0.90062],[122.13438,0.90306],[122.13876,0.90641],[122.14677,0.90685],[122.14929,0.90653],[122.14605,0.89687],[122.15874,0.87028],[122.16152,0.86739],[122.16591,0.85589],[122.16918,0.85476],[122.16988,0.85211],[122.17318,0.85144],[122.17343,0.84581],[122.18421,0.84045],[122.18674,0.83706],[122.18562,0.8351],[122.18727,0.8341],[122.18902,0.83512],[122.18903,0.83146],[122.19098,0.83269],[122.19271,0.83079],[122.19331,0.82669],[122.19113,0.82449],[122.19232,0.82283],[122.19542,0.82353],[122.19529,0.82146],[122.19699,0.82049],[122.1964,0.81494],[122.1983,0.81406],[122.19678,0.81112],[122.19745,0.80882],[122.19951,0.81006],[122.20337,0.80932],[122.20707,0.80245],[122.21231,0.80001],[122.21226,0.79575],[122.22113,0.79437],[122.22376,0.79538],[122.22454,0.7899],[122.22126,0.78963],[122.2218,0.78843],[122.22557,0.78714],[122.22853,0.78839],[122.23231,0.78548],[122.23572,0.79056],[122.2398,0.79057],[122.24593,0.78468],[122.24606,0.77231],[122.26063,0.76715],[122.28805,0.76156],[122.29895,0.76293],[122.30494,0.76785],[122.31615,0.76087],[122.33527,0.7559],[122.34362,0.75006],[122.36656,0.75167],[122.38584,0.75586],[122.39313,0.75898],[122.39847,0.75705],[122.39301,0.7539],[122.38881,0.75439],[122.38391,0.74845],[122.37538,0.75004],[122.37242,0.7426],[122.36671,0.74184],[122.37276,0.73911],[122.3743,0.73193],[122.37685,0.72865],[122.37133,0.72802],[122.37514,0.72349],[122.36913,0.71975],[122.37276,0.71731],[122.37063,0.71112],[122.37387,0.70891],[122.3728,0.70101],[122.37141,0.70036],[122.36947,0.70239],[122.36834,0.69835],[122.3697,0.69639],[122.36656,0.694],[122.37062,0.69042],[122.37059,0.68439],[122.36167,0.6825],[122.36558,0.6786],[122.36402,0.67453],[122.3653,0.67398],[122.3661,0.67578],[122.36744,0.67314],[122.36677,0.67591],[122.37045,0.67508],[122.37222,0.66993],[122.35824,0.66472],[122.35984,0.66273],[122.35833,0.66139],[122.3589,0.65886],[122.36218,0.66056],[122.36486,0.65914],[122.36616,0.65534],[122.3642,0.65129],[122.3649,0.64933],[122.36837,0.64782],[122.37254,0.64828],[122.37335,0.64688],[122.37358,0.64493],[122.37092,0.644],[122.37167,0.63549],[122.36879,0.62883],[122.37558,0.62171],[122.37364,0.61785],[122.36947,0.61518],[122.36557,0.61568],[122.36332,0.61368],[122.36155,0.60914],[122.36532,0.60512],[122.36319,0.6026],[122.36571,0.59821],[122.36847,0.5972],[122.36873,0.59078],[122.37124,0.58889],[122.37559,0.59187],[122.37539,0.59011],[122.37909,0.58967],[122.37566,0.58455],[122.38279,0.579],[122.38066,0.57683],[122.38192,0.57503],[122.37552,0.57499],[122.37368,0.57711],[122.37016,0.57495],[122.36635,0.57942],[122.35444,0.57843],[122.35392,0.58327],[122.3518,0.57893],[122.34826,0.57925],[122.33939,0.58407],[122.3403,0.59038],[122.33579,0.5947],[122.32946,0.59682],[122.32006,0.59533],[122.32671,0.5836],[122.33865,0.57512],[122.34062,0.56794],[122.33946,0.56516],[122.33687,0.5661],[122.3333,0.56384],[122.32859,0.56366],[122.3248,0.5603],[122.31924,0.55838],[122.3169,0.55432],[122.31248,0.55301],[122.30888,0.55784],[122.30568,0.55737],[122.30471,0.55612],[122.30697,0.55357],[122.30509,0.55305],[122.30378,0.54876],[122.29877,0.54731],[122.2881,0.54033],[122.27956,0.52471],[122.27661,0.52495],[122.27698,0.52677],[122.27359,0.52751],[122.27524,0.5229],[122.27388,0.52067],[122.26832,0.52171],[122.25943,0.52669],[122.25693,0.52155],[122.25288,0.51873],[122.24828,0.52226],[122.24542,0.51856],[122.2435,0.51961],[122.24297,0.52422],[122.24011,0.52102],[122.23321,0.51981],[122.23022,0.522],[122.22081,0.52124],[122.21483,0.53791],[122.21143,0.5395],[122.20721,0.54532],[122.20363,0.5415],[122.2032,0.5449],[122.19892,0.54663],[122.19723,0.54603],[122.1945,0.5385],[122.19308,0.53936],[122.19148,0.53306],[122.18927,0.5327],[122.18935,0.53141],[122.18185,0.52976],[122.17942,0.5256],[122.17094,0.52605],[122.17096,0.53358],[122.17209,0.53686],[122.17628,0.53949],[122.17618,0.54451],[122.1728,0.54272],[122.1704,0.54619],[122.16865,0.54544],[122.16536,0.54837],[122.16215,0.54258],[122.15746,0.55899],[122.15864,0.56056],[122.15792,0.56533],[122.16165,0.56829],[122.1608,0.56978],[122.14534,0.5703],[122.14609,0.56445],[122.15061,0.56183],[122.14994,0.55476],[122.15381,0.54998],[122.13995,0.55166],[122.13666,0.5468],[122.13049,0.52884],[122.12825,0.52713],[122.1259,0.53121],[122.13001,0.5579]],[[122.33822,0.59453],[122.33819,0.5925],[122.33842,0.59521],[122.33822,0.59453]],[[122.13078,0.58308],[122.13079,0.58357],[122.13075,0.58301],[122.13078,0.58308]],[[122.13087,0.65722],[122.13139,0.65596],[122.13087,0.65733],[122.13087,0.65722]],[[122.13,0.65999],[122.13044,0.65937],[122.13028,0.65962],[122.13,0.65999]],[[122.1289,0.66363],[122.12879,0.66401],[122.12898,0.66317],[122.1289,0.66363]],[[122.12867,0.66446],[122.12849,0.6652],[122.12856,0.66487],[122.12867,0.66446]],[[122.12547,0.6736],[122.12542,0.67401],[122.12539,0.67371],[122.12547,0.6736]],[[122.12489,0.67811],[122.12475,0.67827],[122.12468,0.6783],[122.12489,0.67811]],[[122.12235,0.68052],[122.12214,0.68079],[122.12244,0.68032],[122.12235,0.68052]],[[122.13328,0.59339],[122.13342,0.59379],[122.1331,0.59308],[122.13328,0.59339]],[[122.13578,0.60201],[122.13588,0.6011],[122.13584,0.60163],[122.13578,0.60201]],[[122.13579,0.60576],[122.13582,0.60622],[122.13573,0.60538],[122.13579,0.60576]],[[122.13659,0.6394],[122.13639,0.63985],[122.13672,0.63906],[122.13659,0.6394]],[[122.13432,0.64462],[122.13413,0.6449],[122.13445,0.64411],[122.13432,0.64462]],[[122.13338,0.65056],[122.13333,0.65128],[122.13339,0.64992],[122.13338,0.65056]],[[122.13315,0.65323],[122.13328,0.65229],[122.13326,0.6526],[122.13315,0.65323]],[[122.13309,0.65359],[122.13295,0.65405],[122.13312,0.65338],[122.13309,0.65359]],[[122.13775,0.60988],[122.13735,0.60928],[122.13789,0.61007],[122.13775,0.60988]],[[122.14328,0.61985],[122.14344,0.61908],[122.14338,0.61945],[122.14328,0.61985]],[[122.1435,0.6241],[122.14337,0.62453],[122.14355,0.62379],[122.1435,0.6241]],[[122.14102,0.63212],[122.14096,0.63246],[122.14107,0.63157],[122.14102,0.63212]],[[122.13785,0.63704],[122.13842,0.63626],[122.13857,0.63616],[122.13785,0.63704]],[[122.2791,0.72635],[122.27363,0.72299],[122.2709,0.72359],[122.26767,0.71986],[122.26222,0.71966],[122.26252,0.71653],[122.25728,0.71603],[122.25466,0.71844],[122.25214,0.71612],[122.25506,0.71371],[122.26,0.71338],[122.25981,0.70816],[122.26323,0.71078],[122.26153,0.70473],[122.26687,0.70472],[122.26611,0.70812],[122.26878,0.70836],[122.26919,0.70552],[122.27323,0.7028],[122.27514,0.69887],[122.27947,0.69766],[122.27988,0.69413],[122.28406,0.69282],[122.28952,0.69386],[122.2812,0.69958],[122.28042,0.70101],[122.28223,0.70309],[122.28068,0.70505],[122.28316,0.71038],[122.28588,0.70674],[122.289,0.70843],[122.28602,0.71233],[122.28887,0.71403],[122.28777,0.7176],[122.29336,0.72658],[122.29246,0.73399],[122.29376,0.73621],[122.30169,0.73478],[122.30208,0.73635],[122.29675,0.73804],[122.2936,0.7426],[122.29116,0.73879],[122.29042,0.73566],[122.29163,0.73388],[122.28865,0.72814],[122.2791,0.72635]],[[122.24554,0.72516],[122.24493,0.72221],[122.2479,0.72268],[122.25254,0.71905],[122.25234,0.72157],[122.24869,0.72314],[122.24737,0.72594],[122.24554,0.72516]],[[122.3607,0.7381],[122.36099,0.73911],[122.3581,0.73898],[122.3607,0.7381]]],[[[122.61785,0.4897],[122.61719,0.49159],[122.62056,0.49613],[122.61897,0.49113],[122.62352,0.48889],[122.62476,0.48653],[122.61785,0.4897]]],[[[122.61507,0.49044],[122.60966,0.48812],[122.6079,0.48892],[122.61945,0.49879],[122.61685,0.49367],[122.61512,0.49341],[122.61507,0.49044]]],[[[122.57608,0.49429],[122.57647,0.49343],[122.57061,0.49471],[122.57608,0.49429]]],[[[122.58831,0.49625],[122.58679,0.4972],[122.58841,0.49682],[122.58969,0.49678],[122.58831,0.49625]]],[[[122.62116,0.49757],[122.62116,0.49724],[122.61987,0.49718],[122.62116,0.49757]]],[[[122.58574,0.49682],[122.58639,0.4973],[122.58647,0.49728],[122.58449,0.49491],[122.5784,0.49316],[122.57557,0.49568],[122.56841,0.49646],[122.56645,0.49508],[122.56155,0.49865],[122.56022,0.50207],[122.56535,0.50705],[122.56649,0.50632],[122.56114,0.50071],[122.56278,0.49812],[122.58574,0.49682]]],[[[122.5567,0.49771],[122.55253,0.49205],[122.54695,0.49048],[122.5418,0.49131],[122.54071,0.49576],[122.5441,0.50141],[122.54348,0.50302],[122.54673,0.50583],[122.54405,0.50807],[122.53839,0.50316],[122.53634,0.50392],[122.54432,0.51014],[122.54764,0.50583],[122.54134,0.49576],[122.54259,0.49273],[122.5567,0.49771]]],[[[122.48778,0.50101],[122.48761,0.50101],[122.48794,0.50105],[122.48778,0.50101]]],[[[122.48897,0.50148],[122.48898,0.50147],[122.48894,0.50147],[122.48897,0.50148]]],[[[122.48642,0.50139],[122.48151,0.50163],[122.47834,0.50334],[122.47678,0.50689],[122.47385,0.50682],[122.47229,0.5061],[122.47538,0.50559],[122.47559,0.50257],[122.46205,0.50237],[122.4696,0.50513],[122.46567,0.50671],[122.47188,0.50814],[122.48026,0.50804],[122.48078,0.50487],[122.48262,0.50438],[122.48337,0.50581],[122.48642,0.50139]]],[[[122.60529,0.50529],[122.60581,0.50743],[122.60781,0.50691],[122.60787,0.50392],[122.59913,0.50328],[122.60529,0.50529]]],[[[122.59488,0.50457],[122.5942,0.50207],[122.59033,0.49886],[122.58946,0.4996],[122.59343,0.50374],[122.5841,0.50743],[122.58416,0.50887],[122.58152,0.51019],[122.58342,0.51157],[122.59488,0.50457]]],[[[122.46533,0.50658],[122.46533,0.50657],[122.46522,0.50654],[122.46533,0.50658]]],[[[122.524,0.50672],[122.52546,0.5052],[122.52672,0.50724],[122.52944,0.5074],[122.53254,0.50523],[122.53213,0.50219],[122.53303,0.5017],[122.5341,0.50471],[122.53472,0.50267],[122.53189,0.50102],[122.52831,0.50647],[122.52538,0.50354],[122.52289,0.50532],[122.5196,0.50184],[122.5148,0.51134],[122.51293,0.5096],[122.51372,0.50491],[122.51781,0.49963],[122.5165,0.49751],[122.51488,0.4989],[122.51289,0.49816],[122.51155,0.50238],[122.50558,0.5061],[122.51237,0.51333],[122.50271,0.50808],[122.50198,0.50519],[122.49978,0.50463],[122.49968,0.50704],[122.49615,0.50803],[122.49622,0.50228],[122.49165,0.50132],[122.48851,0.50316],[122.4944,0.50377],[122.49337,0.50788],[122.49152,0.50477],[122.48997,0.50552],[122.49178,0.50927],[122.50108,0.50829],[122.50746,0.51381],[122.51299,0.51575],[122.51597,0.51433],[122.51866,0.50403],[122.524,0.50672]]],[[[122.45677,0.50786],[122.45801,0.50793],[122.4581,0.50649],[122.45677,0.50786]]],[[[122.60226,0.50699],[122.60204,0.50762],[122.60547,0.50743],[122.60226,0.50699]]],[[[122.59539,0.50736],[122.59055,0.50967],[122.59607,0.50829],[122.59538,0.50933],[122.5978,0.5091],[122.59981,0.51295],[122.60211,0.51007],[122.59539,0.50736]]],[[[122.54978,0.50859],[122.55156,0.50684],[122.55512,0.50687],[122.55635,0.50437],[122.54907,0.50547],[122.54855,0.50879],[122.55015,0.51185],[122.54816,0.5141],[122.55015,0.51651],[122.55235,0.51432],[122.54978,0.50859]]],[[[122.40708,0.52048],[122.41139,0.51856],[122.4055,0.51326],[122.40922,0.51092],[122.41098,0.51169],[122.41039,0.51305],[122.41241,0.51254],[122.41304,0.5147],[122.41833,0.51461],[122.4185,0.50956],[122.41444,0.50222],[122.42523,0.5089],[122.43412,0.50854],[122.43701,0.50695],[122.44117,0.5164],[122.44646,0.51812],[122.44909,0.51844],[122.44839,0.51498],[122.45089,0.51196],[122.44892,0.51132],[122.44808,0.51652],[122.44631,0.51753],[122.44619,0.51329],[122.44502,0.51293],[122.44474,0.5149],[122.44265,0.5142],[122.44311,0.5118],[122.44074,0.51198],[122.44067,0.50921],[122.4432,0.50954],[122.44389,0.50734],[122.44679,0.50776],[122.4473,0.50642],[122.44265,0.50437],[122.43969,0.50597],[122.43738,0.50004],[122.43219,0.50184],[122.43257,0.50414],[122.43052,0.50267],[122.42812,0.50499],[122.42346,0.50583],[122.418,0.50259],[122.41359,0.50192],[122.41302,0.50443],[122.41733,0.50858],[122.41743,0.51145],[122.41475,0.51429],[122.41328,0.51123],[122.40632,0.50909],[122.40535,0.51016],[122.40795,0.51063],[122.40484,0.51305],[122.40628,0.51697],[122.40825,0.51604],[122.40741,0.51859],[122.40099,0.51583],[122.40375,0.52118],[122.39975,0.51997],[122.39957,0.51826],[122.39809,0.51988],[122.39589,0.51964],[122.39542,0.51673],[122.39408,0.51898],[122.39425,0.5209],[122.39499,0.51897],[122.39616,0.5216],[122.40145,0.5216],[122.4038,0.52376],[122.40708,0.52164],[122.40275,0.51793],[122.40708,0.52048]]],[[[122.39834,0.51919],[122.39832,0.51921],[122.39839,0.51917],[122.39834,0.51919]]],[[[122.39226,0.51803],[122.38982,0.52033],[122.39262,0.52063],[122.39226,0.51803]]],[[[122.58571,0.53485],[122.58517,0.53411],[122.58499,0.53391],[122.58571,0.53485]]],[[[122.50055,0.54845],[122.50309,0.54659],[122.50154,0.54653],[122.50063,0.54428],[122.50564,0.54016],[122.50658,0.53566],[122.49714,0.54288],[122.49333,0.53806],[122.49511,0.52906],[122.49,0.53049],[122.48928,0.52817],[122.48774,0.52807],[122.48679,0.52996],[122.48969,0.53445],[122.48537,0.53581],[122.48223,0.54237],[122.4872,0.55108],[122.49314,0.55511],[122.49023,0.55684],[122.49111,0.55966],[122.49469,0.56062],[122.49648,0.55618],[122.5003,0.5559],[122.50225,0.55291],[122.50055,0.54845]]],[[[122.58306,0.5309],[122.58285,0.53062],[122.58474,0.53363],[122.58493,0.53384],[122.58306,0.5309]]],[[[122.58239,0.53001],[122.58146,0.52957],[122.57907,0.53041],[122.57361,0.52656],[122.57262,0.53018],[122.57099,0.53012],[122.56491,0.52232],[122.56333,0.52234],[122.56186,0.52801],[122.55978,0.52664],[122.56525,0.53386],[122.56574,0.5368],[122.57045,0.53739],[122.5726,0.53992],[122.57082,0.54251],[122.56608,0.54006],[122.56467,0.54176],[122.56772,0.54343],[122.56715,0.54957],[122.5718,0.55337],[122.57278,0.55905],[122.57098,0.56291],[122.57133,0.56445],[122.57452,0.56563],[122.57584,0.57531],[122.57244,0.57802],[122.56567,0.57315],[122.56458,0.57482],[122.56662,0.57798],[122.56755,0.5862],[122.56229,0.59417],[122.55904,0.59472],[122.55336,0.59122],[122.55104,0.59197],[122.54461,0.59644],[122.55188,0.5985],[122.5506,0.59345],[122.55251,0.59341],[122.55563,0.59442],[122.55458,0.5983],[122.5514,0.60096],[122.54809,0.60099],[122.54785,0.60242],[122.54379,0.60218],[122.54421,0.60354],[122.54149,0.60048],[122.54054,0.60283],[122.54252,0.60492],[122.53951,0.60505],[122.54377,0.60729],[122.55459,0.60776],[122.56126,0.61124],[122.56957,0.60879],[122.5786,0.61289],[122.58113,0.61244],[122.5866,0.61015],[122.58636,0.60427],[122.58308,0.60186],[122.58508,0.59606],[122.58917,0.59416],[122.59222,0.59463],[122.59112,0.5922],[122.59453,0.5937],[122.59737,0.59093],[122.59567,0.59528],[122.60063,0.59976],[122.60216,0.60431],[122.59621,0.60364],[122.59468,0.60695],[122.5982,0.61288],[122.60212,0.61121],[122.60378,0.6143],[122.60273,0.6157],[122.60593,0.61606],[122.60822,0.61425],[122.61084,0.60567],[122.60776,0.60638],[122.60918,0.60438],[122.60666,0.60329],[122.60735,0.60143],[122.60438,0.59811],[122.60986,0.6014],[122.60911,0.60297],[122.61185,0.60459],[122.61356,0.60253],[122.61222,0.60168],[122.61388,0.60202],[122.61909,0.59157],[122.6259,0.58864],[122.62482,0.58755],[122.6263,0.58648],[122.62287,0.58415],[122.62251,0.58026],[122.62632,0.5798],[122.62775,0.58164],[122.63026,0.5762],[122.62573,0.57009],[122.62026,0.56771],[122.61952,0.5663],[122.62346,0.56471],[122.62337,0.56346],[122.61811,0.56014],[122.6209,0.55625],[122.62621,0.55921],[122.62881,0.56343],[122.63234,0.5631],[122.62587,0.54737],[122.62568,0.54319],[122.62341,0.54309],[122.6272,0.5401],[122.62663,0.53537],[122.6288,0.53102],[122.62663,0.53042],[122.63539,0.5232],[122.63455,0.52247],[122.6414,0.51965],[122.64283,0.51505],[122.63302,0.52092],[122.6317,0.51656],[122.627,0.51778],[122.62483,0.51358],[122.62219,0.51336],[122.61946,0.51563],[122.61784,0.5226],[122.61989,0.5243],[122.61698,0.52541],[122.61456,0.52435],[122.61619,0.52782],[122.61274,0.53082],[122.60951,0.52793],[122.61012,0.52507],[122.60657,0.52601],[122.6044,0.52941],[122.59529,0.53095],[122.58967,0.53485],[122.58467,0.53542],[122.58216,0.5326],[122.58285,0.53062],[122.58239,0.53001]],[[122.61977,0.55244],[122.61951,0.55016],[122.62518,0.54837],[122.62535,0.55158],[122.62375,0.55304],[122.61977,0.55244]],[[122.58091,0.59559],[122.57937,0.59786],[122.57793,0.59593],[122.56958,0.5971],[122.57052,0.59567],[122.57404,0.59555],[122.57215,0.59412],[122.57017,0.59475],[122.5712,0.59042],[122.57504,0.59424],[122.57559,0.59304],[122.5772,0.59535],[122.57754,0.59384],[122.58091,0.59559]]],[[[122.53117,0.58204],[122.53127,0.57839],[122.52965,0.57723],[122.53034,0.57393],[122.5279,0.57225],[122.53035,0.57048],[122.53096,0.56781],[122.53271,0.56952],[122.53471,0.56854],[122.53275,0.5652],[122.53476,0.56306],[122.53715,0.56277],[122.53621,0.56395],[122.53765,0.56593],[122.53997,0.56569],[122.54265,0.57015],[122.54366,0.56803],[122.5494,0.57071],[122.55399,0.56855],[122.55771,0.56876],[122.56191,0.56416],[122.56245,0.56175],[122.55716,0.55847],[122.55873,0.55494],[122.56268,0.55749],[122.56662,0.55648],[122.56469,0.55404],[122.55885,0.55196],[122.55375,0.54589],[122.55088,0.54478],[122.54829,0.5453],[122.54811,0.54717],[122.54925,0.54946],[122.54917,0.55212],[122.54748,0.55392],[122.54896,0.54981],[122.54745,0.54888],[122.54485,0.54935],[122.54512,0.55194],[122.54134,0.54974],[122.53806,0.55171],[122.54056,0.53559],[122.53689,0.53592],[122.5373,0.53439],[122.5335,0.52831],[122.52792,0.52436],[122.53,0.51651],[122.52874,0.51527],[122.52622,0.51517],[122.52328,0.52027],[122.52268,0.51776],[122.5183,0.51387],[122.51724,0.51419],[122.51908,0.51715],[122.5175,0.51904],[122.51548,0.51984],[122.51421,0.51845],[122.51117,0.52105],[122.50803,0.52078],[122.50616,0.52545],[122.51369,0.52545],[122.51313,0.52887],[122.51504,0.52951],[122.51488,0.53094],[122.5125,0.53325],[122.5152,0.5362],[122.51806,0.53548],[122.51982,0.54009],[122.51353,0.54248],[122.51122,0.5475],[122.50891,0.5498],[122.50549,0.54988],[122.5052,0.55169],[122.5118,0.55371],[122.51706,0.55234],[122.51895,0.55355],[122.52215,0.55842],[122.52237,0.56228],[122.52086,0.56452],[122.52245,0.56644],[122.52095,0.56945],[122.52301,0.5717],[122.52332,0.57511],[122.51958,0.57439],[122.51608,0.58012],[122.51003,0.58076],[122.50621,0.58367],[122.50908,0.58666],[122.50781,0.59173],[122.50503,0.59502],[122.50655,0.59644],[122.50568,0.60003],[122.50705,0.60246],[122.50602,0.60658],[122.50389,0.60832],[122.50605,0.61248],[122.50406,0.61359],[122.50611,0.61554],[122.51371,0.61788],[122.51209,0.61547],[122.516,0.60925],[122.51334,0.60679],[122.51493,0.60594],[122.51415,0.60259],[122.51589,0.60233],[122.5165,0.60482],[122.51949,0.60191],[122.52133,0.60446],[122.52318,0.60434],[122.52039,0.6014],[122.52285,0.60029],[122.52053,0.59514],[122.52145,0.59367],[122.51974,0.59412],[122.51832,0.59114],[122.52223,0.58896],[122.52435,0.5954],[122.52725,0.59432],[122.52425,0.58671],[122.52853,0.58548],[122.53048,0.58613],[122.53073,0.58944],[122.52862,0.58986],[122.52851,0.59356],[122.53176,0.59345],[122.53252,0.59017],[122.53682,0.59174],[122.53658,0.58655],[122.53951,0.58207],[122.53117,0.58204]]],[[[122.54007,0.57573],[122.53997,0.57523],[122.54009,0.57588],[122.54007,0.57573]]],[[[122.54079,0.57986],[122.54081,0.5801],[122.54077,0.57938],[122.54079,0.57986]]],[[[122.4011,0.58864],[122.40324,0.58483],[122.40138,0.5831],[122.40253,0.58035],[122.40075,0.57867],[122.40528,0.5721],[122.40404,0.56944],[122.40195,0.57095],[122.40118,0.57007],[122.39885,0.5665],[122.40014,0.56408],[122.39866,0.56285],[122.39605,0.56518],[122.39297,0.5631],[122.39138,0.56691],[122.39327,0.57238],[122.38992,0.57494],[122.39176,0.57818],[122.39064,0.5801],[122.3875,0.58054],[122.38731,0.58417],[122.38511,0.58604],[122.38681,0.58733],[122.38811,0.59332],[122.38605,0.59692],[122.39129,0.59857],[122.39327,0.597],[122.39426,0.59134],[122.39767,0.58867],[122.39836,0.58979],[122.4011,0.58864]]],[[[122.54016,0.58241],[122.53963,0.5827],[122.53958,0.58273],[122.54016,0.58241]]]]},"properties":{"kph":"KPH Wil. V Boalemo"}},{"type":"Feature","geometry":{"type":"MultiPolygon","coordinates":[[[[122.72646,0.60393],[122.72891,0.59436],[122.72264,0.59559],[122.72273,0.59435],[122.7277,0.5938],[122.72627,0.59017],[122.72234,0.58959],[122.71762,0.59154],[122.71735,0.58999],[122.71321,0.58887],[122.71225,0.58495],[122.70886,0.5857],[122.70832,0.58169],[122.72043,0.57044],[122.72765,0.57001],[122.72966,0.56753],[122.74094,0.5781],[122.74822,0.57945],[122.75079,0.57778],[122.75289,0.57346],[122.74796,0.55384],[122.74453,0.54906],[122.74085,0.54806],[122.73879,0.54912],[122.74125,0.54537],[122.7506,0.55301],[122.75449,0.55423],[122.76067,0.55335],[122.76449,0.56209],[122.76824,0.56133],[122.77035,0.55875],[122.76398,0.54686],[122.76526,0.54409],[122.76824,0.54454],[122.77121,0.55042],[122.77582,0.5519],[122.78554,0.56218],[122.78839,0.56098],[122.80167,0.54634],[122.80742,0.54379],[122.82419,0.5408],[122.83663,0.542],[122.8394,0.54094],[122.84188,0.54321],[122.85462,0.5474],[122.87537,0.55269],[122.87841,0.55019],[122.87748,0.5455],[122.86177,0.53443],[122.86972,0.52845],[122.88489,0.52903],[122.90264,0.53906],[122.91327,0.54035],[122.92748,0.53514],[122.93907,0.53452],[122.95379,0.53116],[122.96671,0.52496],[122.98718,0.52222],[122.98693,0.52111],[122.99084,0.52399],[122.99942,0.52522],[122.99924,0.50847],[122.9898,0.50978],[122.97117,0.50765],[122.96371,0.51042],[122.95833,0.51036],[122.94522,0.50486],[122.93626,0.50441],[122.92488,0.50704],[122.91862,0.50679],[122.90171,0.49877],[122.89375,0.49956],[122.8824,0.49696],[122.87183,0.49877],[122.84592,0.49696],[122.83368,0.50054],[122.8246,0.51024],[122.81936,0.51313],[122.8066,0.51641],[122.79648,0.51698],[122.77953,0.51527],[122.76908,0.50813],[122.7631,0.50628],[122.72126,0.502],[122.68028,0.50937],[122.66656,0.51364],[122.66252,0.51683],[122.66268,0.51967],[122.66063,0.51844],[122.6595,0.51949],[122.65382,0.53064],[122.64105,0.5346],[122.63603,0.53835],[122.63337,0.545],[122.63531,0.54931],[122.63261,0.55628],[122.63511,0.56029],[122.63942,0.56269],[122.64008,0.56821],[122.63867,0.57666],[122.63506,0.578],[122.63304,0.5838],[122.63427,0.5917],[122.63107,0.60113],[122.63758,0.59926],[122.63916,0.59486],[122.64949,0.59531],[122.65263,0.58685],[122.65429,0.58652],[122.66931,0.59421],[122.67735,0.59039],[122.68358,0.59261],[122.68962,0.59061],[122.69175,0.59274],[122.69247,0.60421],[122.70748,0.61204],[122.71281,0.61234],[122.71877,0.61048],[122.72073,0.60913],[122.719,0.60681],[122.7226,0.6079],[122.72646,0.60393]]],[[[123.06688,0.7896],[123.07732,0.77493],[123.07369,0.76392],[123.07392,0.75883],[123.07627,0.75432],[123.07572,0.74702],[123.07177,0.74585],[123.06577,0.74668],[123.06435,0.74328],[123.05765,0.74908],[123.05335,0.74953],[123.04932,0.74222],[123.04988,0.73715],[123.0474,0.73706],[123.04344,0.73323],[123.04392,0.72415],[123.04117,0.72116],[123.04021,0.7171],[123.03426,0.71305],[123.03081,0.71379],[123.03107,0.71069],[123.02634,0.7052],[123.02135,0.70311],[123.01968,0.70538],[123.01399,0.70691],[123.0172,0.70856],[123.02286,0.7163],[123.01859,0.71897],[123.01905,0.72104],[123.02668,0.72058],[123.02955,0.7247],[123.02919,0.73053],[123.02683,0.73539],[123.02324,0.73718],[123.02503,0.73826],[123.02443,0.74374],[123.02288,0.74647],[123.01955,0.74647],[123.01813,0.74909],[123.01182,0.75135],[123.00474,0.75105],[123.00611,0.74076],[123.00238,0.73969],[123.00029,0.73407],[123.00266,0.7335],[123.0023,0.73005],[122.99718,0.72672],[122.99968,0.71923],[122.99754,0.71851],[122.9938,0.72239],[122.99215,0.71737],[122.99468,0.71578],[122.99397,0.71376],[122.9904,0.71221],[122.98943,0.70884],[122.99195,0.70733],[122.99147,0.70483],[122.98629,0.70271],[122.9813,0.69393],[122.97731,0.6916],[122.96724,0.69112],[122.96585,0.68598],[122.96016,0.68237],[122.95499,0.68265],[122.944,0.68804],[122.94258,0.6852],[122.93981,0.68492],[122.9399,0.68951],[122.93579,0.69105],[122.9327,0.69539],[122.92872,0.69334],[122.93048,0.6898],[122.9283,0.68567],[122.92483,0.68466],[122.92146,0.68744],[122.91955,0.68508],[122.91561,0.68795],[122.90641,0.6854],[122.90329,0.67929],[122.90891,0.67214],[122.90708,0.67304],[122.90569,0.67093],[122.90639,0.66539],[122.91013,0.6589],[122.90776,0.65621],[122.89964,0.6578],[122.89734,0.65637],[122.88775,0.65888],[122.88964,0.66345],[122.88653,0.66562],[122.88552,0.66367],[122.88444,0.66464],[122.88791,0.66825],[122.885,0.66676],[122.88566,0.66877],[122.88243,0.67086],[122.8783,0.66289],[122.87514,0.66128],[122.86463,0.6677],[122.85661,0.6686],[122.85713,0.67023],[122.85473,0.67151],[122.85471,0.66965],[122.85162,0.66764],[122.84985,0.6697],[122.84505,0.66975],[122.84512,0.67138],[122.84176,0.67086],[122.84176,0.66853],[122.83592,0.67103],[122.83252,0.66961],[122.83298,0.66746],[122.82922,0.66678],[122.82885,0.67206],[122.83146,0.67483],[122.85295,0.6813],[122.84529,0.6873],[122.84385,0.69037],[122.84225,0.68542],[122.83704,0.68636],[122.83609,0.68991],[122.83774,0.69178],[122.83636,0.693],[122.83892,0.69936],[122.84084,0.6989],[122.8417,0.69466],[122.8434,0.69393],[122.84706,0.69345],[122.84626,0.69483],[122.84812,0.69726],[122.85138,0.69713],[122.85534,0.69324],[122.85624,0.68951],[122.85831,0.68915],[122.86071,0.69196],[122.86588,0.69467],[122.86775,0.69415],[122.86855,0.70049],[122.87208,0.7056],[122.87547,0.70522],[122.87055,0.70145],[122.87063,0.69811],[122.87263,0.69763],[122.87093,0.69549],[122.87456,0.69635],[122.88063,0.70348],[122.87698,0.70834],[122.87039,0.71139],[122.87108,0.71393],[122.86916,0.71835],[122.86995,0.72067],[122.87172,0.72059],[122.87603,0.72445],[122.88242,0.7186],[122.87559,0.71881],[122.87527,0.71753],[122.87954,0.71615],[122.87826,0.71167],[122.88346,0.7122],[122.88499,0.72883],[122.8734,0.73171],[122.87074,0.72695],[122.86275,0.72759],[122.86358,0.73154],[122.85793,0.73446],[122.85823,0.73863],[122.85593,0.74138],[122.85886,0.74257],[122.86215,0.74139],[122.86388,0.73757],[122.86956,0.7385],[122.87018,0.74177],[122.87438,0.74231],[122.87495,0.7366],[122.87691,0.73426],[122.87909,0.73549],[122.87992,0.73314],[122.88166,0.73275],[122.88404,0.74698],[122.87626,0.74871],[122.87641,0.75244],[122.88153,0.75473],[122.88603,0.74904],[122.89249,0.74873],[122.89831,0.73821],[122.90686,0.73045],[122.90597,0.72529],[122.90314,0.72432],[122.9046,0.72001],[122.90282,0.71639],[122.90785,0.71369],[122.90627,0.71026],[122.90674,0.70516],[122.90496,0.70241],[122.91049,0.69912],[122.91479,0.69855],[122.92159,0.69265],[122.92863,0.69833],[122.93093,0.70569],[122.9298,0.71272],[122.93307,0.71348],[122.93444,0.71722],[122.94284,0.71339],[122.96715,0.71843],[122.96906,0.72254],[122.97393,0.72401],[122.98099,0.732],[122.97647,0.73664],[122.97853,0.74036],[122.97544,0.74502],[122.97978,0.7487],[122.98065,0.75554],[122.98341,0.76097],[122.98984,0.76384],[122.99284,0.76867],[122.99685,0.76788],[123.001,0.77289],[123.00958,0.8203],[123.01448,0.81585],[123.01566,0.80939],[123.02073,0.80154],[123.03737,0.78755],[123.04572,0.78784],[123.04845,0.791],[123.05482,0.79268],[123.06998,0.8033],[123.06688,0.7896]]],[[[122.39867,0.76069],[122.39876,0.76047],[122.39854,0.76065],[122.39867,0.76069]]],[[[122.61979,0.85243],[122.63271,0.84736],[122.6451,0.8482],[122.64903,0.84302],[122.64861,0.83713],[122.65346,0.83783],[122.66211,0.8301],[122.66412,0.82942],[122.66749,0.83111],[122.67181,0.82783],[122.67335,0.82438],[122.67845,0.82406],[122.68342,0.81544],[122.68975,0.80874],[122.69421,0.80598],[122.70058,0.80494],[122.7016,0.79906],[122.70782,0.79897],[122.70675,0.7942],[122.71015,0.79091],[122.72745,0.78602],[122.73393,0.78202],[122.73948,0.78325],[122.74297,0.77798],[122.75,0.77484],[122.7505,0.77033],[122.75586,0.76464],[122.76546,0.76396],[122.77331,0.76614],[122.77463,0.76946],[122.77938,0.77099],[122.78236,0.76966],[122.78502,0.7602],[122.79112,0.76259],[122.80058,0.7588],[122.80864,0.76275],[122.81475,0.75431],[122.82229,0.75003],[122.82655,0.74996],[122.8284,0.74513],[122.83323,0.74368],[122.83598,0.73453],[122.83443,0.73221],[122.8306,0.73677],[122.82663,0.73516],[122.82529,0.73643],[122.82483,0.7343],[122.82034,0.73556],[122.81792,0.73194],[122.81894,0.7274],[122.80942,0.73284],[122.80233,0.73218],[122.80058,0.73327],[122.79911,0.73048],[122.79644,0.73026],[122.79476,0.72539],[122.79315,0.72469],[122.79252,0.723],[122.79407,0.72115],[122.78586,0.71486],[122.78288,0.71435],[122.78374,0.71158],[122.78182,0.71038],[122.78328,0.70726],[122.78184,0.70648],[122.77102,0.71261],[122.77035,0.70777],[122.76878,0.70818],[122.76755,0.71331],[122.76415,0.71614],[122.76151,0.7217],[122.75933,0.72196],[122.75791,0.71715],[122.75395,0.71705],[122.76218,0.71176],[122.76334,0.70954],[122.76216,0.70802],[122.76539,0.70668],[122.7699,0.69852],[122.77499,0.69749],[122.77472,0.69246],[122.76889,0.6916],[122.76708,0.69531],[122.76334,0.69301],[122.76096,0.68641],[122.75746,0.68565],[122.75167,0.68725],[122.74872,0.68565],[122.74646,0.6899],[122.74116,0.69355],[122.74091,0.69615],[122.73453,0.69826],[122.73561,0.68853],[122.72892,0.68637],[122.72183,0.68875],[122.72192,0.69185],[122.72692,0.69345],[122.72349,0.70197],[122.72088,0.69866],[122.7192,0.69893],[122.71393,0.70352],[122.7115,0.70931],[122.70631,0.71056],[122.70503,0.71268],[122.69815,0.71157],[122.69194,0.71402],[122.69296,0.71775],[122.68913,0.71874],[122.69002,0.72489],[122.68697,0.72958],[122.68772,0.73103],[122.68259,0.73295],[122.68484,0.73579],[122.68303,0.73764],[122.68345,0.74185],[122.68017,0.74436],[122.68287,0.74997],[122.68067,0.75552],[122.67766,0.7581],[122.6752,0.75732],[122.67289,0.75916],[122.67254,0.75692],[122.67795,0.75521],[122.67885,0.7525],[122.67768,0.75124],[122.67155,0.75376],[122.67047,0.75052],[122.66668,0.74998],[122.66361,0.75214],[122.66451,0.759],[122.66344,0.76215],[122.65424,0.76869],[122.65293,0.76268],[122.65622,0.75818],[122.65426,0.75755],[122.65335,0.75464],[122.65739,0.75016],[122.65541,0.74845],[122.65153,0.75196],[122.64852,0.74805],[122.64686,0.75078],[122.64125,0.75025],[122.63487,0.75912],[122.62817,0.75746],[122.62583,0.76197],[122.62485,0.76995],[122.62288,0.7677],[122.61735,0.77216],[122.61419,0.77279],[122.61095,0.77081],[122.60887,0.77207],[122.60689,0.78073],[122.60228,0.77847],[122.59742,0.78244],[122.58962,0.78372],[122.5832,0.78945],[122.58276,0.78547],[122.57948,0.78326],[122.57804,0.78507],[122.57424,0.78506],[122.5709,0.78722],[122.56946,0.79336],[122.56712,0.79269],[122.5701,0.78641],[122.56853,0.78619],[122.56826,0.78425],[122.5603,0.78616],[122.55673,0.77937],[122.55038,0.77537],[122.54914,0.77678],[122.55002,0.77985],[122.54698,0.77911],[122.54379,0.78162],[122.54008,0.7808],[122.53943,0.78257],[122.53501,0.78036],[122.53484,0.78407],[122.52726,0.78098],[122.52588,0.78374],[122.52682,0.78591],[122.51974,0.78928],[122.51753,0.78751],[122.5163,0.78888],[122.51303,0.78512],[122.51062,0.78722],[122.50721,0.78671],[122.50702,0.78356],[122.50468,0.78314],[122.50334,0.78038],[122.50167,0.78135],[122.49937,0.78775],[122.50002,0.79085],[122.49715,0.78701],[122.49345,0.78568],[122.49322,0.7884],[122.49039,0.78766],[122.48835,0.79004],[122.48542,0.78865],[122.48112,0.79227],[122.48,0.78902],[122.47734,0.78845],[122.47725,0.79042],[122.46935,0.79424],[122.46875,0.79749],[122.46523,0.79532],[122.46049,0.78156],[122.45808,0.78473],[122.45535,0.78514],[122.44835,0.79046],[122.4453,0.7986],[122.44583,0.8016],[122.44888,0.80299],[122.44712,0.80606],[122.44759,0.80404],[122.44367,0.79927],[122.44264,0.79186],[122.43823,0.78983],[122.43055,0.79228],[122.42865,0.79025],[122.425,0.79012],[122.42389,0.7886],[122.42514,0.78567],[122.42247,0.78585],[122.42118,0.78247],[122.41847,0.78097],[122.41216,0.79345],[122.41025,0.78964],[122.4091,0.79253],[122.40717,0.78845],[122.40316,0.78795],[122.4042,0.78439],[122.40207,0.78394],[122.39737,0.78614],[122.39583,0.78523],[122.39642,0.78727],[122.39232,0.78969],[122.39461,0.78808],[122.3944,0.78496],[122.39136,0.79114],[122.38932,0.79059],[122.38717,0.79277],[122.38104,0.79348],[122.37853,0.79525],[122.37462,0.79433],[122.37442,0.79541],[122.38414,0.80317],[122.3839,0.80776],[122.38828,0.81328],[122.3873,0.81899],[122.38274,0.82683],[122.38499,0.83485],[122.38024,0.83811],[122.38458,0.84228],[122.3837,0.84537],[122.40232,0.84504],[122.41317,0.83628],[122.42307,0.83362],[122.43373,0.85988],[122.437,0.86339],[122.44528,0.85481],[122.46079,0.843],[122.47389,0.83586],[122.48465,0.83558],[122.50084,0.83783],[122.50584,0.83982],[122.51087,0.84561],[122.54309,0.85551],[122.54951,0.85269],[122.56182,0.84369],[122.5709,0.81481],[122.57784,0.8123],[122.58662,0.81291],[122.59607,0.81654],[122.6147,0.81634],[122.62072,0.82121],[122.62256,0.82546],[122.62359,0.83258],[122.62043,0.83973],[122.61979,0.85243]],[[122.77253,0.76006],[122.76932,0.75853],[122.76607,0.75234],[122.76735,0.74636],[122.77899,0.74071],[122.78556,0.74026],[122.79196,0.74256],[122.79101,0.7506],[122.79757,0.7526],[122.79733,0.75795],[122.79355,0.76131],[122.78922,0.76011],[122.78755,0.75714],[122.77253,0.76006]],[[122.66186,0.81018],[122.66206,0.81079],[122.66189,0.81033],[122.66186,0.81018]],[[122.67275,0.81144],[122.67308,0.81165],[122.67217,0.81115],[122.67275,0.81144]],[[122.6656,0.81905],[122.66538,0.81853],[122.66536,0.81846],[122.6656,0.81905]]]]},"properties":{"kph":"KPH Wil. VI Gorontalo"}},{"type":"Feature","geometry":{"type":"MultiPolygon","coordinates":[[[[121.33107,0.52278],[121.33136,0.52533],[121.33044,0.52784],[121.33108,0.53224],[121.32586,0.5334],[121.32622,0.53139],[121.32333,0.53373],[121.3212,0.53267],[121.32245,0.53765],[121.31812,0.54312],[121.32228,0.54929],[121.32161,0.56249],[121.32794,0.56792],[121.3267,0.5702],[121.32948,0.57533],[121.31611,0.57773],[121.3137,0.5755],[121.30958,0.57517],[121.30697,0.56867],[121.30254,0.56919],[121.29997,0.57576],[121.29585,0.58023],[121.27569,0.58266],[121.27071,0.58781],[121.2615,0.5904],[121.24973,0.60108],[121.24216,0.60039],[121.23774,0.60352],[121.22898,0.62245],[121.22879,0.62694],[121.22686,0.62875],[121.23155,0.63318],[121.23218,0.64157],[121.22872,0.64556],[121.22458,0.64342],[121.22333,0.6405],[121.2187,0.63852],[121.20374,0.64303],[121.19919,0.64062],[121.18691,0.65203],[121.17923,0.6548],[121.17409,0.66542],[121.16577,0.66906],[121.16123,0.67865],[121.16566,0.67939],[121.17451,0.68692],[121.17448,0.69375],[121.17955,0.70072],[121.18031,0.71273],[121.18761,0.7217],[121.18761,0.72545],[121.18467,0.73232],[121.18266,0.73353],[121.18424,0.73726],[121.18198,0.74511],[121.18502,0.74703],[121.18722,0.75905],[121.19074,0.76169],[121.19204,0.76749],[121.19713,0.76556],[121.20326,0.76758],[121.20791,0.7667],[121.21227,0.77255],[121.21529,0.77378],[121.21344,0.77606],[121.21464,0.7775],[121.21365,0.7794],[121.2181,0.78273],[121.21831,0.79116],[121.233,0.79682],[121.23712,0.80154],[121.24577,0.80153],[121.25144,0.8],[121.25123,0.79794],[121.25582,0.79929],[121.26924,0.79622],[121.28894,0.79902],[121.2933,0.79576],[121.29875,0.79589],[121.30905,0.79172],[121.31701,0.78505],[121.32519,0.7892],[121.32571,0.79234],[121.32893,0.79253],[121.33312,0.79572],[121.34417,0.79356],[121.35279,0.796],[121.35791,0.80194],[121.36306,0.80108],[121.36477,0.80291],[121.36441,0.80872],[121.36074,0.81476],[121.34994,0.82151],[121.35159,0.824],[121.35357,0.83735],[121.34723,0.84537],[121.34885,0.85232],[121.35468,0.8505],[121.35972,0.85481],[121.36804,0.84949],[121.37421,0.85385],[121.38005,0.85241],[121.38549,0.8549],[121.3904,0.85064],[121.39423,0.852],[121.39896,0.84959],[121.40231,0.84347],[121.41172,0.84541],[121.41675,0.84982],[121.42096,0.84443],[121.42567,0.8434],[121.43361,0.84414],[121.44001,0.84784],[121.45207,0.84679],[121.45485,0.84798],[121.46161,0.84702],[121.46257,0.84494],[121.46713,0.84829],[121.47151,0.84305],[121.47599,0.84209],[121.47732,0.83807],[121.48106,0.83757],[121.48248,0.83982],[121.49411,0.83931],[121.49963,0.84277],[121.50257,0.84752],[121.50614,0.84641],[121.53316,0.85326],[121.53562,0.86024],[121.53461,0.8683],[121.53658,0.87295],[121.53558,0.87447],[121.54203,0.87939],[121.54907,0.88103],[121.55193,0.87832],[121.55732,0.87821],[121.56304,0.87414],[121.56749,0.87466],[121.57384,0.87051],[121.57743,0.87191],[121.5839,0.87116],[121.58777,0.87339],[121.60345,0.87266],[121.61193,0.88352],[121.62188,0.88121],[121.63767,0.89268],[121.64515,0.89529],[121.64958,0.89486],[121.65567,0.89158],[121.65946,0.89259],[121.6671,0.89975],[121.67414,0.90359],[121.68125,0.90112],[121.68834,0.90344],[121.69212,0.90276],[121.69694,0.90639],[121.70172,0.9071],[121.70671,0.91555],[121.71206,0.91708],[121.71605,0.91644],[121.7175,0.91957],[121.73856,0.93052],[121.75942,0.93306],[121.7627,0.9322],[121.76764,0.93567],[121.77432,0.93573],[121.78059,0.93939],[121.78662,0.9396],[121.78882,0.93675],[121.78986,0.92976],[121.79291,0.92312],[121.79565,0.89848],[121.79236,0.89412],[121.78794,0.89336],[121.78663,0.87937],[121.78829,0.87418],[121.78215,0.86255],[121.78282,0.85679],[121.78517,0.85327],[121.79553,0.8487],[121.79974,0.84363],[121.80007,0.83821],[121.79883,0.83447],[121.78396,0.82783],[121.78142,0.82088],[121.78579,0.81679],[121.79048,0.80668],[121.79291,0.80518],[121.78262,0.80518],[121.76785,0.79991],[121.75635,0.79364],[121.75098,0.78407],[121.75169,0.77555],[121.74972,0.77563],[121.75034,0.77379],[121.74703,0.76699],[121.74351,0.76746],[121.75103,0.75868],[121.75289,0.75381],[121.75255,0.752],[121.74744,0.74862],[121.74701,0.73496],[121.74446,0.72697],[121.76128,0.71695],[121.76524,0.71279],[121.76469,0.70888],[121.76743,0.70388],[121.7615,0.69922],[121.76335,0.69303],[121.75826,0.68385],[121.75861,0.6802],[121.74439,0.67313],[121.74184,0.67011],[121.74349,0.66399],[121.75017,0.65568],[121.75218,0.65065],[121.75031,0.65179],[121.74896,0.64956],[121.74528,0.6487],[121.74336,0.6445],[121.73632,0.64603],[121.73886,0.64314],[121.73397,0.64215],[121.73975,0.63944],[121.74029,0.63402],[121.74156,0.63329],[121.74363,0.63356],[121.74409,0.637],[121.74625,0.63727],[121.74788,0.63143],[121.74451,0.63143],[121.74472,0.62527],[121.73985,0.62714],[121.73932,0.63022],[121.73347,0.62947],[121.72469,0.63344],[121.72259,0.63292],[121.72259,0.62992],[121.71869,0.62804],[121.71644,0.62872],[121.71697,0.62459],[121.7229,0.62744],[121.72477,0.62557],[121.7298,0.62527],[121.72905,0.62339],[121.73137,0.62181],[121.73115,0.61889],[121.72987,0.61777],[121.72304,0.61961],[121.71868,0.61647],[121.72012,0.61259],[121.71765,0.61194],[121.71863,0.60877],[121.72297,0.61064],[121.72597,0.60996],[121.72738,0.60739],[121.72424,0.60501],[121.72192,0.60576],[121.71995,0.60437],[121.71614,0.60742],[121.71562,0.60464],[121.71352,0.60381],[121.71404,0.60104],[121.70962,0.60284],[121.70827,0.60141],[121.70909,0.59976],[121.70744,0.59931],[121.70302,0.59849],[121.70069,0.60044],[121.69702,0.60059],[121.69266,0.59294],[121.69814,0.59331],[121.70084,0.59601],[121.70301,0.59516],[121.70361,0.59189],[121.70699,0.58909],[121.71367,0.58956],[121.71539,0.59091],[121.71389,0.59256],[121.71719,0.59361],[121.71689,0.59609],[121.72245,0.59541],[121.72087,0.59729],[121.72297,0.60119],[121.72657,0.60081],[121.73047,0.59691],[121.73002,0.59369],[121.73189,0.59399],[121.73564,0.59901],[121.73429,0.60246],[121.74039,0.60484],[121.73827,0.60721],[121.73932,0.61077],[121.73681,0.61733],[121.74073,0.6189],[121.74733,0.61578],[121.74851,0.61646],[121.75295,0.60932],[121.75449,0.60928],[121.7556,0.61174],[121.75373,0.61393],[121.75466,0.61768],[121.75984,0.61617],[121.75965,0.61244],[121.76318,0.61251],[121.7661,0.60869],[121.76925,0.60959],[121.76918,0.61162],[121.77209,0.61391],[121.77253,0.61236],[121.77848,0.61195],[121.7858,0.60813],[121.78835,0.61419],[121.78865,0.60985],[121.79231,0.60893],[121.79774,0.60369],[121.79502,0.60321],[121.79442,0.60449],[121.7909,0.59662],[121.78757,0.59528],[121.7886,0.59301],[121.78438,0.59241],[121.78598,0.59026],[121.79061,0.59329],[121.79214,0.58922],[121.80012,0.58467],[121.79949,0.58116],[121.79544,0.57915],[121.79503,0.57709],[121.79605,0.57431],[121.79872,0.57333],[121.80208,0.56534],[121.7993,0.56791],[121.79672,0.56681],[121.79118,0.56863],[121.79127,0.56534],[121.79432,0.5634],[121.79172,0.56352],[121.78648,0.56858],[121.78148,0.5677],[121.78012,0.56598],[121.77167,0.56362],[121.77017,0.55954],[121.76476,0.5562],[121.75774,0.55809],[121.75065,0.55731],[121.74964,0.56461],[121.74676,0.56554],[121.74437,0.56322],[121.73859,0.5645],[121.73718,0.56617],[121.73577,0.56512],[121.7369,0.56174],[121.73248,0.55705],[121.73113,0.54968],[121.72435,0.55025],[121.72493,0.55313],[121.72096,0.55414],[121.71991,0.55725],[121.72074,0.56168],[121.71686,0.56275],[121.71768,0.56499],[121.71396,0.56932],[121.71515,0.5722],[121.71411,0.57548],[121.7107,0.57599],[121.70831,0.57051],[121.7032,0.5743],[121.70288,0.57233],[121.69926,0.5702],[121.69398,0.57006],[121.67639,0.56191],[121.66805,0.56095],[121.66424,0.5659],[121.65342,0.5736],[121.63068,0.58536],[121.62454,0.58511],[121.62451,0.58862],[121.62276,0.58959],[121.62138,0.58484],[121.61945,0.5866],[121.61471,0.5857],[121.61271,0.58194],[121.60942,0.58439],[121.61,0.58697],[121.6081,0.5875],[121.601,0.58029],[121.60366,0.57465],[121.5996,0.5715],[121.60046,0.56948],[121.59706,0.56879],[121.59714,0.56622],[121.59108,0.56687],[121.59011,0.56279],[121.58788,0.56244],[121.5869,0.56757],[121.58152,0.5765],[121.58105,0.59475],[121.57678,0.60052],[121.57322,0.60135],[121.57137,0.59575],[121.5761,0.58341],[121.57615,0.57851],[121.57458,0.58663],[121.57059,0.59131],[121.57022,0.6027],[121.56817,0.60587],[121.56558,0.5994],[121.56379,0.59937],[121.56489,0.59674],[121.56318,0.59356],[121.56552,0.59056],[121.56465,0.58727],[121.56897,0.58291],[121.56856,0.57337],[121.56399,0.58047],[121.55603,0.58428],[121.55095,0.58426],[121.5482,0.58697],[121.54181,0.58395],[121.53852,0.58573],[121.53585,0.58116],[121.5381,0.57881],[121.54662,0.57577],[121.54461,0.57052],[121.54685,0.56931],[121.54699,0.5674],[121.53777,0.56887],[121.53537,0.56563],[121.53313,0.56742],[121.52862,0.56491],[121.52728,0.56167],[121.52418,0.56185],[121.52052,0.5579],[121.51585,0.54918],[121.51701,0.55727],[121.51139,0.56358],[121.50963,0.5707],[121.51252,0.57407],[121.51556,0.57307],[121.51755,0.57418],[121.51685,0.5767],[121.51283,0.57799],[121.51453,0.58098],[121.50915,0.5812],[121.50831,0.58439],[121.50514,0.58573],[121.5025,0.58258],[121.50029,0.58264],[121.49751,0.57858],[121.49254,0.57918],[121.49376,0.57565],[121.49286,0.56895],[121.48817,0.56725],[121.47673,0.56824],[121.47128,0.56465],[121.46772,0.55713],[121.46439,0.55857],[121.46381,0.5607],[121.46854,0.56894],[121.46581,0.58363],[121.46412,0.58415],[121.4638,0.5878],[121.46133,0.58713],[121.45557,0.58982],[121.45275,0.58815],[121.45765,0.58673],[121.45685,0.58454],[121.46003,0.58049],[121.45978,0.57756],[121.4565,0.57255],[121.45179,0.56937],[121.45042,0.56556],[121.44757,0.56486],[121.44626,0.56206],[121.44785,0.56064],[121.44603,0.55678],[121.44636,0.55316],[121.44382,0.54946],[121.43732,0.54807],[121.43613,0.54528],[121.43246,0.54328],[121.43505,0.53928],[121.42715,0.53718],[121.40935,0.53929],[121.40851,0.54175],[121.40564,0.53978],[121.40372,0.54136],[121.40286,0.53892],[121.39136,0.53766],[121.37706,0.53369],[121.34565,0.53353],[121.34257,0.52682],[121.33568,0.52654],[121.33107,0.52278]],[[121.62417,0.68569],[121.62634,0.67944],[121.62564,0.67555],[121.62988,0.67236],[121.63626,0.67378],[121.64086,0.68263],[121.6398,0.69007],[121.63484,0.6975],[121.62988,0.69963],[121.61183,0.6975],[121.60616,0.69821],[121.60474,0.706],[121.59625,0.71238],[121.59483,0.71769],[121.59589,0.72265],[121.60297,0.7315],[121.62705,0.73362],[121.63237,0.73752],[121.63519,0.75204],[121.6398,0.75416],[121.64759,0.75452],[121.65991,0.75095],[121.6637,0.76673],[121.6598,0.77308],[121.65875,0.7786],[121.6745,0.79276],[121.68087,0.79595],[121.68442,0.8009],[121.68512,0.80622],[121.67557,0.8303],[121.66813,0.83596],[121.65821,0.8395],[121.64511,0.83702],[121.6398,0.83136],[121.63343,0.81188],[121.62847,0.80763],[121.61572,0.81684],[121.6097,0.81684],[121.60687,0.81967],[121.59586,0.81989],[121.58911,0.81494],[121.58911,0.81265],[121.58704,0.81153],[121.58226,0.81241],[121.57482,0.81949],[121.55747,0.81595],[121.55531,0.82154],[121.55216,0.82374],[121.54614,0.82268],[121.53516,0.82622],[121.521,0.81914],[121.5026,0.8136],[121.49947,0.81626],[121.47838,0.80176],[121.45728,0.79517],[121.43356,0.79385],[121.41921,0.78798],[121.41795,0.78338],[121.40839,0.77027],[121.40344,0.75717],[121.40379,0.74088],[121.40875,0.73734],[121.41188,0.73734],[121.41903,0.74161],[121.42751,0.7377],[121.44221,0.73845],[121.44333,0.74324],[121.44591,0.7459],[121.44941,0.74611],[121.45348,0.75258],[121.46115,0.75525],[121.46931,0.74933],[121.47691,0.74965],[121.48554,0.75898],[121.48385,0.76203],[121.49109,0.76382],[121.49317,0.76167],[121.49711,0.76576],[121.50063,0.76232],[121.50055,0.75831],[121.50471,0.75185],[121.51368,0.74367],[121.5159,0.74346],[121.52228,0.75522],[121.52608,0.75644],[121.53039,0.75486],[121.53268,0.75938],[121.53749,0.75508],[121.53928,0.76003],[121.54357,0.76032],[121.54321,0.76396],[121.53928,0.76218],[121.53856,0.76368],[121.54143,0.771],[121.54358,0.76795],[121.5557,0.76284],[121.55889,0.75363],[121.55271,0.73528],[121.54702,0.73059],[121.54472,0.7083],[121.5426,0.70795],[121.53799,0.71503],[121.53162,0.71433],[121.52849,0.69522],[121.51765,0.69689],[121.51427,0.70264],[121.50506,0.71008],[121.50435,0.71362],[121.49762,0.71397],[121.49373,0.7168],[121.49373,0.72141],[121.49161,0.72424],[121.48169,0.7207],[121.47851,0.72282],[121.4778,0.72743],[121.45212,0.72654],[121.44965,0.72371],[121.44787,0.71663],[121.43973,0.71309],[121.43371,0.71663],[121.42592,0.71379],[121.4199,0.70955],[121.41176,0.70919],[121.40766,0.70721],[121.39932,0.70743],[121.38203,0.70229],[121.37422,0.7145],[121.38838,0.72442],[121.38591,0.72584],[121.36997,0.72442],[121.36537,0.72619],[121.3643,0.73327],[121.35687,0.74743],[121.34908,0.75098],[121.33704,0.7531],[121.32394,0.74885],[121.32303,0.7594],[121.31849,0.759],[121.31621,0.76147],[121.31111,0.759],[121.30326,0.76037],[121.29632,0.76939],[121.29259,0.77192],[121.27789,0.7737],[121.27629,0.77515],[121.26174,0.77591],[121.24391,0.78178],[121.24467,0.78018],[121.23896,0.77911],[121.23545,0.77477],[121.23225,0.77485],[121.23515,0.77279],[121.23492,0.77035],[121.22959,0.76997],[121.22921,0.76601],[121.22334,0.76327],[121.22304,0.76128],[121.22814,0.7555],[121.22524,0.7513],[121.23027,0.74765],[121.2302,0.7449],[121.22357,0.74841],[121.21999,0.74811],[121.22052,0.74521],[121.22555,0.74033],[121.22204,0.73835],[121.22182,0.73561],[121.21618,0.73431],[121.21481,0.72913],[121.21176,0.72594],[121.20597,0.72609],[121.20186,0.7203],[121.20247,0.7174],[121.1976,0.71762],[121.1976,0.70816],[121.21078,0.69498],[121.2266,0.68312],[121.23583,0.68312],[121.24901,0.6963],[121.25428,0.69366],[121.25604,0.66997],[121.2602,0.66563],[121.26409,0.66705],[121.27507,0.67661],[121.28109,0.67874],[121.28321,0.68334],[121.30375,0.69396],[121.30765,0.69255],[121.30942,0.68724],[121.30906,0.68157],[121.30578,0.67691],[121.3065,0.66895],[121.31703,0.66404],[121.32022,0.65696],[121.32872,0.66263],[121.33084,0.66227],[121.32907,0.64881],[121.33297,0.64881],[121.34819,0.65873],[121.36023,0.64953],[121.36979,0.64598],[121.38219,0.65023],[121.39883,0.63288],[121.40485,0.63359],[121.42079,0.6559],[121.42858,0.65873],[121.43459,0.65696],[121.44026,0.64846],[121.44557,0.64386],[121.45354,0.64333],[121.45779,0.64581],[121.46133,0.65147],[121.46841,0.65395],[121.47408,0.65431],[121.47972,0.65148],[121.48119,0.65755],[121.48621,0.66357],[121.49253,0.65889],[121.49639,0.66032],[121.51338,0.65926],[121.51799,0.67059],[121.51869,0.67803],[121.52153,0.68193],[121.52649,0.68193],[121.53463,0.67165],[121.54242,0.66988],[121.54667,0.66493],[121.55198,0.66387],[121.55269,0.67413],[121.55871,0.68122],[121.5619,0.6883],[121.56898,0.69184],[121.57606,0.69432],[121.5796,0.69396],[121.58173,0.68901],[121.5842,0.68794],[121.60474,0.68617],[121.60794,0.6842],[121.62417,0.68569]]],[[[121.33339,0.52094],[121.33314,0.52169],[121.33316,0.52168],[121.33339,0.52094]]],[[[121.47133,0.48317],[121.47557,0.48355],[121.46094,0.47345],[121.45476,0.47282],[121.44774,0.46577],[121.44238,0.46623],[121.44121,0.47516],[121.43984,0.47518],[121.43878,0.47807],[121.43781,0.47702],[121.43321,0.48012],[121.43437,0.48417],[121.43897,0.48486],[121.43794,0.48253],[121.44244,0.47943],[121.44098,0.47653],[121.44354,0.47271],[121.44529,0.47251],[121.44879,0.47555],[121.45109,0.47114],[121.45674,0.47507],[121.45681,0.48064],[121.4601,0.47979],[121.46256,0.48315],[121.46408,0.48088],[121.46357,0.48476],[121.46865,0.48368],[121.46916,0.48649],[121.47133,0.48317]]],[[[121.39279,0.49213],[121.3978,0.49341],[121.39947,0.49572],[121.40188,0.49412],[121.39629,0.48766],[121.39749,0.48595],[121.39798,0.48839],[121.40411,0.48847],[121.4114,0.48754],[121.41191,0.48587],[121.41243,0.48628],[121.41744,0.48676],[121.42332,0.4858],[121.42591,0.48668],[121.42614,0.48944],[121.42438,0.48998],[121.42764,0.49354],[121.43264,0.49446],[121.43135,0.49007],[121.42733,0.48916],[121.42732,0.48497],[121.42488,0.48254],[121.41278,0.48621],[121.41219,0.48511],[121.41053,0.4854],[121.40957,0.48425],[121.41236,0.48092],[121.41221,0.47721],[121.41091,0.47483],[121.40919,0.47508],[121.4102,0.47427],[121.40913,0.47208],[121.40681,0.47202],[121.40815,0.47545],[121.40688,0.47492],[121.40402,0.47835],[121.40539,0.48492],[121.4094,0.48633],[121.40879,0.48757],[121.40048,0.48492],[121.39831,0.47861],[121.39533,0.47718],[121.39142,0.47711],[121.39107,0.48088],[121.38937,0.48187],[121.38421,0.47787],[121.3709,0.47628],[121.36092,0.47094],[121.35457,0.47349],[121.36098,0.47158],[121.3633,0.47546],[121.374,0.4779],[121.37415,0.47937],[121.38221,0.47925],[121.38782,0.4823],[121.38925,0.48364],[121.38781,0.48359],[121.38735,0.48537],[121.38974,0.48686],[121.38989,0.48961],[121.38594,0.49124],[121.38265,0.48974],[121.37951,0.48974],[121.38341,0.4912],[121.38218,0.4944],[121.38322,0.49485],[121.3813,0.49654],[121.383,0.4978],[121.38649,0.49625],[121.38683,0.494],[121.39279,0.49213]]],[[[121.51122,0.48337],[121.50982,0.48441],[121.51124,0.4863],[121.51278,0.48625],[121.51303,0.48451],[121.51122,0.48337]]],[[[121.5243,0.48779],[121.52596,0.48306],[121.52417,0.48045],[121.52047,0.48103],[121.5143,0.48659],[121.51507,0.4896],[121.51998,0.49016],[121.5243,0.48779]]],[[[121.44235,0.49989],[121.44674,0.50257],[121.44265,0.4944],[121.44071,0.4934],[121.43869,0.48494],[121.43651,0.49216],[121.44253,0.49765],[121.43917,0.50092],[121.43783,0.49849],[121.43452,0.4973],[121.43351,0.50058],[121.43539,0.5002],[121.43956,0.50304],[121.44005,0.50177],[121.44069,0.50362],[121.44367,0.50449],[121.44134,0.50067],[121.44235,0.49989]]],[[[121.52304,0.52047],[121.52351,0.51891],[121.52055,0.5198],[121.52054,0.52143],[121.52304,0.52047]]],[[[121.52487,0.53126],[121.52141,0.53373],[121.52333,0.53669],[121.52674,0.53589],[121.52487,0.53126]]],[[[121.52506,0.5368],[121.52325,0.53692],[121.52382,0.53798],[121.52541,0.53841],[121.52506,0.5368]]],[[[121.5256,0.54129],[121.52752,0.54079],[121.52406,0.54014],[121.5231,0.54206],[121.5256,0.54129]]],[[[121.52545,0.54333],[121.52479,0.5432],[121.52453,0.54443],[121.52545,0.54333]]],[[[121.52586,0.54498],[121.52563,0.5445],[121.52497,0.5445],[121.52586,0.54498]]],[[[121.7347,0.52416],[121.73392,0.52168],[121.74357,0.51713],[121.74278,0.51587],[121.74626,0.51299],[121.75251,0.51152],[121.75306,0.51353],[121.75116,0.5169],[121.75225,0.51908],[121.75897,0.52051],[121.76229,0.51344],[121.76129,0.51136],[121.76435,0.50797],[121.75973,0.50784],[121.75858,0.50509],[121.75136,0.50208],[121.74854,0.49771],[121.73689,0.5047],[121.72904,0.50171],[121.72492,0.50277],[121.71909,0.50591],[121.71443,0.51271],[121.71465,0.51454],[121.72206,0.52079],[121.71781,0.52399],[121.71181,0.52359],[121.71098,0.52181],[121.71262,0.51939],[121.71121,0.51849],[121.7092,0.52062],[121.70774,0.51809],[121.70456,0.51896],[121.7021,0.52226],[121.69819,0.52026],[121.69469,0.52021],[121.68914,0.51348],[121.68557,0.51384],[121.68948,0.51466],[121.69382,0.51993],[121.69571,0.52091],[121.69771,0.52057],[121.704,0.5257],[121.70487,0.53048],[121.71209,0.52874],[121.71537,0.5305],[121.71807,0.52642],[121.72705,0.52909],[121.73055,0.53195],[121.73304,0.53096],[121.7347,0.52416]]],[[[121.53638,0.55138],[121.53904,0.55296],[121.53819,0.55434],[121.53953,0.55535],[121.53968,0.5542],[121.5435,0.55568],[121.54807,0.5544],[121.54677,0.55382],[121.54793,0.5514],[121.54637,0.54983],[121.5475,0.54736],[121.54499,0.54511],[121.54911,0.54237],[121.55214,0.54491],[121.5556,0.54392],[121.55669,0.54541],[121.5523,0.54869],[121.55178,0.55362],[121.55341,0.55313],[121.5531,0.54941],[121.5577,0.54843],[121.55853,0.54454],[121.56633,0.54162],[121.56321,0.54002],[121.56012,0.54172],[121.55753,0.53916],[121.56079,0.5369],[121.56309,0.5387],[121.56657,0.53846],[121.56835,0.53603],[121.57078,0.53661],[121.57045,0.53278],[121.56801,0.53553],[121.56219,0.53496],[121.55763,0.53808],[121.55518,0.5374],[121.55225,0.5432],[121.54913,0.54133],[121.54374,0.5451],[121.54046,0.54386],[121.5337,0.54648],[121.53265,0.54923],[121.536,0.55402],[121.5326,0.55538],[121.5298,0.54899],[121.52424,0.55018],[121.52427,0.54525],[121.52018,0.54223],[121.52131,0.5397],[121.52024,0.53592],[121.52164,0.53276],[121.51656,0.53371],[121.51237,0.52882],[121.51283,0.525],[121.5157,0.52178],[121.51747,0.52222],[121.51881,0.51891],[121.5177,0.51474],[121.51491,0.51273],[121.51953,0.5038],[121.51868,0.49569],[121.51295,0.49383],[121.51062,0.49187],[121.51034,0.48889],[121.50715,0.48674],[121.50204,0.48852],[121.49915,0.48333],[121.49394,0.47881],[121.48446,0.4836],[121.48428,0.48558],[121.48745,0.4871],[121.48781,0.48504],[121.49115,0.48421],[121.48977,0.48822],[121.49179,0.48581],[121.49577,0.48641],[121.49518,0.49396],[121.49791,0.4958],[121.50139,0.49409],[121.50299,0.49567],[121.50471,0.49396],[121.50563,0.49576],[121.5043,0.49733],[121.50783,0.49979],[121.50861,0.49683],[121.51322,0.50266],[121.51482,0.50614],[121.51422,0.50965],[121.50944,0.51486],[121.51149,0.51685],[121.5128,0.51553],[121.51575,0.51729],[121.50937,0.52313],[121.50763,0.52814],[121.51578,0.53474],[121.51543,0.53601],[121.51894,0.53692],[121.51853,0.54345],[121.52157,0.54706],[121.52028,0.54909],[121.52412,0.55186],[121.52385,0.55405],[121.5255,0.5524],[121.52806,0.55264],[121.52888,0.55599],[121.5319,0.55792],[121.53679,0.55521],[121.53638,0.55138]]],[[[121.6678,0.52993],[121.66605,0.52739],[121.66711,0.52325],[121.66749,0.52673],[121.67036,0.52542],[121.67192,0.52245],[121.67857,0.52275],[121.68411,0.52029],[121.68574,0.52092],[121.68608,0.51831],[121.68388,0.515],[121.68474,0.51361],[121.68298,0.51441],[121.68386,0.51928],[121.6795,0.52091],[121.67347,0.51965],[121.66675,0.52312],[121.66545,0.52591],[121.6661,0.52935],[121.6602,0.53174],[121.65986,0.5351],[121.6678,0.52993]]],[[[121.64426,0.52384],[121.64522,0.52651],[121.64682,0.52562],[121.64612,0.52358],[121.64426,0.52384]]],[[[121.57288,0.53262],[121.57198,0.53285],[121.57292,0.53484],[121.57519,0.53502],[121.57288,0.53262]]],[[[121.58328,0.53627],[121.58327,0.53626],[121.58326,0.53628],[121.58328,0.53627]]],[[[121.58199,0.53591],[121.58117,0.53769],[121.58061,0.53575],[121.57566,0.53498],[121.57607,0.53879],[121.57884,0.53988],[121.58322,0.53635],[121.58199,0.53591]]],[[[121.5373,0.53784],[121.53575,0.53789],[121.53634,0.53885],[121.5373,0.53784]]],[[[121.62409,0.54682],[121.62195,0.54569],[121.62361,0.54227],[121.62556,0.54224],[121.62464,0.54501],[121.63069,0.54458],[121.63032,0.54953],[121.63374,0.54709],[121.63461,0.54486],[121.63334,0.54386],[121.63599,0.54047],[121.63556,0.53847],[121.63318,0.5377],[121.63112,0.54103],[121.62813,0.53874],[121.63135,0.53545],[121.63536,0.53536],[121.63928,0.53231],[121.64022,0.52813],[121.64238,0.52977],[121.64208,0.52503],[121.63685,0.52481],[121.63224,0.53302],[121.62366,0.53556],[121.62537,0.52398],[121.62152,0.52226],[121.61773,0.52331],[121.61919,0.52811],[121.6181,0.53758],[121.61961,0.53928],[121.6192,0.54785],[121.61347,0.54726],[121.609,0.5422],[121.60991,0.5398],[121.60798,0.53824],[121.60544,0.53873],[121.60771,0.54228],[121.60823,0.54929],[121.60684,0.54988],[121.61025,0.55036],[121.61602,0.55583],[121.62016,0.55572],[121.62409,0.54682]]],[[[121.60531,0.54622],[121.60349,0.54875],[121.60168,0.54719],[121.60287,0.53779],[121.6074,0.5342],[121.60205,0.52713],[121.59745,0.52964],[121.59807,0.53897],[121.59513,0.53903],[121.59256,0.5368],[121.59336,0.53292],[121.59184,0.53109],[121.59025,0.53164],[121.58839,0.53649],[121.58422,0.53601],[121.58178,0.53845],[121.58684,0.53957],[121.58695,0.53711],[121.58965,0.53602],[121.59228,0.53747],[121.59294,0.54531],[121.60053,0.54747],[121.60277,0.55269],[121.60491,0.55105],[121.60486,0.5485],[121.60657,0.54906],[121.60531,0.54622]]],[[[121.59471,0.55036],[121.59808,0.55149],[121.59654,0.54806],[121.59334,0.54777],[121.59471,0.55036]]],[[[121.59604,0.55426],[121.59476,0.55403],[121.5911,0.55783],[121.59503,0.55876],[121.59604,0.55426]]],[[[121.78922,0.59497],[121.79076,0.59613],[121.79063,0.59339],[121.78922,0.59497]]],[[[121.58323,0.73955],[121.5784,0.73899],[121.57956,0.73773],[121.57612,0.73271],[121.574,0.7329],[121.57165,0.73462],[121.56937,0.73151],[121.56575,0.72982],[121.56605,0.72737],[121.5594,0.72371],[121.55924,0.71479],[121.5561,0.7076],[121.55673,0.70451],[121.55636,0.70346],[121.55219,0.70053],[121.55244,0.69543],[121.54552,0.68706],[121.52904,0.6867],[121.52509,0.68784],[121.51591,0.69245],[121.50941,0.6971],[121.50674,0.69653],[121.50373,0.69951],[121.50064,0.69921],[121.50151,0.70038],[121.50463,0.69958],[121.50673,0.69691],[121.50952,0.69753],[121.51764,0.69196],[121.52915,0.68707],[121.54544,0.68743],[121.55216,0.69565],[121.55183,0.70074],[121.55608,0.70372],[121.55574,0.70768],[121.55878,0.71404],[121.55913,0.72396],[121.56579,0.72785],[121.56547,0.73006],[121.57166,0.73497],[121.57578,0.73319],[121.57916,0.73773],[121.57799,0.73923],[121.58296,0.73992],[121.58414,0.74249],[121.58534,0.7428],[121.58943,0.7421],[121.59259,0.74773],[121.58965,0.74169],[121.58442,0.74143],[121.58323,0.73955]]]]},"properties":{"kph":"KPH Wil. I dan Wil. II Gorontalo Barat"}},{"type":"Feature","geometry":{"type":"MultiPolygon","coordinates":[[[[119.51263,-1.45078],[119.51099,-1.45144],[119.5099,-1.45129],[119.51174,-1.45112],[119.5144,-1.44644],[119.51662,-1.44563],[119.51263,-1.45078]]],[[[119.52103,-1.44473],[119.52042,-1.44536],[119.5195,-1.44605],[119.52103,-1.44473]]],[[[119.50808,-1.44483],[119.51052,-1.44267],[119.50801,-1.4458],[119.50808,-1.44483]]],[[[119.55029,-1.40154],[119.55152,-1.40265],[119.55034,-1.40208],[119.55067,-1.40491],[119.55239,-1.40473],[119.55204,-1.40333],[119.55353,-1.40452],[119.55401,-1.40559],[119.55318,-1.40452],[119.55186,-1.40565],[119.54968,-1.40526],[119.54824,-1.40786],[119.55029,-1.40737],[119.55107,-1.40869],[119.54596,-1.41117],[119.54348,-1.40949],[119.54547,-1.40805],[119.54625,-1.40955],[119.54712,-1.40812],[119.5449,-1.40651],[119.54571,-1.40181],[119.54711,-1.40081],[119.55029,-1.40154]]],[[[119.49791,-1.39252],[119.50216,-1.39295],[119.50423,-1.39379],[119.50316,-1.39786],[119.5018,-1.39346],[119.49791,-1.39252]]],[[[119.53569,-1.17822],[119.53877,-1.18045],[119.53355,-1.18494],[119.53569,-1.17822]]],[[[119.60084,-1.17507],[119.6009,-1.17497],[119.60084,-1.17543],[119.60084,-1.17507]]],[[[119.59294,-0.9755],[119.59269,-0.97573],[119.59304,-0.97519],[119.59294,-0.9755]]],[[[119.55493,-0.94655],[119.55518,-0.94622],[119.55472,-0.94747],[119.55493,-0.94655]]],[[[119.55329,-0.93921],[119.55551,-0.9443],[119.55193,-0.94253],[119.55329,-0.93921]]],[[[119.55412,-0.93094],[119.5548,-0.9297],[119.55343,-0.93637],[119.55412,-0.93094]]],[[[119.55868,-0.92637],[119.55638,-0.9268],[119.55805,-0.92586],[119.55868,-0.92637]]],[[[119.56035,-0.90815],[119.56198,-0.90792],[119.56315,-0.91051],[119.56162,-0.91226],[119.56035,-0.90815]]],[[[119.56021,-0.9079],[119.56007,-0.90763],[119.56019,-0.90781],[119.56021,-0.9079]]],[[[119.55962,-0.90688],[119.55934,-0.90632],[119.55945,-0.90629],[119.55962,-0.90688]]],[[[119.61611,-0.83681],[119.61759,-0.83914],[119.61259,-0.84075],[119.61168,-0.83851],[119.61611,-0.83681]]],[[[119.76396,-1.0315],[119.77123,-1.03333],[119.77725,-1.04269],[119.78137,-1.05608],[119.78202,-1.06619],[119.78823,-1.0763],[119.79264,-1.07762],[119.79516,-1.0845],[119.80067,-1.08751],[119.79971,-1.09451],[119.79603,-1.10219],[119.79754,-1.11009],[119.79433,-1.11752],[119.79413,-1.13047],[119.80189,-1.1338],[119.80414,-1.13927],[119.79143,-1.15192],[119.78994,-1.16005],[119.78773,-1.16336],[119.78924,-1.17219],[119.78475,-1.17429],[119.78594,-1.18519],[119.77787,-1.19069],[119.77511,-1.19533],[119.78652,-1.21443],[119.78721,-1.22093],[119.79142,-1.22691],[119.79649,-1.23022],[119.80061,-1.23899],[119.80894,-1.25],[119.81073,-1.24992],[119.81258,-1.25353],[119.81544,-1.25429],[119.8141,-1.25735],[119.81693,-1.2634],[119.81884,-1.26408],[119.82145,-1.2746],[119.83088,-1.28392],[119.8303,-1.29256],[119.82179,-1.30368],[119.82786,-1.31874],[119.82739,-1.33184],[119.82567,-1.33524],[119.82821,-1.3365],[119.83346,-1.34475],[119.8335,-1.35644],[119.8382,-1.36367],[119.83578,-1.36498],[119.83479,-1.36725],[119.83652,-1.36796],[119.83596,-1.36963],[119.83406,-1.36951],[119.83319,-1.37156],[119.83307,-1.38667],[119.81608,-1.3963],[119.79961,-1.40233],[119.79581,-1.40025],[119.78959,-1.40072],[119.77844,-1.3968],[119.77319,-1.40074],[119.76286,-1.40228],[119.7611,-1.40331],[119.75942,-1.40968],[119.75533,-1.41222],[119.75301,-1.41621],[119.73267,-1.42423],[119.72069,-1.4239],[119.71747,-1.41995],[119.70918,-1.41641],[119.70241,-1.4261],[119.68921,-1.43236],[119.68728,-1.43746],[119.68334,-1.44119],[119.68074,-1.43963],[119.68013,-1.44265],[119.67616,-1.44207],[119.67305,-1.44349],[119.66919,-1.44046],[119.67193,-1.43665],[119.67142,-1.43488],[119.66571,-1.43376],[119.67185,-1.43285],[119.67273,-1.43141],[119.6651,-1.42694],[119.66333,-1.4219],[119.65857,-1.42393],[119.65468,-1.42226],[119.65459,-1.42026],[119.65182,-1.41875],[119.65204,-1.41637],[119.64588,-1.41259],[119.64575,-1.40994],[119.64344,-1.40885],[119.64389,-1.4061],[119.64174,-1.40377],[119.63147,-1.3999],[119.63217,-1.40478],[119.62957,-1.40602],[119.62421,-1.39756],[119.62154,-1.39633],[119.61885,-1.40086],[119.61485,-1.39889],[119.61483,-1.40362],[119.61053,-1.40559],[119.60229,-1.40302],[119.60137,-1.39748],[119.5967,-1.39929],[119.59161,-1.39592],[119.59133,-1.39988],[119.58879,-1.40288],[119.59064,-1.40521],[119.58996,-1.40994],[119.58203,-1.40933],[119.5847,-1.42147],[119.58354,-1.42536],[119.57253,-1.41954],[119.56777,-1.42186],[119.56797,-1.42807],[119.56181,-1.4302],[119.55517,-1.42839],[119.54635,-1.43652],[119.54511,-1.43478],[119.54937,-1.42537],[119.54496,-1.42245],[119.53944,-1.42165],[119.53828,-1.42305],[119.54148,-1.42745],[119.54105,-1.43146],[119.53923,-1.43188],[119.53377,-1.4278],[119.5296,-1.43745],[119.52174,-1.44392],[119.52919,-1.43668],[119.5334,-1.42677],[119.53423,-1.41988],[119.53638,-1.4163],[119.53889,-1.41587],[119.5373,-1.41516],[119.53316,-1.41824],[119.53154,-1.4123],[119.5337,-1.4093],[119.53706,-1.40959],[119.54,-1.41335],[119.5417,-1.41054],[119.54313,-1.41063],[119.54414,-1.41213],[119.54185,-1.41465],[119.54444,-1.41535],[119.54528,-1.41404],[119.54677,-1.41531],[119.55133,-1.40933],[119.55278,-1.41026],[119.55452,-1.40752],[119.55765,-1.40747],[119.55743,-1.4061],[119.55938,-1.40578],[119.55799,-1.40455],[119.55918,-1.40212],[119.55526,-1.39838],[119.55666,-1.39747],[119.55561,-1.39477],[119.55679,-1.39223],[119.56265,-1.38936],[119.56273,-1.38442],[119.56847,-1.38633],[119.56955,-1.38446],[119.57197,-1.38971],[119.57368,-1.38795],[119.5737,-1.38461],[119.57065,-1.38375],[119.57249,-1.38084],[119.56894,-1.3789],[119.57685,-1.37888],[119.57675,-1.3562],[119.583,-1.35761],[119.58615,-1.35396],[119.58557,-1.35137],[119.58766,-1.34843],[119.58605,-1.34136],[119.58163,-1.34032],[119.57942,-1.33696],[119.58129,-1.33709],[119.58254,-1.3342],[119.57689,-1.33614],[119.58195,-1.33006],[119.58194,-1.32601],[119.58518,-1.32565],[119.58943,-1.32164],[119.58901,-1.3203],[119.58664,-1.32156],[119.58091,-1.31804],[119.57977,-1.31496],[119.58714,-1.3148],[119.58596,-1.3123],[119.58782,-1.31227],[119.58934,-1.30967],[119.57878,-1.31057],[119.57372,-1.3048],[119.57558,-1.30262],[119.58424,-1.30202],[119.58517,-1.29628],[119.58866,-1.29555],[119.58464,-1.29096],[119.58373,-1.28686],[119.57994,-1.28982],[119.57583,-1.28913],[119.57424,-1.28652],[119.57675,-1.28377],[119.57672,-1.28052],[119.57256,-1.27966],[119.56511,-1.27363],[119.57216,-1.27119],[119.57562,-1.26743],[119.5727,-1.26343],[119.57238,-1.25572],[119.5704,-1.25303],[119.57591,-1.25933],[119.57805,-1.25839],[119.58244,-1.25391],[119.58676,-1.24504],[119.58714,-1.24293],[119.58291,-1.24049],[119.58433,-1.23991],[119.58472,-1.2395],[119.58402,-1.23817],[119.58219,-1.23704],[119.58331,-1.23303],[119.58133,-1.22961],[119.58295,-1.22717],[119.58346,-1.2255],[119.58346,-1.22502],[119.5832,-1.22496],[119.58277,-1.22559],[119.58245,-1.22548],[119.58108,-1.22226],[119.5783,-1.21973],[119.57751,-1.2159],[119.57697,-1.21515],[119.57875,-1.21319],[119.57997,-1.21318],[119.58165,-1.2124],[119.58196,-1.21207],[119.57871,-1.21311],[119.57687,-1.21517],[119.57823,-1.21978],[119.58239,-1.22555],[119.58279,-1.22568],[119.58338,-1.22507],[119.58287,-1.22714],[119.58143,-1.2292],[119.5812,-1.23002],[119.58321,-1.23306],[119.58209,-1.23705],[119.58429,-1.23983],[119.58179,-1.23951],[119.5821,-1.2372],[119.55936,-1.23564],[119.54459,-1.23194],[119.53759,-1.23234],[119.53455,-1.22421],[119.53658,-1.22139],[119.53598,-1.21608],[119.53992,-1.21253],[119.53985,-1.21074],[119.53785,-1.20969],[119.5388,-1.20816],[119.53538,-1.20752],[119.5329,-1.205],[119.53539,-1.20176],[119.53478,-1.19759],[119.53079,-1.19719],[119.52936,-1.19337],[119.52515,-1.19148],[119.52855,-1.18594],[119.5333,-1.18545],[119.53304,-1.18881],[119.53434,-1.18988],[119.54143,-1.18625],[119.54325,-1.18671],[119.54551,-1.19108],[119.54336,-1.19794],[119.54608,-1.20809],[119.55067,-1.21756],[119.55226,-1.21773],[119.55357,-1.21194],[119.54733,-1.19867],[119.55025,-1.19415],[119.55,-1.18948],[119.54427,-1.1807],[119.54507,-1.17622],[119.54814,-1.1755],[119.55428,-1.17733],[119.55638,-1.17624],[119.56393,-1.18352],[119.56756,-1.18111],[119.57303,-1.1818],[119.57684,-1.17813],[119.59108,-1.18559],[119.59214,-1.18343],[119.58524,-1.17055],[119.58476,-1.16444],[119.58137,-1.16193],[119.58366,-1.15533],[119.58205,-1.14985],[119.58283,-1.14245],[119.58985,-1.1358],[119.59037,-1.13049],[119.59326,-1.125],[119.5902,-1.11146],[119.59129,-1.10224],[119.58779,-1.09906],[119.58993,-1.0896],[119.58837,-1.0859],[119.57566,-1.08585],[119.57392,-1.08433],[119.57265,-1.07788],[119.57971,-1.07681],[119.58134,-1.07206],[119.58346,-1.07119],[119.57831,-1.06735],[119.5804,-1.05579],[119.57414,-1.05311],[119.57224,-1.04978],[119.57378,-1.047],[119.57897,-1.04514],[119.57784,-1.04196],[119.57414,-1.0396],[119.57484,-1.03405],[119.57745,-1.03287],[119.57836,-1.03022],[119.57568,-1.02806],[119.57622,-1.02302],[119.5741,-1.01681],[119.57104,-1.01815],[119.56806,-1.01497],[119.56424,-1.01692],[119.5602,-1.01459],[119.55729,-1.01017],[119.55906,-0.99853],[119.55834,-0.99031],[119.561,-0.97869],[119.55586,-0.96973],[119.55415,-0.96014],[119.55548,-0.95736],[119.55497,-0.95653],[119.55403,-0.94911],[119.55463,-0.94781],[119.55439,-0.95145],[119.55731,-0.9574],[119.55548,-0.96023],[119.55612,-0.96315],[119.56005,-0.96643],[119.56126,-0.95882],[119.56451,-0.96104],[119.56578,-0.95576],[119.56805,-0.95703],[119.56647,-0.96496],[119.56742,-0.9669],[119.57141,-0.96767],[119.57348,-0.96468],[119.57814,-0.96727],[119.57788,-0.96999],[119.58024,-0.97118],[119.58028,-0.9837],[119.58168,-0.98596],[119.58303,-0.98623],[119.58347,-0.98392],[119.5883,-0.98182],[119.59117,-0.97821],[119.59101,-0.97893],[119.59177,-0.97987],[119.59128,-0.98069],[119.59095,-0.98213],[119.5912,-0.98282],[119.5921,-0.98321],[119.59111,-0.98385],[119.59056,-0.98463],[119.58976,-0.98686],[119.58989,-0.98715],[119.5916,-0.98678],[119.59237,-0.98748],[119.59268,-0.9875],[119.59251,-0.99026],[119.59339,-0.99064],[119.59094,-0.99085],[119.59091,-0.99121],[119.59157,-0.99217],[119.59164,-0.99288],[119.58914,-0.99483],[119.58897,-0.99568],[119.58911,-0.99616],[119.58741,-0.99679],[119.5871,-0.99715],[119.58719,-0.99755],[119.59366,-1.00477],[119.59486,-1.00524],[119.59587,-1.00494],[119.59632,-1.00451],[119.59621,-1.00492],[119.59634,-1.00537],[119.59808,-1.006],[119.59798,-1.00623],[119.5986,-1.00758],[119.60388,-1.00817],[119.60582,-1.00722],[119.61256,-1.0111],[119.61355,-1.01358],[119.61325,-1.01474],[119.61309,-1.01813],[119.6126,-1.01856],[119.61269,-1.01916],[119.61215,-1.02008],[119.61224,-1.02047],[119.6125,-1.02068],[119.6134,-1.0208],[119.61445,-1.02062],[119.61536,-1.0213],[119.61767,-1.02034],[119.6184,-1.02118],[119.61867,-1.02369],[119.61889,-1.02461],[119.61727,-1.02731],[119.61714,-1.02975],[119.61742,-1.03005],[119.61971,-1.0304],[119.62011,-1.03215],[119.62524,-1.03205],[119.6294,-1.03445],[119.63036,-1.03436],[119.6307,-1.03417],[119.63124,-1.03607],[119.63056,-1.03733],[119.63079,-1.03774],[119.62706,-1.03852],[119.62552,-1.03928],[119.62401,-1.0426],[119.62394,-1.04375],[119.6206,-1.04666],[119.61783,-1.04654],[119.61619,-1.04664],[119.6154,-1.04706],[119.61393,-1.04935],[119.60913,-1.05074],[119.60874,-1.05137],[119.6077,-1.05414],[119.60448,-1.05699],[119.60374,-1.0582],[119.60367,-1.06048],[119.60404,-1.06176],[119.60318,-1.06329],[119.6019,-1.06661],[119.60062,-1.0689],[119.59678,-1.0725],[119.59653,-1.07408],[119.59884,-1.07613],[119.60083,-1.07764],[119.60246,-1.07839],[119.60085,-1.07967],[119.60063,-1.08042],[119.60941,-1.08555],[119.60825,-1.08915],[119.60803,-1.09375],[119.60983,-1.09914],[119.61297,-1.10078],[119.61658,-1.10168],[119.61792,-1.10184],[119.62,-1.10429],[119.61976,-1.10604],[119.6198,-1.10704],[119.62056,-1.1096],[119.61903,-1.11367],[119.61827,-1.11674],[119.61542,-1.1198],[119.61444,-1.12],[119.61293,-1.11836],[119.61258,-1.11828],[119.61224,-1.11847],[119.612,-1.11992],[119.61221,-1.12115],[119.61022,-1.12332],[119.60961,-1.12534],[119.60968,-1.12569],[119.61231,-1.12118],[119.61232,-1.11853],[119.61443,-1.12009],[119.61544,-1.11989],[119.61834,-1.11679],[119.62065,-1.10958],[119.62008,-1.10427],[119.61879,-1.10225],[119.61795,-1.10175],[119.61302,-1.1007],[119.6099,-1.09908],[119.60812,-1.09373],[119.60949,-1.0855],[119.60071,-1.08037],[119.60256,-1.07836],[119.59662,-1.07403],[119.59687,-1.07254],[119.6007,-1.06896],[119.60198,-1.06664],[119.60413,-1.06179],[119.60442,-1.05724],[119.60777,-1.0542],[119.60919,-1.05081],[119.61398,-1.04943],[119.61621,-1.04673],[119.62064,-1.04675],[119.62403,-1.04379],[119.62558,-1.03935],[119.63083,-1.03782],[119.62984,-1.03896],[119.63364,-1.0402],[119.63665,-1.03887],[119.63996,-1.03662],[119.64422,-1.03883],[119.64725,-1.0364],[119.6472,-1.03937],[119.64424,-1.04175],[119.64557,-1.04657],[119.64428,-1.05014],[119.64705,-1.0499],[119.64888,-1.04484],[119.6475,-1.04057],[119.65046,-1.04255],[119.65208,-1.04677],[119.65558,-1.04534],[119.6549,-1.04355],[119.65692,-1.04271],[119.66131,-1.04619],[119.65342,-1.04708],[119.64823,-1.05065],[119.65065,-1.05363],[119.65933,-1.05239],[119.66189,-1.05662],[119.65473,-1.05979],[119.65858,-1.06193],[119.65704,-1.06615],[119.65818,-1.06863],[119.65665,-1.06933],[119.6597,-1.07196],[119.65911,-1.07295],[119.65531,-1.0734],[119.65457,-1.07642],[119.65047,-1.07319],[119.65047,-1.07895],[119.65343,-1.0795],[119.65632,-1.09982],[119.65464,-1.1015],[119.65104,-1.10006],[119.64778,-1.10134],[119.64269,-1.10948],[119.63889,-1.10744],[119.63716,-1.11131],[119.6305,-1.11016],[119.62912,-1.11255],[119.63139,-1.11617],[119.6303,-1.11816],[119.62926,-1.1185],[119.6272,-1.11185],[119.62142,-1.11264],[119.61881,-1.11551],[119.62452,-1.11736],[119.62763,-1.12084],[119.62649,-1.12332],[119.63157,-1.12432],[119.63512,-1.12735],[119.6294,-1.12948],[119.62896,-1.12566],[119.6255,-1.12903],[119.62234,-1.12858],[119.61809,-1.13527],[119.61947,-1.13686],[119.62964,-1.13733],[119.62543,-1.14238],[119.61897,-1.14337],[119.62059,-1.14655],[119.6195,-1.15052],[119.62148,-1.15171],[119.62034,-1.15256],[119.62112,-1.16224],[119.62359,-1.16026],[119.62567,-1.15212],[119.62459,-1.15013],[119.62982,-1.14775],[119.62889,-1.14413],[119.63071,-1.14045],[119.63358,-1.13981],[119.63263,-1.14532],[119.63727,-1.14607],[119.64087,-1.14464],[119.64236,-1.14111],[119.6463,-1.14077],[119.64744,-1.13774],[119.64991,-1.13695],[119.65317,-1.1373],[119.65321,-1.14058],[119.6571,-1.14525],[119.66061,-1.1458],[119.66257,-1.15444],[119.66602,-1.15271],[119.66662,-1.15052],[119.66997,-1.15167],[119.67141,-1.14944],[119.67328,-1.15058],[119.67387,-1.1491],[119.68033,-1.15024],[119.68216,-1.15328],[119.68532,-1.15263],[119.68684,-1.15626],[119.69183,-1.15468],[119.69415,-1.14877],[119.69164,-1.14306],[119.69667,-1.14143],[119.69841,-1.13517],[119.69634,-1.13303],[119.69654,-1.1299],[119.69013,-1.12786],[119.6885,-1.12915],[119.68698,-1.12557],[119.68431,-1.12562],[119.68273,-1.12755],[119.68559,-1.13143],[119.68179,-1.13326],[119.68454,-1.13798],[119.68321,-1.13942],[119.6767,-1.13852],[119.67645,-1.13584],[119.67241,-1.133],[119.66382,-1.13622],[119.66145,-1.13552],[119.66285,-1.12713],[119.66453,-1.12431],[119.66808,-1.12371],[119.67735,-1.12556],[119.67844,-1.12283],[119.68442,-1.11817],[119.68551,-1.11306],[119.69665,-1.11645],[119.69739,-1.11893],[119.69937,-1.11497],[119.70101,-1.11457],[119.70198,-1.10825],[119.70453,-1.11099],[119.70812,-1.11179],[119.70233,-1.11681],[119.70338,-1.11858],[119.70136,-1.12352],[119.70512,-1.12573],[119.70784,-1.12989],[119.71117,-1.1275],[119.70898,-1.12494],[119.71057,-1.12291],[119.7089,-1.12212],[119.71206,-1.11859],[119.71856,-1.11852],[119.72003,-1.11463],[119.72319,-1.1128],[119.72558,-1.11436],[119.73477,-1.11288],[119.73457,-1.10709],[119.72735,-1.10675],[119.72076,-1.10218],[119.72664,-1.09733],[119.73147,-1.10034],[119.72901,-1.10236],[119.73032,-1.10581],[119.73351,-1.10576],[119.73631,-1.1027],[119.73596,-1.09884],[119.73721,-1.0975],[119.73552,-1.09672],[119.73592,-1.09271],[119.73361,-1.09187],[119.73499,-1.09086],[119.7342,-1.08668],[119.73653,-1.08515],[119.73392,-1.08278],[119.73664,-1.08091],[119.7357,-1.07905],[119.73724,-1.07874],[119.73724,-1.0754],[119.73298,-1.07676],[119.72958,-1.07311],[119.72409,-1.0739],[119.72282,-1.06754],[119.7268,-1.05969],[119.73053,-1.06626],[119.74672,-1.0673],[119.74812,-1.06054],[119.74946,-1.06021],[119.74846,-1.05635],[119.75114,-1.05505],[119.74971,-1.05367],[119.7528,-1.05387],[119.75528,-1.05184],[119.75295,-1.04921],[119.75647,-1.047],[119.75518,-1.04428],[119.75181,-1.04484],[119.7493,-1.04199],[119.75037,-1.03964],[119.74724,-1.03719],[119.74795,-1.03598],[119.74238,-1.03196],[119.73972,-1.02776],[119.74175,-1.02312],[119.7491,-1.01979],[119.74672,-1.01712],[119.74663,-1.01434],[119.75235,-1.01515],[119.74942,-1.01036],[119.75277,-1.00305],[119.75063,-0.99902],[119.7573,-0.99673],[119.75792,-1.00515],[119.75622,-1.0162],[119.7606,-1.02853],[119.76396,-1.0315]],[[119.58252,-1.2025],[119.58472,-1.20258],[119.58546,-1.20216],[119.58598,-1.20133],[119.58469,-1.20249],[119.58271,-1.20228],[119.58219,-1.20281],[119.58239,-1.20557],[119.58359,-1.2098],[119.58251,-1.21193],[119.5837,-1.2105],[119.58368,-1.20978],[119.58283,-1.20607],[119.58252,-1.2025]],[[119.59199,-1.18405],[119.59069,-1.18846],[119.5924,-1.19204],[119.59181,-1.19306],[119.59169,-1.19365],[119.592,-1.19581],[119.58876,-1.19753],[119.586,-1.20132],[119.59208,-1.19586],[119.59249,-1.19207],[119.60813,-1.19591],[119.60913,-1.19931],[119.60475,-1.20144],[119.60617,-1.20426],[119.60169,-1.20369],[119.59648,-1.20865],[119.596,-1.20722],[119.59436,-1.20748],[119.59368,-1.20994],[119.5954,-1.2144],[119.59094,-1.21477],[119.58921,-1.21643],[119.59115,-1.22141],[119.59377,-1.22177],[119.59515,-1.22392],[119.60393,-1.22553],[119.60594,-1.22834],[119.60437,-1.23327],[119.60689,-1.23356],[119.61271,-1.22916],[119.61877,-1.21589],[119.61637,-1.21367],[119.61646,-1.2193],[119.61451,-1.21928],[119.61406,-1.22228],[119.61181,-1.2218],[119.60916,-1.22358],[119.60487,-1.22449],[119.60064,-1.22041],[119.60042,-1.21572],[119.60231,-1.21079],[119.60888,-1.20426],[119.60854,-1.20202],[119.61352,-1.1998],[119.61613,-1.19614],[119.61628,-1.19136],[119.6139,-1.1886],[119.61712,-1.1875],[119.61813,-1.18214],[119.61696,-1.17427],[119.61357,-1.17502],[119.60942,-1.17341],[119.6087,-1.16989],[119.60668,-1.1683],[119.60409,-1.16769],[119.60358,-1.16937],[119.60417,-1.16701],[119.60403,-1.16216],[119.60381,-1.16115],[119.60257,-1.1597],[119.60565,-1.15802],[119.60716,-1.15647],[119.60769,-1.15569],[119.6085,-1.15353],[119.60877,-1.15225],[119.60895,-1.14992],[119.60788,-1.14217],[119.61102,-1.13812],[119.61164,-1.13556],[119.61161,-1.13125],[119.61125,-1.12896],[119.60968,-1.1257],[119.6116,-1.13445],[119.61094,-1.13807],[119.60779,-1.14216],[119.60868,-1.15224],[119.60709,-1.15641],[119.60248,-1.15966],[119.60402,-1.16755],[119.60017,-1.1759],[119.59199,-1.18405]],[[119.57511,-1.05351],[119.57517,-1.05353],[119.575,-1.05345],[119.57511,-1.05351]]],[[[119.71672,-1.11127],[119.71684,-1.10938],[119.71669,-1.11244],[119.71575,-1.11547],[119.71364,-1.11427],[119.71672,-1.11127]]],[[[119.7166,-1.10538],[119.71673,-1.10829],[119.71532,-1.10685],[119.71637,-1.10624],[119.71541,-1.10571],[119.7166,-1.10538]]],[[[119.64449,-1.03808],[119.64542,-1.03746],[119.64448,-1.0386],[119.64449,-1.03808]]],[[[119.63741,-1.0381],[119.63767,-1.03791],[119.63985,-1.03655],[119.63741,-1.0381]]],[[[119.63126,-1.03686],[119.63133,-1.03617],[119.63152,-1.03722],[119.6309,-1.03777],[119.63126,-1.03686]]],[[[119.64721,-1.03632],[119.64595,-1.03688],[119.6489,-1.03192],[119.6504,-1.03266],[119.64721,-1.03632]]],[[[119.65043,-1.03278],[119.6505,-1.03266],[119.65053,-1.03274],[119.65043,-1.03278]]],[[[119.79143,-0.87608],[119.7765,-0.89581],[119.77575,-0.89902],[119.77109,-0.90137],[119.76969,-0.91041],[119.75142,-0.91233],[119.74773,-0.91471],[119.74306,-0.92196],[119.73723,-0.91878],[119.72893,-0.90451],[119.72808,-0.90715],[119.72267,-0.91222],[119.72152,-0.91603],[119.70873,-0.92037],[119.71044,-0.92344],[119.71088,-0.93648],[119.70345,-0.93746],[119.6919,-0.9426],[119.68814,-0.9412],[119.66951,-0.94208],[119.66721,-0.94349],[119.66648,-0.94915],[119.66343,-0.95267],[119.66213,-0.95275],[119.66235,-0.94977],[119.66051,-0.95217],[119.65367,-0.95226],[119.65302,-0.95852],[119.65118,-0.95976],[119.65302,-0.96239],[119.64834,-0.96325],[119.64705,-0.96997],[119.64632,-0.97743],[119.64854,-0.97948],[119.64854,-0.98206],[119.64769,-0.98498],[119.64323,-0.98864],[119.64038,-0.99909],[119.64315,-1.00481],[119.6424,-1.01399],[119.63963,-1.02099],[119.63509,-1.02188],[119.63236,-1.03255],[119.63052,-1.03422],[119.62526,-1.03196],[119.62016,-1.03206],[119.61976,-1.03033],[119.61722,-1.02971],[119.61898,-1.02463],[119.61849,-1.02116],[119.6177,-1.02025],[119.61231,-1.02041],[119.61318,-1.01815],[119.61364,-1.01359],[119.61263,-1.01103],[119.60583,-1.00712],[119.59867,-1.0075],[119.59833,-1.00608],[119.5964,-1.00441],[119.59373,-1.0047],[119.58726,-0.9975],[119.58917,-0.99623],[119.59173,-0.9929],[119.59165,-0.99213],[119.59101,-0.99091],[119.59347,-0.99067],[119.59274,-0.98743],[119.59162,-0.98669],[119.58986,-0.98687],[119.5922,-0.9832],[119.59105,-0.98212],[119.59186,-0.97988],[119.59124,-0.97809],[119.59301,-0.97555],[119.59373,-0.97429],[119.59752,-0.97347],[119.60102,-0.96886],[119.61293,-0.9741],[119.61601,-0.97351],[119.61416,-0.96491],[119.60934,-0.96238],[119.60548,-0.95787],[119.60595,-0.95411],[119.61534,-0.95512],[119.62016,-0.96064],[119.62246,-0.95914],[119.62167,-0.95369],[119.61625,-0.9504],[119.61948,-0.94793],[119.61841,-0.94486],[119.61493,-0.94013],[119.60832,-0.93686],[119.61058,-0.93293],[119.60847,-0.91578],[119.61164,-0.91766],[119.61303,-0.91422],[119.61629,-0.9204],[119.62178,-0.91373],[119.61536,-0.90726],[119.61383,-0.90746],[119.61121,-0.90347],[119.61443,-0.90039],[119.61334,-0.89666],[119.61038,-0.89511],[119.61127,-0.89293],[119.61789,-0.89721],[119.61551,-0.8994],[119.61802,-0.90119],[119.62143,-0.9011],[119.62077,-0.90333],[119.62202,-0.90408],[119.62433,-0.90282],[119.6314,-0.9035],[119.63526,-0.90613],[119.64011,-0.90399],[119.64349,-0.9051],[119.6413,-0.90316],[119.64359,-0.89828],[119.64241,-0.89559],[119.64894,-0.89057],[119.64751,-0.88903],[119.6483,-0.88774],[119.64524,-0.88514],[119.64558,-0.88127],[119.6481,-0.88266],[119.64919,-0.88734],[119.652,-0.89097],[119.65477,-0.88884],[119.66342,-0.89128],[119.66317,-0.8886],[119.66545,-0.88691],[119.66491,-0.88422],[119.67045,-0.87711],[119.66843,-0.87516],[119.66744,-0.86929],[119.66067,-0.86511],[119.66122,-0.86272],[119.66379,-0.86481],[119.67299,-0.85999],[119.67511,-0.86472],[119.68089,-0.86508],[119.68228,-0.86393],[119.68228,-0.85886],[119.68649,-0.85408],[119.68466,-0.8507],[119.68669,-0.84453],[119.68862,-0.84448],[119.69143,-0.85011],[119.69287,-0.85026],[119.69702,-0.84852],[119.69787,-0.84439],[119.6993,-0.84499],[119.70019,-0.84275],[119.69831,-0.84141],[119.69511,-0.83165],[119.69738,-0.83165],[119.69872,-0.82942],[119.70099,-0.83041],[119.7011,-0.82459],[119.70396,-0.8222],[119.70421,-0.81812],[119.70674,-0.81425],[119.70545,-0.81335],[119.70259,-0.81659],[119.69672,-0.81881],[119.6881,-0.81139],[119.68852,-0.81007],[119.69042,-0.8088],[119.69325,-0.81081],[119.69615,-0.8105],[119.69746,-0.80611],[119.69925,-0.80526],[119.70445,-0.80707],[119.70908,-0.80654],[119.71066,-0.80395],[119.71581,-0.80459],[119.71729,-0.80147],[119.72091,-0.80057],[119.72123,-0.79745],[119.7236,-0.79623],[119.72896,-0.8],[119.73316,-0.80661],[119.73621,-0.80609],[119.74068,-0.80207],[119.73973,-0.79683],[119.74248,-0.78942],[119.73764,-0.78984],[119.73333,-0.79354],[119.7308,-0.79216],[119.73091,-0.78719],[119.73318,-0.78433],[119.73244,-0.78322],[119.73943,-0.78196],[119.74164,-0.78006],[119.74059,-0.7764],[119.74228,-0.77349],[119.74181,-0.76942],[119.73949,-0.77053],[119.7386,-0.76841],[119.73629,-0.76899],[119.73298,-0.76692],[119.73066,-0.7693],[119.7303,-0.76623],[119.73251,-0.76269],[119.73378,-0.75475],[119.7311,-0.75263],[119.72963,-0.74676],[119.72669,-0.7449],[119.72679,-0.74115],[119.72338,-0.73945],[119.72795,-0.73781],[119.72848,-0.73485],[119.72638,-0.73458],[119.73011,-0.73104],[119.72927,-0.72919],[119.72654,-0.7285],[119.72665,-0.7266],[119.72817,-0.72718],[119.73133,-0.72184],[119.73533,-0.71893],[119.73764,-0.72322],[119.74152,-0.72412],[119.74205,-0.72592],[119.74573,-0.72412],[119.75205,-0.73502],[119.75501,-0.73573],[119.7577,-0.744],[119.76368,-0.75281],[119.7635,-0.75831],[119.76666,-0.75887],[119.76725,-0.76216],[119.76444,-0.76177],[119.76663,-0.76625],[119.76388,-0.77052],[119.76634,-0.76885],[119.76864,-0.77119],[119.77079,-0.77095],[119.76717,-0.77911],[119.76842,-0.78011],[119.76992,-0.77798],[119.77204,-0.77896],[119.77528,-0.77767],[119.77573,-0.77575],[119.77701,-0.77627],[119.77722,-0.78114],[119.78059,-0.783],[119.77993,-0.78594],[119.78236,-0.78573],[119.78462,-0.78879],[119.78517,-0.7935],[119.78329,-0.79603],[119.78805,-0.79928],[119.7926,-0.81059],[119.79148,-0.81667],[119.78711,-0.81698],[119.79912,-0.8399],[119.80282,-0.85312],[119.80319,-0.85613],[119.79777,-0.85265],[119.79527,-0.85312],[119.79352,-0.85563],[119.79931,-0.85807],[119.80327,-0.85716],[119.80283,-0.87157],[119.79143,-0.87608]],[[119.67554,-0.89916],[119.67683,-0.89877],[119.67606,-0.89678],[119.67554,-0.89916]],[[119.7036,-0.83715],[119.70286,-0.83939],[119.70386,-0.84059],[119.70938,-0.83903],[119.70836,-0.83681],[119.7036,-0.83715]]],[[[119.65265,-0.7974],[119.65124,-0.79644],[119.65388,-0.79223],[119.65679,-0.79216],[119.65265,-0.7974]]],[[[119.6559,-0.79613],[119.65581,-0.79438],[119.65794,-0.79017],[119.65761,-0.79336],[119.65978,-0.79116],[119.65696,-0.78786],[119.65676,-0.78672],[119.66025,-0.7913],[119.6574,-0.79601],[119.6559,-0.79613]]],[[[119.65739,-0.79047],[119.65705,-0.79083],[119.65675,-0.78962],[119.65739,-0.79047]]],[[[119.763,-0.70609],[119.76577,-0.7045],[119.76566,-0.70559],[119.763,-0.70609]]],[[[119.76187,-0.70591],[119.76195,-0.70455],[119.76226,-0.70458],[119.76187,-0.70591]]],[[[119.7659,-0.70377],[119.76581,-0.70296],[119.76644,-0.70372],[119.7659,-0.70377]]]]},"properties":{"kph":"KPH Banawa Lalundu"}},{"type":"Feature","geometry":{"type":"MultiPolygon","coordinates":[[[[124.33671,0.81522],[124.33326,0.81493],[124.33665,0.81989],[124.34315,0.82185],[124.34151,0.81875],[124.33913,0.81849],[124.33671,0.81522]]],[[[124.34304,0.82399],[124.3387,0.82289],[124.33867,0.82618],[124.34182,0.82595],[124.34221,0.8295],[124.33784,0.8321],[124.33864,0.83384],[124.33502,0.83527],[124.33525,0.83694],[124.33829,0.84386],[124.34153,0.84425],[124.34213,0.84679],[124.34507,0.84795],[124.34406,0.8496],[124.34786,0.84912],[124.347,0.85232],[124.34961,0.85354],[124.34803,0.8539],[124.34622,0.85817],[124.34805,0.8624],[124.34599,0.86772],[124.35044,0.85931],[124.35041,0.85355],[124.34809,0.84751],[124.34296,0.84553],[124.34304,0.82399]]],[[[124.36406,1.05623],[124.36344,1.0541],[124.36516,1.05197],[124.36078,1.04675],[124.36005,1.04176],[124.35731,1.04015],[124.36017,1.0379],[124.36097,1.0269],[124.36484,1.03141],[124.36769,1.04281],[124.38199,1.04686],[124.38686,1.04471],[124.39042,1.03107],[124.39283,1.02901],[124.40442,1.03336],[124.41268,1.03845],[124.4161,1.03638],[124.42338,1.02601],[124.43578,1.0246],[124.44602,1.02093],[124.45595,1.02345],[124.45804,1.02082],[124.45827,1.02419],[124.45965,1.02449],[124.46377,1.0233],[124.46484,1.01609],[124.46304,1.01115],[124.45982,1.01622],[124.45632,1.01199],[124.45553,1.01485],[124.45321,1.01518],[124.45255,1.01242],[124.45571,1.00447],[124.45467,1.00236],[124.43943,1.00059],[124.43534,0.99565],[124.43082,0.99343],[124.4333,0.99245],[124.4342,0.99018],[124.43983,0.98851],[124.43848,0.98733],[124.44029,0.98557],[124.44579,0.99098],[124.45349,0.99296],[124.45753,0.98784],[124.45567,0.98199],[124.45874,0.97774],[124.4563,0.97197],[124.45975,0.96536],[124.46186,0.96659],[124.46457,0.96534],[124.46516,0.96816],[124.4665,0.96824],[124.4689,0.96323],[124.47451,0.96337],[124.47594,0.96054],[124.47719,0.96151],[124.47778,0.95985],[124.48043,0.95967],[124.488,0.96579],[124.4891,0.96003],[124.48591,0.95738],[124.48222,0.94923],[124.48022,0.94907],[124.48078,0.94599],[124.4779,0.94712],[124.4761,0.9442],[124.47332,0.94657],[124.47186,0.94512],[124.47099,0.94734],[124.46739,0.94321],[124.4651,0.94416],[124.46715,0.93964],[124.46556,0.93749],[124.4623,0.93956],[124.4592,0.93947],[124.46244,0.94714],[124.45971,0.94843],[124.45707,0.94329],[124.45001,0.94218],[124.44216,0.93673],[124.43307,0.93982],[124.43089,0.93796],[124.43104,0.93544],[124.42876,0.93415],[124.43275,0.92624],[124.4316,0.92395],[124.43278,0.91998],[124.43068,0.91611],[124.42962,0.92572],[124.42388,0.93331],[124.41484,0.94166],[124.4039,0.94749],[124.37864,0.94853],[124.35984,0.93866],[124.35609,0.93448],[124.35389,0.92771],[124.35109,0.92587],[124.34906,0.91902],[124.34558,0.91665],[124.34879,0.90847],[124.35815,0.90123],[124.3456,0.88716],[124.34408,0.8814],[124.34483,0.87812],[124.3375,0.87546],[124.3369,0.87693],[124.33026,0.87822],[124.32899,0.88002],[124.32561,0.87143],[124.32697,0.86435],[124.32481,0.86505],[124.32197,0.86311],[124.32202,0.85364],[124.3157,0.85627],[124.31469,0.85229],[124.31274,0.8536],[124.31152,0.85025],[124.30888,0.85158],[124.30588,0.85061],[124.30579,0.84409],[124.30437,0.8435],[124.3009,0.84598],[124.29691,0.83956],[124.29216,0.83857],[124.29571,0.83579],[124.29705,0.83159],[124.29763,0.8278],[124.29422,0.82689],[124.2963,0.82394],[124.29541,0.81983],[124.28986,0.81831],[124.28922,0.81686],[124.27741,0.81601],[124.2778,0.81077],[124.27344,0.81168],[124.27076,0.80917],[124.27215,0.80251],[124.26761,0.80368],[124.26642,0.81456],[124.26498,0.81238],[124.26498,0.80279],[124.25965,0.80644],[124.25683,0.8039],[124.25268,0.80711],[124.25017,0.80739],[124.24862,0.80534],[124.24173,0.81053],[124.24023,0.80808],[124.241,0.80571],[124.23844,0.80547],[124.234,0.80885],[124.23563,0.80941],[124.23578,0.81321],[124.23256,0.81582],[124.2296,0.81387],[124.23142,0.81986],[124.22746,0.82282],[124.22449,0.82308],[124.22301,0.82592],[124.22582,0.82877],[124.22474,0.8302],[124.22586,0.83993],[124.22854,0.84495],[124.23366,0.84771],[124.23139,0.85171],[124.22147,0.85355],[124.21967,0.8517],[124.21622,0.85253],[124.20973,0.85096],[124.20945,0.85346],[124.19653,0.84232],[124.19418,0.84257],[124.19107,0.84726],[124.1849,0.84594],[124.17691,0.84891],[124.17583,0.84768],[124.1744,0.85288],[124.16287,0.85831],[124.16077,0.86354],[124.15634,0.86287],[124.1537,0.87045],[124.14715,0.87528],[124.13825,0.87667],[124.13217,0.88423],[124.1246,0.88713],[124.12012,0.89622],[124.11437,0.89926],[124.11275,0.89689],[124.10644,0.90102],[124.10658,0.90294],[124.10282,0.90608],[124.10308,0.90739],[124.09847,0.9093],[124.09854,0.91151],[124.09069,0.91834],[124.09007,0.92029],[124.09247,0.92067],[124.09411,0.9187],[124.0935,0.91724],[124.09725,0.91782],[124.09949,0.91617],[124.09918,0.91417],[124.10182,0.91051],[124.10511,0.9096],[124.10651,0.91272],[124.11624,0.90591],[124.12,0.90598],[124.12212,0.90369],[124.12536,0.90409],[124.12472,0.90549],[124.12671,0.90535],[124.12695,0.90707],[124.12962,0.90704],[124.13318,0.90121],[124.13567,0.9131],[124.1348,0.91558],[124.13802,0.91765],[124.13773,0.91936],[124.14536,0.91545],[124.14686,0.91587],[124.14567,0.91703],[124.14942,0.91631],[124.15002,0.91799],[124.15274,0.91596],[124.15579,0.91573],[124.15749,0.9165],[124.15652,0.91803],[124.16092,0.91841],[124.16761,0.91662],[124.16851,0.91789],[124.15883,0.92661],[124.16445,0.92779],[124.16763,0.92648],[124.17322,0.9305],[124.17588,0.93651],[124.18287,0.93484],[124.183,0.93122],[124.18446,0.93053],[124.18327,0.92916],[124.18518,0.92838],[124.1825,0.92512],[124.18623,0.92706],[124.18653,0.92874],[124.18901,0.92098],[124.19043,0.92336],[124.18844,0.92566],[124.18782,0.9318],[124.19021,0.9356],[124.19399,0.9319],[124.19565,0.92613],[124.19188,0.92102],[124.19245,0.91584],[124.19414,0.9138],[124.19363,0.91067],[124.1972,0.91211],[124.1964,0.91746],[124.19767,0.92025],[124.19956,0.92077],[124.20356,0.91237],[124.20753,0.91098],[124.21006,0.90641],[124.21212,0.90799],[124.21511,0.90583],[124.21647,0.90819],[124.21352,0.91418],[124.21184,0.91451],[124.21199,0.92117],[124.21683,0.92553],[124.21848,0.92986],[124.22221,0.93195],[124.22436,0.92482],[124.21985,0.92134],[124.21857,0.91583],[124.22096,0.9171],[124.22139,0.91239],[124.2227,0.91169],[124.22846,0.91384],[124.23086,0.91246],[124.22887,0.90848],[124.22887,0.90191],[124.23428,0.90876],[124.23861,0.90982],[124.23457,0.91156],[124.233,0.91073],[124.23224,0.91724],[124.2339,0.91896],[124.23315,0.92677],[124.23491,0.92868],[124.23734,0.93904],[124.24001,0.93857],[124.2409,0.93518],[124.24876,0.93998],[124.2624,0.9341],[124.26367,0.93703],[124.26263,0.9423],[124.26661,0.94487],[124.27045,0.94466],[124.27193,0.94214],[124.27734,0.93921],[124.27779,0.94148],[124.2761,0.9437],[124.28721,0.94133],[124.28775,0.94322],[124.28091,0.94797],[124.29268,0.95295],[124.29149,0.95587],[124.29406,0.95759],[124.29925,0.9574],[124.29813,0.95872],[124.30699,0.96199],[124.30916,0.96445],[124.3115,0.96373],[124.30632,0.96004],[124.30892,0.95247],[124.30686,0.95173],[124.30826,0.9501],[124.30995,0.95182],[124.31581,0.95173],[124.31752,0.94787],[124.32061,0.9489],[124.32599,0.94498],[124.33024,0.94509],[124.33216,0.94592],[124.32834,0.94757],[124.33123,0.94997],[124.32859,0.95249],[124.33056,0.95317],[124.32924,0.95414],[124.33074,0.95687],[124.32921,0.95776],[124.33113,0.95859],[124.3306,0.96182],[124.33445,0.96698],[124.33342,0.97643],[124.34216,0.97962],[124.3443,0.97912],[124.34369,0.97538],[124.34162,0.97387],[124.3444,0.96832],[124.34421,0.96336],[124.34708,0.96096],[124.34219,0.95795],[124.34319,0.95661],[124.34107,0.95153],[124.33726,0.94945],[124.33802,0.94605],[124.34304,0.94624],[124.3434,0.94493],[124.34023,0.94248],[124.34266,0.94263],[124.34405,0.94076],[124.3493,0.94316],[124.35138,0.94086],[124.36085,0.93954],[124.35975,0.94241],[124.3637,0.94792],[124.36579,0.95627],[124.36496,0.96034],[124.35815,0.96609],[124.35866,0.96848],[124.35682,0.97177],[124.35875,0.97267],[124.35753,0.97438],[124.36017,0.97588],[124.36423,0.98741],[124.36235,0.99443],[124.36431,1.00191],[124.36236,1.00612],[124.36051,1.00649],[124.35922,1.01153],[124.35426,1.01527],[124.33559,1.01138],[124.33579,1.016],[124.3415,1.02148],[124.33722,1.02707],[124.33945,1.03038],[124.3351,1.0337],[124.33611,1.03765],[124.33418,1.03944],[124.33529,1.04169],[124.33141,1.04935],[124.33355,1.05344],[124.33644,1.05355],[124.33912,1.05588],[124.33869,1.05883],[124.34315,1.06001],[124.3434,1.06302],[124.34765,1.06054],[124.35068,1.06259],[124.35478,1.05799],[124.35827,1.05818],[124.35806,1.06158],[124.35535,1.06402],[124.35487,1.06683],[124.35812,1.06988],[124.36108,1.06766],[124.36048,1.07268],[124.36422,1.07038],[124.36606,1.06465],[124.36818,1.06494],[124.36734,1.05876],[124.36406,1.05623]],[[124.14479,0.87625],[124.14455,0.87582],[124.14539,0.87724],[124.14479,0.87625]],[[124.33892,0.90509],[124.34264,0.9068],[124.33878,0.90748],[124.33779,0.90681],[124.33892,0.90509]],[[124.40477,0.99224],[124.40768,0.99273],[124.40956,0.99644],[124.41217,0.99832],[124.41402,0.99742],[124.41652,1.00086],[124.41727,1.00604],[124.40862,1.01507],[124.39784,1.00311],[124.39919,0.99825],[124.40633,0.99699],[124.40477,0.99224]],[[124.37704,1.00793],[124.37993,1.01641],[124.38515,1.02065],[124.38473,1.02382],[124.37785,1.02344],[124.3739,1.01985],[124.3723,1.01287],[124.37006,1.01019],[124.37704,1.00793]]],[[[124.30851,1.03402],[124.30965,1.03669],[124.30985,1.03675],[124.30851,1.03402]]],[[[124.31608,1.04989],[124.31611,1.05012],[124.31622,1.04882],[124.31608,1.04989]]],[[[124.31615,1.05497],[124.31579,1.05222],[124.31511,1.05344],[124.31615,1.05497]]],[[[124.32117,1.07126],[124.32109,1.07393],[124.32291,1.06926],[124.32264,1.06822],[124.32117,1.07126]]],[[[124.32303,1.07795],[124.32467,1.07781],[124.32469,1.0775],[124.32268,1.0769],[124.32303,1.07795]]],[[[124.33976,1.11846],[124.34081,1.12003],[124.34077,1.11514],[124.33976,1.11846]]],[[[124.34333,1.12256],[124.3479,1.12444],[124.34539,1.12236],[124.341,1.12023],[124.34333,1.12256]]],[[[124.34898,1.1259],[124.34934,1.12662],[124.34895,1.1256],[124.34805,1.12461],[124.34898,1.1259]]],[[[124.3524,1.14238],[124.3512,1.14416],[124.35351,1.14181],[124.3524,1.14238]]],[[[124.3512,1.1446],[124.35117,1.14424],[124.35107,1.14453],[124.3512,1.1446]]],[[[124.34952,1.14596],[124.34936,1.14619],[124.35062,1.1457],[124.34952,1.14596]]],[[[124.34785,1.14766],[124.34606,1.1499],[124.34695,1.14953],[124.34899,1.1473],[124.34785,1.14766]]],[[[124.34591,1.14998],[124.34598,1.14994],[124.34593,1.14993],[124.34591,1.14998]]],[[[124.34573,1.15018],[124.34289,1.15418],[124.34418,1.15736],[124.35406,1.16493],[124.35608,1.16502],[124.34564,1.15772],[124.34318,1.15414],[124.34573,1.15018]]],[[[124.41474,0.77834],[124.41409,0.78094],[124.42229,0.77982],[124.42388,0.77711],[124.42262,0.77395],[124.41474,0.77834]]],[[[124.3792,0.79273],[124.38019,0.79495],[124.37763,0.79914],[124.37314,0.80071],[124.3789,0.81007],[124.38458,0.80555],[124.38544,0.80259],[124.38264,0.79748],[124.38579,0.79358],[124.38398,0.79202],[124.3792,0.79273]]],[[[124.43351,0.88278],[124.4356,0.87972],[124.44702,0.88679],[124.45412,0.88624],[124.45557,0.85936],[124.44976,0.85431],[124.44616,0.84727],[124.44291,0.84713],[124.44103,0.85206],[124.43895,0.85043],[124.43262,0.85191],[124.4237,0.84479],[124.41801,0.84413],[124.41496,0.83202],[124.41558,0.8563],[124.38379,0.87563],[124.38059,0.87846],[124.37829,0.88492],[124.37967,0.88921],[124.38369,0.88728],[124.39092,0.88154],[124.39692,0.87995],[124.39863,0.87554],[124.41579,0.86457],[124.41698,0.89862],[124.42598,0.91495],[124.42997,0.91612],[124.4243,0.90784],[124.42434,0.90284],[124.42175,0.89516],[124.42208,0.89317],[124.42472,0.89207],[124.42441,0.88597],[124.42707,0.88429],[124.42745,0.87893],[124.43351,0.88278]]],[[[124.44765,1.08032],[124.44432,1.07817],[124.44501,1.07472],[124.43978,1.07788],[124.43899,1.06693],[124.43676,1.06669],[124.43665,1.06271],[124.43186,1.05884],[124.42853,1.05956],[124.42929,1.06377],[124.42347,1.06411],[124.4247,1.06117],[124.42347,1.05703],[124.42163,1.05715],[124.4223,1.05512],[124.41992,1.05624],[124.41533,1.05325],[124.41166,1.05581],[124.41191,1.05758],[124.40552,1.05921],[124.40735,1.06185],[124.40538,1.06539],[124.40761,1.06515],[124.40764,1.06945],[124.40961,1.07292],[124.40795,1.07524],[124.41458,1.07857],[124.41306,1.07986],[124.41355,1.0848],[124.41827,1.08585],[124.42023,1.08952],[124.42781,1.08952],[124.42959,1.08768],[124.4344,1.09531],[124.43631,1.09451],[124.43774,1.08919],[124.44057,1.09014],[124.44378,1.08769],[124.44765,1.08032]]],[[[124.38538,1.10758],[124.38271,1.10325],[124.38015,1.10456],[124.37459,1.10202],[124.37186,1.10618],[124.37332,1.10923],[124.37079,1.11076],[124.36666,1.10903],[124.36381,1.11456],[124.36741,1.11528],[124.37535,1.12072],[124.38117,1.11841],[124.38652,1.12101],[124.39335,1.11688],[124.3938,1.1135],[124.39109,1.11021],[124.38538,1.10758]]],[[[124.45865,1.10677],[124.45903,1.10372],[124.44854,1.10354],[124.44706,1.11054],[124.44126,1.11246],[124.43799,1.12457],[124.4545,1.12788],[124.45622,1.12286],[124.46138,1.11828],[124.46302,1.11194],[124.45865,1.10677]]],[[[124.35304,1.13944],[124.35313,1.14074],[124.35488,1.13886],[124.3544,1.13791],[124.35304,1.13944]]],[[[124.36375,1.16961],[124.36536,1.17023],[124.36525,1.16932],[124.36133,1.16676],[124.36375,1.16961]]],[[[124.47065,1.18656],[124.4519,1.18604],[124.45091,1.18746],[124.44397,1.18834],[124.44995,1.18789],[124.45474,1.18625],[124.46239,1.18932],[124.47065,1.18656]]],[[[124.43265,1.18843],[124.42853,1.18797],[124.43521,1.18874],[124.43983,1.18784],[124.43265,1.18843]]],[[[124.50389,1.18799],[124.49752,1.19095],[124.49571,1.18988],[124.49353,1.18702],[124.49082,1.18453],[124.4903,1.18448],[124.49591,1.19102],[124.49865,1.19181],[124.50389,1.18799]]],[[[124.51918,1.19643],[124.517,1.20042],[124.51694,1.20351],[124.51748,1.20435],[124.51918,1.19643]]],[[[124.52985,1.21313],[124.54141,1.2123],[124.54221,1.21335],[124.54668,1.21027],[124.54841,1.20842],[124.54854,1.2082],[124.54863,1.20776],[124.54866,1.20747],[124.54222,1.21136],[124.5321,1.21144],[124.52683,1.21316],[124.52,1.20966],[124.51737,1.2044],[124.51787,1.2089],[124.52057,1.21253],[124.52832,1.21503],[124.52985,1.21313]]]]},"properties":{"kph":"KPH Model Unit IV Poigar"}},{"type":"Feature","geometry":{"type":"MultiPolygon","coordinates":[[[[122.62016,0.84757],[122.6204,0.84613],[122.62043,0.84521],[122.62028,0.84059],[122.62016,0.84757]]],[[[122.81426,0.75469],[122.80864,0.76275],[122.80058,0.7588],[122.79112,0.76259],[122.78502,0.7602],[122.78227,0.7666],[122.78271,0.76893],[122.78,0.7709],[122.77548,0.77013],[122.77331,0.76614],[122.76546,0.76396],[122.75531,0.76491],[122.7505,0.77033],[122.75,0.77484],[122.74297,0.77798],[122.73948,0.78325],[122.73393,0.78202],[122.72745,0.78602],[122.71015,0.79091],[122.70675,0.7942],[122.70782,0.79897],[122.7016,0.79906],[122.70058,0.80494],[122.69421,0.80598],[122.68975,0.80874],[122.68342,0.81544],[122.67845,0.82406],[122.67335,0.82438],[122.67181,0.82783],[122.66749,0.83111],[122.66412,0.82942],[122.66211,0.8301],[122.65346,0.83783],[122.64912,0.83671],[122.648,0.83924],[122.64903,0.84302],[122.6451,0.8482],[122.63271,0.84736],[122.61979,0.85243],[122.61997,0.85055],[122.62015,0.84765],[122.61912,0.86065],[122.61927,0.86491],[122.61044,0.87395],[122.58727,0.88547],[122.57366,0.88736],[122.56046,0.89184],[122.54326,0.90356],[122.52462,0.91157],[122.51472,0.91342],[122.51035,0.91683],[122.49835,0.9192],[122.44764,0.92598],[122.42364,0.92293],[122.39596,0.92552],[122.39008,0.92717],[122.37326,0.93659],[122.36284,0.93875],[122.35057,0.93864],[122.33381,0.93219],[122.32754,0.93583],[122.27873,0.93293],[122.26654,0.93504],[122.25644,0.93492],[122.22975,0.94115],[122.20738,0.93587],[122.19643,0.93793],[122.1699,0.93599],[122.15982,0.92617],[122.15201,0.91437],[122.14929,0.90653],[122.13962,0.90667],[122.12718,0.90062],[122.121,0.90064],[122.11569,0.90327],[122.11304,0.89945],[122.10849,0.8985],[122.08946,0.90812],[122.08449,0.90907],[122.07733,0.90418],[122.07298,0.90475],[122.06192,0.90068],[122.05606,0.90033],[122.03365,0.88577],[122.01732,0.88824],[122.01351,0.89112],[122.00306,0.89001],[121.99784,0.89121],[121.99028,0.89661],[121.98203,0.90703],[121.98588,0.91025],[121.98936,0.90979],[121.99533,0.906],[122.0037,0.91088],[122.01549,0.90907],[122.01762,0.92192],[122.02831,0.92617],[122.03601,0.93232],[122.03666,0.94092],[122.03939,0.94446],[122.03755,0.94856],[122.03854,0.95305],[122.0382,0.94882],[122.03974,0.94632],[122.04212,0.93371],[122.03927,0.92917],[122.03986,0.92419],[122.04727,0.92362],[122.047,0.92646],[122.05021,0.92919],[122.04986,0.93621],[122.05176,0.93825],[122.05164,0.94109],[122.04676,0.94442],[122.04831,0.94799],[122.04462,0.95263],[122.04724,0.9537],[122.04955,0.95821],[122.05985,0.96085],[122.06314,0.96517],[122.06232,0.96985],[122.06756,0.97426],[122.07265,0.97509],[122.07789,0.97178],[122.08243,0.97302],[122.08858,0.97593],[122.08724,0.98099],[122.08858,0.98213],[122.10005,0.97955],[122.10252,0.98099],[122.1079,0.9782],[122.11379,0.97996],[122.11995,0.97942],[122.12209,0.98178],[122.11982,0.98387],[122.12307,0.98514],[122.12421,0.98281],[122.12766,0.98788],[122.14157,0.98439],[122.14144,0.98879],[122.1492,0.9877],[122.15256,0.99372],[122.17164,0.98832],[122.17417,0.98962],[122.17392,0.99435],[122.17933,0.99421],[122.18159,0.99583],[122.18391,0.9918],[122.18926,0.99219],[122.1905,0.99031],[122.19267,0.99374],[122.19926,0.9956],[122.20142,0.99916],[122.21173,1.00133],[122.21111,1.00358],[122.21289,1.00203],[122.21258,0.99761],[122.2022,0.99474],[122.20204,0.98963],[122.19918,0.98986],[122.19693,0.98785],[122.19437,0.98901],[122.19274,0.98661],[122.19337,0.98468],[122.19112,0.98548],[122.18768,0.98405],[122.18913,0.98032],[122.1838,0.97465],[122.17515,0.97472],[122.17068,0.9732],[122.17051,0.97443],[122.1684,0.97414],[122.17023,0.9702],[122.16413,0.96131],[122.1757,0.96739],[122.17415,0.96537],[122.17539,0.96243],[122.17423,0.95926],[122.17897,0.95539],[122.18624,0.95771],[122.18858,0.96166],[122.19693,0.96313],[122.19987,0.95887],[122.20266,0.96119],[122.2015,0.96235],[122.20293,0.96389],[122.20951,0.9634],[122.2111,0.96586],[122.21638,0.96553],[122.21456,0.96595],[122.2149,0.96711],[122.22033,0.96282],[122.22293,0.96299],[122.22138,0.9583],[122.22617,0.95566],[122.22433,0.95861],[122.22753,0.95873],[122.22588,0.96101],[122.22879,0.96167],[122.22937,0.95757],[122.23926,0.95777],[122.2426,0.96253],[122.25018,0.96538],[122.25051,0.97117],[122.25406,0.97568],[122.25352,0.97698],[122.25631,0.97563],[122.26517,0.97732],[122.27614,0.97422],[122.27833,0.97176],[122.27901,0.96825],[122.27667,0.96281],[122.27846,0.95828],[122.28552,0.97151],[122.28697,0.97183],[122.28545,0.97501],[122.28703,0.97743],[122.28625,0.97878],[122.28964,0.98356],[122.29525,0.98585],[122.29592,0.98789],[122.29749,0.98873],[122.3004,0.98047],[122.30298,0.98234],[122.30164,0.984],[122.30302,0.98329],[122.30436,0.98526],[122.306,0.98295],[122.31068,0.98594],[122.30939,0.98966],[122.31286,0.98876],[122.31305,0.99032],[122.30904,0.99236],[122.3114,0.99339],[122.31214,0.99157],[122.31703,0.99072],[122.31901,0.99166],[122.31796,0.99536],[122.31978,0.99603],[122.32481,0.9947],[122.32609,0.99159],[122.32806,0.99254],[122.33199,0.9902],[122.3344,0.99183],[122.33489,0.99432],[122.33637,0.99394],[122.3391,0.99576],[122.34041,1.0009],[122.34486,1.00163],[122.34613,0.99881],[122.34858,0.99846],[122.35316,1.00107],[122.35453,0.9972],[122.35846,0.99511],[122.35701,0.99492],[122.35879,0.99119],[122.35558,0.98789],[122.35726,0.98632],[122.35784,0.98791],[122.35951,0.98686],[122.36188,0.98847],[122.35978,0.98605],[122.36413,0.986],[122.36262,0.98075],[122.36425,0.98054],[122.3669,0.9835],[122.36559,0.97957],[122.36431,0.97978],[122.36759,0.97694],[122.36899,0.97797],[122.36663,0.97938],[122.36836,0.98181],[122.36672,0.9844],[122.36874,0.9853],[122.37455,0.98021],[122.3768,0.98156],[122.37674,0.9834],[122.38119,0.98228],[122.38432,0.98342],[122.38871,0.97842],[122.39269,0.98008],[122.39283,0.97653],[122.39506,0.97369],[122.39909,0.97409],[122.40152,0.97236],[122.40078,0.9688],[122.40566,0.97064],[122.40829,0.97474],[122.41282,0.97385],[122.40796,0.96797],[122.41001,0.96539],[122.41222,0.9666],[122.41099,0.96766],[122.41364,0.9675],[122.41284,0.96497],[122.40787,0.96216],[122.39956,0.96297],[122.39905,0.96016],[122.4101,0.95557],[122.40562,0.95334],[122.4076,0.95112],[122.41333,0.95382],[122.41478,0.95086],[122.41086,0.94682],[122.41275,0.94543],[122.41398,0.94723],[122.41416,0.94303],[122.41507,0.94534],[122.41959,0.94379],[122.42387,0.94514],[122.42755,0.9409],[122.42715,0.93801],[122.42978,0.93834],[122.43078,0.93262],[122.43686,0.94454],[122.43348,0.95113],[122.44094,0.95095],[122.44312,0.95248],[122.44544,0.95133],[122.45192,0.95365],[122.45324,0.95241],[122.4548,0.95403],[122.4529,0.95663],[122.45495,0.95954],[122.45333,0.96282],[122.4608,0.95854],[122.46364,0.95936],[122.47176,0.97133],[122.48596,0.97275],[122.48941,0.97051],[122.49062,0.96751],[122.4961,0.96443],[122.49671,0.95976],[122.50199,0.9557],[122.51436,0.95327],[122.51715,0.95939],[122.52511,0.95996],[122.52755,0.9553],[122.52369,0.94536],[122.52532,0.94231],[122.53303,0.94069],[122.54134,0.94333],[122.54398,0.94252],[122.55292,0.93336],[122.56227,0.92903],[122.56754,0.92968],[122.56755,0.93224],[122.57382,0.93596],[122.57907,0.93425],[122.5853,0.92516],[122.58691,0.92499],[122.58882,0.92681],[122.58895,0.93465],[122.59085,0.93645],[122.59671,0.93269],[122.59751,0.93042],[122.60135,0.93346],[122.60122,0.93231],[122.60397,0.93209],[122.60241,0.9332],[122.60386,0.93558],[122.60153,0.94021],[122.60318,0.94181],[122.60475,0.94009],[122.61053,0.94045],[122.611,0.93852],[122.61797,0.93731],[122.61764,0.9359],[122.61358,0.93543],[122.61209,0.93707],[122.60665,0.93689],[122.61069,0.9322],[122.61603,0.9348],[122.61762,0.93261],[122.62326,0.93064],[122.62867,0.93543],[122.63127,0.93356],[122.62834,0.92772],[122.63125,0.92884],[122.6316,0.92663],[122.63285,0.92767],[122.63213,0.93091],[122.63394,0.93224],[122.63581,0.93032],[122.63691,0.93105],[122.63659,0.92371],[122.62998,0.91898],[122.62583,0.9133],[122.63214,0.91122],[122.63261,0.90829],[122.63454,0.91407],[122.64187,0.90818],[122.64256,0.91134],[122.63936,0.91691],[122.64316,0.91775],[122.64514,0.91664],[122.64491,0.91417],[122.64776,0.91243],[122.64895,0.90914],[122.6543,0.90554],[122.65296,0.90067],[122.65409,0.89885],[122.6559,0.89781],[122.6592,0.89984],[122.66432,0.89613],[122.66837,0.89777],[122.67049,0.89697],[122.66753,0.89542],[122.66841,0.8891],[122.66634,0.88217],[122.6606,0.87898],[122.65212,0.86049],[122.65276,0.85339],[122.65943,0.8567],[122.66295,0.85668],[122.66829,0.85216],[122.67243,0.85089],[122.67661,0.84396],[122.67997,0.84792],[122.68351,0.84691],[122.68624,0.8439],[122.68608,0.84181],[122.6838,0.84211],[122.6837,0.84039],[122.68527,0.84118],[122.69478,0.83532],[122.691,0.83489],[122.69274,0.82748],[122.69762,0.82306],[122.69771,0.82745],[122.6998,0.82901],[122.7015,0.83531],[122.69574,0.83885],[122.69324,0.84274],[122.69474,0.84392],[122.69832,0.84288],[122.70096,0.84453],[122.7098,0.84108],[122.70997,0.84415],[122.71121,0.84291],[122.71399,0.84387],[122.71786,0.83969],[122.71972,0.84147],[122.72278,0.83432],[122.7248,0.83408],[122.72224,0.83182],[122.72404,0.83048],[122.72448,0.82679],[122.7268,0.8264],[122.72742,0.82927],[122.73059,0.83066],[122.73308,0.82989],[122.7299,0.82555],[122.73005,0.82315],[122.73564,0.82702],[122.73935,0.82702],[122.73928,0.82911],[122.74207,0.82965],[122.74152,0.82834],[122.74486,0.82624],[122.74718,0.82214],[122.74865,0.82485],[122.75121,0.82493],[122.75214,0.82315],[122.75749,0.82555],[122.75909,0.823],[122.75899,0.8242],[122.76167,0.82353],[122.76089,0.82074],[122.76322,0.82167],[122.76694,0.81803],[122.77213,0.82074],[122.7767,0.82035],[122.78034,0.81664],[122.79073,0.81338],[122.79021,0.81112],[122.78403,0.80631],[122.7853,0.80268],[122.79456,0.80268],[122.79519,0.80073],[122.80122,0.79796],[122.80482,0.79432],[122.80286,0.7918],[122.79888,0.79072],[122.80057,0.7883],[122.80024,0.78435],[122.80251,0.78249],[122.80221,0.77755],[122.80962,0.7728],[122.81169,0.7671],[122.81083,0.76439],[122.81383,0.7588],[122.82146,0.75552],[122.82648,0.74999],[122.82202,0.7503],[122.81426,0.75469]]],[[[122.02178,0.95248],[122.01725,0.95451],[122.01831,0.95672],[122.02195,0.95778],[122.02589,0.96142],[122.03322,0.97342],[122.03754,0.97532],[122.03781,0.97205],[122.03212,0.96337],[122.03204,0.95874],[122.03413,0.95706],[122.03081,0.95288],[122.02178,0.95248]]],[[[122.12462,0.98605],[122.1245,0.98596],[122.12514,0.9865],[122.12462,0.98605]]],[[[122.04195,0.98847],[122.04183,0.98816],[122.04181,0.98826],[122.04195,0.98847]]],[[[122.05049,0.99235],[122.05056,0.99241],[122.05053,0.99237],[122.05049,0.99235]]],[[[122.05103,0.99309],[122.05116,0.99332],[122.05144,0.99367],[122.05103,0.99309]]],[[[122.24074,0.98384],[122.23655,0.98246],[122.23702,0.98901],[122.23369,0.98912],[122.23371,0.99142],[122.23875,0.99322],[122.23887,1.00354],[122.23713,1.00631],[122.24204,1.01012],[122.24315,1.00934],[122.24091,0.9915],[122.24313,0.98967],[122.24074,0.98384]]],[[[122.05953,0.99684],[122.05768,0.99692],[122.0582,0.99716],[122.05953,0.99684]]],[[[122.38936,0.99241],[122.38491,0.9916],[122.37946,0.99556],[122.3785,0.99946],[122.38482,1.00398],[122.39509,0.99868],[122.38936,0.99241]]],[[[122.06199,0.99858],[122.06351,0.99875],[122.06035,0.99719],[122.06199,0.99858]]],[[[122.08459,0.99922],[122.08576,0.9989],[122.08436,0.99858],[122.08166,1.00095],[122.08459,0.99922]]],[[[122.09428,1.00074],[122.09081,0.99975],[122.0924,1.00052],[122.09428,1.00074]]],[[[122.34026,1.00092],[122.34029,1.00092],[122.34027,1.00091],[122.34026,1.00092]]],[[[122.33494,1.00234],[122.33311,1.00012],[122.33418,0.99652],[122.3317,0.99167],[122.32982,0.99412],[122.32747,0.99312],[122.32224,0.99781],[122.31586,0.99651],[122.31354,1.00193],[122.31965,1.00032],[122.32063,1.00361],[122.32272,1.00429],[122.32223,1.00815],[122.32653,1.01205],[122.3297,1.01221],[122.33226,1.00925],[122.33471,1.01007],[122.33494,1.00234]]],[[[122.06938,1.00479],[122.07186,1.00449],[122.06675,1.00095],[122.06938,1.00479]]],[[[122.35434,1.00762],[122.3522,1.00631],[122.35258,1.00355],[122.3514,1.00196],[122.35046,1.00265],[122.35012,1.00063],[122.34788,1.00267],[122.34768,1.00145],[122.34486,1.00215],[122.34385,1.00466],[122.34425,1.00325],[122.3425,1.00301],[122.34365,1.00179],[122.33827,1.00069],[122.3368,0.99502],[122.33518,0.99984],[122.33691,1.00379],[122.33556,1.01036],[122.3395,1.01181],[122.34776,1.0112],[122.34977,1.00974],[122.35213,1.01078],[122.35434,1.00762]]],[[[122.10124,1.0048],[122.10161,1.00488],[122.10046,1.00418],[122.10124,1.0048]]],[[[122.44014,1.00351],[122.4369,1.00341],[122.43578,1.00551],[122.43706,1.00791],[122.43976,1.00619],[122.44014,1.00351]]],[[[122.10255,1.00573],[122.1029,1.00586],[122.10238,1.00546],[122.10255,1.00573]]],[[[122.22196,1.01019],[122.22074,0.99682],[122.21936,1.00059],[122.22095,1.00706],[122.2169,1.01304],[122.21996,1.01617],[122.22376,1.01155],[122.22196,1.01019]]],[[[122.10526,1.00801],[122.10567,1.00807],[122.10385,1.0066],[122.10526,1.00801]]],[[[122.10869,1.01238],[122.11294,1.01298],[122.11024,1.01159],[122.1085,1.01051],[122.10869,1.01238]]],[[[122.12124,1.01235],[122.12331,1.01274],[122.12156,1.01206],[122.11758,1.01296],[122.12124,1.01235]]],[[[122.1158,1.01296],[122.11396,1.01304],[122.11495,1.01313],[122.1158,1.01296]]],[[[122.12368,1.01425],[122.12422,1.01469],[122.12344,1.01297],[122.12368,1.01425]]],[[[122.32487,1.02003],[122.3226,1.01554],[122.31778,1.01306],[122.31617,1.0169],[122.31954,1.02021],[122.32487,1.02003]]],[[[122.13151,1.01996],[122.13451,1.01944],[122.13265,1.01878],[122.12582,1.01864],[122.13151,1.01996]]],[[[122.86964,0.82593],[122.86035,0.82571],[122.8634,0.82326],[122.86276,0.82106],[122.86053,0.82288],[122.85874,0.82162],[122.86139,0.81681],[122.86062,0.81471],[122.86371,0.81071],[122.86161,0.80987],[122.86143,0.80767],[122.86378,0.8056],[122.85765,0.80555],[122.85317,0.80803],[122.85433,0.80608],[122.85235,0.80457],[122.85563,0.79958],[122.85426,0.79505],[122.8557,0.79164],[122.85354,0.78984],[122.85165,0.79168],[122.85325,0.79741],[122.85081,0.79657],[122.84872,0.79942],[122.84865,0.79814],[122.84656,0.79866],[122.84283,0.8011],[122.84019,0.80913],[122.83796,0.81105],[122.83832,0.81364],[122.84234,0.81412],[122.84123,0.81058],[122.84414,0.8026],[122.84918,0.80055],[122.85168,0.80836],[122.859,0.8083],[122.85742,0.81284],[122.86072,0.81428],[122.85826,0.82194],[122.86012,0.82706],[122.86384,0.82777],[122.86964,0.82593]]],[[[122.66186,0.81018],[122.66189,0.81033],[122.66206,0.81079],[122.66186,0.81018]]],[[[122.67308,0.81165],[122.67275,0.81144],[122.67217,0.81115],[122.67308,0.81165]]],[[[122.84105,0.8179],[122.84292,0.81734],[122.84276,0.81517],[122.84043,0.81751],[122.83357,0.8134],[122.83113,0.81888],[122.83635,0.81899],[122.83767,0.82385],[122.84105,0.8179]]],[[[122.66538,0.81853],[122.6656,0.81905],[122.66536,0.81846],[122.66538,0.81853]]],[[[122.88336,0.82721],[122.88196,0.82537],[122.88211,0.82116],[122.87863,0.82319],[122.87591,0.82204],[122.87583,0.81893],[122.87373,0.81702],[122.86852,0.81636],[122.87088,0.81939],[122.86983,0.82175],[122.87133,0.82622],[122.88139,0.83235],[122.88089,0.83016],[122.88336,0.82721]]],[[[122.79631,0.83916],[122.79566,0.83353],[122.7988,0.83533],[122.80031,0.8342],[122.80498,0.83561],[122.80953,0.8338],[122.81005,0.83584],[122.80758,0.84145],[122.81013,0.84236],[122.81316,0.83738],[122.81303,0.83377],[122.81539,0.83333],[122.81755,0.83052],[122.81983,0.83328],[122.82301,0.83236],[122.82092,0.83774],[122.82351,0.83965],[122.82656,0.83012],[122.82539,0.82686],[122.82292,0.82648],[122.82564,0.82342],[122.82815,0.82318],[122.83071,0.81731],[122.82596,0.81715],[122.82533,0.81595],[122.82546,0.81688],[122.82599,0.81731],[122.82672,0.81742],[122.82504,0.81949],[122.82657,0.82072],[122.81932,0.82763],[122.8155,0.82487],[122.81311,0.82583],[122.81661,0.82808],[122.81335,0.83256],[122.80903,0.82965],[122.80976,0.82769],[122.80947,0.82686],[122.80776,0.83297],[122.80758,0.83002],[122.80567,0.83295],[122.80142,0.83232],[122.79976,0.83408],[122.80052,0.83062],[122.79558,0.83117],[122.79378,0.83441],[122.79545,0.83849],[122.794,0.84039],[122.78913,0.83822],[122.79155,0.84607],[122.79631,0.83916]]],[[[122.88333,0.83444],[122.88397,0.83508],[122.88776,0.83589],[122.88223,0.8327],[122.88333,0.83444]]],[[[122.88587,0.83625],[122.88612,0.83628],[122.88575,0.83601],[122.88587,0.83625]]],[[[122.88556,0.83729],[122.88544,0.83695],[122.88551,0.83727],[122.88556,0.83729]]],[[[122.8873,0.8602],[122.88897,0.85759],[122.89555,0.8545],[122.89228,0.85346],[122.88642,0.8596],[122.88564,0.85821],[122.8831,0.85887],[122.87885,0.86502],[122.8873,0.8602]]],[[[122.88015,0.85952],[122.88173,0.85987],[122.88171,0.85895],[122.88015,0.85952]]],[[[122.87875,0.86894],[122.87879,0.86914],[122.87879,0.86859],[122.87875,0.86894]]],[[[122.88036,0.87169],[122.88089,0.87228],[122.88037,0.87142],[122.88036,0.87169]]],[[[122.78375,0.87004],[122.78348,0.86618],[122.77864,0.87249],[122.77419,0.87396],[122.77309,0.87676],[122.77541,0.87687],[122.78375,0.87004]]],[[[122.88471,0.87381],[122.885,0.8735],[122.88424,0.87281],[122.8814,0.87296],[122.88471,0.87381]]],[[[122.71371,0.88981],[122.7224,0.88656],[122.71558,0.88136],[122.71588,0.87909],[122.71343,0.8767],[122.71439,0.87326],[122.71221,0.87035],[122.71292,0.86707],[122.72198,0.86706],[122.72244,0.87038],[122.72671,0.8744],[122.72867,0.86834],[122.73224,0.86968],[122.73234,0.87602],[122.73524,0.87568],[122.73554,0.8781],[122.73958,0.88059],[122.74233,0.87995],[122.74801,0.87459],[122.75215,0.875],[122.75151,0.87009],[122.75554,0.86658],[122.7557,0.86432],[122.7601,0.86622],[122.76367,0.86209],[122.7664,0.86162],[122.76887,0.86486],[122.76858,0.86729],[122.76749,0.86913],[122.76624,0.87376],[122.76786,0.87364],[122.77162,0.87925],[122.77341,0.87832],[122.77093,0.87784],[122.77255,0.87613],[122.7668,0.87184],[122.76978,0.86739],[122.77186,0.85947],[122.76097,0.85563],[122.75985,0.85579],[122.75902,0.86221],[122.75716,0.85932],[122.74985,0.85912],[122.74992,0.86227],[122.74794,0.86249],[122.74569,0.86839],[122.74979,0.86984],[122.75167,0.87308],[122.74659,0.87351],[122.74659,0.875],[122.74039,0.87861],[122.73834,0.87798],[122.73938,0.87599],[122.73734,0.87637],[122.73728,0.87439],[122.73351,0.87484],[122.73291,0.8726],[122.73814,0.86967],[122.73427,0.8706],[122.7309,0.86844],[122.73236,0.86562],[122.72976,0.86481],[122.72968,0.8626],[122.72783,0.86548],[122.72542,0.86618],[122.72519,0.86808],[122.72771,0.86937],[122.72591,0.87164],[122.72313,0.86995],[122.72552,0.86438],[122.72513,0.86167],[122.71758,0.86595],[122.71395,0.86569],[122.70771,0.86824],[122.70619,0.87249],[122.71067,0.8746],[122.70584,0.87829],[122.71244,0.87888],[122.71309,0.88171],[122.71586,0.8826],[122.71589,0.88488],[122.71141,0.88553],[122.70888,0.88323],[122.70811,0.88532],[122.70561,0.88564],[122.70611,0.88351],[122.70396,0.8832],[122.70284,0.88092],[122.70146,0.88275],[122.70274,0.88552],[122.7007,0.88456],[122.69957,0.88676],[122.7021,0.88728],[122.70456,0.89078],[122.70588,0.88779],[122.70926,0.89162],[122.71306,0.89164],[122.71371,0.88981]]],[[[122.88817,0.87401],[122.88758,0.87335],[122.88735,0.87469],[122.88823,0.87544],[122.88817,0.87401]]],[[[122.88455,0.87398],[122.88294,0.87446],[122.88304,0.87579],[122.88455,0.87398]]],[[[122.88351,0.87635],[122.88304,0.87586],[122.88346,0.87771],[122.88351,0.87635]]],[[[122.71887,0.88325],[122.72055,0.88293],[122.71973,0.88126],[122.71887,0.88325]]],[[[122.883,0.88265],[122.88311,0.88347],[122.8833,0.8822],[122.883,0.88265]]],[[[122.78437,0.88567],[122.78409,0.88287],[122.7881,0.87822],[122.79357,0.87572],[122.79026,0.87408],[122.78763,0.87651],[122.78602,0.87619],[122.78382,0.88231],[122.78219,0.88192],[122.7776,0.88549],[122.77565,0.89171],[122.77124,0.88944],[122.7714,0.89338],[122.76964,0.89326],[122.76961,0.89465],[122.76764,0.89684],[122.76374,0.89896],[122.76722,0.89892],[122.78437,0.88567]]],[[[122.87891,0.89018],[122.87785,0.89231],[122.88229,0.89048],[122.88137,0.88776],[122.87891,0.89018]]],[[[122.69397,0.89086],[122.69163,0.88988],[122.69109,0.89364],[122.69309,0.89428],[122.69397,0.89086]]],[[[122.76945,0.89332],[122.76959,0.89347],[122.76961,0.89327],[122.76945,0.89332]]],[[[123.27489,0.6979],[123.27417,0.69794],[123.27641,0.69872],[123.2781,0.69898],[123.27489,0.6979]]],[[[123.24715,0.71698],[123.24711,0.7219],[123.24925,0.72679],[123.24715,0.71698]]],[[[123.24749,0.73081],[123.24811,0.7301],[123.24914,0.72834],[123.24749,0.73081]]],[[[123.24237,0.83087],[123.24773,0.82374],[123.24822,0.81999],[123.25357,0.81651],[123.25441,0.81339],[123.27109,0.8026],[123.26801,0.79794],[123.26764,0.79447],[123.27435,0.78864],[123.26982,0.77722],[123.26856,0.76812],[123.25438,0.75808],[123.24918,0.74865],[123.21476,0.76228],[123.20596,0.75628],[123.19616,0.75598],[123.19104,0.75371],[123.18747,0.75558],[123.17888,0.75647],[123.16911,0.75437],[123.16728,0.75204],[123.16327,0.75907],[123.16107,0.77197],[123.15848,0.77437],[123.15376,0.76945],[123.14038,0.76986],[123.13401,0.76565],[123.12999,0.77119],[123.12513,0.77342],[123.12551,0.78335],[123.12401,0.78814],[123.11945,0.78879],[123.11289,0.79263],[123.09893,0.79542],[123.08196,0.80591],[123.07213,0.80572],[123.06042,0.79609],[123.05389,0.79226],[123.04888,0.79127],[123.04572,0.78784],[123.03737,0.78755],[123.02073,0.80154],[123.01566,0.80939],[123.01448,0.81585],[123.00958,0.8203],[123.001,0.77289],[122.99685,0.76788],[122.99284,0.76867],[122.98984,0.76384],[122.98507,0.76256],[122.98173,0.75851],[122.97978,0.7487],[122.97544,0.74502],[122.97853,0.74036],[122.97647,0.73664],[122.98122,0.73243],[122.97393,0.72401],[122.96906,0.72254],[122.96769,0.71861],[122.94284,0.71339],[122.93444,0.71722],[122.93307,0.71348],[122.9298,0.71272],[122.93093,0.70569],[122.92844,0.698],[122.92041,0.6927],[122.91479,0.69855],[122.91049,0.69912],[122.90479,0.70276],[122.90674,0.70516],[122.90627,0.71026],[122.90785,0.71369],[122.90282,0.71639],[122.9046,0.72001],[122.90314,0.72432],[122.90597,0.72529],[122.90663,0.73086],[122.90292,0.73277],[122.89831,0.73821],[122.89249,0.74873],[122.8858,0.74916],[122.8924,0.74912],[122.89739,0.76366],[122.90744,0.77879],[122.9231,0.78733],[122.93464,0.78566],[122.9446,0.77684],[122.95061,0.77602],[122.94827,0.78034],[122.94908,0.78331],[122.94729,0.78461],[122.9502,0.78942],[122.94945,0.7932],[122.95084,0.79302],[122.94884,0.80283],[122.95001,0.81497],[122.94639,0.81657],[122.94502,0.82075],[122.94784,0.82458],[122.94839,0.82867],[122.94744,0.82992],[122.94411,0.82895],[122.94306,0.83795],[122.94006,0.84177],[122.94615,0.8464],[122.94851,0.84614],[122.95258,0.84133],[122.95511,0.8483],[122.96504,0.85085],[122.96959,0.85387],[122.9682,0.86074],[122.9706,0.8639],[122.97327,0.86306],[122.97429,0.86593],[122.97318,0.86835],[122.97881,0.87253],[122.98019,0.87949],[122.98299,0.88294],[122.98738,0.88487],[122.98692,0.8884],[122.99135,0.89592],[122.98747,0.90223],[122.9856,0.90158],[122.98132,0.9078],[122.97442,0.90549],[122.97631,0.91299],[122.97595,0.91847],[122.97714,0.91921],[122.97613,0.92218],[122.97815,0.92414],[122.9802,0.92153],[122.99348,0.91565],[122.99302,0.91467],[122.99543,0.91387],[122.99475,0.91188],[122.99964,0.91206],[123.00595,0.91555],[123.01364,0.90706],[123.01233,0.89961],[123.01554,0.89858],[123.01552,0.89576],[123.00938,0.89418],[122.99946,0.88806],[122.99522,0.88513],[122.99434,0.8825],[123.0009,0.87954],[123.00213,0.87513],[123.00713,0.87422],[123.00808,0.87153],[123.01086,0.87226],[123.01264,0.8703],[123.01172,0.86724],[123.0155,0.86417],[123.01799,0.8703],[123.02352,0.87086],[123.02518,0.87763],[123.02887,0.87708],[123.03523,0.8794],[123.03744,0.8767],[123.04039,0.87633],[123.04233,0.88116],[123.04868,0.88394],[123.05035,0.88626],[123.04906,0.89118],[123.05303,0.89768],[123.05856,0.89889],[123.05902,0.90083],[123.06326,0.90028],[123.06773,0.9025],[123.06951,0.89902],[123.07741,0.89347],[123.07799,0.88966],[123.08525,0.88203],[123.0788,0.87404],[123.08035,0.87253],[123.08953,0.8806],[123.08788,0.88598],[123.09876,0.88032],[123.10226,0.87513],[123.11527,0.87727],[123.11206,0.87114],[123.10793,0.86933],[123.10496,0.8736],[123.1046,0.87027],[123.10262,0.86884],[123.10471,0.86094],[123.10766,0.86061],[123.10936,0.85499],[123.11178,0.85767],[123.11212,0.8625],[123.11888,0.86096],[123.12245,0.86362],[123.13291,0.86056],[123.14296,0.86334],[123.14357,0.86028],[123.14584,0.86076],[123.14753,0.85619],[123.15122,0.85619],[123.15221,0.85236],[123.15423,0.85359],[123.15409,0.86],[123.16176,0.86358],[123.16835,0.86157],[123.16498,0.86051],[123.16733,0.85802],[123.16905,0.86009],[123.16788,0.85589],[123.17816,0.85865],[123.18863,0.85885],[123.19104,0.85765],[123.18127,0.8562],[123.18734,0.85134],[123.18867,0.85454],[123.19426,0.85119],[123.19552,0.85199],[123.21782,0.83048],[123.23116,0.83047],[123.23475,0.83255],[123.24237,0.83087]],[[123.0576,0.88703],[123.05137,0.88749],[123.04992,0.88054],[123.05131,0.87114],[123.05595,0.87289],[123.0576,0.88703]]],[[[122.9018,0.83326],[122.90171,0.83708],[122.89714,0.83645],[122.89684,0.8391],[122.89477,0.8366],[122.8932,0.83898],[122.88574,0.83748],[122.88791,0.83805],[122.88969,0.84243],[122.89769,0.84504],[122.89655,0.84579],[122.89735,0.84931],[122.89935,0.84907],[122.89823,0.85167],[122.90463,0.84824],[122.90577,0.84689],[122.90505,0.84397],[122.90826,0.84057],[122.9018,0.83326]]],[[[122.91364,0.85484],[122.91467,0.85727],[122.91637,0.85492],[122.91431,0.85142],[122.91168,0.85466],[122.91364,0.85484]]],[[[122.89563,0.85622],[122.89328,0.85706],[122.8943,0.861],[122.89534,0.86175],[122.89563,0.85622]]],[[[122.92178,0.86513],[122.92228,0.86721],[122.92335,0.86524],[122.92178,0.86513]]],[[[122.89643,0.87001],[122.89788,0.86622],[122.89542,0.86911],[122.89427,0.86631],[122.89245,0.86633],[122.89356,0.87059],[122.89174,0.87019],[122.88989,0.872],[122.89382,0.87188],[122.89423,0.87034],[122.89643,0.87001]]],[[[122.88758,0.87264],[122.88758,0.87284],[122.88935,0.87224],[122.88758,0.87264]]],[[[122.89056,0.87818],[122.88912,0.8765],[122.89134,0.88304],[122.89056,0.87818]]],[[[122.95198,0.88556],[122.94961,0.88179],[122.93657,0.8882],[122.93577,0.88255],[122.93433,0.88066],[122.9321,0.88368],[122.92713,0.87787],[122.92603,0.87515],[122.92859,0.87226],[122.92699,0.87076],[122.92732,0.86592],[122.9245,0.86637],[122.9269,0.87183],[122.92379,0.87499],[122.93097,0.88483],[122.93546,0.88429],[122.93561,0.88838],[122.93916,0.88894],[122.94122,0.89243],[122.94499,0.89002],[122.94569,0.8945],[122.94721,0.895],[122.94964,0.89172],[122.94757,0.88998],[122.95198,0.88556]]],[[[122.95076,0.89321],[122.94982,0.89827],[122.95193,0.89825],[122.9542,0.89268],[122.95076,0.89321]]],[[[122.94955,0.89983],[122.94999,0.90022],[122.95097,0.8994],[122.94955,0.89983]]],[[[122.94923,0.9091],[122.94793,0.90964],[122.95087,0.90859],[122.9492,0.90684],[122.94923,0.9091]]],[[[123.10248,0.91301],[123.09757,0.91464],[123.09777,0.91163],[123.0929,0.9087],[123.09475,0.90645],[123.0943,0.90388],[123.0889,0.90675],[123.08987,0.91122],[123.09537,0.91226],[123.09683,0.9163],[123.09842,0.91676],[123.09881,0.92059],[123.09522,0.92237],[123.10117,0.92101],[123.10012,0.91629],[123.10314,0.91407],[123.10248,0.91301]]],[[[123.06427,0.92104],[123.06685,0.91637],[123.07356,0.91649],[123.07597,0.91817],[123.0764,0.91697],[123.07658,0.91688],[123.07735,0.91677],[123.07765,0.91732],[123.07877,0.91693],[123.08015,0.91876],[123.08009,0.91517],[123.08383,0.91416],[123.08645,0.90854],[123.08604,0.90717],[123.08341,0.90908],[123.08491,0.9108],[123.08332,0.91268],[123.08158,0.91148],[123.07836,0.91355],[123.08001,0.91166],[123.07767,0.91037],[123.07577,0.91572],[123.07307,0.91405],[123.07242,0.91521],[123.06597,0.91524],[123.06357,0.92176],[123.06451,0.92389],[123.06427,0.92104]]],[[[123.07875,0.917],[123.0759,0.91834],[123.07627,0.91984],[123.07967,0.9205],[123.07875,0.917]]],[[[123.09447,0.92256],[123.09508,0.9224],[123.09494,0.92229],[123.09447,0.92256]]],[[[123.09324,0.92251],[123.09349,0.92281],[123.09395,0.92269],[123.09324,0.92251]]],[[[123.04824,0.92321],[123.04681,0.92177],[123.04486,0.92431],[123.04638,0.92495],[123.0458,0.92677],[123.04099,0.92749],[123.04207,0.93486],[123.04719,0.92755],[123.04824,0.92321]]],[[[122.9719,0.93415],[122.97285,0.93164],[122.9663,0.92944],[122.96468,0.92441],[122.96007,0.924],[122.95749,0.91955],[122.95915,0.91843],[122.95364,0.91817],[122.9524,0.92076],[122.95046,0.92074],[122.95105,0.92305],[122.95664,0.91965],[122.95721,0.92313],[122.96221,0.92665],[122.96231,0.92896],[122.96461,0.92952],[122.96567,0.93201],[122.97546,0.93629],[122.97647,0.94034],[122.97264,0.94035],[122.96853,0.93797],[122.95572,0.93598],[122.95923,0.9382],[122.96297,0.93737],[122.96526,0.93915],[122.96968,0.93923],[122.97038,0.94139],[122.9826,0.94425],[122.98706,0.93999],[122.9719,0.93415]]],[[[123.04107,0.93456],[123.04075,0.9342],[123.04102,0.93461],[123.04107,0.93456]]],[[[123.04137,0.93473],[123.04138,0.93461],[123.04134,0.93478],[123.04137,0.93473]]]]},"properties":{"kph":"KPH Wil. IV Gorontalo Utara"}},{"type":"Feature","geometry":{"type":"MultiPolygon","coordinates":[[[[121.8562,0.44768],[121.8552,0.45299],[121.85887,0.45068],[121.86258,0.45063],[121.85863,0.45591],[121.86169,0.45705],[121.86118,0.46042],[121.86661,0.46517],[121.86805,0.46004],[121.86586,0.45436],[121.86938,0.45317],[121.87224,0.45793],[121.87619,0.45984],[121.87775,0.45659],[121.87735,0.45273],[121.88254,0.44785],[121.88177,0.44019],[121.89053,0.44253],[121.89058,0.44053],[121.87836,0.43614],[121.87639,0.439],[121.86845,0.44152],[121.86773,0.43825],[121.86463,0.43801],[121.86143,0.43447],[121.85867,0.4349],[121.85871,0.43173],[121.8545,0.43234],[121.85291,0.42806],[121.8474,0.4284],[121.84581,0.43042],[121.8446,0.42819],[121.83316,0.42369],[121.81446,0.4212],[121.80366,0.40996],[121.79992,0.41864],[121.80299,0.41749],[121.8058,0.41397],[121.80353,0.41753],[121.81089,0.42477],[121.80741,0.42277],[121.80908,0.42962],[121.81242,0.43466],[121.81255,0.44062],[121.81118,0.4427],[121.8136,0.45384],[121.8174,0.45558],[121.81751,0.45995],[121.83086,0.45997],[121.82963,0.45465],[121.82514,0.4515],[121.82438,0.44801],[121.82765,0.44594],[121.83212,0.44835],[121.83364,0.44392],[121.83543,0.44332],[121.83801,0.44607],[121.83447,0.45193],[121.84205,0.45602],[121.83876,0.4585],[121.83942,0.46279],[121.84255,0.46362],[121.84417,0.45847],[121.84765,0.45657],[121.84568,0.46423],[121.84755,0.46589],[121.85269,0.46043],[121.851,0.4528],[121.8562,0.44768]]],[[[121.82843,0.46164],[121.82917,0.46135],[121.82847,0.46161],[121.82843,0.46164]]],[[[121.82742,0.46253],[121.82833,0.46172],[121.82772,0.46221],[121.82742,0.46253]]],[[[121.8194,0.4623],[121.82021,0.46268],[121.81939,0.46228],[121.81828,0.46233],[121.8194,0.4623]]],[[[121.82413,0.46256],[121.82078,0.46324],[121.82413,0.46258],[121.82543,0.46315],[121.82413,0.46256]]],[[[121.99438,0.46635],[121.99605,0.45983],[121.99535,0.45989],[121.99438,0.46635]]],[[[121.99317,0.4726],[121.99332,0.46935],[121.99125,0.47178],[121.99317,0.4726]]],[[[121.99661,0.47719],[121.99317,0.4726],[121.99124,0.47565],[121.99434,0.47874],[121.99661,0.47719]]],[[[121.81487,0.46721],[121.81291,0.47046],[121.81461,0.47155],[121.81357,0.47184],[121.82377,0.49298],[121.82408,0.49106],[121.82621,0.49014],[121.82365,0.48875],[121.82707,0.48881],[121.82467,0.48668],[121.82593,0.48629],[121.82452,0.48396],[121.82536,0.48236],[121.82284,0.4795],[121.82153,0.48042],[121.82091,0.47637],[121.81901,0.47805],[121.81796,0.4762],[121.82172,0.4732],[121.82044,0.47302],[121.82194,0.46856],[121.81788,0.46627],[121.81487,0.46721]]],[[[121.98324,0.51529],[121.98181,0.50435],[121.9789,0.50381],[121.97842,0.50226],[121.98045,0.49988],[121.98223,0.50012],[121.98277,0.50203],[121.98568,0.50197],[121.98723,0.4981],[121.98895,0.50036],[121.9897,0.49438],[121.9825,0.49093],[121.97824,0.48674],[121.98172,0.48498],[121.97776,0.48089],[121.97932,0.47621],[121.97468,0.47776],[121.97331,0.47496],[121.97194,0.47805],[121.96905,0.47708],[121.97108,0.49211],[121.97597,0.49552],[121.97692,0.50167],[121.96975,0.50597],[121.96569,0.51125],[121.97108,0.51601],[121.96477,0.51783],[121.96152,0.52338],[121.96678,0.52615],[122.00156,0.5249],[121.996,0.52085],[121.99032,0.52154],[121.98872,0.51666],[121.98324,0.51529]]],[[[122.10673,0.5012],[122.10259,0.50091],[122.10633,0.50443],[122.10933,0.50325],[122.10673,0.5012]]],[[[122.10789,0.51042],[122.10364,0.51043],[122.10258,0.50768],[122.10211,0.50967],[122.10044,0.51],[122.09842,0.5071],[122.09707,0.50651],[122.09638,0.50702],[122.09798,0.51109],[122.09649,0.51096],[122.09892,0.51374],[122.10502,0.5155],[122.10789,0.51042]]],[[[122.00525,0.58144],[122.01191,0.57716],[122.01786,0.57847],[122.01983,0.57639],[122.02589,0.57531],[122.02566,0.57317],[122.02274,0.57109],[122.00924,0.56705],[122.0076,0.56505],[122.00595,0.55167],[122.00713,0.54703],[122.00897,0.5453],[122.01123,0.54566],[122.01575,0.55607],[122.01843,0.55458],[122.01867,0.55095],[122.02194,0.54935],[122.0203,0.54438],[122.01305,0.53665],[122.01477,0.5354],[122.02113,0.53591],[122.02726,0.53272],[122.03089,0.53272],[122.03987,0.52594],[122.03827,0.52451],[122.02667,0.52499],[122.02345,0.52313],[122.02203,0.51535],[122.02007,0.51381],[122.01822,0.51434],[122.01661,0.521],[122.01295,0.52085],[122.00707,0.52615],[122.00488,0.5257],[122.00799,0.52765],[122.00799,0.53074],[121.99939,0.53016],[121.98513,0.53418],[121.97687,0.53464],[121.97033,0.53871],[121.96667,0.53359],[121.95498,0.53605],[121.95261,0.52842],[121.95615,0.52884],[121.95665,0.53171],[121.9592,0.5309],[121.95837,0.52319],[121.9554,0.51879],[121.95413,0.52476],[121.9489,0.52395],[121.94775,0.53255],[121.93308,0.53515],[121.93284,0.54112],[121.93675,0.54357],[121.93338,0.54696],[121.93171,0.54395],[121.92954,0.54374],[121.9306,0.54224],[121.92851,0.54207],[121.92727,0.53903],[121.92472,0.54072],[121.92039,0.53955],[121.91888,0.54234],[121.9156,0.54048],[121.91286,0.55349],[121.90822,0.55762],[121.91252,0.55842],[121.91273,0.55995],[121.91151,0.56144],[121.90976,0.5593],[121.9079,0.56012],[121.90832,0.5631],[121.90409,0.56263],[121.90097,0.56774],[121.91503,0.57219],[121.92211,0.5713],[121.92139,0.56279],[121.92991,0.55619],[121.93857,0.56276],[121.94279,0.57121],[121.9448,0.57187],[121.94831,0.56783],[121.94307,0.56193],[121.94226,0.55693],[121.94934,0.56318],[121.95921,0.56514],[121.96215,0.5713],[121.96275,0.5779],[121.96836,0.58565],[121.97152,0.59512],[121.97468,0.59726],[121.9821,0.59827],[121.98987,0.59688],[121.99452,0.59878],[121.99612,0.59688],[121.99677,0.59093],[122.00403,0.58932],[122.00338,0.58474],[122.00525,0.58144]]],[[[121.90371,0.58186],[121.89639,0.58019],[121.89402,0.56946],[121.89144,0.5665],[121.89268,0.56191],[121.88713,0.56277],[121.88092,0.55837],[121.8684,0.55904],[121.86438,0.55732],[121.86151,0.56372],[121.85683,0.56286],[121.85734,0.55436],[121.85339,0.54968],[121.85415,0.5469],[121.84985,0.54632],[121.84898,0.55674],[121.84583,0.55942],[121.84296,0.55674],[121.84,0.55875],[121.84048,0.56277],[121.83847,0.5686],[121.83157,0.57711],[121.84886,0.57442],[121.85165,0.57506],[121.85829,0.58094],[121.87482,0.58197],[121.87941,0.58519],[121.88307,0.59447],[121.888,0.60068],[121.89577,0.6022],[121.90458,0.59946],[121.91368,0.60398],[121.91511,0.60214],[121.91436,0.59899],[121.90758,0.59007],[121.90151,0.58757],[121.9015,0.58574],[121.90448,0.58466],[121.90371,0.58186]]],[[[121.8491,0.61719],[121.8496,0.61127],[121.85151,0.60991],[121.85514,0.61181],[121.86138,0.6111],[121.8621,0.60711],[121.86442,0.60491],[121.86394,0.60288],[121.85895,0.60182],[121.8552,0.60295],[121.84449,0.59825],[121.83937,0.60086],[121.83408,0.59622],[121.83211,0.59671],[121.83117,0.6011],[121.83314,0.6011],[121.83702,0.60471],[121.84197,0.60542],[121.84544,0.60353],[121.84914,0.60607],[121.84524,0.6103],[121.84471,0.61808],[121.85166,0.62556],[121.85232,0.62941],[121.85693,0.62947],[121.85594,0.62391],[121.8491,0.61719]]],[[[121.99028,0.89661],[121.99784,0.89121],[122.00306,0.89001],[122.01351,0.89112],[122.01732,0.88824],[122.03266,0.88566],[122.04008,0.88894],[122.045,0.89398],[122.05606,0.90033],[122.06192,0.90068],[122.07298,0.90475],[122.07835,0.90445],[122.08393,0.90869],[122.08799,0.90861],[122.10135,0.90181],[122.10308,0.84922],[122.10064,0.83209],[122.10581,0.79845],[122.11048,0.73648],[122.11521,0.6999],[122.11628,0.69599],[122.11977,0.69531],[122.11955,0.68372],[122.12685,0.66698],[122.12725,0.56853],[122.11056,0.57024],[122.1128,0.58576],[122.10866,0.5815],[122.10088,0.5879],[122.09767,0.58141],[122.09806,0.57472],[122.08868,0.55894],[122.08735,0.54221],[122.08832,0.5381],[122.08158,0.52792],[122.0842,0.52275],[122.0791,0.51988],[122.07894,0.51817],[122.0718,0.5126],[122.07001,0.50868],[122.0655,0.50797],[122.06528,0.50481],[122.05674,0.49771],[122.05472,0.49674],[122.0523,0.4989],[122.0515,0.49219],[122.04907,0.49623],[122.04573,0.49804],[122.04487,0.49278],[122.03973,0.49364],[122.04029,0.48777],[122.0386,0.48519],[122.03478,0.48984],[122.03245,0.4961],[122.03144,0.48628],[122.02376,0.48245],[122.01564,0.48303],[122.01225,0.47884],[122.00223,0.47824],[121.99908,0.48324],[121.99279,0.48589],[121.99197,0.48338],[121.98929,0.48473],[121.98713,0.4839],[121.98675,0.48729],[121.99073,0.48996],[122.01299,0.49239],[122.014,0.49429],[122.0206,0.49673],[122.02244,0.49548],[122.0228,0.49852],[122.02697,0.50161],[122.04056,0.5042],[122.04466,0.50295],[122.05227,0.50372],[122.05585,0.50557],[122.05823,0.50991],[122.06468,0.51547],[122.07741,0.52166],[122.07619,0.52669],[122.08089,0.53406],[122.07553,0.53959],[122.07789,0.54843],[122.07235,0.5492],[122.07188,0.55253],[122.07658,0.55556],[122.07863,0.5638],[122.08666,0.56958],[122.08776,0.57888],[122.09181,0.58347],[122.09237,0.5901],[122.09838,0.59795],[122.09255,0.60003],[122.09725,0.60586],[122.09737,0.6171],[122.10105,0.6149],[122.10195,0.60836],[122.10581,0.59979],[122.11019,0.59696],[122.10733,0.59364],[122.11309,0.5881],[122.11424,0.59808],[122.11924,0.59858],[122.12173,0.60152],[122.12174,0.60611],[122.12482,0.61018],[122.12514,0.6182],[122.11579,0.62378],[122.1088,0.63285],[122.10554,0.63417],[122.09832,0.64173],[122.09551,0.64218],[122.09431,0.64603],[122.09138,0.64628],[122.0887,0.65322],[122.08483,0.65555],[122.08929,0.661],[122.08737,0.66428],[122.08689,0.67022],[122.08322,0.6686],[122.07806,0.67384],[122.0778,0.67593],[122.0809,0.68016],[122.08036,0.68397],[122.08212,0.68576],[122.07989,0.68633],[122.07929,0.69055],[122.07301,0.69127],[122.06463,0.68288],[122.0583,0.68509],[122.0524,0.68228],[122.0528,0.68412],[122.04776,0.68391],[122.0427,0.6863],[122.03476,0.68722],[122.03093,0.68429],[122.02289,0.68629],[122.00044,0.68018],[121.99231,0.68238],[121.93226,0.68324],[121.92222,0.68983],[121.9137,0.69079],[121.91295,0.68744],[121.90848,0.68783],[121.91019,0.68202],[121.90237,0.67883],[121.89956,0.67112],[121.89584,0.66783],[121.89417,0.66218],[121.90174,0.6536],[121.8974,0.6467],[121.89954,0.63962],[121.89972,0.62826],[121.89687,0.62552],[121.88914,0.63016],[121.88765,0.6329],[121.88295,0.63165],[121.87906,0.63364],[121.88518,0.63614],[121.88295,0.63894],[121.88098,0.63817],[121.88029,0.63914],[121.88344,0.64512],[121.8895,0.64519],[121.89246,0.64993],[121.89563,0.65054],[121.89525,0.65403],[121.89299,0.65086],[121.88879,0.65236],[121.88879,0.6585],[121.89402,0.6666],[121.89373,0.67407],[121.88681,0.67346],[121.88212,0.66755],[121.87306,0.66255],[121.8716,0.66932],[121.86988,0.66969],[121.8689,0.67276],[121.86082,0.67261],[121.86091,0.66812],[121.85654,0.66814],[121.85291,0.67701],[121.84798,0.6808],[121.8384,0.67695],[121.81272,0.66196],[121.80904,0.66329],[121.80779,0.66093],[121.80965,0.6597],[121.80584,0.65771],[121.8034,0.65398],[121.80533,0.6526],[121.79841,0.64891],[121.79069,0.64875],[121.786,0.6544],[121.78105,0.65538],[121.7743,0.65316],[121.77664,0.66704],[121.7739,0.66833],[121.76505,0.66805],[121.76202,0.67686],[121.75861,0.6802],[121.75826,0.68385],[121.76335,0.69303],[121.7615,0.69922],[121.76743,0.70388],[121.76469,0.70888],[121.76524,0.71279],[121.75714,0.72056],[121.7501,0.72244],[121.74446,0.72697],[121.74701,0.73496],[121.74744,0.74862],[121.75255,0.752],[121.75289,0.75381],[121.75103,0.75868],[121.74351,0.76746],[121.74703,0.76699],[121.75034,0.77379],[121.74972,0.77563],[121.75169,0.77555],[121.75098,0.78407],[121.75635,0.79364],[121.76785,0.79991],[121.78262,0.80518],[121.79291,0.80518],[121.79048,0.80668],[121.78579,0.81679],[121.78142,0.82088],[121.78396,0.82783],[121.79883,0.83447],[121.80007,0.83821],[121.79974,0.84363],[121.79553,0.8487],[121.78517,0.85327],[121.78282,0.85679],[121.78215,0.86255],[121.78829,0.87418],[121.78663,0.87937],[121.78794,0.89336],[121.79236,0.89412],[121.79565,0.89848],[121.79291,0.92312],[121.78986,0.92976],[121.78882,0.93675],[121.78662,0.9396],[121.79452,0.9488],[121.81376,0.95085],[121.81496,0.95442],[121.82127,0.96153],[121.83112,0.96067],[121.83329,0.96795],[121.83788,0.97385],[121.84902,0.97964],[121.8466,0.98509],[121.8499,0.9929],[121.85658,0.99306],[121.85935,0.99043],[121.86318,0.99101],[121.86721,0.98589],[121.875,0.98375],[121.87918,0.97947],[121.88797,0.97798],[121.8948,0.96741],[121.90212,0.96409],[121.90616,0.95911],[121.90906,0.95167],[121.91627,0.94328],[121.91811,0.93346],[121.92262,0.92738],[121.92834,0.92767],[121.93241,0.92989],[121.93939,0.92727],[121.9433,0.9201],[121.94782,0.91853],[121.94887,0.91331],[121.95109,0.91251],[121.95477,0.90728],[121.96588,0.90734],[121.96897,0.90477],[121.97499,0.9036],[121.98304,0.90661],[121.99028,0.89661]],[[122.10305,0.74068],[122.1032,0.74148],[122.10314,0.74119],[122.10305,0.74068]],[[122.10316,0.73975],[122.10344,0.73825],[122.10351,0.73795],[122.10316,0.73975]],[[122.10393,0.75935],[122.10425,0.75911],[122.10309,0.76003],[122.10393,0.75935]],[[122.10253,0.76063],[122.10269,0.76042],[122.10309,0.76003],[122.10253,0.76063]],[[122.1045,0.75895],[122.10459,0.75892],[122.10427,0.7591],[122.1045,0.75895]],[[122.10153,0.76237],[122.10134,0.76291],[122.10107,0.76357],[122.10153,0.76237]],[[122.10232,0.7609],[122.10244,0.76075],[122.10158,0.76225],[122.10232,0.7609]],[[122.10075,0.76499],[122.1009,0.76431],[122.10084,0.76471],[122.10075,0.76499]],[[122.10046,0.76565],[122.10048,0.76562],[122.10044,0.76576],[122.10046,0.76565]],[[122.10023,0.76643],[122.09988,0.7674],[122.10003,0.76694],[122.10023,0.76643]],[[122.09954,0.76854],[122.0991,0.76977],[122.09927,0.76914],[122.09986,0.76744],[122.09954,0.76854]],[[122.0967,0.77491],[122.09669,0.77494],[122.09668,0.77494],[122.0967,0.77491]],[[122.08365,0.81444],[122.08312,0.81494],[122.08398,0.81397],[122.08365,0.81444]],[[122.08127,0.8168],[122.08129,0.81729],[122.08125,0.81682],[122.08127,0.8168]],[[122.08153,0.82013],[122.08174,0.82115],[122.08157,0.82061],[122.08153,0.82013]],[[122.08197,0.8219],[122.08214,0.8224],[122.08228,0.82293],[122.08197,0.8219]],[[122.08199,0.82807],[122.08193,0.82824],[122.08205,0.82763],[122.08199,0.82807]],[[122.07943,0.83455],[122.07874,0.83772],[122.0789,0.83624],[122.07943,0.83455]],[[122.07863,0.83908],[122.07914,0.84028],[122.07866,0.83921],[122.07863,0.83908]],[[122.07941,0.84086],[122.07954,0.84113],[122.07952,0.84112],[122.07941,0.84086]],[[122.08245,0.84578],[122.08228,0.84532],[122.08245,0.84573],[122.08245,0.84578]],[[122.08239,0.84872],[122.08237,0.84935],[122.08228,0.84987],[122.08239,0.84872]],[[122.08188,0.85506],[122.08188,0.85529],[122.08187,0.85517],[122.08188,0.85506]],[[122.0821,0.85838],[122.08209,0.8587],[122.082,0.85726],[122.0821,0.85838]],[[122.08216,0.85978],[122.08217,0.85988],[122.08216,0.85986],[122.08216,0.85978]],[[122.08311,0.86193],[122.08339,0.86253],[122.08346,0.86272],[122.08311,0.86193]],[[122.10516,0.69995],[122.10526,0.69911],[122.10527,0.69911],[122.10516,0.69995]],[[122.10834,0.70038],[122.10787,0.70035],[122.10825,0.70031],[122.10834,0.70038]],[[122.10953,0.70577],[122.10956,0.70697],[122.10952,0.70652],[122.10953,0.70577]],[[122.1097,0.7082],[122.10983,0.70927],[122.10962,0.70764],[122.10956,0.70697],[122.1097,0.7082]],[[122.10837,0.71683],[122.10864,0.71596],[122.10857,0.71644],[122.10837,0.71683]],[[122.10778,0.71801],[122.10739,0.71873],[122.10674,0.71942],[122.10778,0.71801]],[[122.10587,0.7206],[122.1064,0.71989],[122.10569,0.72103],[122.10587,0.7206]],[[122.10517,0.72326],[122.10514,0.72365],[122.10517,0.72313],[122.10517,0.72326]],[[122.10494,0.7254],[122.10503,0.72463],[122.10484,0.72672],[122.10494,0.7254]],[[122.10478,0.72969],[122.10491,0.72881],[122.1049,0.72895],[122.10478,0.72969]],[[122.10456,0.73125],[122.10435,0.73261],[122.10469,0.73033],[122.10456,0.73125]],[[122.10375,0.74283],[122.10359,0.74244],[122.10375,0.74277],[122.10375,0.74283]],[[122.1055,0.74724],[122.10542,0.74589],[122.10557,0.74627],[122.1055,0.74724]],[[122.10538,0.74809],[122.10541,0.74793],[122.10539,0.74861],[122.10538,0.74809]],[[122.10548,0.74899],[122.10542,0.74876],[122.10568,0.74938],[122.10548,0.74899]],[[122.10581,0.75118],[122.106,0.75186],[122.10573,0.75095],[122.10581,0.75118]],[[122.10699,0.75502],[122.10699,0.75509],[122.10676,0.75403],[122.10699,0.75502]],[[122.10655,0.7575],[122.10646,0.75759],[122.10659,0.7574],[122.10655,0.7575]],[[122.10603,0.758],[122.10587,0.7581],[122.10615,0.75789],[122.10603,0.758]],[[122.1158,0.69589],[122.11492,0.69571],[122.11533,0.69577],[122.1158,0.69589]]],[[[122.11735,0.49843],[122.11395,0.49683],[122.11247,0.49814],[122.1116,0.49664],[122.114,0.49531],[122.11737,0.48913],[122.11596,0.48823],[122.11462,0.49049],[122.10774,0.48978],[122.10483,0.49186],[122.10049,0.49011],[122.0974,0.49171],[122.0987,0.49444],[122.10056,0.49448],[122.09992,0.49273],[122.10592,0.49351],[122.10584,0.49689],[122.10375,0.49572],[122.10224,0.4968],[122.10257,0.49878],[122.09999,0.49951],[122.10587,0.50021],[122.11492,0.5033],[122.11576,0.50087],[122.11896,0.50095],[122.12095,0.4947],[122.11735,0.49843]]],[[[122.11894,0.51787],[122.12023,0.5206],[122.11788,0.5244],[122.11621,0.51958],[122.10938,0.52061],[122.10919,0.52519],[122.11526,0.52457],[122.11873,0.52702],[122.11925,0.53136],[122.12314,0.53181],[122.12295,0.53738],[122.12699,0.54327],[122.1274,0.54643],[122.12503,0.52541],[122.12372,0.52477],[122.12395,0.51821],[122.1225,0.52031],[122.11894,0.51787]]],[[[122.13078,0.58308],[122.13075,0.58301],[122.13078,0.58349],[122.13078,0.58308]]],[[[122.13087,0.65722],[122.13087,0.65733],[122.13139,0.65596],[122.13087,0.65722]]],[[[122.13028,0.65962],[122.13044,0.65937],[122.13,0.65999],[122.13028,0.65962]]],[[[122.1289,0.66363],[122.12898,0.66317],[122.12879,0.66401],[122.1289,0.66363]]],[[[122.12856,0.66487],[122.12849,0.6652],[122.12867,0.66446],[122.12856,0.66487]]],[[[122.12793,0.6682],[122.12803,0.66757],[122.12791,0.6683],[122.12793,0.6682]]],[[[122.12539,0.67371],[122.12542,0.67401],[122.12547,0.6736],[122.12539,0.67371]]],[[[122.12565,0.67489],[122.12551,0.67458],[122.12577,0.67523],[122.12565,0.67489]]],[[[122.12468,0.6783],[122.12475,0.67827],[122.12489,0.67811],[122.12468,0.6783]]],[[[122.12214,0.68079],[122.12235,0.68052],[122.12244,0.68032],[122.12214,0.68079]]],[[[122.12039,0.68236],[122.12155,0.68147],[122.12101,0.68186],[122.12039,0.68236]]],[[[122.1331,0.59308],[122.13342,0.59379],[122.13328,0.59339],[122.1331,0.59308]]],[[[122.13578,0.60193],[122.13578,0.60201],[122.13584,0.60163],[122.13578,0.60193]]],[[[122.13573,0.60538],[122.13582,0.60622],[122.13582,0.60618],[122.13573,0.60538]]],[[[122.14243,0.61604],[122.14231,0.61592],[122.14241,0.61603],[122.14243,0.61604]]],[[[122.1433,0.61962],[122.14328,0.61985],[122.14338,0.61945],[122.1433,0.61962]]],[[[122.14107,0.63157],[122.14096,0.63246],[122.14102,0.63212],[122.14107,0.63157]]],[[[122.13857,0.63616],[122.13842,0.63626],[122.13785,0.63704],[122.13857,0.63616]]],[[[122.13659,0.6394],[122.13672,0.63906],[122.13639,0.63985],[122.13659,0.6394]]],[[[122.13432,0.64462],[122.13445,0.64411],[122.13413,0.6449],[122.13432,0.64462]]],[[[122.13333,0.65128],[122.13338,0.65056],[122.13339,0.64992],[122.13333,0.65128]]],[[[122.13326,0.6526],[122.13328,0.65229],[122.13315,0.65323],[122.13326,0.6526]]],[[[122.13295,0.65405],[122.13309,0.65359],[122.13312,0.65338],[122.13295,0.65405]]]]},"properties":{"kph":"KPH Wil. III Pahuwato"}},{"type":"Feature","geometry":{"type":"MultiPolygon","coordinates":[[[[124.49283,0.78756],[124.4899,0.7779],[124.48533,0.78295],[124.48476,0.78895],[124.4881,0.80087],[124.48794,0.79733],[124.49283,0.78756]]],[[[124.53752,0.93657],[124.54015,0.93668],[124.53914,0.92905],[124.53508,0.93191],[124.53752,0.93657]]],[[[124.57085,1.27911],[124.57322,1.27167],[124.56973,1.27837],[124.57131,1.28189],[124.56459,1.27811],[124.5634,1.27247],[124.56192,1.27207],[124.56216,1.27477],[124.56034,1.27592],[124.56284,1.28054],[124.5598,1.27893],[124.5587,1.28084],[124.56234,1.2851],[124.56537,1.28384],[124.56847,1.28474],[124.56804,1.28252],[124.56982,1.28585],[124.57549,1.28703],[124.5752,1.28384],[124.57085,1.27911]]],[[[124.526,1.30147],[124.52369,1.29782],[124.53439,1.28633],[124.53597,1.28248],[124.53853,1.2805],[124.54133,1.28286],[124.54263,1.28202],[124.54,1.27975],[124.53427,1.28166],[124.52508,1.29592],[124.51507,1.30091],[124.51683,1.30742],[124.51932,1.30527],[124.5211,1.3061],[124.526,1.30147]]],[[[124.51422,1.30589],[124.51445,1.30705],[124.51477,1.30613],[124.5148,1.30406],[124.51422,1.30589]]],[[[124.51226,1.30902],[124.51218,1.30892],[124.51161,1.30949],[124.51226,1.30902]]],[[[124.51864,1.31281],[124.51485,1.30793],[124.51574,1.31254],[124.5153,1.31361],[124.51242,1.31587],[124.51214,1.31693],[124.51507,1.31438],[124.51618,1.31742],[124.51864,1.31281]]],[[[124.51508,1.31301],[124.51526,1.31309],[124.51536,1.3128],[124.51508,1.31301]]],[[[124.51294,1.3129],[124.51226,1.31322],[124.51272,1.31376],[124.51294,1.3129]]],[[[124.51279,1.31464],[124.51294,1.31423],[124.51245,1.31409],[124.51279,1.31464]]],[[[124.51763,1.32731],[124.5184,1.32837],[124.51954,1.32728],[124.51724,1.32273],[124.51763,1.32731]]],[[[124.5282,1.33584],[124.52886,1.33563],[124.52826,1.33485],[124.5282,1.33584]]],[[[124.5287,1.33737],[124.52881,1.3379],[124.52958,1.33751],[124.5287,1.33737]]],[[[124.56027,1.37332],[124.55717,1.37399],[124.55615,1.37165],[124.55742,1.36934],[124.55474,1.36617],[124.55308,1.36654],[124.55267,1.36516],[124.54946,1.36769],[124.5478,1.36713],[124.54625,1.36319],[124.54918,1.35899],[124.54749,1.3564],[124.54495,1.35704],[124.54398,1.35226],[124.54132,1.35203],[124.53823,1.35518],[124.53477,1.35301],[124.5356,1.34195],[124.53306,1.34084],[124.53506,1.33585],[124.53237,1.3291],[124.52432,1.32994],[124.52268,1.33176],[124.52742,1.33411],[124.52598,1.33488],[124.52706,1.33514],[124.52804,1.33476],[124.52874,1.33498],[124.52973,1.33745],[124.52885,1.33944],[124.53095,1.3426],[124.52986,1.34286],[124.53211,1.35282],[124.54227,1.36008],[124.54411,1.36626],[124.55205,1.37285],[124.55013,1.37415],[124.55114,1.37557],[124.55156,1.37437],[124.55309,1.37695],[124.5571,1.37642],[124.56027,1.37332]]],[[[124.54018,1.36037],[124.54199,1.36006],[124.54081,1.35958],[124.54018,1.36037]]],[[[124.54115,1.36154],[124.54174,1.36207],[124.54208,1.36054],[124.54115,1.36154]]],[[[124.54898,1.37167],[124.54919,1.37202],[124.54977,1.3715],[124.54898,1.37167]]],[[[124.54983,1.37227],[124.54986,1.37174],[124.54973,1.37178],[124.54983,1.37227]]],[[[124.70848,0.84789],[124.70207,0.8472],[124.70136,0.86068],[124.70261,0.86422],[124.70635,0.86764],[124.70848,0.84789]]],[[[124.73465,0.88288],[124.73426,0.88121],[124.72801,0.87937],[124.7287,0.88307],[124.73465,0.88288]]],[[[124.71842,0.89299],[124.7126,0.87741],[124.71187,0.88102],[124.71416,0.88909],[124.71605,0.89417],[124.71842,0.89299]]],[[[124.73156,0.89717],[124.7326,0.89327],[124.73662,0.88948],[124.74335,0.89371],[124.744,0.89587],[124.74748,0.89544],[124.74186,0.88978],[124.7327,0.88493],[124.73351,0.89046],[124.7283,0.89157],[124.72831,0.89484],[124.73047,0.89616],[124.72715,0.89709],[124.721,0.89486],[124.71661,0.8965],[124.71911,0.89898],[124.73156,0.89717]]],[[[124.65985,0.87011],[124.6571,0.87384],[124.64805,0.87592],[124.63465,0.89115],[124.63705,0.89523],[124.63298,0.90341],[124.63423,0.91205],[124.64866,0.92988],[124.64685,0.93956],[124.64947,0.94852],[124.65211,0.95151],[124.65094,0.95632],[124.6456,0.95655],[124.63319,0.94789],[124.62874,0.94712],[124.62209,0.94883],[124.61771,0.94656],[124.61319,0.94785],[124.59855,0.9419],[124.5928,0.93103],[124.58491,0.92422],[124.57939,0.92192],[124.57774,0.91375],[124.57284,0.91097],[124.56865,0.89864],[124.56446,0.8917],[124.55894,0.88751],[124.5579,0.88232],[124.56005,0.87881],[124.5582,0.8763],[124.56013,0.86707],[124.55474,0.86426],[124.55437,0.86061],[124.55083,0.8545],[124.53945,0.8514],[124.53474,0.84689],[124.53367,0.84134],[124.52551,0.84033],[124.52337,0.83196],[124.52169,0.82977],[124.5197,0.83015],[124.51627,0.82455],[124.49815,0.82106],[124.49605,0.80997],[124.49144,0.80689],[124.49084,0.80933],[124.48781,0.80677],[124.48562,0.80724],[124.48546,0.80399],[124.48206,0.80391],[124.48553,0.79985],[124.48387,0.79848],[124.48039,0.79788],[124.47566,0.79442],[124.4693,0.79557],[124.46871,0.79814],[124.46559,0.799],[124.46757,0.80152],[124.4651,0.80392],[124.46955,0.8071],[124.46351,0.80968],[124.46601,0.81244],[124.46297,0.81506],[124.46698,0.81841],[124.46757,0.82134],[124.46088,0.82134],[124.46053,0.82452],[124.45897,0.8213],[124.45543,0.82094],[124.45687,0.82462],[124.45352,0.82571],[124.45259,0.83126],[124.44976,0.82684],[124.4485,0.82663],[124.44894,0.82879],[124.44296,0.83563],[124.44666,0.84051],[124.44407,0.84614],[124.44736,0.84727],[124.44991,0.85129],[124.45223,0.8515],[124.4564,0.85548],[124.46022,0.85077],[124.4583,0.84977],[124.45792,0.84744],[124.46795,0.84994],[124.46365,0.84583],[124.46574,0.84285],[124.47139,0.84665],[124.47982,0.84383],[124.48204,0.8468],[124.48513,0.8436],[124.48817,0.84354],[124.49589,0.84683],[124.49807,0.85006],[124.49978,0.85008],[124.49927,0.85194],[124.50134,0.85406],[124.50425,0.8545],[124.50501,0.86011],[124.50106,0.86662],[124.50334,0.86771],[124.50586,0.87221],[124.50391,0.87622],[124.50195,0.89033],[124.50352,0.89508],[124.50152,0.89755],[124.50369,0.90282],[124.5034,0.90911],[124.49954,0.914],[124.49992,0.91993],[124.49079,0.92324],[124.50268,0.92778],[124.50521,0.92546],[124.50343,0.94472],[124.50629,0.95139],[124.50847,0.95254],[124.51468,0.95025],[124.51893,0.95243],[124.51896,0.96112],[124.51493,0.97186],[124.51195,0.97406],[124.50634,0.97456],[124.5052,0.9769],[124.51324,0.99709],[124.51564,0.99345],[124.52061,0.99159],[124.52231,0.99197],[124.52046,0.99506],[124.52514,0.99768],[124.52333,0.99888],[124.51914,0.99666],[124.51419,1.00239],[124.51642,1.00993],[124.52479,1.01715],[124.52577,1.01976],[124.52847,1.03881],[124.5267,1.05895],[124.54311,1.08991],[124.54434,1.09931],[124.54245,1.1249],[124.54346,1.13174],[124.54684,1.13495],[124.5512,1.13457],[124.55654,1.12465],[124.56041,1.12073],[124.55894,1.11245],[124.56005,1.10871],[124.5678,1.10512],[124.57232,1.09835],[124.57905,1.0931],[124.57921,1.08509],[124.58431,1.07808],[124.59273,1.05794],[124.59019,1.04263],[124.59831,1.03151],[124.60792,1.02262],[124.60343,1.017],[124.60681,1.00857],[124.61248,1.00594],[124.61374,1.00281],[124.61886,1.00333],[124.62201,1.00675],[124.62044,1.01961],[124.62907,1.01667],[124.63319,1.00693],[124.64598,0.99931],[124.64131,1.00079],[124.64138,0.99771],[124.63872,0.99442],[124.63643,0.99498],[124.62328,0.98587],[124.61912,0.97884],[124.62059,0.97762],[124.61962,0.97583],[124.62814,0.97414],[124.62712,0.98395],[124.63544,0.9838],[124.63892,0.98554],[124.63844,0.98731],[124.64672,0.99859],[124.65706,0.98725],[124.66292,0.98401],[124.6763,0.97902],[124.68948,0.97827],[124.70373,0.97122],[124.72048,0.96025],[124.72603,0.95027],[124.72697,0.94378],[124.72511,0.93337],[124.71843,0.92035],[124.69796,0.89544],[124.69107,0.89077],[124.67908,0.87806],[124.66337,0.86928],[124.65985,0.87011]],[[124.69875,0.91782],[124.70002,0.91954],[124.70542,0.91902],[124.70461,0.92142],[124.70217,0.91954],[124.69875,0.92345],[124.69559,0.91939],[124.69315,0.91861],[124.69357,0.91701],[124.69875,0.91782]],[[124.69803,0.92589],[124.70908,0.9222],[124.71519,0.93251],[124.70897,0.93539],[124.70559,0.93451],[124.70391,0.93669],[124.70616,0.9363],[124.70557,0.93939],[124.70198,0.93737],[124.69727,0.94626],[124.69556,0.94565],[124.69923,0.93548],[124.6982,0.93438],[124.69448,0.93514],[124.69248,0.92507],[124.69803,0.92589]],[[124.55257,0.95883],[124.5496,0.95091],[124.54279,0.94917],[124.54032,0.94137],[124.53563,0.9412],[124.53284,0.93931],[124.52947,0.94205],[124.52902,0.94038],[124.5264,0.94122],[124.52227,0.93934],[124.52304,0.93455],[124.52494,0.93407],[124.52692,0.93756],[124.52871,0.93561],[124.52606,0.93044],[124.52689,0.92376],[124.52343,0.92105],[124.52476,0.91851],[124.52941,0.91707],[124.52746,0.91075],[124.5328,0.91106],[124.53668,0.91512],[124.53764,0.92122],[124.53652,0.92221],[124.53928,0.92781],[124.54403,0.92159],[124.55356,0.92233],[124.57149,0.93062],[124.58411,0.94286],[124.58523,0.94893],[124.58276,0.95313],[124.57149,0.95375],[124.56481,0.9608],[124.56156,0.96188],[124.55257,0.95883]],[[124.62933,0.94975],[124.639,0.95258],[124.63893,0.95694],[124.63642,0.9587],[124.63257,0.95575],[124.63336,0.96084],[124.62767,0.96424],[124.62869,0.95714],[124.62641,0.95432],[124.62933,0.94975]],[[124.66469,0.95872],[124.66033,0.96298],[124.65392,0.96157],[124.6498,0.96441],[124.65102,0.95707],[124.66469,0.95872]],[[124.63036,0.97202],[124.62693,0.96993],[124.63138,0.96645],[124.63244,0.96715],[124.63036,0.97202]],[[124.58931,1.00202],[124.58515,1.0019],[124.5836,0.99795],[124.58975,0.9981],[124.58859,0.99908],[124.58931,1.00202]],[[124.58298,1.00374],[124.58413,1.00458],[124.58459,1.0031],[124.58619,1.00682],[124.58751,1.00534],[124.5878,1.00712],[124.58251,1.00821],[124.58298,1.00374]],[[124.56001,1.02349],[124.5598,1.01912],[124.56568,1.01725],[124.56454,1.01301],[124.54825,1.01316],[124.54211,1.00689],[124.54384,0.99908],[124.54976,0.99735],[124.55431,0.99944],[124.57499,0.99853],[124.57926,1.0056],[124.57313,1.01092],[124.57343,1.01358],[124.57946,1.02389],[124.58573,1.02219],[124.58969,1.0193],[124.59434,1.01923],[124.59544,1.02071],[124.59022,1.02385],[124.59096,1.02999],[124.58888,1.03301],[124.58162,1.03352],[124.57893,1.02763],[124.57697,1.02993],[124.56796,1.03173],[124.56001,1.02349]]],[[[124.70684,1.18382],[124.70784,1.18214],[124.71832,1.17273],[124.71373,1.17339],[124.70834,1.17138],[124.70788,1.17031],[124.71326,1.16668],[124.72035,1.16521],[124.72181,1.16894],[124.71839,1.17061],[124.71861,1.17179],[124.72892,1.17054],[124.72963,1.17382],[124.73308,1.17298],[124.73463,1.17474],[124.73365,1.17249],[124.73871,1.17198],[124.73853,1.16698],[124.74011,1.16433],[124.74614,1.16251],[124.74776,1.16476],[124.75159,1.16086],[124.75259,1.16259],[124.75466,1.16191],[124.75479,1.16516],[124.75876,1.1581],[124.76022,1.16085],[124.7622,1.15956],[124.76268,1.16373],[124.76685,1.1664],[124.76866,1.16104],[124.76758,1.15953],[124.76539,1.15978],[124.76548,1.15593],[124.76919,1.15718],[124.76917,1.15405],[124.77298,1.1572],[124.77357,1.15539],[124.77564,1.15621],[124.77746,1.1526],[124.77498,1.14869],[124.76806,1.14698],[124.76469,1.14446],[124.76964,1.142],[124.76791,1.13801],[124.77308,1.13378],[124.77204,1.13112],[124.77792,1.13113],[124.77269,1.12649],[124.77588,1.11291],[124.7707,1.11438],[124.7698,1.10911],[124.77163,1.10419],[124.77673,1.10204],[124.77819,1.10253],[124.77841,1.10494],[124.7816,1.10362],[124.78622,1.11036],[124.78957,1.10987],[124.7917,1.1129],[124.79809,1.11358],[124.80527,1.10738],[124.80421,1.10621],[124.80547,1.1012],[124.80302,1.10251],[124.80319,1.09854],[124.80019,1.09819],[124.7999,1.09049],[124.80241,1.08617],[124.79976,1.08616],[124.79952,1.08368],[124.79621,1.08284],[124.79596,1.07971],[124.79034,1.07789],[124.79182,1.07532],[124.78877,1.076],[124.78811,1.074],[124.78096,1.07079],[124.77572,1.07169],[124.76767,1.06479],[124.76181,1.06472],[124.75684,1.06178],[124.75413,1.06224],[124.75131,1.05922],[124.74499,1.05641],[124.74472,1.06371],[124.73726,1.06596],[124.7341,1.07466],[124.73105,1.07829],[124.72819,1.07971],[124.72194,1.07698],[124.71974,1.08534],[124.71534,1.08929],[124.71421,1.09324],[124.71144,1.09295],[124.70674,1.09575],[124.70612,1.09405],[124.70247,1.09389],[124.70057,1.09505],[124.70083,1.09979],[124.69881,1.10174],[124.69104,1.10265],[124.68004,1.10668],[124.6791,1.10875],[124.67291,1.11026],[124.67425,1.11092],[124.67296,1.11373],[124.67367,1.11776],[124.67652,1.1228],[124.67371,1.12756],[124.67448,1.13448],[124.67239,1.13647],[124.66729,1.13833],[124.64918,1.13844],[124.64949,1.14202],[124.65195,1.14276],[124.65152,1.14373],[124.64241,1.14633],[124.64097,1.15455],[124.6436,1.15744],[124.64206,1.1598],[124.64411,1.16268],[124.64345,1.16532],[124.64497,1.16856],[124.64714,1.16791],[124.6457,1.1704],[124.64682,1.17003],[124.64919,1.17384],[124.6504,1.17144],[124.65213,1.1715],[124.65114,1.17475],[124.64853,1.17603],[124.64976,1.17846],[124.65456,1.17592],[124.65273,1.17992],[124.65354,1.18306],[124.66105,1.18458],[124.66654,1.1788],[124.66981,1.17951],[124.67255,1.17746],[124.67376,1.17917],[124.67571,1.17813],[124.6802,1.18019],[124.68931,1.17979],[124.69243,1.18676],[124.70066,1.18636],[124.70198,1.18979],[124.70738,1.18761],[124.7089,1.18503],[124.70684,1.18382]]],[[[124.60698,1.25661],[124.60394,1.25727],[124.59401,1.26391],[124.59494,1.26497],[124.59851,1.2616],[124.59912,1.26299],[124.60107,1.26165],[124.60364,1.2626],[124.60758,1.25819],[124.60698,1.25661]]],[[[124.5925,1.2643],[124.59116,1.26672],[124.59361,1.26524],[124.5925,1.2643]]],[[[124.57371,1.27061],[124.57329,1.271],[124.57346,1.27144],[124.5766,1.2709],[124.57371,1.27061]]],[[[124.59001,1.26761],[124.57849,1.27067],[124.58386,1.27146],[124.58699,1.26987],[124.58735,1.27439],[124.59003,1.27723],[124.59195,1.27217],[124.59001,1.26761]]],[[[124.72974,1.31071],[124.72769,1.31303],[124.72172,1.31464],[124.72012,1.31696],[124.71613,1.31704],[124.72273,1.32293],[124.72737,1.32316],[124.73102,1.31982],[124.73247,1.32063],[124.72974,1.31071]]],[[[124.72786,1.33061],[124.72667,1.32772],[124.729,1.3254],[124.7158,1.32134],[124.71412,1.31758],[124.70766,1.31725],[124.69952,1.3192],[124.69132,1.31293],[124.68559,1.31991],[124.69068,1.32663],[124.701,1.32903],[124.70315,1.33163],[124.70704,1.32901],[124.71213,1.33303],[124.71604,1.33246],[124.71818,1.33459],[124.72395,1.33328],[124.72786,1.33061]]],[[[124.58403,1.39647],[124.58783,1.39523],[124.58737,1.39256],[124.57872,1.38681],[124.57847,1.38301],[124.57577,1.3829],[124.57419,1.38084],[124.57261,1.38113],[124.57293,1.38301],[124.56659,1.37805],[124.56663,1.38019],[124.57153,1.3824],[124.57033,1.38355],[124.5672,1.38144],[124.56772,1.38391],[124.56979,1.3845],[124.57415,1.38273],[124.57355,1.38481],[124.57599,1.3854],[124.57368,1.38808],[124.57435,1.39091],[124.58034,1.39801],[124.58411,1.39803],[124.58403,1.39647]]],[[[124.63921,1.39997],[124.63879,1.39924],[124.63851,1.4014],[124.63921,1.39997]]],[[[124.63507,1.40656],[124.63601,1.40476],[124.63361,1.40614],[124.63371,1.40785],[124.63507,1.40656]]],[[[124.61831,1.41736],[124.61846,1.41568],[124.61741,1.41745],[124.61455,1.41386],[124.61323,1.41416],[124.6152,1.41614],[124.60972,1.41435],[124.61039,1.4127],[124.6078,1.41093],[124.60955,1.40887],[124.60815,1.40746],[124.61117,1.40604],[124.60695,1.40322],[124.60801,1.40123],[124.60579,1.40045],[124.60404,1.39697],[124.59402,1.39509],[124.591,1.39631],[124.59163,1.39866],[124.59361,1.39871],[124.59513,1.40104],[124.59943,1.39956],[124.603,1.40142],[124.60288,1.4041],[124.6054,1.40602],[124.60517,1.41163],[124.60881,1.4153],[124.61493,1.41832],[124.6242,1.41811],[124.61831,1.41736]]],[[[124.62795,1.41459],[124.62758,1.41231],[124.62478,1.41535],[124.6248,1.4177],[124.62795,1.41459]]],[[[124.73803,0.86043],[124.73835,0.85918],[124.73767,0.85957],[124.73803,0.86043]]],[[[124.73906,0.86097],[124.74192,0.86245],[124.74146,0.86118],[124.73906,0.86097]]],[[[124.74761,0.86365],[124.74734,0.86292],[124.74706,0.86352],[124.74761,0.86365]]],[[[124.74397,0.86378],[124.74627,0.86401],[124.74538,0.86373],[124.74397,0.86378]]],[[[124.76404,0.87846],[124.76606,0.87748],[124.76395,0.87365],[124.76219,0.87422],[124.76404,0.87846]]],[[[124.73792,0.88219],[124.73481,0.88224],[124.73803,0.88435],[124.73998,0.88372],[124.73792,0.88219]]],[[[124.76777,0.89171],[124.76054,0.88795],[124.76153,0.88876],[124.76008,0.89317],[124.75793,0.89445],[124.75323,0.8931],[124.75212,0.8967],[124.75075,0.89688],[124.75373,0.89659],[124.75343,0.89369],[124.75794,0.89717],[124.76714,0.89362],[124.76777,0.89171]]],[[[124.91021,0.97577],[124.91724,0.97733],[124.91866,0.976],[124.91606,0.97384],[124.91635,0.97121],[124.91247,0.96981],[124.90878,0.97187],[124.90275,0.97079],[124.89626,0.97608],[124.90365,0.97835],[124.91021,0.97577]]],[[[124.89402,0.98107],[124.88872,0.98462],[124.88749,0.99084],[124.88482,0.98963],[124.88669,0.98794],[124.88646,0.98519],[124.88505,0.98504],[124.8846,0.98703],[124.88372,0.9851],[124.88423,0.98049],[124.88593,0.97898],[124.88276,0.97482],[124.88732,0.97506],[124.88492,0.97259],[124.87427,0.97003],[124.85973,0.96925],[124.85839,0.97049],[124.86049,0.97382],[124.8649,0.97188],[124.86492,0.97359],[124.86911,0.97507],[124.8748,0.98129],[124.87684,0.98068],[124.87813,0.98826],[124.88236,0.99207],[124.88576,0.99142],[124.88544,0.99519],[124.88985,0.99912],[124.89161,0.99873],[124.8941,0.99273],[124.89402,0.98107]]],[[[124.95614,1.11621],[124.96619,1.11407],[124.96445,1.10741],[124.96571,1.10537],[124.96422,1.10443],[124.9638,1.10055],[124.95949,1.09961],[124.96123,1.09725],[124.95662,1.09314],[124.95659,1.0912],[124.959,1.09012],[124.95959,1.08555],[124.95474,1.08467],[124.9516,1.0869],[124.942,1.08585],[124.93843,1.08316],[124.9325,1.08511],[124.93172,1.08684],[124.92989,1.08644],[124.92881,1.09308],[124.92509,1.09277],[124.92344,1.09586],[124.92822,1.09786],[124.93187,1.1031],[124.93093,1.10536],[124.93421,1.10653],[124.93575,1.11003],[124.93419,1.11821],[124.94068,1.12245],[124.94837,1.12085],[124.95327,1.12222],[124.95614,1.11621]]],[[[124.84647,1.11977],[124.84866,1.12324],[124.85029,1.12161],[124.8512,1.12018],[124.84963,1.119],[124.85279,1.11699],[124.85435,1.11154],[124.85414,1.1101],[124.85131,1.10943],[124.85383,1.10487],[124.85658,1.10462],[124.85725,1.10009],[124.86228,1.09737],[124.85841,1.09416],[124.85534,1.09639],[124.85328,1.10195],[124.85062,1.10255],[124.85213,1.09506],[124.85548,1.09097],[124.85474,1.08775],[124.8499,1.09616],[124.84796,1.096],[124.84683,1.09867],[124.84058,1.10334],[124.83455,1.10239],[124.82743,1.1053],[124.8265,1.10039],[124.82044,1.10254],[124.8186,1.09876],[124.81743,1.10151],[124.81465,1.10147],[124.81235,1.10355],[124.81083,1.10841],[124.80306,1.11496],[124.80994,1.11782],[124.81194,1.11691],[124.81599,1.11965],[124.81916,1.11773],[124.81879,1.11412],[124.82313,1.11516],[124.82817,1.11915],[124.82951,1.12213],[124.83873,1.1264],[124.83998,1.12991],[124.84212,1.12582],[124.84045,1.12282],[124.84302,1.12224],[124.8426,1.12419],[124.84541,1.12465],[124.84647,1.11977]],[[124.85503,1.10123],[124.8544,1.10224],[124.854,1.10172],[124.85503,1.10123]],[[124.85229,1.11379],[124.85317,1.11366],[124.85206,1.11475],[124.85229,1.11379]],[[124.80955,1.11614],[124.80887,1.11504],[124.81117,1.11481],[124.80955,1.11614]],[[124.84753,1.11753],[124.84835,1.11675],[124.84879,1.11711],[124.84753,1.11753]],[[124.83425,1.12294],[124.83273,1.12109],[124.8352,1.12051],[124.83425,1.12294]]],[[[124.89644,1.15371],[124.89828,1.15083],[124.89545,1.1488],[124.89709,1.14796],[124.89691,1.14542],[124.89888,1.14356],[124.89783,1.1416],[124.90125,1.13714],[124.89954,1.13684],[124.89881,1.13893],[124.89554,1.14007],[124.89488,1.13726],[124.89328,1.14022],[124.89055,1.14105],[124.88915,1.14041],[124.89087,1.13693],[124.88945,1.13586],[124.89128,1.13349],[124.88157,1.13568],[124.87845,1.13996],[124.87988,1.14265],[124.87721,1.14406],[124.87991,1.14406],[124.88027,1.14549],[124.88517,1.14444],[124.88547,1.14588],[124.88388,1.14637],[124.88478,1.14779],[124.87614,1.14705],[124.87552,1.14881],[124.88173,1.15207],[124.88458,1.15081],[124.88592,1.15249],[124.88767,1.14958],[124.88907,1.15009],[124.88809,1.15326],[124.89058,1.15413],[124.88869,1.16062],[124.89308,1.16308],[124.8927,1.15999],[124.89703,1.15846],[124.89905,1.15411],[124.89644,1.15371]]],[[[124.81714,1.23508],[124.81527,1.2333],[124.80856,1.23808],[124.81513,1.24202],[124.8181,1.2399],[124.81714,1.23508]]],[[[124.85674,1.26592],[124.85621,1.26339],[124.84952,1.26416],[124.84949,1.26738],[124.85437,1.26797],[124.85674,1.26592]]],[[[125.00697,1.34751],[125.00215,1.3433],[125.01188,1.33936],[125.01499,1.34347],[125.01603,1.33943],[125.01501,1.33745],[125.01699,1.33886],[125.01669,1.34463],[125.01799,1.34651],[125.02016,1.34617],[125.01939,1.33617],[125.0147,1.3331],[125.01022,1.33385],[125.00862,1.33149],[125.0101,1.32873],[125.00885,1.32337],[125.00446,1.31794],[125.00186,1.32456],[124.99906,1.32535],[124.99502,1.32969],[124.99134,1.33077],[124.98862,1.32798],[124.98764,1.32174],[124.9844,1.31773],[124.98435,1.30754],[124.99275,1.3033],[124.99737,1.30543],[125.00014,1.30367],[124.9948,1.2992],[124.99539,1.29277],[124.99291,1.29041],[124.98891,1.29153],[124.98885,1.28859],[124.98736,1.28889],[124.98633,1.28692],[124.98019,1.28901],[124.97881,1.28814],[124.97832,1.28521],[124.98265,1.28178],[124.98401,1.27876],[124.98295,1.27558],[124.98496,1.27257],[124.98069,1.26983],[124.98121,1.26795],[124.97842,1.26385],[124.9762,1.26333],[124.97702,1.26003],[124.97464,1.25947],[124.97386,1.25607],[124.97098,1.25639],[124.97126,1.25487],[124.96726,1.25246],[124.96939,1.24711],[124.96361,1.24552],[124.96262,1.25121],[124.9569,1.25569],[124.95501,1.25891],[124.95686,1.26047],[124.95325,1.26139],[124.95246,1.26374],[124.95558,1.2673],[124.95451,1.27344],[124.95731,1.27576],[124.95666,1.27787],[124.95929,1.2776],[124.96229,1.2733],[124.9615,1.27948],[124.9663,1.28218],[124.96835,1.27938],[124.96969,1.28769],[124.97079,1.28668],[124.97014,1.30827],[124.96754,1.30926],[124.97018,1.31068],[124.96993,1.31322],[124.96724,1.31509],[124.96701,1.31888],[124.9654,1.32036],[124.96979,1.323],[124.9684,1.32656],[124.9664,1.32682],[124.96745,1.33029],[124.97171,1.32797],[124.98019,1.32794],[124.98269,1.33088],[124.98273,1.33847],[124.99234,1.34366],[124.99521,1.35009],[125.00183,1.35173],[125.00697,1.34751]]],[[[124.86615,1.33121],[124.86813,1.32913],[124.86395,1.32597],[124.86709,1.325],[124.86838,1.32808],[124.8694,1.32845],[124.86917,1.32677],[124.87233,1.32813],[124.8749,1.32641],[124.87442,1.32444],[124.8679,1.31897],[124.86403,1.31939],[124.86213,1.32232],[124.85985,1.32164],[124.85977,1.32552],[124.85683,1.32693],[124.85665,1.32882],[124.86008,1.33285],[124.86152,1.32961],[124.86615,1.33121]]],[[[124.87089,1.37535],[124.87023,1.37041],[124.87235,1.36951],[124.87614,1.37251],[124.87839,1.37272],[124.87964,1.37092],[124.88111,1.37521],[124.88597,1.37834],[124.88356,1.3665],[124.88046,1.36185],[124.87596,1.3598],[124.87585,1.35498],[124.86618,1.3506],[124.86564,1.34846],[124.86857,1.34799],[124.86947,1.34547],[124.86925,1.34265],[124.86632,1.34093],[124.86302,1.34584],[124.85954,1.34513],[124.85656,1.35181],[124.85907,1.3555],[124.86178,1.35563],[124.86595,1.35863],[124.86389,1.36505],[124.86126,1.36612],[124.86182,1.37607],[124.86564,1.37565],[124.8687,1.37882],[124.87089,1.37535]]],[[[124.78869,1.39673],[124.79123,1.39494],[124.79304,1.3981],[124.79789,1.39945],[124.80232,1.39778],[124.80854,1.40474],[124.8136,1.40188],[124.80847,1.39843],[124.80526,1.39189],[124.80384,1.38154],[124.8059,1.38023],[124.80566,1.37667],[124.8082,1.37538],[124.80598,1.37459],[124.80146,1.38051],[124.79711,1.37661],[124.79088,1.37556],[124.78869,1.37273],[124.78573,1.37244],[124.78324,1.36928],[124.78832,1.36302],[124.78674,1.35896],[124.78534,1.35784],[124.78343,1.35901],[124.78316,1.35529],[124.78007,1.35187],[124.7822,1.3503],[124.78171,1.34845],[124.7837,1.3453],[124.7826,1.34273],[124.77637,1.34442],[124.77566,1.34756],[124.77388,1.3476],[124.77431,1.3458],[124.77054,1.34418],[124.76948,1.34199],[124.76258,1.34334],[124.76298,1.3452],[124.76093,1.34675],[124.75467,1.3472],[124.75125,1.35103],[124.7521,1.3585],[124.74946,1.35959],[124.75022,1.36306],[124.74411,1.36449],[124.74349,1.36592],[124.74709,1.37713],[124.73998,1.37719],[124.74007,1.37888],[124.74507,1.3801],[124.74885,1.38396],[124.75242,1.37739],[124.75294,1.38167],[124.75599,1.38229],[124.75616,1.38063],[124.75782,1.38056],[124.75649,1.3762],[124.75815,1.37706],[124.76001,1.37499],[124.75721,1.36923],[124.76078,1.36854],[124.76283,1.37134],[124.764,1.37029],[124.76511,1.37286],[124.76645,1.37246],[124.76604,1.37698],[124.77338,1.37672],[124.77169,1.37883],[124.77465,1.37949],[124.77293,1.38183],[124.77334,1.38496],[124.77474,1.38399],[124.7766,1.3852],[124.77642,1.38254],[124.78002,1.3821],[124.77889,1.38448],[124.78193,1.3865],[124.78091,1.39023],[124.78671,1.39501],[124.78633,1.39601],[124.77953,1.39371],[124.77884,1.3958],[124.78257,1.39628],[124.78134,1.39752],[124.78633,1.40065],[124.78293,1.40158],[124.78637,1.40528],[124.78639,1.40897],[124.79173,1.40444],[124.79223,1.40019],[124.78869,1.39673]]]]},"properties":{"kph":"KPH UNIT V MINAHASA, MINAHASA TENGGARA, MINAHASA SELATAN DAN TOMOHON"}},{"type":"Feature","geometry":{"type":"MultiPolygon","coordinates":[[[[125.35235,2.0997],[125.35435,2.10235],[125.35499,2.09983],[125.35339,2.09867],[125.34876,2.10029],[125.34866,2.09709],[125.34726,2.09419],[125.34887,2.10162],[125.35001,2.10253],[125.35235,2.0997]]],[[[125.35455,2.10328],[125.35448,2.10294],[125.35436,2.10336],[125.35455,2.10328]]],[[[125.35393,2.10665],[125.35271,2.10507],[125.35418,2.10365],[125.35262,2.10379],[125.35229,2.10491],[125.35363,2.10873],[125.35844,2.1067],[125.36093,2.10323],[125.3643,2.10527],[125.36079,2.10931],[125.3623,2.11337],[125.36163,2.109],[125.36372,2.10733],[125.36486,2.10403],[125.36124,2.1015],[125.35393,2.10665]]],[[[125.36103,2.11417],[125.36096,2.11445],[125.36129,2.11407],[125.36103,2.11417]]],[[[125.35674,2.11502],[125.35909,2.11547],[125.3594,2.11539],[125.35674,2.11502]]],[[[125.3551,2.1143],[125.35509,2.11991],[125.35337,2.11875],[125.35395,2.12596],[125.36012,2.12799],[125.3583,2.12539],[125.35458,2.12393],[125.35375,2.12016],[125.35538,2.12057],[125.3551,2.1143]]],[[[125.37615,2.30636],[125.37747,2.30552],[125.3773,2.3007],[125.3715,2.29455],[125.36622,2.2933],[125.36336,2.29466],[125.36027,2.29382],[125.35659,2.29625],[125.35345,2.29969],[125.3519,2.30657],[125.35308,2.31123],[125.36564,2.32197],[125.36976,2.31476],[125.3733,2.3138],[125.37534,2.31051],[125.3786,2.31125],[125.37615,2.30636]]],[[[125.44153,2.34188],[125.43785,2.34344],[125.4338,2.3427],[125.43086,2.33984],[125.42957,2.33556],[125.42285,2.33312],[125.41284,2.33637],[125.40615,2.33465],[125.40036,2.34016],[125.39764,2.34578],[125.39943,2.34966],[125.40283,2.34972],[125.40583,2.34075],[125.40854,2.33922],[125.41344,2.34115],[125.419,2.34066],[125.4281,2.34516],[125.43013,2.3509],[125.43363,2.34853],[125.44621,2.34875],[125.44153,2.34188]]],[[[125.41925,2.356],[125.42086,2.35097],[125.41791,2.34724],[125.41118,2.34546],[125.40485,2.3475],[125.40303,2.35228],[125.40918,2.36456],[125.41182,2.36605],[125.41862,2.36359],[125.41994,2.36454],[125.4208,2.36033],[125.41925,2.356]]],[[[125.29689,2.35122],[125.29463,2.35676],[125.29969,2.36461],[125.30163,2.36479],[125.30251,2.36063],[125.30385,2.36072],[125.30337,2.35477],[125.30829,2.35111],[125.30227,2.34853],[125.29689,2.35122]]],[[[125.37014,2.35925],[125.37038,2.35644],[125.37263,2.35497],[125.37348,2.35151],[125.3701,2.35558],[125.36923,2.36268],[125.37272,2.37101],[125.37619,2.3736],[125.37631,2.37617],[125.38343,2.38123],[125.38254,2.37834],[125.37396,2.37085],[125.37014,2.35925]]],[[[125.41596,2.63647],[125.41677,2.63553],[125.41503,2.63562],[125.41596,2.63647]]],[[[125.39945,2.63742],[125.3995,2.63691],[125.39923,2.63713],[125.39945,2.63742]]],[[[125.42111,2.63644],[125.42001,2.63672],[125.42279,2.63888],[125.42111,2.63644]]],[[[125.3976,2.63824],[125.39805,2.63835],[125.39861,2.63744],[125.3976,2.63824]]],[[[125.39581,2.63966],[125.3945,2.63982],[125.39625,2.63997],[125.39716,2.63835],[125.39581,2.63966]]],[[[125.39285,2.64024],[125.39426,2.63983],[125.39378,2.63965],[125.39285,2.64024]]],[[[125.39251,2.64024],[125.39236,2.6404],[125.39251,2.64059],[125.39251,2.64024]]],[[[125.42406,2.63991],[125.42308,2.63948],[125.42337,2.64153],[125.42406,2.63991]]],[[[125.42607,2.64303],[125.42439,2.6422],[125.42576,2.64374],[125.42607,2.64303]]],[[[125.3876,2.64343],[125.38754,2.64358],[125.38765,2.64367],[125.3876,2.64343]]],[[[125.42703,2.64524],[125.42871,2.64591],[125.42846,2.64474],[125.42667,2.64383],[125.42703,2.64524]]],[[[125.43013,2.6559],[125.43152,2.64947],[125.42922,2.64699],[125.42894,2.65187],[125.42496,2.65984],[125.43013,2.6559]]],[[[125.45646,2.65429],[125.46034,2.65604],[125.45911,2.65739],[125.45953,2.6591],[125.45558,2.6602],[125.456,2.66189],[125.45969,2.65911],[125.46122,2.65607],[125.46108,2.65478],[125.45646,2.65429]]],[[[125.45481,2.66264],[125.45478,2.66301],[125.4555,2.66235],[125.45481,2.66264]]],[[[125.45829,2.6665],[125.45517,2.66565],[125.45368,2.66898],[125.45006,2.66929],[125.45406,2.66345],[125.44908,2.67006],[125.45272,2.67063],[125.45587,2.66704],[125.45824,2.67119],[125.46246,2.67354],[125.46318,2.67121],[125.46077,2.67121],[125.45829,2.6665]]],[[[125.3885,2.67772],[125.39529,2.67418],[125.39708,2.66729],[125.39459,2.66552],[125.39824,2.66446],[125.39136,2.65771],[125.39002,2.65876],[125.38366,2.65656],[125.38314,2.65859],[125.37885,2.66123],[125.37951,2.66286],[125.3769,2.66644],[125.37661,2.67099],[125.37864,2.67579],[125.3755,2.6781],[125.37511,2.68043],[125.37383,2.67996],[125.37008,2.69037],[125.37752,2.69523],[125.3811,2.6925],[125.38843,2.69458],[125.39068,2.6923],[125.3885,2.67772]],[[125.37766,2.68073],[125.38059,2.67778],[125.38265,2.68196],[125.37766,2.68073]]],[[[125.45541,2.67708],[125.4522,2.67677],[125.45089,2.67811],[125.45189,2.67758],[125.45257,2.67944],[125.45541,2.67708]]],[[[125.39214,2.68065],[125.39253,2.67952],[125.39212,2.67955],[125.39214,2.68065]]],[[[125.44873,2.68127],[125.44957,2.68124],[125.44849,2.68011],[125.44873,2.68127]]],[[[125.39192,2.68209],[125.39175,2.68209],[125.39194,2.68296],[125.39192,2.68209]]],[[[125.39975,2.7295],[125.39701,2.72888],[125.39786,2.72459],[125.40083,2.71991],[125.39779,2.71904],[125.39797,2.71617],[125.38938,2.71574],[125.3883,2.71314],[125.38595,2.71336],[125.38719,2.70851],[125.38461,2.70941],[125.38316,2.71429],[125.3801,2.71585],[125.37914,2.71065],[125.37479,2.7077],[125.37403,2.71162],[125.36888,2.70998],[125.36702,2.71534],[125.365,2.7163],[125.36415,2.7207],[125.36528,2.72431],[125.3634,2.72483],[125.36446,2.72772],[125.36289,2.73391],[125.36852,2.73659],[125.3649,2.73971],[125.37084,2.73602],[125.37408,2.73972],[125.38026,2.73708],[125.37877,2.74209],[125.37977,2.74225],[125.38309,2.73821],[125.38695,2.73733],[125.38939,2.73846],[125.39265,2.73392],[125.39577,2.73407],[125.39975,2.7295]]],[[[125.55683,3.53535],[125.56111,3.53426],[125.56068,3.53121],[125.56389,3.531],[125.5636,3.53309],[125.56755,3.5302],[125.562,3.52335],[125.5651,3.51622],[125.56995,3.51508],[125.568,3.50925],[125.57156,3.50712],[125.57072,3.50372],[125.56539,3.50214],[125.56476,3.49906],[125.56758,3.49912],[125.56695,3.4952],[125.57129,3.49454],[125.57512,3.49121],[125.58449,3.49202],[125.58064,3.48713],[125.58037,3.48509],[125.58221,3.48318],[125.58006,3.48061],[125.57622,3.4781],[125.57524,3.48087],[125.57251,3.48222],[125.57149,3.47968],[125.56821,3.47837],[125.56587,3.47022],[125.56002,3.47176],[125.55831,3.4691],[125.55644,3.47093],[125.55593,3.46875],[125.54808,3.4694],[125.54278,3.46598],[125.53618,3.46755],[125.53575,3.47347],[125.54385,3.47709],[125.5441,3.48191],[125.5472,3.48399],[125.5501,3.48989],[125.54785,3.49391],[125.54903,3.50249],[125.54525,3.51141],[125.53608,3.5113],[125.53027,3.51578],[125.52768,3.51504],[125.52242,3.50962],[125.51701,3.50936],[125.51712,3.50664],[125.5125,3.50444],[125.51351,3.4897],[125.51139,3.49024],[125.50985,3.48875],[125.50467,3.48996],[125.50247,3.48754],[125.50065,3.48791],[125.50227,3.49239],[125.50064,3.49422],[125.50326,3.49541],[125.50371,3.49756],[125.50363,3.50079],[125.50028,3.50428],[125.50383,3.50992],[125.50181,3.52154],[125.50437,3.52296],[125.5059,3.52142],[125.50688,3.52383],[125.5092,3.52421],[125.51302,3.5282],[125.51467,3.53388],[125.51785,3.53414],[125.52027,3.53876],[125.52518,3.53941],[125.5278,3.53749],[125.52933,3.53311],[125.53414,3.5332],[125.53671,3.53517],[125.53494,3.53977],[125.53991,3.53844],[125.54364,3.54304],[125.54393,3.54055],[125.55523,3.53996],[125.55683,3.53535]]],[[[125.56076,3.58362],[125.55935,3.5817],[125.55945,3.57784],[125.5693,3.57912],[125.56878,3.57683],[125.56748,3.57565],[125.56323,3.57715],[125.55841,3.57463],[125.55427,3.57557],[125.55891,3.58007],[125.55906,3.58244],[125.56192,3.58745],[125.5606,3.58954],[125.56243,3.58877],[125.56076,3.58362]]],[[[125.56103,3.59013],[125.56192,3.58953],[125.56166,3.58945],[125.56103,3.59013]]],[[[125.5273,3.61894],[125.53054,3.6196],[125.53609,3.61469],[125.53457,3.61395],[125.53604,3.61062],[125.52307,3.6036],[125.51901,3.60689],[125.52348,3.61299],[125.52055,3.61477],[125.52168,3.61752],[125.51504,3.61685],[125.51409,3.6191],[125.51456,3.62064],[125.52125,3.62371],[125.51858,3.63137],[125.52247,3.62962],[125.52122,3.62729],[125.52376,3.62974],[125.52393,3.62737],[125.52717,3.6256],[125.52419,3.62415],[125.5273,3.61894]]],[[[125.44201,3.71278],[125.445,3.70948],[125.45838,3.70425],[125.46913,3.69683],[125.47125,3.70917],[125.47916,3.70855],[125.47884,3.71121],[125.47679,3.71098],[125.47856,3.71699],[125.48133,3.71844],[125.48037,3.71584],[125.48548,3.71018],[125.48481,3.70756],[125.48855,3.70398],[125.49174,3.70532],[125.49343,3.70429],[125.4961,3.70043],[125.49413,3.69757],[125.49074,3.69779],[125.49566,3.67162],[125.492,3.67097],[125.49098,3.669],[125.48432,3.66971],[125.46517,3.66073],[125.46859,3.65265],[125.4627,3.65413],[125.46137,3.65611],[125.45459,3.65691],[125.45387,3.65443],[125.45553,3.65215],[125.44445,3.64731],[125.4398,3.65578],[125.43608,3.65585],[125.4346,3.6578],[125.42786,3.65243],[125.42123,3.65326],[125.41666,3.65779],[125.41666,3.6608],[125.41194,3.66267],[125.4134,3.6653],[125.41037,3.66552],[125.41476,3.67193],[125.41938,3.67527],[125.4116,3.68166],[125.41384,3.68485],[125.41149,3.68479],[125.41643,3.68693],[125.4074,3.68989],[125.40565,3.69255],[125.40166,3.69131],[125.40443,3.69393],[125.40549,3.69895],[125.40184,3.70341],[125.40351,3.70541],[125.40908,3.7068],[125.40645,3.7124],[125.41652,3.71587],[125.41558,3.72224],[125.41907,3.72621],[125.42745,3.72042],[125.43485,3.71806],[125.43686,3.71519],[125.4419,3.71712],[125.44201,3.71278]],[[125.41026,3.71086],[125.40971,3.71327],[125.4093,3.71193],[125.41026,3.71086]]],[[[125.63836,3.37547],[125.63859,3.37375],[125.63648,3.37571],[125.63836,3.37547]]],[[[125.63761,3.37608],[125.63756,3.37615],[125.6377,3.37603],[125.63761,3.37608]]],[[[125.63772,3.37735],[125.63824,3.37769],[125.63755,3.37615],[125.63772,3.37735]]],[[[125.63585,3.38194],[125.64059,3.38174],[125.64198,3.38408],[125.64266,3.38274],[125.64185,3.38103],[125.63585,3.38194]]],[[[125.62846,3.38743],[125.62858,3.38843],[125.63003,3.38845],[125.6302,3.38575],[125.62846,3.38743]]],[[[125.63723,3.38908],[125.6407,3.38904],[125.64033,3.38783],[125.63564,3.38618],[125.63723,3.38908]]],[[[125.63437,3.39059],[125.63257,3.39009],[125.63325,3.3917],[125.63437,3.39059]]],[[[125.57079,3.40709],[125.5747,3.40586],[125.57954,3.39835],[125.57984,3.39324],[125.57879,3.3956],[125.57743,3.39347],[125.57622,3.39479],[125.57576,3.39619],[125.57877,3.39823],[125.57411,3.40494],[125.56756,3.40739],[125.56755,3.40926],[125.56964,3.40751],[125.57073,3.40858],[125.57079,3.40709]]],[[[125.58232,3.40696],[125.58424,3.40752],[125.58677,3.40552],[125.58714,3.40297],[125.59035,3.40087],[125.58812,3.39718],[125.58693,3.39718],[125.5862,3.40494],[125.58124,3.40717],[125.57894,3.41132],[125.57544,3.41234],[125.57578,3.41533],[125.57945,3.41457],[125.57719,3.41249],[125.57938,3.41233],[125.58232,3.40696]]],[[[125.5688,3.40963],[125.56804,3.40943],[125.56722,3.41315],[125.5689,3.41329],[125.5688,3.40963]]],[[[125.5752,3.41612],[125.57504,3.41576],[125.57458,3.41609],[125.5752,3.41612]]],[[[125.57353,3.4159],[125.57273,3.41583],[125.57323,3.41612],[125.57353,3.4159]]],[[[125.56522,3.42923],[125.5683,3.4288],[125.56327,3.42753],[125.56236,3.42855],[125.56522,3.42923]]],[[[125.58908,3.42779],[125.58729,3.42484],[125.58492,3.42568],[125.58363,3.4307],[125.5808,3.43318],[125.58061,3.42775],[125.57894,3.42734],[125.57792,3.43003],[125.57637,3.42898],[125.57487,3.43342],[125.57311,3.43402],[125.5713,3.43094],[125.56998,3.43485],[125.57139,3.43352],[125.57247,3.43479],[125.57019,3.4366],[125.58188,3.44016],[125.58134,3.43698],[125.58476,3.44035],[125.5843,3.44153],[125.5854,3.44033],[125.58532,3.43594],[125.58936,3.43385],[125.58713,3.43215],[125.58908,3.42779]]],[[[125.56919,3.44],[125.56991,3.44013],[125.56962,3.43783],[125.56767,3.43814],[125.56919,3.44]]],[[[125.65653,3.4625],[125.65546,3.46372],[125.65636,3.4676],[125.65538,3.46599],[125.65436,3.46813],[125.66398,3.47175],[125.66235,3.46918],[125.66344,3.46572],[125.66139,3.46641],[125.66175,3.46783],[125.6597,3.46724],[125.658,3.4651],[125.65879,3.46338],[125.65653,3.4625]]],[[[125.66439,3.47958],[125.66221,3.48144],[125.65858,3.47778],[125.65726,3.478],[125.65837,3.47977],[125.65696,3.48007],[125.66183,3.48179],[125.65861,3.48256],[125.65848,3.48665],[125.66012,3.48329],[125.66517,3.48346],[125.66439,3.47958]]],[[[125.65626,3.48747],[125.65386,3.48877],[125.65587,3.49107],[125.65738,3.48808],[125.65626,3.48747]]],[[[125.64055,3.49257],[125.64491,3.48933],[125.64048,3.48867],[125.64055,3.49257]]],[[[125.6594,3.49101],[125.65807,3.49463],[125.65998,3.49419],[125.66064,3.49182],[125.66197,3.49334],[125.66282,3.49183],[125.66153,3.49052],[125.66362,3.49143],[125.66363,3.48993],[125.6594,3.49101]]],[[[125.64746,3.49381],[125.65127,3.49351],[125.64957,3.49016],[125.64624,3.49289],[125.64746,3.49381]]],[[[125.65536,3.49339],[125.65579,3.49165],[125.65519,3.4926],[125.65432,3.49335],[125.65536,3.49339]]],[[[125.63884,3.49949],[125.63857,3.49819],[125.63807,3.5],[125.63884,3.49949]]],[[[125.56238,3.58997],[125.56233,3.58951],[125.56191,3.58978],[125.56238,3.58997]]],[[[125.5656,3.58965],[125.56108,3.59021],[125.56591,3.59144],[125.5656,3.58965]]],[[[125.56655,3.59081],[125.56633,3.59392],[125.57198,3.58899],[125.57069,3.58829],[125.56655,3.59081]]],[[[125.57275,3.60657],[125.57152,3.60539],[125.57167,3.60479],[125.57194,3.60447],[125.57298,3.60426],[125.57442,3.60457],[125.57787,3.60152],[125.57508,3.601],[125.57054,3.60411],[125.57013,3.60503],[125.57334,3.6075],[125.5748,3.60678],[125.57394,3.60702],[125.57275,3.60657]]],[[[125.57206,3.60453],[125.57164,3.60512],[125.57217,3.6057],[125.57281,3.60555],[125.57347,3.60585],[125.57206,3.60453]]],[[[125.57447,3.60497],[125.57349,3.60659],[125.57428,3.6067],[125.57447,3.60497]]],[[[125.57328,3.60667],[125.57289,3.60563],[125.57243,3.60585],[125.57328,3.60667]]],[[[125.58465,3.60743],[125.5826,3.60981],[125.58465,3.60987],[125.58607,3.60846],[125.58465,3.60743]]],[[[125.58663,3.61656],[125.58909,3.61159],[125.58763,3.61198],[125.58548,3.61707],[125.58663,3.61656]]],[[[125.58446,3.62094],[125.58481,3.61749],[125.58169,3.62029],[125.58446,3.62094]]],[[[126.62947,4.01277],[126.63286,4.01193],[126.63537,4.00849],[126.63485,3.99775],[126.63729,3.99389],[126.63957,3.98413],[126.62976,3.99774],[126.62472,3.99708],[126.62663,4.00207],[126.6243,4.00068],[126.6233,4.00314],[126.625,4.00474],[126.6224,4.01091],[126.6241,4.01258],[126.62423,4.01612],[126.62653,4.01638],[126.62483,4.01873],[126.62718,4.0203],[126.63231,4.01726],[126.62947,4.01277]]],[[[126.63366,4.01954],[126.63369,4.02081],[126.63365,4.01841],[126.63524,4.01767],[126.63243,4.01724],[126.63366,4.01954]]],[[[126.63015,4.02371],[126.63017,4.02369],[126.62941,4.02404],[126.63015,4.02371]]],[[[126.68604,3.91699],[126.68885,3.91617],[126.68534,3.91217],[126.68267,3.9148],[126.67896,3.9132],[126.67472,3.91406],[126.6748,3.91898],[126.67688,3.91912],[126.67582,3.92178],[126.6772,3.92274],[126.67424,3.92413],[126.67725,3.9252],[126.67722,3.92673],[126.67336,3.93054],[126.6729,3.94181],[126.67785,3.93887],[126.68123,3.94199],[126.67972,3.93837],[126.68061,3.93115],[126.68636,3.93035],[126.68623,3.93146],[126.68909,3.92964],[126.6901,3.92548],[126.68807,3.92257],[126.68888,3.92138],[126.68604,3.91699]]],[[[126.6652,3.94544],[126.66303,3.94171],[126.66052,3.9411],[126.66182,3.94778],[126.66584,3.94788],[126.66674,3.94495],[126.67193,3.94234],[126.6675,3.94247],[126.6652,3.94544]]],[[[126.68782,3.99562],[126.68492,3.99273],[126.6792,3.99445],[126.68782,3.99562]]],[[[126.72874,3.99707],[126.73074,3.99537],[126.72846,3.99705],[126.72356,3.99845],[126.72874,3.99707]]],[[[126.68867,3.99623],[126.69141,3.99948],[126.69325,4.00059],[126.68867,3.99623]]],[[[126.72118,3.99899],[126.72202,3.99854],[126.71893,3.99903],[126.7174,3.99957],[126.72118,3.99899]]],[[[126.71587,4.00037],[126.71506,4.00146],[126.71736,3.99959],[126.71587,4.00037]]],[[[126.73119,4.0295],[126.7315,4.03113],[126.73324,4.03041],[126.73178,4.02922],[126.73369,4.02479],[126.73187,4.02179],[126.73317,4.01514],[126.73969,4.0122],[126.74022,4.00799],[126.7425,4.01104],[126.74462,4.00797],[126.74805,4.00741],[126.74766,4.00374],[126.74103,4.00284],[126.73741,4.00459],[126.73184,4.00954],[126.72961,4.0154],[126.7238,4.01913],[126.72227,4.02326],[126.71597,4.01696],[126.71458,4.01846],[126.71434,4.02389],[126.71675,4.02544],[126.71772,4.0288],[126.71502,4.02977],[126.71465,4.03264],[126.71775,4.03052],[126.72476,4.03388],[126.72454,4.03169],[126.7226,4.03055],[126.72464,4.02844],[126.72805,4.03621],[126.72964,4.03496],[126.72828,4.03384],[126.72936,4.03061],[126.73119,4.0295]]],[[[126.66896,4.01422],[126.66949,4.01895],[126.6667,4.02616],[126.66675,4.03158],[126.67017,4.01951],[126.66896,4.01422]]],[[[126.66789,4.04162],[126.66823,4.03505],[126.668,4.03506],[126.66789,4.04162]]],[[[126.67829,4.05872],[126.68141,4.06251],[126.68263,4.068],[126.68748,4.07537],[126.68151,4.06132],[126.67829,4.05872]]],[[[126.70496,4.08617],[126.70664,4.08605],[126.69819,4.07945],[126.69835,4.08129],[126.70496,4.08617]]],[[[126.71739,4.09289],[126.71861,4.09231],[126.71609,4.09163],[126.71446,4.08722],[126.71549,4.09183],[126.71739,4.09289]]],[[[126.72182,4.09455],[126.72136,4.10132],[126.72664,4.1033],[126.73217,4.10792],[126.7293,4.10303],[126.72248,4.09882],[126.72313,4.09509],[126.72182,4.09455]]],[[[126.71784,4.26471],[126.71588,4.26552],[126.71637,4.2692],[126.7194,4.26639],[126.7262,4.26784],[126.71784,4.26471]]],[[[126.71165,4.27352],[126.70863,4.2732],[126.71023,4.27651],[126.71538,4.27409],[126.71609,4.26959],[126.71165,4.27352]]],[[[126.71245,4.28305],[126.71128,4.27975],[126.71083,4.27976],[126.71083,4.2822],[126.71245,4.28305]]],[[[126.71172,4.28866],[126.71273,4.29363],[126.7144,4.29263],[126.71393,4.28978],[126.71696,4.28791],[126.71667,4.28688],[126.71172,4.28866]]],[[[126.71226,4.30769],[126.7108,4.30848],[126.71097,4.31297],[126.71334,4.31161],[126.71616,4.31244],[126.71226,4.30769]]],[[[126.70665,4.3082],[126.70583,4.3128],[126.7084,4.31701],[126.70701,4.32108],[126.70974,4.31831],[126.70895,4.30865],[126.70665,4.3082]]],[[[126.68999,4.32784],[126.68715,4.32848],[126.69107,4.32993],[126.68999,4.32784]]],[[[126.70115,4.33125],[126.6956,4.33059],[126.70005,4.33343],[126.70115,4.33125]]],[[[126.68798,4.35147],[126.68608,4.35349],[126.69026,4.35535],[126.68798,4.35147]]],[[[126.70187,4.38637],[126.70515,4.38216],[126.6984,4.38225],[126.70187,4.38637]]],[[[126.69848,4.39039],[126.6981,4.39162],[126.70046,4.39278],[126.70124,4.3902],[126.69848,4.39039]]],[[[126.70286,4.41476],[126.70369,4.41556],[126.70496,4.41431],[126.70281,4.40913],[126.70286,4.41476]]],[[[126.71826,4.44149],[126.72192,4.44122],[126.72197,4.43759],[126.7198,4.43873],[126.71722,4.43639],[126.71826,4.44149]]],[[[126.73519,4.47255],[126.7338,4.46912],[126.73259,4.4687],[126.7305,4.47359],[126.73519,4.47255]]],[[[126.72192,4.47475],[126.72158,4.47712],[126.72419,4.47648],[126.72192,4.47475]]],[[[126.72838,4.48823],[126.72769,4.48815],[126.72887,4.48833],[126.7287,4.48727],[126.72838,4.48823]]],[[[126.75137,3.83545],[126.75045,3.83509],[126.74943,3.83484],[126.75137,3.83545]]],[[[126.74758,3.83534],[126.74683,3.83569],[126.74604,3.83627],[126.74512,3.83623],[126.74455,3.83717],[126.74943,3.83484],[126.74758,3.83534]]],[[[126.75159,3.84506],[126.75273,3.84606],[126.7503,3.84254],[126.75159,3.84506]]],[[[126.75272,3.85091],[126.75207,3.85023],[126.75225,3.85044],[126.75272,3.85091]]],[[[126.75298,3.85128],[126.75304,3.8514],[126.75309,3.85145],[126.75298,3.85128]]],[[[126.7531,3.85148],[126.75312,3.85149],[126.75309,3.85145],[126.7531,3.85148]]],[[[126.74686,3.99298],[126.7453,3.99331],[126.75209,3.99396],[126.74686,3.99298]]],[[[126.74363,3.99287],[126.74161,3.99303],[126.73256,3.9955],[126.74363,3.99287]]],[[[126.75744,4.0193],[126.75573,4.01837],[126.75827,4.01459],[126.7566,4.01257],[126.74915,4.01348],[126.74612,4.0174],[126.74322,4.01808],[126.74332,4.02092],[126.74114,4.02148],[126.74148,4.02372],[126.74603,4.02566],[126.74389,4.03054],[126.74953,4.03484],[126.75683,4.03476],[126.75573,4.0265],[126.75744,4.0193]]],[[[126.73391,4.11498],[126.73273,4.11671],[126.73613,4.12461],[126.73535,4.12695],[126.74185,4.13319],[126.74284,4.13705],[126.74538,4.13794],[126.73727,4.12398],[126.73391,4.11498]]],[[[126.75066,4.15543],[126.7503,4.15251],[126.74889,4.15057],[126.74958,4.15553],[126.75066,4.15543]]],[[[126.75291,4.1604],[126.75195,4.1606],[126.75373,4.16391],[126.75291,4.1604]]],[[[126.74717,4.26358],[126.75126,4.25695],[126.74779,4.262],[126.74539,4.26329],[126.74717,4.26358]]],[[[126.74037,4.26265],[126.73734,4.26518],[126.73989,4.26321],[126.74037,4.26265]]],[[[126.73439,4.46132],[126.73525,4.4614],[126.73664,4.45941],[126.73441,4.45762],[126.73439,4.46132]]],[[[126.80701,3.79705],[126.8049,3.79609],[126.80058,3.78786],[126.80228,3.786],[126.80234,3.78226],[126.80499,3.78148],[126.80991,3.77359],[126.80958,3.77058],[126.81113,3.76873],[126.8109,3.76109],[126.80625,3.75785],[126.8014,3.75901],[126.79982,3.76267],[126.79808,3.76154],[126.7918,3.76376],[126.7941,3.7689],[126.79364,3.77112],[126.79119,3.77198],[126.79259,3.775],[126.78335,3.77597],[126.7839,3.7802],[126.78261,3.7822],[126.78393,3.78366],[126.7828,3.78543],[126.77871,3.78483],[126.77577,3.78733],[126.77603,3.79062],[126.77779,3.79173],[126.77663,3.80229],[126.7783,3.80444],[126.78157,3.80471],[126.78125,3.801],[126.77932,3.79931],[126.78084,3.79593],[126.78107,3.79831],[126.78481,3.79735],[126.78809,3.80045],[126.7886,3.80311],[126.78529,3.80529],[126.78877,3.80824],[126.79857,3.80864],[126.80104,3.8029],[126.80377,3.80416],[126.80701,3.79705]]],[[[126.75341,3.84757],[126.75274,3.84713],[126.75425,3.84816],[126.75513,3.84863],[126.75341,3.84757]]],[[[126.75608,3.85105],[126.75487,3.85053],[126.75567,3.85102],[126.75608,3.85105]]],[[[126.75427,3.85327],[126.75426,3.85325],[126.75426,3.85326],[126.75427,3.85327]]],[[[126.75559,3.85403],[126.75436,3.85336],[126.75475,3.85378],[126.75559,3.85403]]],[[[126.75818,3.85438],[126.75845,3.85381],[126.75816,3.85435],[126.75615,3.85421],[126.75818,3.85438]]],[[[126.75696,3.99412],[126.7554,3.99468],[126.76292,3.99502],[126.75696,3.99412]]],[[[126.76632,3.99873],[126.76623,3.99843],[126.76615,3.99856],[126.76632,3.99873]]],[[[126.76939,4.00035],[126.76715,4.00037],[126.76757,4.00055],[126.76939,4.00035]]],[[[126.77122,4.00126],[126.77105,4.00114],[126.77125,4.00129],[126.77122,4.00126]]],[[[126.77144,4.00156],[126.77222,4.00651],[126.77278,4.00518],[126.77144,4.00156]]],[[[126.77429,4.00978],[126.77484,4.00952],[126.77209,4.00735],[126.77429,4.00978]]],[[[126.7763,4.00891],[126.78131,4.00876],[126.78402,4.01588],[126.78346,4.01164],[126.78027,4.00726],[126.77808,4.00673],[126.7763,4.00891]]],[[[126.7868,4.01757],[126.7886,4.01655],[126.78813,4.01653],[126.7868,4.01757]]],[[[126.80453,4.03039],[126.80051,4.0335],[126.79442,4.03197],[126.7929,4.02827],[126.79431,4.02707],[126.79494,4.02421],[126.79094,4.01773],[126.79008,4.01699],[126.78881,4.01658],[126.7942,4.02463],[126.79252,4.02906],[126.79418,4.03288],[126.79973,4.03453],[126.8045,4.03109],[126.80797,4.03255],[126.80453,4.03039]]],[[[126.77651,4.08425],[126.77921,4.08436],[126.77994,4.08238],[126.78171,4.0842],[126.78022,4.08433],[126.78078,4.08589],[126.78229,4.08459],[126.78534,4.08515],[126.78329,4.08114],[126.78352,4.06796],[126.77944,4.05324],[126.78929,4.05037],[126.78537,4.04708],[126.78003,4.04583],[126.77564,4.04665],[126.77268,4.03939],[126.77118,4.03949],[126.77067,4.04236],[126.77257,4.04816],[126.77034,4.04981],[126.76392,4.03895],[126.75887,4.03731],[126.75599,4.04302],[126.75285,4.04493],[126.75053,4.04227],[126.75066,4.04459],[126.75792,4.05002],[126.75664,4.05341],[126.7599,4.05149],[126.75946,4.05429],[126.75736,4.05367],[126.75604,4.05529],[126.75894,4.05481],[126.76525,4.06314],[126.75949,4.06436],[126.76175,4.06584],[126.76245,4.06886],[126.76621,4.06998],[126.76825,4.0686],[126.77028,4.07073],[126.77289,4.08015],[126.77224,4.08243],[126.76747,4.08464],[126.76801,4.08661],[126.77595,4.08686],[126.77651,4.08425]]],[[[126.80709,4.16063],[126.80732,4.16107],[126.80708,4.15991],[126.80415,4.15866],[126.80709,4.16063]]],[[[126.80662,4.16253],[126.80661,4.16255],[126.80674,4.16239],[126.80709,4.16177],[126.80662,4.16253]]],[[[126.81597,4.16923],[126.80941,4.16749],[126.81096,4.16792],[126.81597,4.16923]]],[[[126.81867,4.17171],[126.8215,4.1766],[126.8232,4.1781],[126.81867,4.17171]]],[[[126.84087,4.21509],[126.83517,4.21237],[126.82434,4.19902],[126.8217,4.1994],[126.82048,4.20161],[126.8189,4.19944],[126.81637,4.19341],[126.81948,4.18965],[126.81623,4.18161],[126.81153,4.17979],[126.80826,4.18171],[126.80121,4.16707],[126.79742,4.16742],[126.79557,4.16356],[126.79236,4.16509],[126.78997,4.15716],[126.78602,4.15334],[126.78271,4.15339],[126.78204,4.15088],[126.77868,4.14932],[126.7817,4.14294],[126.77988,4.14025],[126.78152,4.13988],[126.78326,4.13468],[126.78948,4.13272],[126.79416,4.1334],[126.79643,4.13179],[126.79628,4.13011],[126.7989,4.12984],[126.80194,4.1237],[126.79985,4.12062],[126.80006,4.12491],[126.79614,4.12634],[126.79666,4.12932],[126.79408,4.12657],[126.79161,4.12784],[126.7936,4.13092],[126.78048,4.13365],[126.77663,4.13889],[126.77317,4.13936],[126.7709,4.14351],[126.76937,4.15007],[126.77166,4.15703],[126.77113,4.16546],[126.77305,4.17101],[126.76797,4.17112],[126.77045,4.18011],[126.77872,4.18717],[126.78688,4.18882],[126.78663,4.19296],[126.79031,4.19457],[126.79141,4.19834],[126.79788,4.20015],[126.79613,4.20408],[126.80181,4.20791],[126.8014,4.21233],[126.80802,4.20641],[126.81004,4.20661],[126.81291,4.21073],[126.81379,4.21959],[126.8171,4.22551],[126.82501,4.22571],[126.83194,4.23262],[126.83712,4.22885],[126.84874,4.23091],[126.84087,4.21509]]],[[[126.75867,4.18188],[126.76175,4.1827],[126.75924,4.17766],[126.75963,4.17522],[126.75655,4.17194],[126.75867,4.18188]]],[[[126.82394,4.1794],[126.82372,4.17901],[126.82383,4.17932],[126.82394,4.1794]]],[[[126.83559,4.19228],[126.83785,4.19259],[126.83558,4.19185],[126.8321,4.19006],[126.83559,4.19228]]],[[[126.77435,4.19768],[126.7706,4.19481],[126.77168,4.19672],[126.77435,4.19768]]],[[[126.84628,4.1987],[126.84832,4.19856],[126.84377,4.19692],[126.84628,4.1987]]],[[[126.78148,4.20169],[126.77753,4.19924],[126.77551,4.19977],[126.78384,4.20539],[126.78755,4.21016],[126.78978,4.21026],[126.79091,4.21546],[126.78964,4.22421],[126.79171,4.21956],[126.79118,4.21379],[126.78978,4.21],[126.78148,4.20169]]],[[[126.87046,4.21789],[126.86704,4.23133],[126.8633,4.23423],[126.86798,4.2338],[126.87051,4.22439],[126.87046,4.21789]]],[[[126.77227,4.2526],[126.77873,4.2513],[126.7806,4.24761],[126.77227,4.2526]]],[[[126.75775,4.24714],[126.75426,4.25102],[126.75837,4.24893],[126.76709,4.25106],[126.76816,4.25312],[126.76988,4.2538],[126.76746,4.24935],[126.75775,4.24714]]],[[[126.77288,4.24992],[126.77216,4.25003],[126.77273,4.25123],[126.77288,4.24992]]],[[[126.87525,4.25329],[126.87229,4.25362],[126.86798,4.25087],[126.86377,4.25127],[126.87607,4.25553],[126.87929,4.2607],[126.88602,4.26091],[126.88638,4.26039],[126.88159,4.26069],[126.87525,4.25329]]],[[[126.82656,4.40773],[126.83449,4.37748],[126.84195,4.36443],[126.85087,4.33707],[126.8831,4.29496],[126.88442,4.28536],[126.87888,4.27022],[126.87504,4.26654],[126.85375,4.26531],[126.84348,4.25567],[126.841,4.25649],[126.83574,4.26262],[126.8281,4.2496],[126.82429,4.24698],[126.82194,4.24848],[126.81808,4.24717],[126.81494,4.24439],[126.81275,4.24472],[126.81023,4.24915],[126.80516,4.24986],[126.80459,4.25293],[126.80207,4.25379],[126.80252,4.25664],[126.79924,4.26019],[126.78436,4.26366],[126.77956,4.26759],[126.77642,4.26652],[126.77556,4.26904],[126.76376,4.2698],[126.75805,4.2731],[126.75174,4.27926],[126.74924,4.28432],[126.74612,4.28625],[126.7386,4.28729],[126.73901,4.28893],[126.7378,4.29116],[126.73794,4.29627],[126.74541,4.30124],[126.74603,4.2997],[126.74089,4.29603],[126.7382,4.29144],[126.74194,4.28951],[126.74691,4.29306],[126.75136,4.29353],[126.75181,4.2849],[126.75452,4.28183],[126.75938,4.27947],[126.76533,4.2789],[126.76928,4.277],[126.76901,4.27495],[126.77206,4.27426],[126.77784,4.27897],[126.77944,4.27519],[126.78998,4.27338],[126.79727,4.26885],[126.79876,4.26637],[126.80407,4.26567],[126.80595,4.26603],[126.80489,4.26889],[126.80884,4.27106],[126.81214,4.27085],[126.8132,4.27538],[126.81547,4.27258],[126.8144,4.26906],[126.81629,4.26824],[126.82148,4.26854],[126.82356,4.27109],[126.8267,4.26959],[126.83034,4.27245],[126.83249,4.27825],[126.83673,4.27665],[126.83923,4.2778],[126.84345,4.28103],[126.8432,4.28438],[126.84652,4.28513],[126.84792,4.28423],[126.84596,4.28292],[126.85263,4.27405],[126.85516,4.27591],[126.8595,4.27511],[126.86559,4.28295],[126.87314,4.27892],[126.87324,4.28326],[126.87558,4.28722],[126.874,4.29015],[126.87497,4.29539],[126.87206,4.2931],[126.87255,4.29626],[126.87035,4.29322],[126.87299,4.29753],[126.87019,4.29758],[126.87008,4.29921],[126.86764,4.29911],[126.86536,4.30232],[126.86112,4.30343],[126.86057,4.307],[126.85953,4.30779],[126.8586,4.3065],[126.85574,4.30919],[126.85642,4.31182],[126.85879,4.31334],[126.85858,4.31727],[126.85639,4.31734],[126.85296,4.31374],[126.85139,4.3137],[126.85337,4.31762],[126.85929,4.32038],[126.85837,4.32155],[126.85668,4.31948],[126.85663,4.32298],[126.8533,4.32122],[126.85144,4.31541],[126.84789,4.32024],[126.84832,4.32219],[126.84604,4.32267],[126.84302,4.31988],[126.83702,4.32058],[126.83645,4.32897],[126.8383,4.33164],[126.84026,4.33009],[126.84323,4.33276],[126.8464,4.331],[126.84535,4.33799],[126.84202,4.33923],[126.83707,4.33704],[126.83409,4.33797],[126.83357,4.34144],[126.83793,4.34411],[126.83552,4.34977],[126.83279,4.35132],[126.83228,4.35454],[126.82677,4.35875],[126.82876,4.36238],[126.82766,4.36613],[126.82493,4.36878],[126.82017,4.36756],[126.81374,4.37035],[126.81377,4.37642],[126.80544,4.38359],[126.80402,4.38722],[126.80316,4.39531],[126.80732,4.40057],[126.80761,4.40834],[126.81139,4.41399],[126.81124,4.42155],[126.80974,4.4224],[126.81033,4.42928],[126.81441,4.4329],[126.81476,4.43575],[126.81883,4.4378],[126.81997,4.43425],[126.82326,4.43697],[126.82702,4.43647],[126.82954,4.43925],[126.83421,4.43916],[126.83244,4.42652],[126.82656,4.40773]]],[[[126.83548,4.44816],[126.83198,4.44706],[126.82568,4.45698],[126.83311,4.4609],[126.83313,4.45557],[126.83548,4.44816]]]]},"properties":{"kph":"KPH UNIT III KEP. SANGIHE, KEP. TALAUD, DAN KEP. SIAU TAGULANDANG BIARO"}},{"type":"Feature","geometry":{"type":"MultiPolygon","coordinates":[[[[121.09842,0.90453],[121.09965,0.90275],[121.09755,0.90367],[121.09842,0.90453]]],[[[121.12033,0.90395],[121.1174,0.9021],[121.11389,0.90413],[121.1108,0.90458],[121.10582,0.9029],[121.10273,0.90375],[121.1003,0.90291],[121.09812,0.90531],[121.09999,0.90856],[121.10461,0.9092],[121.10793,0.91349],[121.11145,0.91389],[121.12022,0.90666],[121.12033,0.90395]]],[[[121.51834,0.93933],[121.51777,0.93941],[121.511,0.94091],[121.51012,0.9412],[121.51834,0.93933]]],[[[121.47277,0.94438],[121.46833,0.93996],[121.46919,0.9409],[121.47277,0.94438]]],[[[121.50612,0.9425],[121.50557,0.94339],[121.507,0.94221],[121.50612,0.9425]]],[[[121.48151,0.95141],[121.47716,0.94867],[121.47748,0.94914],[121.48338,0.9526],[121.48151,0.95141]]],[[[121.50327,0.94708],[121.5016,0.94978],[121.49884,0.95619],[121.49401,0.96158],[121.4915,0.96116],[121.49419,0.96166],[121.49655,0.96011],[121.49915,0.95603],[121.50327,0.94708]]],[[[121.18556,1.03376],[121.17886,1.03775],[121.17852,1.04246],[121.19453,1.0469],[121.19918,1.04062],[121.20107,1.03999],[121.20045,1.04367],[121.20352,1.04104],[121.2028,1.03784],[121.21211,1.034],[121.21855,1.03545],[121.22164,1.03953],[121.22236,1.04852],[121.22561,1.04934],[121.22654,1.05197],[121.2254,1.05312],[121.23256,1.05386],[121.2283,1.04278],[121.21839,1.03334],[121.20919,1.03122],[121.18556,1.03376]]],[[[121.0242,0.92168],[121.01899,0.92058],[121.01968,0.92932],[121.01752,0.93797],[121.01506,0.93992],[121.01943,0.96446],[121.02233,0.97131],[121.02096,0.97506],[121.02343,0.98128],[121.02179,0.98699],[121.02363,0.99344],[121.02871,0.99763],[121.02932,1.0],[121.0261,1.01312],[121.0241,1.01464],[121.01713,1.01423],[121.01485,1.02194],[121.01004,1.03012],[121.01548,1.03277],[121.021,1.0329],[121.02381,1.03583],[121.02964,1.03703],[121.03676,1.04441],[121.04323,1.0467],[121.04381,1.0595],[121.04702,1.06162],[121.04994,1.06664],[121.053,1.06733],[121.05886,1.0759],[121.06918,1.08059],[121.07592,1.08076],[121.08097,1.08571],[121.09351,1.08837],[121.09561,1.0904],[121.09872,1.09899],[121.0969,1.10319],[121.09984,1.11253],[121.09821,1.11807],[121.10289,1.12508],[121.1043,1.13258],[121.10258,1.14869],[121.1059,1.15402],[121.10261,1.16589],[121.10387,1.1715],[121.10174,1.17675],[121.1025,1.18689],[121.11014,1.18901],[121.12448,1.19783],[121.12968,1.20549],[121.13221,1.2057],[121.14494,1.21359],[121.15396,1.22137],[121.1574,1.22124],[121.15401,1.21629],[121.1562,1.21306],[121.15842,1.21793],[121.16286,1.21661],[121.171,1.2098],[121.17838,1.21312],[121.18024,1.21687],[121.18024,1.22302],[121.17678,1.22797],[121.16953,1.2315],[121.16986,1.23372],[121.17245,1.23402],[121.17212,1.23618],[121.17042,1.23525],[121.16893,1.23752],[121.17173,1.24442],[121.17515,1.24454],[121.17601,1.23877],[121.18006,1.23645],[121.17776,1.23931],[121.17958,1.24071],[121.17643,1.24253],[121.17687,1.24439],[121.18028,1.24223],[121.18222,1.23867],[121.18594,1.23814],[121.18993,1.23868],[121.19287,1.24387],[121.19464,1.2444],[121.19716,1.24205],[121.19674,1.24548],[121.2007,1.24016],[121.2083,1.24314],[121.20877,1.24019],[121.2111,1.24258],[121.21139,1.24004],[121.21407,1.23932],[121.20997,1.23671],[121.20559,1.23773],[121.20411,1.23614],[121.21265,1.23417],[121.21726,1.23067],[121.21446,1.22906],[121.20877,1.23067],[121.19619,1.22188],[121.19754,1.21773],[121.20046,1.21744],[121.19457,1.21376],[121.20043,1.21213],[121.20445,1.21392],[121.20581,1.21184],[121.20906,1.21482],[121.20983,1.21955],[121.2137,1.22048],[121.21498,1.22369],[121.22062,1.22266],[121.22257,1.22043],[121.22194,1.2158],[121.21906,1.21474],[121.21991,1.21107],[121.21713,1.21219],[121.21715,1.20759],[121.21374,1.20752],[121.21029,1.20371],[121.21157,1.20132],[121.21077,1.19916],[121.20904,1.1994],[121.20765,1.19628],[121.20472,1.19518],[121.20616,1.18927],[121.21098,1.19314],[121.2189,1.19221],[121.22187,1.19545],[121.22159,1.19958],[121.22292,1.20077],[121.22701,1.20085],[121.22886,1.19887],[121.23511,1.19944],[121.23615,1.19465],[121.23434,1.19231],[121.2363,1.19091],[121.23943,1.19181],[121.24047,1.18971],[121.24374,1.18944],[121.24362,1.18759],[121.24723,1.18358],[121.24601,1.17968],[121.24283,1.17872],[121.24185,1.17279],[121.24384,1.17309],[121.2461,1.17723],[121.25168,1.18009],[121.25315,1.18445],[121.26026,1.17695],[121.26658,1.17571],[121.26557,1.16954],[121.26724,1.16583],[121.26869,1.16739],[121.26768,1.17083],[121.26843,1.17441],[121.26948,1.17191],[121.26953,1.16511],[121.27062,1.16151],[121.26924,1.15921],[121.2748,1.15441],[121.27404,1.14786],[121.27855,1.14326],[121.28117,1.13751],[121.28321,1.13657],[121.28056,1.13401],[121.27938,1.1304],[121.27923,1.12571],[121.28028,1.12464],[121.28143,1.12494],[121.28138,1.12139],[121.28251,1.12063],[121.28186,1.11864],[121.27101,1.11555],[121.26965,1.12164],[121.26777,1.12181],[121.2679,1.11284],[121.25887,1.11128],[121.25614,1.10756],[121.26196,1.10601],[121.26766,1.10207],[121.27152,1.10442],[121.27204,1.09797],[121.27004,1.10016],[121.2685,1.09968],[121.26827,1.09453],[121.2715,1.09212],[121.27046,1.09017],[121.26569,1.08732],[121.25185,1.08736],[121.24466,1.08301],[121.23934,1.07755],[121.23289,1.07824],[121.228,1.0752],[121.22092,1.0817],[121.21877,1.07949],[121.20652,1.07951],[121.20653,1.07461],[121.19711,1.07531],[121.19087,1.0698],[121.18151,1.05393],[121.17822,1.05521],[121.17533,1.05057],[121.17147,1.05045],[121.17116,1.04582],[121.169,1.04292],[121.1561,1.04269],[121.15348,1.0413],[121.14977,1.04427],[121.13904,1.04331],[121.13437,1.03949],[121.13275,1.03323],[121.13514,1.03242],[121.13475,1.03003],[121.13669,1.03103],[121.13896,1.03732],[121.1429,1.03721],[121.14313,1.03547],[121.14603,1.03474],[121.14927,1.0357],[121.15348,1.03423],[121.1512,1.03049],[121.15236,1.02852],[121.15139,1.02671],[121.14136,1.02331],[121.1412,1.02022],[121.13634,1.01142],[121.13896,1.00586],[121.13394,1.00571],[121.13286,1.00161],[121.12823,0.99771],[121.12197,1.00069],[121.1175,0.99856],[121.11753,0.9969],[121.11437,0.99759],[121.11248,0.99474],[121.1134,0.99038],[121.09643,0.98265],[121.08149,0.97972],[121.065,0.97875],[121.05717,0.96975],[121.05384,0.95227],[121.05357,0.94157],[121.04936,0.93612],[121.04747,0.92995],[121.04551,0.92898],[121.04427,0.9313],[121.04249,0.9313],[121.04039,0.92908],[121.0242,0.92168]]],[[[121.37685,1.13492],[121.38261,1.1333],[121.38972,1.13666],[121.38964,1.13426],[121.38723,1.13395],[121.39282,1.1259],[121.38496,1.12995],[121.37829,1.12962],[121.37839,1.13207],[121.37091,1.13979],[121.37119,1.14179],[121.37369,1.14059],[121.37685,1.13492]]],[[[121.36385,1.1467],[121.36457,1.1495],[121.36817,1.14612],[121.36907,1.14457],[121.36385,1.1467]]],[[[121.29031,1.19968],[121.29081,1.19584],[121.29546,1.18593],[121.30073,1.18281],[121.30248,1.17891],[121.30423,1.17696],[121.30083,1.17465],[121.30411,1.16795],[121.301,1.16506],[121.29814,1.1557],[121.29901,1.15308],[121.30152,1.15138],[121.30135,1.14992],[121.29917,1.14843],[121.29817,1.14588],[121.30088,1.14173],[121.30083,1.13846],[121.29716,1.13099],[121.29392,1.13048],[121.28682,1.12248],[121.29416,1.1301],[121.29752,1.13072],[121.30127,1.13836],[121.30132,1.14183],[121.30006,1.14433],[121.30194,1.14529],[121.30361,1.14755],[121.30778,1.14545],[121.31186,1.14824],[121.31607,1.14538],[121.31533,1.14444],[121.32431,1.14166],[121.32782,1.14291],[121.3262,1.14578],[121.32744,1.14827],[121.33705,1.15372],[121.33795,1.14883],[121.34398,1.14703],[121.34398,1.14404],[121.34819,1.14193],[121.35056,1.13765],[121.34539,1.13728],[121.34851,1.13195],[121.34406,1.12992],[121.34335,1.12439],[121.34814,1.11868],[121.35297,1.10787],[121.34688,1.10418],[121.34488,1.10784],[121.34336,1.10333],[121.33698,1.10779],[121.32964,1.10726],[121.32387,1.09993],[121.32387,1.09797],[121.32204,1.09907],[121.31667,1.09746],[121.31118,1.10009],[121.3043,1.09442],[121.30186,1.09421],[121.30134,1.09591],[121.29216,1.09526],[121.29096,1.09671],[121.28539,1.09326],[121.28027,1.09515],[121.27908,1.10332],[121.28117,1.10508],[121.28696,1.10585],[121.2918,1.11331],[121.29931,1.11026],[121.29993,1.115],[121.29195,1.12328],[121.28182,1.12154],[121.28198,1.12489],[121.27967,1.12584],[121.27983,1.13038],[121.28363,1.13678],[121.28152,1.13779],[121.27892,1.14351],[121.27451,1.14796],[121.27518,1.15467],[121.2697,1.15934],[121.27108,1.16143],[121.27029,1.1699],[121.2692,1.17303],[121.27135,1.17618],[121.27149,1.18355],[121.27242,1.18386],[121.27299,1.18547],[121.27278,1.18807],[121.27123,1.18931],[121.27166,1.19212],[121.27085,1.19394],[121.2722,1.19581],[121.27236,1.19824],[121.27531,1.19986],[121.27602,1.20684],[121.27974,1.20462],[121.28346,1.19923],[121.28751,1.19861],[121.28786,1.2002],[121.29031,1.19968]]],[[[121.3981,1.19459],[121.39921,1.19339],[121.3966,1.19081],[121.39733,1.18341],[121.39476,1.17877],[121.38666,1.1759],[121.38409,1.17143],[121.38586,1.1648],[121.39123,1.16145],[121.38924,1.15791],[121.39143,1.15389],[121.38922,1.14982],[121.38646,1.15098],[121.38209,1.15006],[121.38209,1.14824],[121.38888,1.14596],[121.38928,1.13769],[121.38307,1.13369],[121.37714,1.13526],[121.37461,1.14054],[121.37125,1.14224],[121.37064,1.14432],[121.36475,1.14992],[121.36842,1.15517],[121.36868,1.15887],[121.36658,1.1602],[121.3629,1.15675],[121.3629,1.15331],[121.36054,1.15252],[121.35757,1.15593],[121.35521,1.15561],[121.35326,1.1499],[121.35662,1.14671],[121.35167,1.14847],[121.34777,1.15668],[121.34918,1.16738],[121.36386,1.16847],[121.37015,1.17958],[121.37113,1.17876],[121.37437,1.18049],[121.37351,1.18307],[121.39087,1.19831],[121.39541,1.19895],[121.39657,1.19841],[121.39702,1.19451],[121.39557,1.19375],[121.3981,1.19459]]],[[[121.27091,1.17642],[121.27006,1.17613],[121.27028,1.18049],[121.27118,1.18176],[121.27091,1.17642]]],[[[121.27041,1.19375],[121.27081,1.18915],[121.27256,1.18723],[121.27201,1.18414],[121.27111,1.18382],[121.27107,1.1829],[121.26725,1.18407],[121.26416,1.18269],[121.26609,1.18895],[121.2652,1.19182],[121.26692,1.1938],[121.26519,1.19597],[121.27049,1.19842],[121.27041,1.19375]]],[[[121.37324,1.23733],[121.37353,1.2331],[121.37554,1.23294],[121.37977,1.23378],[121.38522,1.2385],[121.38889,1.23085],[121.39307,1.22858],[121.39329,1.2208],[121.39557,1.21687],[121.39141,1.21062],[121.39389,1.20241],[121.39296,1.20071],[121.38909,1.19978],[121.37707,1.18948],[121.37424,1.18987],[121.37363,1.18684],[121.36512,1.17792],[121.35662,1.17256],[121.35341,1.17375],[121.34998,1.17253],[121.34711,1.17421],[121.34327,1.16781],[121.34139,1.16729],[121.33456,1.16804],[121.33085,1.17158],[121.32266,1.1588],[121.3188,1.15935],[121.31321,1.16305],[121.30893,1.16221],[121.31026,1.15733],[121.31453,1.15599],[121.31519,1.15319],[121.32245,1.15177],[121.31967,1.14945],[121.31868,1.14547],[121.31138,1.14879],[121.30777,1.1459],[121.30437,1.14822],[121.3028,1.14754],[121.30121,1.14524],[121.29863,1.14599],[121.3017,1.14962],[121.30199,1.15115],[121.29859,1.1556],[121.30145,1.1649],[121.3046,1.16789],[121.30133,1.17462],[121.30356,1.17531],[121.3046,1.17746],[121.30104,1.18315],[121.29582,1.18622],[121.29069,1.19994],[121.2873,1.20144],[121.28362,1.20816],[121.28069,1.20948],[121.28039,1.21451],[121.28213,1.21632],[121.28518,1.21059],[121.2878,1.21029],[121.29135,1.20586],[121.2967,1.20984],[121.29971,1.20964],[121.30423,1.20341],[121.29971,1.1943],[121.30037,1.19266],[121.30827,1.19898],[121.30849,1.20193],[121.31398,1.19946],[121.30859,1.20351],[121.31293,1.20586],[121.31109,1.20684],[121.3107,1.21009],[121.3143,1.20803],[121.3151,1.20526],[121.31658,1.20726],[121.3178,1.20574],[121.31917,1.20783],[121.31939,1.20592],[121.32198,1.20497],[121.32627,1.19497],[121.32869,1.20187],[121.32702,1.2073],[121.32951,1.20953],[121.33398,1.20739],[121.33651,1.20268],[121.34136,1.19876],[121.3381,1.19231],[121.34008,1.18963],[121.34153,1.19016],[121.34175,1.19445],[121.34673,1.19773],[121.34734,1.20059],[121.34893,1.19935],[121.35339,1.20151],[121.35541,1.20914],[121.35972,1.21354],[121.35997,1.22097],[121.35724,1.22453],[121.35804,1.2299],[121.35467,1.23408],[121.35445,1.23755],[121.35752,1.23936],[121.35999,1.23548],[121.36172,1.2359],[121.36127,1.24019],[121.36468,1.24187],[121.3665,1.23705],[121.36937,1.23759],[121.3704,1.23941],[121.37324,1.23733]]],[[[121.28179,1.20848],[121.28616,1.20246],[121.28471,1.20205],[121.28179,1.20848]]],[[[121.32638,1.20906],[121.32058,1.21004],[121.31929,1.20857],[121.3122,1.2118],[121.31036,1.21125],[121.31187,1.21346],[121.31073,1.21589],[121.31373,1.21488],[121.31392,1.21724],[121.31147,1.21757],[121.31125,1.21895],[121.31921,1.21965],[121.31969,1.22175],[121.32636,1.22509],[121.32951,1.2242],[121.32726,1.22111],[121.32638,1.20906]]],[[[121.43812,1.25265],[121.43433,1.25382],[121.42291,1.26397],[121.42194,1.26727],[121.42576,1.27043],[121.42878,1.27089],[121.43737,1.26437],[121.43998,1.26398],[121.44536,1.26595],[121.45547,1.27365],[121.45882,1.27318],[121.45977,1.26907],[121.45708,1.2622],[121.44577,1.25389],[121.43812,1.25265]]],[[[122.12579,1.01864],[122.12331,1.01274],[122.10869,1.01238],[122.10852,1.01046],[122.1035,1.00631],[122.0941,1.00068],[122.08514,0.99901],[122.07675,1.00638],[122.06938,1.00479],[122.06351,0.99875],[122.05661,0.99697],[122.04489,0.98911],[122.04232,0.98948],[122.02655,0.96221],[122.01735,0.9549],[122.02178,0.95248],[122.03037,0.95263],[122.03413,0.95706],[122.03591,0.95137],[122.03765,0.95249],[122.03939,0.94446],[122.03704,0.94212],[122.0347,0.9305],[122.02473,0.92424],[122.01762,0.92192],[122.01549,0.90907],[122.0037,0.91088],[121.99533,0.906],[121.98936,0.90979],[121.98588,0.91025],[121.97943,0.90435],[121.97521,0.9036],[121.96897,0.90477],[121.96588,0.90734],[121.95477,0.90728],[121.95109,0.91251],[121.94887,0.91331],[121.94782,0.91853],[121.9433,0.9201],[121.93939,0.92727],[121.93241,0.92989],[121.92834,0.92767],[121.92262,0.92739],[121.91811,0.93346],[121.91627,0.94328],[121.90906,0.95167],[121.90616,0.95911],[121.90212,0.96409],[121.8948,0.96741],[121.88797,0.97798],[121.87918,0.97947],[121.875,0.98375],[121.86721,0.98589],[121.86318,0.99101],[121.85907,0.99049],[121.85658,0.99306],[121.85123,0.99333],[121.84666,0.98553],[121.84681,0.98219],[121.849,0.9796],[121.83788,0.97385],[121.83329,0.96795],[121.8311,0.96065],[121.82122,0.9615],[121.81496,0.95442],[121.81376,0.95085],[121.79452,0.9488],[121.78682,0.93967],[121.78059,0.93939],[121.77432,0.93573],[121.76764,0.93567],[121.7627,0.9322],[121.75942,0.93306],[121.73856,0.93052],[121.7175,0.91957],[121.71605,0.91644],[121.71206,0.91708],[121.70671,0.91555],[121.70172,0.9071],[121.69694,0.90639],[121.69144,0.90252],[121.68834,0.90344],[121.68125,0.90112],[121.67414,0.90359],[121.65779,0.89193],[121.654,0.89143],[121.64958,0.89486],[121.64521,0.89531],[121.63767,0.89268],[121.62188,0.88121],[121.61193,0.88352],[121.60345,0.87266],[121.58777,0.87339],[121.5839,0.87116],[121.57743,0.87191],[121.57384,0.87051],[121.56749,0.87466],[121.56304,0.87414],[121.55732,0.87821],[121.55193,0.87832],[121.54907,0.88103],[121.54203,0.87939],[121.53558,0.87447],[121.53658,0.87295],[121.53461,0.8683],[121.53562,0.86024],[121.53149,0.85207],[121.52119,0.85121],[121.50614,0.84641],[121.50257,0.84752],[121.49963,0.84277],[121.49411,0.83931],[121.48248,0.83982],[121.48106,0.83757],[121.47732,0.83807],[121.47599,0.84209],[121.47151,0.84305],[121.46713,0.84829],[121.46257,0.84494],[121.46161,0.84702],[121.45485,0.84798],[121.45207,0.84679],[121.44001,0.84784],[121.43361,0.84414],[121.42567,0.8434],[121.42096,0.84443],[121.41675,0.84982],[121.41172,0.84541],[121.40231,0.84347],[121.39896,0.84959],[121.39423,0.852],[121.3904,0.85064],[121.38549,0.8549],[121.38005,0.85241],[121.37421,0.85385],[121.36804,0.84949],[121.35972,0.85481],[121.35468,0.8505],[121.34885,0.85232],[121.34723,0.84537],[121.35357,0.83735],[121.35159,0.824],[121.34994,0.82151],[121.36057,0.81498],[121.36434,0.80905],[121.36477,0.80291],[121.36306,0.80108],[121.35791,0.80194],[121.35279,0.796],[121.34417,0.79356],[121.33312,0.79572],[121.32893,0.79253],[121.32571,0.79234],[121.32519,0.7892],[121.31701,0.78505],[121.30905,0.79172],[121.29875,0.79589],[121.2933,0.79576],[121.28894,0.79902],[121.26924,0.79622],[121.25582,0.79929],[121.25123,0.79794],[121.25144,0.8],[121.24577,0.80153],[121.23712,0.80154],[121.233,0.79682],[121.21831,0.79116],[121.2181,0.78273],[121.21365,0.7794],[121.21464,0.7775],[121.21344,0.77606],[121.21529,0.77378],[121.21227,0.77255],[121.20791,0.7667],[121.20326,0.76758],[121.19713,0.76556],[121.19204,0.76749],[121.19074,0.76169],[121.18722,0.75905],[121.18502,0.74703],[121.18198,0.74511],[121.18424,0.73726],[121.18266,0.73353],[121.18467,0.73232],[121.18761,0.72545],[121.18761,0.7217],[121.18031,0.71273],[121.17955,0.70072],[121.17448,0.69375],[121.17451,0.68692],[121.17236,0.68383],[121.16534,0.67927],[121.16029,0.67838],[121.15031,0.68485],[121.12922,0.68496],[121.12252,0.69005],[121.11042,0.69332],[121.10872,0.69827],[121.09204,0.70216],[121.08242,0.70013],[121.06205,0.70516],[121.05898,0.69817],[121.05575,0.69469],[121.053,0.69478],[121.03992,0.69902],[121.03398,0.70222],[121.03107,0.70614],[121.022,0.70685],[121.015,0.71137],[121.00527,0.7039],[120.97886,0.69688],[120.97624,0.69448],[120.97659,0.69216],[120.95779,0.69228],[120.9552,0.71238],[120.96029,0.72748],[120.96719,0.73628],[120.97789,0.73848],[120.98219,0.74118],[120.9838,0.74428],[120.9818,0.76608],[120.98279,0.76948],[120.9874,0.77358],[120.9869,0.78268],[120.9749,0.78518],[120.97169,0.78948],[120.97507,0.79564],[120.99071,0.79975],[120.99639,0.80625],[121.00069,0.82208],[120.99889,0.83648],[120.9999,0.84428],[121.0231,0.87028],[121.05619,0.87248],[121.08749,0.88308],[121.101,0.89188],[121.10269,0.89628],[121.10032,0.90245],[121.10265,0.90329],[121.10566,0.90242],[121.11079,0.90412],[121.11754,0.90166],[121.1207,0.90368],[121.12054,0.90757],[121.1255,0.90777],[121.12859,0.90161],[121.13169,0.89981],[121.13226,0.8957],[121.14971,0.89498],[121.15384,0.88743],[121.15195,0.88409],[121.15145,0.87781],[121.15531,0.87639],[121.15734,0.87878],[121.15988,0.87612],[121.16458,0.8749],[121.1669,0.87156],[121.17975,0.87335],[121.18557,0.86755],[121.18956,0.8677],[121.19127,0.86831],[121.19292,0.87355],[121.18944,0.87427],[121.1891,0.87662],[121.18617,0.87642],[121.1809,0.88111],[121.18305,0.88484],[121.18956,0.8882],[121.19382,0.89428],[121.19726,0.88533],[121.20528,0.88548],[121.20717,0.88397],[121.20948,0.886],[121.21278,0.88623],[121.21533,0.88484],[121.21791,0.89089],[121.22023,0.89205],[121.22382,0.90534],[121.22755,0.90847],[121.23806,0.90702],[121.24136,0.90919],[121.24061,0.91178],[121.26053,0.91187],[121.27496,0.91917],[121.27843,0.92809],[121.28616,0.93482],[121.29559,0.94912],[121.30034,0.95166],[121.30325,0.94911],[121.30653,0.93924],[121.33431,0.93455],[121.34242,0.93087],[121.35143,0.92404],[121.35664,0.92836],[121.367,0.9228],[121.37079,0.92372],[121.37266,0.94101],[121.3786,0.95036],[121.37517,0.95434],[121.37498,0.96129],[121.37542,0.95795],[121.38949,0.95644],[121.38927,0.9546],[121.38605,0.95453],[121.38595,0.94729],[121.38307,0.94273],[121.39984,0.94142],[121.40054,0.93917],[121.40195,0.93936],[121.40189,0.94115],[121.40387,0.94094],[121.40701,0.93717],[121.40878,0.93928],[121.41859,0.93096],[121.42375,0.92974],[121.42298,0.92662],[121.42878,0.92753],[121.42663,0.92585],[121.42418,0.91908],[121.41527,0.91801],[121.41066,0.91117],[121.42226,0.91055],[121.42459,0.90498],[121.43013,0.90364],[121.43497,0.90474],[121.42803,0.91279],[121.43322,0.92056],[121.43308,0.92511],[121.4364,0.92751],[121.43596,0.92881],[121.45483,0.92673],[121.46072,0.93224],[121.44106,0.90943],[121.43334,0.90319],[121.42838,0.90206],[121.41569,0.90494],[121.42953,0.89439],[121.42816,0.89105],[121.42907,0.88818],[121.42727,0.88507],[121.44296,0.88508],[121.46385,0.8893],[121.49417,0.88483],[121.50115,0.89223],[121.49556,0.89404],[121.49242,0.89983],[121.49173,0.90331],[121.49687,0.90253],[121.49776,0.90424],[121.49373,0.91629],[121.49567,0.91839],[121.49363,0.92045],[121.50024,0.92914],[121.50346,0.92848],[121.50733,0.93098],[121.50732,0.93466],[121.5319,0.93802],[121.54344,0.94117],[121.55126,0.93812],[121.5541,0.9391],[121.55705,0.94574],[121.56025,0.94462],[121.56329,0.94576],[121.56738,0.95939],[121.5657,0.96585],[121.56874,0.96761],[121.56098,0.97285],[121.57837,0.96177],[121.5809,0.97024],[121.5861,0.9686],[121.5934,0.96284],[121.5979,0.9634],[121.6019,0.96603],[121.6021,0.9793],[121.6003,0.99077],[121.5983,0.99398],[121.5954,0.99639],[121.5803,0.99644],[121.5723,0.98321],[121.5703,0.98568],[121.5705,0.99529],[121.57507,0.99168],[121.58187,0.99928],[121.58601,1.00156],[121.59058,0.99713],[121.60558,0.99708],[121.60877,0.98774],[121.61511,0.98895],[121.61557,0.99254],[121.61977,0.99292],[121.62711,0.98893],[121.62729,0.99019],[121.61619,0.99704],[121.61043,0.99605],[121.60925,0.99912],[121.60501,1.00253],[121.60501,1.0073],[121.60768,1.00918],[121.59748,1.01555],[121.5959,1.02198],[121.60027,1.02189],[121.60574,1.01477],[121.61129,1.01287],[121.61177,1.01144],[121.61478,1.0122],[121.61939,1.0225],[121.62071,1.01958],[121.62165,1.02075],[121.6213,1.02517],[121.62368,1.02904],[121.62851,1.02629],[121.62583,1.02064],[121.61858,1.01388],[121.61757,1.00832],[121.6126,1.00905],[121.6107,1.00737],[121.61462,1.00462],[121.61788,1.00463],[121.61942,1.00856],[121.62138,1.0088],[121.6203,1.01221],[121.62226,1.01406],[121.62524,1.01299],[121.62375,1.01556],[121.62541,1.01933],[121.63118,1.01736],[121.63165,1.01849],[121.62719,1.02076],[121.6307,1.02364],[121.62993,1.0276],[121.63188,1.02842],[121.63218,1.02662],[121.63884,1.02992],[121.63997,1.02961],[121.63777,1.02634],[121.63528,1.02629],[121.63372,1.02337],[121.63613,1.0242],[121.63787,1.02165],[121.63682,1.02046],[121.63872,1.01481],[121.64141,1.02013],[121.64674,1.0176],[121.64907,1.0199],[121.64914,1.02518],[121.65116,1.02336],[121.64899,1.0133],[121.64671,1.0116],[121.64856,1.0082],[121.65153,1.00905],[121.65127,1.01113],[121.64945,1.01183],[121.65385,1.02119],[121.65572,1.01616],[121.66028,1.02106],[121.65651,1.02266],[121.658,1.02467],[121.65714,1.02679],[121.65959,1.02662],[121.66402,1.02287],[121.6662,1.018],[121.67311,1.01929],[121.67987,1.01554],[121.67598,1.01302],[121.67594,1.01101],[121.67387,1.01219],[121.67618,1.00874],[121.67921,1.01001],[121.68029,1.01361],[121.68395,1.00859],[121.68485,1.01316],[121.68064,1.01523],[121.67862,1.02135],[121.67045,1.02285],[121.67571,1.02823],[121.68127,1.02995],[121.68775,1.02715],[121.68768,1.02438],[121.69077,1.01868],[121.69462,1.01556],[121.69543,1.01194],[121.69726,1.01231],[121.69645,1.01562],[121.69838,1.01659],[121.69677,1.01805],[121.69806,1.0194],[121.70026,1.01848],[121.70016,1.02081],[121.70311,1.02203],[121.70139,1.01724],[121.70317,1.0147],[121.70527,1.01459],[121.7051,1.01248],[121.70742,1.01227],[121.71599,1.01802],[121.71414,1.01903],[121.71585,1.02055],[121.71418,1.02298],[121.71682,1.02325],[121.71634,1.02504],[121.72125,1.02947],[121.72683,1.04031],[121.73072,1.04332],[121.7372,1.0365],[121.73882,1.03677],[121.73305,1.04637],[121.73638,1.04676],[121.73788,1.04512],[121.74049,1.05183],[121.74317,1.04972],[121.7493,1.05328],[121.75172,1.05255],[121.75289,1.05426],[121.751,1.05722],[121.75302,1.06136],[121.75609,1.06156],[121.75772,1.05755],[121.76105,1.05801],[121.76758,1.05217],[121.77047,1.05602],[121.76986,1.05972],[121.78097,1.05867],[121.7873,1.05517],[121.7911,1.05661],[121.78891,1.05843],[121.78934,1.06025],[121.79219,1.06192],[121.79528,1.06073],[121.79462,1.06322],[121.79799,1.06374],[121.79787,1.06547],[121.8004,1.06628],[121.80456,1.06451],[121.80494,1.06241],[121.80855,1.06322],[121.81136,1.06059],[121.81625,1.06619],[121.82172,1.06289],[121.8213,1.06036],[121.82325,1.0627],[121.82748,1.06285],[121.8275,1.06664],[121.83077,1.06507],[121.83323,1.06575],[121.83727,1.0628],[121.83713,1.0674],[121.83458,1.06837],[121.83507,1.07236],[121.83925,1.07105],[121.84056,1.07315],[121.84532,1.07434],[121.84591,1.07572],[121.84356,1.07736],[121.84813,1.08006],[121.8521,1.0764],[121.85239,1.0778],[121.85491,1.07767],[121.85831,1.07416],[121.86021,1.07564],[121.86302,1.07497],[121.86332,1.07235],[121.86092,1.07154],[121.86008,1.06773],[121.86382,1.06778],[121.86861,1.06541],[121.86791,1.06285],[121.87033,1.06193],[121.87183,1.0574],[121.86971,1.05695],[121.86707,1.05308],[121.86668,1.05135],[121.86902,1.05037],[121.86638,1.04576],[121.87078,1.04511],[121.87291,1.04823],[121.87445,1.04819],[121.87306,1.05048],[121.87556,1.05181],[121.87729,1.05107],[121.87712,1.04576],[121.88118,1.04858],[121.88168,1.04683],[121.88364,1.04677],[121.88107,1.0526],[121.88652,1.04656],[121.89018,1.05208],[121.88907,1.05543],[121.89514,1.05648],[121.89402,1.05944],[121.88985,1.06003],[121.88397,1.06489],[121.88541,1.06483],[121.88573,1.067],[121.8843,1.06811],[121.89154,1.06818],[121.89043,1.06962],[121.89369,1.07383],[121.89082,1.07534],[121.89037,1.07764],[121.89931,1.07666],[121.90185,1.08073],[121.90368,1.07673],[121.90571,1.07889],[121.90701,1.07719],[121.90923,1.0783],[121.91054,1.08323],[121.91301,1.08422],[121.91484,1.08843],[121.91551,1.08678],[121.91837,1.08679],[121.91771,1.08882],[121.92209,1.08317],[121.92098,1.08048],[121.92418,1.07943],[121.92327,1.07575],[121.92542,1.07286],[121.92138,1.07246],[121.92007,1.07502],[121.91857,1.07469],[121.91909,1.07187],[121.91746,1.07029],[121.92142,1.06698],[121.92288,1.07075],[121.92464,1.07121],[121.92549,1.06859],[121.92438,1.06438],[121.92163,1.06317],[121.9187,1.05295],[121.91956,1.0517],[121.91818,1.05077],[121.9228,1.0505],[121.92158,1.04386],[121.92301,1.0431],[121.92035,1.03982],[121.92361,1.03809],[121.92011,1.03672],[121.92326,1.03541],[121.92491,1.03786],[121.9277,1.03732],[121.92669,1.03583],[121.93014,1.03349],[121.92906,1.03207],[121.92978,1.02485],[121.9331,1.02199],[121.93132,1.01973],[121.93322,1.01919],[121.93268,1.01668],[121.93037,1.01597],[121.93505,1.01621],[121.93425,1.01268],[121.94091,1.01265],[121.93771,1.00958],[121.93876,1.00807],[121.94215,1.0105],[121.9449,1.0084],[121.9432,1.0061],[121.94307,0.99992],[121.94833,0.99242],[121.94678,0.98766],[121.95042,0.97449],[121.95249,0.97801],[121.95463,0.99059],[121.9603,0.99239],[121.95899,0.99782],[121.96643,0.99818],[121.97068,1.00229],[121.97175,1.00586],[121.97972,1.00818],[121.9819,1.01044],[121.98093,1.009],[121.98204,1.00881],[121.98564,1.01327],[121.98345,1.00211],[121.98101,0.99757],[121.9876,0.9924],[121.98931,0.99901],[121.99376,1.00268],[121.99063,0.99594],[121.99091,0.99145],[121.99227,0.99128],[121.99259,0.99293],[121.99618,0.9908],[121.99742,0.99679],[122.00153,0.99944],[122.00348,1.00373],[122.00064,1.00765],[122.00507,1.01354],[122.01075,1.01355],[122.01039,1.02211],[122.00791,1.02461],[122.00975,1.02717],[122.00732,1.02818],[122.01134,1.02922],[122.01256,1.02763],[122.01335,1.03077],[122.01399,1.02931],[122.01441,1.03133],[122.02103,1.03392],[122.02242,1.03322],[122.0229,1.03493],[122.02527,1.03493],[122.0229,1.03097],[122.01636,1.02917],[122.01869,1.02639],[122.02186,1.02839],[122.02265,1.0267],[122.02458,1.02861],[122.02499,1.02442],[122.02591,1.02555],[122.0272,1.02294],[122.03016,1.0222],[122.03287,1.02429],[122.03209,1.02721],[122.03561,1.02723],[122.03809,1.02426],[122.03803,1.02134],[122.04192,1.01945],[122.04412,1.02257],[122.04958,1.02101],[122.05183,1.02513],[122.05376,1.02336],[122.05583,1.02373],[122.05479,1.02098],[122.05672,1.02148],[122.05898,1.01805],[122.06026,1.02005],[122.06185,1.01946],[122.06345,1.01553],[122.06772,1.01373],[122.06977,1.02229],[122.07203,1.01966],[122.07435,1.02411],[122.0773,1.01966],[122.08261,1.02109],[122.08467,1.01941],[122.08548,1.02056],[122.08874,1.02009],[122.09028,1.02096],[122.08889,1.02405],[122.09095,1.02554],[122.09575,1.02239],[122.09707,1.02942],[122.09455,1.03422],[122.09898,1.03698],[122.10254,1.03551],[122.10074,1.03765],[122.1034,1.03882],[122.10277,1.04034],[122.10587,1.04258],[122.10233,1.04536],[122.09899,1.04124],[122.09664,1.04378],[122.09517,1.04162],[122.09072,1.04305],[122.08907,1.04687],[122.09182,1.05131],[122.09524,1.05076],[122.09759,1.05247],[122.10222,1.05085],[122.10089,1.04893],[122.10315,1.04625],[122.10687,1.04679],[122.10833,1.04813],[122.10873,1.05305],[122.1104,1.05228],[122.11299,1.04383],[122.10848,1.04185],[122.10796,1.03952],[122.11079,1.0374],[122.11379,1.03782],[122.10714,1.0322],[122.10514,1.02477],[122.11923,1.02291],[122.11984,1.02484],[122.12263,1.02451],[122.12461,1.03292],[122.12551,1.03154],[122.12389,1.02953],[122.1232,1.0213],[122.12949,1.02166],[122.1326,1.02437],[122.13442,1.01957],[122.12579,1.01864]],[[121.38071,0.93799],[121.3808,0.93825],[121.3804,0.93824],[121.38071,0.93799]],[[121.9559,0.96797],[121.95682,0.96872],[121.95538,0.96854],[121.95509,0.96731],[121.9559,0.96797]],[[121.9636,0.98195],[121.9628,0.98527],[121.96135,0.97955],[121.9636,0.98195]],[[121.98885,0.98498],[121.992,0.98404],[121.99361,0.98652],[121.99096,0.98878],[121.98845,0.98884],[121.98885,0.98498]]],[[[121.56996,0.99605],[121.55547,0.99617],[121.55665,0.99897],[121.56004,1.00115],[121.56668,0.99963],[121.56996,0.99605]]],[[[121.65271,1.04141],[121.65388,1.04054],[121.65319,1.04017],[121.65158,1.03995],[121.65271,1.04141]]],[[[121.6547,1.04182],[121.65555,1.04221],[121.65554,1.04208],[121.6547,1.04182]]],[[[121.64982,1.04138],[121.65102,1.03995],[121.64973,1.0409],[121.64832,1.04387],[121.64982,1.04138]]],[[[121.64831,1.04388],[121.64772,1.04441],[121.648,1.04444],[121.64831,1.04388]]],[[[121.64717,1.04494],[121.64733,1.04451],[121.64618,1.04407],[121.64717,1.04494]]],[[[121.64709,1.04645],[121.64528,1.04651],[121.64732,1.04882],[121.64694,1.05183],[121.64788,1.04901],[121.64709,1.04645]]],[[[121.6598,1.05374],[121.66283,1.05555],[121.66083,1.04577],[121.6574,1.04505],[121.65976,1.04658],[121.6598,1.05374]]],[[[121.64659,1.05219],[121.6452,1.05314],[121.6458,1.0534],[121.64659,1.05219]]],[[[121.63807,1.05291],[121.64146,1.05324],[121.64125,1.05201],[121.64351,1.05394],[121.64457,1.05323],[121.64072,1.05097],[121.63448,1.05515],[121.63807,1.05291]]],[[[121.62913,1.05795],[121.63384,1.05539],[121.62631,1.05772],[121.6281,1.06042],[121.62913,1.05795]]],[[[121.62613,1.05777],[121.62031,1.05884],[121.62357,1.05848],[121.62528,1.06036],[121.62613,1.05777]]],[[[121.61905,1.06004],[121.6109,1.05882],[121.60843,1.06021],[121.61147,1.06197],[121.61905,1.06004]]],[[[121.69418,1.05994],[121.69327,1.06084],[121.69412,1.06098],[121.69418,1.05994]]],[[[121.65954,1.05719],[121.65629,1.05737],[121.65465,1.05502],[121.65041,1.05568],[121.65129,1.0612],[121.65432,1.06104],[121.65566,1.06332],[121.66125,1.06413],[121.66432,1.06666],[121.65954,1.05719]]],[[[121.6919,1.06369],[121.69295,1.06435],[121.6933,1.06422],[121.69344,1.06192],[121.6919,1.06369]]],[[[121.67873,1.0653],[121.68301,1.06779],[121.67995,1.06506],[121.67548,1.06523],[121.67346,1.06611],[121.67304,1.06666],[121.67873,1.0653]]],[[[121.69008,1.06744],[121.69184,1.06374],[121.68858,1.06763],[121.68335,1.06704],[121.68304,1.07002],[121.68424,1.07162],[121.69008,1.06744]]],[[[121.67303,1.06667],[121.6687,1.06814],[121.66771,1.06801],[121.66609,1.06692],[121.66852,1.06807],[121.66925,1.06669],[121.66534,1.06599],[121.66478,1.068],[121.67049,1.06973],[121.67303,1.06667]]],[[[122.03148,1.043],[122.02375,1.03951],[122.01985,1.03893],[122.01177,1.03425],[122.00936,1.0339],[122.00325,1.03581],[122.01133,1.03448],[122.01628,1.03938],[122.02336,1.03947],[122.02925,1.04431],[122.03148,1.043]]],[[[121.70734,1.04197],[121.70561,1.03902],[121.71015,1.03914],[121.71065,1.03747],[121.70482,1.03768],[121.70629,1.04315],[121.70385,1.04632],[121.70636,1.04633],[121.70734,1.04197]]],[[[122.13706,1.0498],[122.13976,1.04997],[122.14026,1.04667],[122.1435,1.04504],[122.14577,1.04605],[122.14981,1.04489],[122.15206,1.04623],[122.15154,1.04755],[122.1559,1.04845],[122.15556,1.04572],[122.15899,1.04151],[122.15857,1.03779],[122.16344,1.03212],[122.16899,1.03261],[122.1712,1.03456],[122.17248,1.04541],[122.17813,1.04546],[122.18053,1.04394],[122.17607,1.04151],[122.17072,1.03241],[122.16299,1.03149],[122.1597,1.03394],[122.1542,1.04558],[122.15052,1.04443],[122.14364,1.04428],[122.13392,1.04963],[122.12604,1.04388],[122.12691,1.04934],[122.13099,1.04882],[122.12864,1.05037],[122.12958,1.05086],[122.12866,1.05262],[122.13125,1.05337],[122.13706,1.0498]]],[[[122.03258,1.04331],[122.03271,1.04326],[122.03248,1.04308],[122.03258,1.04331]]],[[[121.71594,1.04669],[121.71715,1.04575],[121.71564,1.04403],[121.71472,1.04525],[121.71594,1.04669]]],[[[121.71476,1.04579],[121.71445,1.04542],[121.71426,1.04626],[121.71476,1.04579]]],[[[121.71231,1.04511],[121.7122,1.04705],[121.71507,1.04789],[121.71556,1.04674],[121.71415,1.04641],[121.71231,1.04511]]],[[[122.11901,1.05041],[122.11937,1.04655],[122.1227,1.04569],[122.12292,1.04388],[122.11915,1.04527],[122.11869,1.04948],[122.1167,1.0504],[122.1167,1.05197],[122.11901,1.05041]]],[[[122.0388,1.04733],[122.04207,1.04655],[122.04592,1.05129],[122.0516,1.05419],[122.04974,1.05198],[122.04226,1.0462],[122.03281,1.04332],[122.0388,1.04733]]],[[[121.69975,1.05605],[121.70326,1.0536],[121.7045,1.05426],[121.70787,1.0503],[121.70414,1.04697],[121.70347,1.04693],[121.705,1.05133],[121.69605,1.05527],[121.69566,1.05644],[121.69975,1.05605]]],[[[122.12791,1.05185],[122.12866,1.05073],[122.12443,1.05212],[122.12504,1.05358],[122.12791,1.05185]]],[[[121.71578,1.05328],[121.71408,1.05262],[121.71554,1.04941],[121.72027,1.04788],[121.71715,1.05039],[121.72144,1.04706],[121.72009,1.04256],[121.71554,1.03974],[121.71886,1.04579],[121.71476,1.0486],[121.71189,1.04771],[121.70991,1.05052],[121.70851,1.05586],[121.70937,1.05901],[121.70304,1.07059],[121.70662,1.07342],[121.70646,1.0662],[121.70805,1.06609],[121.70763,1.0697],[121.71134,1.07341],[121.70893,1.0744],[121.71249,1.07555],[121.71216,1.07205],[121.7094,1.06795],[121.71578,1.05328]],[[121.71157,1.06116],[121.7092,1.06265],[121.70844,1.06161],[121.71017,1.05918],[121.71157,1.06116]]],[[[121.69445,1.05865],[121.69532,1.0587],[121.69533,1.05806],[121.69445,1.05865]]],[[[121.69512,1.05892],[121.69447,1.05876],[121.69436,1.05992],[121.69512,1.05892]]],[[[122.05728,1.06496],[122.05915,1.06329],[122.05622,1.06322],[122.05198,1.05611],[122.05176,1.06148],[122.05407,1.06541],[122.05537,1.06411],[122.05728,1.06496]]],[[[122.10543,1.06689],[122.10919,1.06771],[122.10953,1.06527],[122.10647,1.06274],[122.10879,1.05679],[122.11123,1.05864],[122.1125,1.05589],[122.11821,1.05577],[122.11859,1.05392],[122.11692,1.05305],[122.11569,1.05516],[122.1085,1.05602],[122.10538,1.06558],[122.0986,1.06809],[122.09356,1.06686],[122.09003,1.06403],[122.08084,1.06265],[122.07803,1.05895],[122.0777,1.05961],[122.07981,1.06204],[122.07929,1.06437],[122.08385,1.06578],[122.08812,1.06431],[122.09209,1.06593],[122.09319,1.06822],[122.10087,1.06872],[122.10543,1.06689]]],[[[122.07459,1.06144],[122.07403,1.05991],[122.06808,1.06262],[122.07105,1.06363],[122.07459,1.06144]]],[[[122.07042,1.0694],[122.06503,1.06783],[122.0659,1.07089],[122.06305,1.07207],[122.0598,1.06354],[122.06066,1.06836],[122.05674,1.06989],[122.05669,1.07245],[122.06612,1.07315],[122.07042,1.0694]]],[[[121.72111,1.0751],[121.72827,1.07507],[121.72346,1.07403],[121.71447,1.07742],[121.7089,1.07547],[121.70935,1.07769],[121.70843,1.07581],[121.70626,1.07407],[121.70576,1.07601],[121.70786,1.07585],[121.70681,1.07722],[121.70841,1.07954],[121.71304,1.08054],[121.72111,1.0751]]]]},"properties":{"kph":"KPH Pogogul"}},{"type":"Feature","geometry":{"type":"MultiPolygon","coordinates":[[[[121.63098,-2.49401],[121.62115,-2.48725],[121.62252,-2.48429],[121.6017,-2.43722],[121.59679,-2.42932],[121.58859,-2.42092],[121.5816,-2.40012],[121.57789,-2.39532],[121.5708,-2.39122],[121.55579,-2.39012],[121.54889,-2.38782],[121.53609,-2.36842],[121.52589,-2.36342],[121.518,-2.35242],[121.5157,-2.33002],[121.5209,-2.30192],[121.52899,-2.26692],[121.532,-2.25952],[121.53029,-2.25632],[121.53209,-2.25282],[121.53279,-2.24502],[121.53086,-2.2335],[121.53311,-2.23236],[121.53458,-2.22527],[121.53782,-2.22884],[121.5401,-2.22779],[121.54305,-2.22936],[121.54395,-2.23412],[121.54871,-2.24197],[121.54819,-2.24892],[121.55043,-2.2503],[121.55893,-2.26999],[121.55647,-2.27013],[121.55752,-2.27321],[121.5565,-2.27641],[121.55479,-2.27682],[121.55527,-2.27866],[121.55907,-2.28066],[121.55397,-2.28867],[121.55806,-2.29102],[121.55456,-2.29311],[121.55768,-2.29581],[121.55315,-2.30398],[121.5545,-2.30752],[121.55342,-2.31108],[121.54929,-2.31602],[121.55117,-2.32005],[121.55204,-2.32918],[121.54959,-2.33196],[121.55592,-2.32984],[121.55824,-2.33204],[121.5611,-2.33192],[121.56413,-2.33779],[121.56819,-2.33939],[121.57419,-2.34663],[121.57618,-2.34537],[121.58358,-2.34708],[121.58707,-2.35188],[121.59342,-2.35618],[121.59185,-2.36225],[121.60924,-2.3746],[121.60752,-2.37964],[121.61453,-2.38279],[121.61568,-2.40744],[121.61668,-2.41001],[121.6206,-2.41097],[121.62196,-2.4154],[121.62777,-2.41819],[121.63255,-2.41572],[121.65265,-2.41398],[121.66604,-2.41483],[121.66896,-2.41136],[121.67412,-2.41141],[121.67535,-2.40929],[121.67058,-2.39516],[121.67047,-2.38943],[121.67825,-2.38017],[121.67716,-2.37685],[121.67947,-2.37596],[121.68264,-2.3802],[121.68769,-2.38239],[121.6894,-2.38114],[121.69041,-2.38265],[121.69238,-2.38221],[121.69416,-2.38524],[121.69807,-2.38381],[121.69977,-2.37965],[121.70298,-2.37906],[121.70476,-2.3815],[121.70655,-2.38104],[121.70798,-2.38565],[121.70838,-2.38382],[121.71021,-2.38598],[121.71277,-2.38528],[121.71816,-2.38963],[121.7213,-2.3877],[121.73096,-2.38969],[121.73432,-2.39178],[121.73708,-2.40043],[121.74423,-2.40303],[121.74593,-2.40937],[121.7526,-2.4115],[121.75525,-2.43606],[121.7689,-2.43717],[121.77124,-2.43947],[121.77298,-2.46359],[121.78744,-2.46456],[121.78815,-2.47229],[121.79573,-2.48331],[121.79685,-2.50544],[121.79952,-2.51466],[121.79939,-2.52016],[121.80375,-2.52829],[121.8067,-2.52913],[121.81002,-2.52774],[121.81194,-2.52889],[121.81382,-2.52716],[121.81712,-2.52819],[121.8148,-2.52439],[121.81507,-2.51928],[121.82123,-2.51595],[121.8233,-2.51301],[121.8178,-2.50768],[121.8178,-2.50607],[121.82321,-2.5056],[121.82432,-2.50944],[121.83212,-2.50731],[121.83403,-2.50965],[121.8364,-2.51842],[121.83629,-2.52882],[121.83874,-2.5316],[121.83863,-2.538],[121.83346,-2.5481],[121.82223,-2.5513],[121.81488,-2.55852],[121.81587,-2.56205],[121.82202,-2.56704],[121.82684,-2.56749],[121.83379,-2.57182],[121.86264,-2.57138],[121.86725,-2.57494],[121.87032,-2.58253],[121.87413,-2.58629],[121.87979,-2.58402],[121.87347,-2.57354],[121.86315,-2.56285],[121.85868,-2.55365],[121.85715,-2.53772],[121.86185,-2.52132],[121.8603,-2.51365],[121.8514,-2.4995],[121.85419,-2.49892],[121.85417,-2.49669],[121.86257,-2.50112],[121.88625,-2.49953],[121.88915,-2.5021],[121.89031,-2.50741],[121.8933,-2.51041],[121.89231,-2.51169],[121.89349,-2.51593],[121.90161,-2.53685],[121.91323,-2.53853],[121.91834,-2.54735],[121.91812,-2.55004],[121.93582,-2.54493],[121.93679,-2.55435],[121.93431,-2.56157],[121.92977,-2.56372],[121.93065,-2.56788],[121.93314,-2.56817],[121.92834,-2.57465],[121.93131,-2.57751],[121.93562,-2.57437],[121.9415,-2.57491],[121.94136,-2.57671],[121.93719,-2.57748],[121.93554,-2.57979],[121.9379,-2.58125],[121.94084,-2.58025],[121.9403,-2.58268],[121.94241,-2.58462],[121.94682,-2.58393],[121.94756,-2.58556],[121.94493,-2.58746],[121.9464,-2.58846],[121.94574,-2.58969],[121.95111,-2.58978],[121.95255,-2.59179],[121.95234,-2.59662],[121.94972,-2.59602],[121.94802,-2.59748],[121.94968,-2.60137],[121.95306,-2.59833],[121.95486,-2.59847],[121.95695,-2.60313],[121.95852,-2.60299],[121.95719,-2.59938],[121.95976,-2.60042],[121.96199,-2.60531],[121.96398,-2.60373],[121.96468,-2.60555],[121.96212,-2.61244],[121.96486,-2.61472],[121.96472,-2.61912],[121.96817,-2.62093],[121.9682,-2.61472],[121.97264,-2.61592],[121.97379,-2.61768],[121.97256,-2.62631],[121.97445,-2.62607],[121.97575,-2.62983],[121.97933,-2.63188],[121.97763,-2.63704],[121.98501,-2.64195],[121.98659,-2.6528],[121.98976,-2.6542],[121.9916,-2.65974],[121.9947,-2.66093],[121.99581,-2.6679],[121.99212,-2.67001],[121.99204,-2.67259],[121.98767,-2.6721],[121.98347,-2.67509],[121.98075,-2.67454],[121.97452,-2.67793],[121.96855,-2.67606],[121.96359,-2.67742],[121.96153,-2.67609],[121.95751,-2.6782],[121.94878,-2.67712],[121.9411,-2.67305],[121.93907,-2.66985],[121.93625,-2.67262],[121.92849,-2.67509],[121.91938,-2.67503],[121.91976,-2.67696],[121.91694,-2.67674],[121.91642,-2.67943],[121.91415,-2.67853],[121.91116,-2.68013],[121.90746,-2.68431],[121.91668,-2.68756],[121.92947,-2.68615],[121.93422,-2.69092],[121.94894,-2.6965],[121.97776,-2.71473],[121.97985,-2.73745],[121.98273,-2.74025],[121.97731,-2.74765],[121.98136,-2.75161],[121.99073,-2.74928],[121.99314,-2.75066],[121.99478,-2.76374],[122.00358,-2.77139],[121.9971,-2.77464],[121.99187,-2.77467],[121.98713,-2.77854],[121.9958,-2.78517],[121.9936,-2.78598],[122.00164,-2.79045],[122.00243,-2.78831],[122.0135,-2.78607],[122.01871,-2.77777],[122.02201,-2.77759],[122.02047,-2.77977],[122.0227,-2.7834],[122.02622,-2.78368],[122.03126,-2.78123],[122.03313,-2.78287],[122.03767,-2.78178],[122.04318,-2.78332],[122.04408,-2.78171],[122.04852,-2.78078],[122.04731,-2.77816],[122.04227,-2.77894],[122.03822,-2.77615],[122.03977,-2.77664],[122.04338,-2.77329],[122.04519,-2.77355],[122.0464,-2.77604],[122.04992,-2.77372],[122.0556,-2.77733],[122.05836,-2.77389],[122.06171,-2.77355],[122.06257,-2.77501],[122.06816,-2.77406],[122.06911,-2.77509],[122.06481,-2.77613],[122.06369,-2.77965],[122.06791,-2.78181],[122.07221,-2.78103],[122.0741,-2.78378],[122.07737,-2.78456],[122.07169,-2.78903],[122.07178,-2.79256],[122.0753,-2.7911],[122.07763,-2.79351],[122.0784,-2.79755],[122.07327,-2.804],[122.0768,-2.80481],[122.07737,-2.80759],[122.07387,-2.80802],[122.07227,-2.80631],[122.07275,-2.80846],[122.07709,-2.81754],[122.0841,-2.81643],[122.08319,-2.82128],[122.08607,-2.82155],[122.07814,-2.83636],[122.07157,-2.84135],[122.06417,-2.84425],[122.06352,-2.84611],[122.06493,-2.84803],[122.07811,-2.85385],[122.08401,-2.85353],[122.08973,-2.84926],[122.08479,-2.8397],[122.08675,-2.83523],[122.08778,-2.83669],[122.09039,-2.83666],[122.09039,-2.83525],[122.10023,-2.83515],[122.10011,-2.83654],[122.10322,-2.83137],[122.10914,-2.82604],[122.11232,-2.82432],[122.10328,-2.83144],[122.1002,-2.83654],[122.10321,-2.83351],[122.10594,-2.8346],[122.10877,-2.82998],[122.10886,-2.83557],[122.11445,-2.84108],[122.11823,-2.83919],[122.12082,-2.83205],[122.12686,-2.82764],[122.13605,-2.82895],[122.13905,-2.82654],[122.14362,-2.82766],[122.14514,-2.8266],[122.14652,-2.82986],[122.14545,-2.83633],[122.15185,-2.84143],[122.15152,-2.84413],[122.15446,-2.84388],[122.15555,-2.84232],[122.16138,-2.84118],[122.15458,-2.84431],[122.15158,-2.84457],[122.15265,-2.85563],[122.14734,-2.85932],[122.14563,-2.86271],[122.14593,-2.86626],[122.15495,-2.87468],[122.15411,-2.87835],[122.14706,-2.88702],[122.14632,-2.90799],[122.15523,-2.89738],[122.164,-2.89518],[122.167,-2.89595],[122.16409,-2.90302],[122.16734,-2.90682],[122.17106,-2.90673],[122.17441,-2.90406],[122.17682,-2.90458],[122.18225,-2.90156],[122.18827,-2.9013],[122.18938,-2.90707],[122.1911,-2.90587],[122.20487,-2.90741],[122.20788,-2.9124],[122.21356,-2.9149],[122.21347,-2.91146],[122.217,-2.91128],[122.21889,-2.90759],[122.22225,-2.90741],[122.2287,-2.90182],[122.23154,-2.90242],[122.23583,-2.89796],[122.24565,-2.89666],[122.25718,-2.89752],[122.26535,-2.89304],[122.26974,-2.89477],[122.27,-2.89735],[122.27946,-2.90329],[122.28316,-2.90242],[122.28729,-2.90509],[122.29047,-2.90458],[122.29779,-2.91008],[122.29429,-2.92501],[122.28274,-2.93472],[122.27199,-2.94795],[122.26895,-2.953],[122.26753,-2.9628],[122.25945,-2.96586],[122.25402,-2.96305],[122.25021,-2.96363],[122.24786,-2.97275],[122.25082,-2.9755],[122.24963,-2.97744],[122.24375,-2.97839],[122.24337,-2.97979],[122.25189,-2.9801],[122.25008,-2.98244],[122.25418,-2.98674],[122.24469,-2.98885],[122.24187,-2.9936],[122.23867,-2.99373],[122.23356,-2.99709],[122.23202,-2.99299],[122.22674,-2.9918],[122.22283,-2.98437],[122.21361,-2.98714],[122.2036,-2.98429],[122.20622,-2.99148],[122.19489,-2.99349],[122.19113,-2.99154],[122.1938,-2.98675],[122.19038,-2.9863],[122.19009,-2.98105],[122.18595,-2.97946],[122.18565,-2.97351],[122.18427,-2.97311],[122.18348,-2.97906],[122.18821,-2.98561],[122.18101,-2.99094],[122.18249,-2.99482],[122.181,-3.00008],[122.18277,-3.00276],[122.18198,-3.00594],[122.18792,-3.00561],[122.18993,-3.003],[122.19175,-3.00247],[122.19001,-3.00561],[122.18778,-3.00611],[122.1871,-3.00935],[122.18875,-3.00939],[122.18943,-3.01233],[122.18849,-3.01366],[122.19208,-3.01447],[122.19357,-3.00877],[122.19539,-3.01136],[122.19876,-3.01054],[122.20131,-3.01298],[122.20212,-3.01566],[122.19857,-3.01834],[122.20042,-3.02369],[122.19623,-3.02432],[122.19662,-3.02716],[122.19972,-3.02716],[122.2009,-3.02426],[122.20674,-3.02517],[122.20683,-3.02817],[122.20119,-3.02554],[122.20148,-3.02778],[122.20575,-3.02981],[122.20309,-3.03339],[122.2113,-3.03457],[122.21264,-3.03294],[122.22624,-3.03643],[122.22959,-3.0387],[122.23193,-3.03757],[122.23227,-3.03522],[122.22992,-3.03174],[122.23307,-3.02953],[122.23166,-3.02544],[122.23682,-3.02537],[122.23897,-3.02638],[122.24218,-3.03254],[122.2462,-3.03093],[122.24848,-3.03261],[122.25009,-3.03803],[122.25283,-3.03562],[122.25652,-3.03746],[122.25692,-3.04138],[122.26007,-3.04547],[122.26041,-3.05184],[122.26469,-3.05364],[122.26302,-3.05807],[122.26744,-3.0584],[122.26985,-3.06336],[122.27461,-3.06155],[122.28124,-3.06362],[122.28566,-3.06209],[122.28747,-3.06369],[122.28988,-3.06115],[122.2945,-3.06443],[122.3006,-3.06349],[122.30193,-3.06157],[122.30505,-3.06406],[122.30679,-3.06832],[122.31187,-3.07326],[122.31203,-3.07812],[122.31738,-3.08019],[122.31813,-3.08908],[122.31674,-3.08938],[122.32005,-3.09711],[122.32071,-3.10395],[122.32394,-3.10473],[122.32414,-3.11458],[122.32595,-3.11404],[122.33111,-3.11846],[122.33111,-3.12141],[122.33292,-3.12309],[122.33232,-3.12724],[122.33453,-3.12845],[122.34029,-3.12496],[122.3433,-3.12778],[122.34766,-3.1259],[122.34913,-3.12891],[122.35087,-3.12717],[122.35295,-3.12945],[122.35074,-3.13066],[122.35027,-3.133],[122.35878,-3.13668],[122.36065,-3.13347],[122.36219,-3.13474],[122.36005,-3.14271],[122.3634,-3.14452],[122.37064,-3.14248],[122.37501,-3.14688],[122.37662,-3.146],[122.373,-3.15166],[122.37306,-3.15569],[122.37145,-3.15565],[122.36935,-3.15788],[122.3677,-3.16196],[122.36345,-3.16136],[122.35541,-3.16601],[122.35184,-3.16531],[122.34363,-3.16814],[122.34111,-3.16726],[122.33326,-3.17622],[122.33301,-3.17833],[122.3311,-3.17946],[122.32698,-3.18491],[122.32594,-3.18541],[122.32337,-3.18259],[122.32215,-3.18249],[122.32068,-3.18497],[122.32043,-3.1892],[122.31542,-3.19256],[122.31713,-3.19379],[122.3175,-3.20086],[122.31584,-3.20107],[122.312,-3.19013],[122.31348,-3.18147],[122.31869,-3.17398],[122.31495,-3.16588],[122.30154,-3.15782],[122.29459,-3.15552],[122.28983,-3.14866],[122.28208,-3.14529],[122.27377,-3.1467],[122.27028,-3.14432],[122.26116,-3.1429],[122.25654,-3.14033],[122.25457,-3.13709],[122.253,-3.13086],[122.25347,-3.12392],[122.258,-3.11176],[122.26479,-3.101],[122.26087,-3.10043],[122.24876,-3.09346],[122.24395,-3.09261],[122.23553,-3.09756],[122.22929,-3.09875],[122.22513,-3.10194],[122.21352,-3.09862],[122.20974,-3.09576],[122.2025,-3.09576],[122.19295,-3.08422],[122.19317,-3.08165],[122.19529,-3.08076],[122.19451,-3.07538],[122.1862,-3.06208],[122.16803,-3.04862],[122.15059,-3.03935],[122.13087,-3.07174],[122.12647,-3.08266],[122.11161,-3.08745],[122.08215,-3.09239],[122.0704,-3.08889],[122.06648,-3.08942],[122.06796,-3.08185],[122.0654,-3.08071],[122.04423,-3.07282],[122.03527,-3.07183],[122.03875,-3.0642],[122.03865,-3.05231],[122.03026,-3.04824],[122.02407,-3.04655],[122.01121,-3.0484],[122.00264,-3.04312],[121.99521,-3.04647],[121.98196,-3.04784],[121.9776,-3.04113],[121.96589,-3.04358],[121.96228,-3.0429],[121.95816,-3.04852],[121.95265,-3.05091],[121.94919,-3.04569],[121.94409,-3.04259],[121.94385,-3.03565],[121.94006,-3.03264],[121.94124,-3.02832],[121.93776,-3.02669],[121.93397,-3.03008],[121.93137,-3.03011],[121.93065,-3.02763],[121.92596,-3.02674],[121.92373,-3.02237],[121.91986,-3.02359],[121.91531,-3.01485],[121.91387,-3.01799],[121.91155,-3.01851],[121.91006,-3.01478],[121.90267,-3.01463],[121.89559,-3.01009],[121.88735,-3.01084],[121.8842,-3.00963],[121.88312,-3.00588],[121.88491,-3.00335],[121.87686,-2.99586],[121.87362,-2.9874],[121.87389,-2.98201],[121.86913,-2.97756],[121.87214,-2.97342],[121.87477,-2.97552],[121.88036,-2.9726],[121.88721,-2.97237],[121.88023,-2.96428],[121.87539,-2.96382],[121.86704,-2.95411],[121.86932,-2.94637],[121.86653,-2.94154],[121.86837,-2.93826],[121.86525,-2.93625],[121.86617,-2.93346],[121.86437,-2.92823],[121.86234,-2.92725],[121.86216,-2.91505],[121.85828,-2.91016],[121.84959,-2.9056],[121.84709,-2.8995],[121.84456,-2.8984],[121.84431,-2.89379],[121.84622,-2.89201],[121.84556,-2.87971],[121.84163,-2.8778],[121.83464,-2.86302],[121.82644,-2.86659],[121.82352,-2.8619],[121.82038,-2.86064],[121.8147,-2.86737],[121.80763,-2.86916],[121.78678,-2.868],[121.77332,-2.86499],[121.7651,-2.8583],[121.7565,-2.86181],[121.73957,-2.85996],[121.73673,-2.86449],[121.73831,-2.88335],[121.74306,-2.88959],[121.74357,-2.89315],[121.7376,-2.89752],[121.7339,-2.89707],[121.72391,-2.89164],[121.71833,-2.89211],[121.71366,-2.89516],[121.71208,-2.90021],[121.71465,-2.90485],[121.71408,-2.90663],[121.70686,-2.91236],[121.70932,-2.91293],[121.7092,-2.91788],[121.71344,-2.92119],[121.7119,-2.92282],[121.70919,-2.91962],[121.70443,-2.91772],[121.70233,-2.91974],[121.69993,-2.91872],[121.69538,-2.92044],[121.6915,-2.91849],[121.68563,-2.91043],[121.6827,-2.90268],[121.67022,-2.90045],[121.67385,-2.90036],[121.67071,-2.90019],[121.68091,-2.8906],[121.689,-2.88786],[121.6902,-2.88354],[121.68679,-2.87808],[121.68572,-2.86609],[121.67855,-2.86716],[121.67084,-2.87083],[121.6684,-2.8676],[121.66838,-2.85829],[121.65964,-2.86101],[121.65871,-2.85519],[121.65145,-2.84967],[121.65098,-2.84619],[121.65796,-2.84627],[121.66177,-2.84302],[121.6645,-2.84371],[121.67174,-2.84028],[121.67402,-2.83783],[121.67601,-2.82847],[121.67479,-2.8223],[121.67935,-2.81977],[121.68251,-2.82087],[121.68744,-2.81956],[121.68953,-2.81694],[121.7008,-2.81271],[121.70677,-2.80726],[121.71719,-2.77724],[121.71534,-2.75334],[121.73595,-2.737],[121.74747,-2.71797],[121.73538,-2.69856],[121.75063,-2.67906],[121.77346,-2.68292],[121.78414,-2.64168],[121.76165,-2.62659],[121.74782,-2.6065],[121.72011,-2.60377],[121.6971,-2.58059],[121.67397,-2.54162],[121.67299,-2.51993],[121.63909,-2.50863],[121.63098,-2.49401]],[[122.31168,-3.16278],[122.31257,-3.16347],[122.31102,-3.16223],[122.31168,-3.16278]],[[122.18679,-3.00966],[122.18654,-3.00991],[122.18674,-3.00982],[122.18694,-3.0095],[122.18679,-3.00966]],[[121.91913,-2.98968],[121.92077,-2.99002],[121.92211,-2.98983],[121.91913,-2.98968]],[[121.68349,-2.90307],[121.68349,-2.90309],[121.6835,-2.90309],[121.68349,-2.90307]],[[122.0506,-2.7809],[122.05033,-2.78211],[122.05173,-2.78142],[122.0506,-2.7809]],[[121.92096,-2.64419],[121.92722,-2.64209],[121.93143,-2.63772],[121.92822,-2.61721],[121.91084,-2.61659],[121.88862,-2.62418],[121.88605,-2.62943],[121.88676,-2.63136],[121.8943,-2.638],[121.92096,-2.64419]],[[121.65003,-2.4657],[121.6739,-2.45896],[121.68251,-2.45326],[121.68555,-2.44554],[121.68434,-2.43823],[121.68111,-2.43187],[121.6514,-2.43259],[121.63194,-2.4304],[121.62777,-2.4315],[121.61952,-2.44595],[121.61598,-2.45631],[121.62068,-2.46317],[121.62237,-2.47545],[121.62918,-2.47905],[121.63526,-2.47718],[121.65003,-2.4657]]],[[[122.11328,-2.82319],[122.11409,-2.82281],[122.11427,-2.8192],[122.11576,-2.81822],[122.1236,-2.81908],[122.12542,-2.81941],[122.12568,-2.81951],[122.12595,-2.82033],[122.1264,-2.82044],[122.1284,-2.81881],[122.13333,-2.81777],[122.12643,-2.82053],[122.1158,-2.81831],[122.11436,-2.81925],[122.11417,-2.82286],[122.11232,-2.82432],[122.11328,-2.82319]]],[[[121.79936,-2.94958],[121.80154,-2.95091],[121.80019,-2.95033],[121.79936,-2.94958]]],[[[121.79474,-2.94635],[121.79543,-2.94678],[121.79313,-2.94617],[121.79275,-2.94581],[121.79474,-2.94635]]],[[[121.78743,-2.94481],[121.78558,-2.946],[121.78467,-2.9458],[121.78724,-2.94435],[121.79091,-2.94464],[121.79171,-2.94509],[121.78743,-2.94481]]],[[[121.77951,-2.94645],[121.7785,-2.94613],[121.78208,-2.94395],[121.78283,-2.94389],[121.78325,-2.9442],[121.77951,-2.94645]]],[[[121.7722,-2.94372],[121.77137,-2.94318],[121.77464,-2.94309],[121.77557,-2.94346],[121.7761,-2.94404],[121.7722,-2.94372]]],[[[121.74118,-2.92588],[121.75111,-2.92367],[121.7415,-2.92634],[121.73781,-2.9256],[121.74118,-2.92588]]],[[[121.73548,-2.92147],[121.73526,-2.92189],[121.73517,-2.92173],[121.73548,-2.92147]]],[[[121.71601,-2.92148],[121.71596,-2.9214],[121.71607,-2.92143],[121.71601,-2.92148]]],[[[121.71911,-2.91999],[121.71819,-2.92018],[121.71862,-2.91997],[121.71911,-2.91999]]],[[[121.73535,-2.92005],[121.73563,-2.92048],[121.73409,-2.91875],[121.73535,-2.92005]]],[[[121.72971,-2.91881],[121.73066,-2.91916],[121.72971,-2.91901],[121.72971,-2.91881]]],[[[121.72825,-2.9187],[121.72739,-2.91917],[121.72742,-2.91809],[121.72825,-2.9187]]],[[[121.72213,-2.91848],[121.7221,-2.91796],[121.72255,-2.91838],[121.72213,-2.91848]]],[[[121.72771,-2.91712],[121.72754,-2.91646],[121.72773,-2.91654],[121.72771,-2.91712]]],[[[121.83205,-2.97079],[121.83243,-2.97143],[121.82937,-2.971],[121.83205,-2.97079]]],[[[121.82745,-2.96903],[121.82798,-2.96916],[121.82851,-2.96988],[121.82608,-2.96982],[121.82745,-2.96903]]],[[[121.86674,-2.96732],[121.87222,-2.97122],[121.8721,-2.97329],[121.8659,-2.96803],[121.86287,-2.96762],[121.85779,-2.96481],[121.85631,-2.9657],[121.85368,-2.96511],[121.85167,-2.9681],[121.8468,-2.96853],[121.84328,-2.97141],[121.83801,-2.972],[121.83571,-2.9713],[121.8344,-2.97286],[121.83348,-2.97245],[121.83539,-2.97096],[121.84263,-2.971],[121.84618,-2.96815],[121.85107,-2.96762],[121.85312,-2.96455],[121.85756,-2.96389],[121.86674,-2.96732]],[[121.85635,-2.96496],[121.85634,-2.96497],[121.85637,-2.96496],[121.85635,-2.96496]]],[[[121.82105,-2.96257],[121.82029,-2.96219],[121.81982,-2.96178],[121.8197,-2.96153],[121.82209,-2.96267],[121.82105,-2.96257]]],[[[121.80964,-2.95621],[121.80919,-2.95587],[121.81502,-2.95782],[121.80964,-2.95621]]],[[[121.80711,-2.95481],[121.80509,-2.95377],[121.80869,-2.95551],[121.80711,-2.95481]]],[[[122.19729,-2.88334],[122.19739,-2.88342],[122.19721,-2.8833],[122.19729,-2.88334]]],[[[122.19571,-2.88266],[122.19458,-2.88461],[122.19081,-2.87903],[122.19571,-2.88266]]],[[[122.18929,-2.88002],[122.19052,-2.88025],[122.19145,-2.88186],[122.18914,-2.88233],[122.18591,-2.878],[122.18739,-2.87678],[122.18944,-2.87773],[122.18929,-2.88002]]],[[[122.19167,-2.84501],[122.18721,-2.84911],[122.18628,-2.83819],[122.18784,-2.83765],[122.19167,-2.84501]]],[[[122.18915,-2.83629],[122.18924,-2.83661],[122.18919,-2.83648],[122.18915,-2.83629]]],[[[122.18876,-2.83536],[122.18906,-2.8361],[122.187,-2.8357],[122.18596,-2.83725],[122.18659,-2.83386],[122.18876,-2.83536]]],[[[122.18322,-2.82606],[122.18467,-2.83147],[122.18358,-2.83054],[122.18322,-2.82606]]],[[[122.03444,-2.76709],[122.03599,-2.76615],[122.03453,-2.77018],[122.03007,-2.7741],[122.03444,-2.76709]]],[[[123.13058,-3.59402],[123.13356,-3.59209],[123.13372,-3.59437],[123.13781,-3.59504],[123.13909,-3.5926],[123.14389,-3.59],[123.14258,-3.59469],[123.14536,-3.59781],[123.15355,-3.60363],[123.15608,-3.60247],[123.16655,-3.6061],[123.17064,-3.61018],[123.16565,-3.61291],[123.15822,-3.60906],[123.14549,-3.60937],[123.14833,-3.61269],[123.15161,-3.61369],[123.15262,-3.61686],[123.15804,-3.61887],[123.15312,-3.6206],[123.13909,-3.61454],[123.13688,-3.61098],[123.13216,-3.61226],[123.12687,-3.61079],[123.12228,-3.61179],[123.11935,-3.61619],[123.12004,-3.62885],[123.10918,-3.63342],[123.11103,-3.63636],[123.11821,-3.63972],[123.11684,-3.64056],[123.10451,-3.63888],[123.09732,-3.63415],[123.09715,-3.63094],[123.09522,-3.62921],[123.08835,-3.63124],[123.08243,-3.62844],[123.07863,-3.62541],[123.07376,-3.62455],[123.07179,-3.62304],[123.06895,-3.61563],[123.06388,-3.6146],[123.05619,-3.60743],[123.06314,-3.60129],[123.06272,-3.59862],[123.06474,-3.5991],[123.05591,-3.59409],[123.05459,-3.59055],[123.0569,-3.59271],[123.06214,-3.59344],[123.06205,-3.58808],[123.06519,-3.58644],[123.07769,-3.59282],[123.08291,-3.59373],[123.08771,-3.59213],[123.09043,-3.59296],[123.0942,-3.59097],[123.09452,-3.58843],[123.10873,-3.59389],[123.11308,-3.58762],[123.11756,-3.58814],[123.126,-3.58463],[123.12661,-3.58855],[123.12441,-3.59054],[123.13058,-3.59402]],[[123.08139,-3.62742],[123.0812,-3.62733],[123.08176,-3.62787],[123.08139,-3.62742]]],[[[122.31087,-3.27265],[122.3107,-3.27287],[122.31076,-3.27255],[122.31087,-3.27265]]],[[[122.38425,-3.25864],[122.3834,-3.25913],[122.38329,-3.25693],[122.38425,-3.25864]]],[[[122.37283,-3.24859],[122.37333,-3.24877],[122.37331,-3.24882],[122.37283,-3.24859]]],[[[122.37196,-3.24653],[122.37186,-3.24671],[122.37145,-3.24606],[122.37196,-3.24653]]],[[[122.29566,-3.22642],[122.30197,-3.23704],[122.29995,-3.24211],[122.29566,-3.22642]]],[[[122.37508,-3.15162],[122.37821,-3.15213],[122.37807,-3.15348],[122.3813,-3.15258],[122.38089,-3.15116],[122.37783,-3.15061],[122.37976,-3.15002],[122.38471,-3.15385],[122.3898,-3.15304],[122.39822,-3.16511],[122.40383,-3.15934],[122.40871,-3.16463],[122.41122,-3.16252],[122.40844,-3.15875],[122.41088,-3.15295],[122.41525,-3.15388],[122.41521,-3.1582],[122.42133,-3.16149],[122.41869,-3.16139],[122.41566,-3.16436],[122.419,-3.16791],[122.42026,-3.17307],[122.42357,-3.17493],[122.42487,-3.17183],[122.42756,-3.1719],[122.42906,-3.1739],[122.42539,-3.17394],[122.42315,-3.17857],[122.42469,-3.18366],[122.42184,-3.18736],[122.41564,-3.18987],[122.41096,-3.19637],[122.41504,-3.19889],[122.41519,-3.20163],[122.41918,-3.20499],[122.41925,-3.2092],[122.42365,-3.21212],[122.42434,-3.20907],[122.42262,-3.20533],[122.42579,-3.20936],[122.42529,-3.214],[122.42395,-3.21463],[122.42313,-3.21294],[122.42272,-3.21706],[122.42543,-3.22605],[122.43065,-3.23345],[122.43041,-3.23865],[122.43341,-3.24052],[122.43262,-3.24312],[122.42965,-3.24477],[122.43094,-3.24492],[122.43042,-3.24772],[122.42812,-3.24599],[122.42622,-3.24694],[122.42612,-3.24399],[122.42401,-3.24331],[122.42513,-3.24205],[122.42422,-3.24217],[122.42305,-3.24554],[122.42333,-3.24728],[122.42758,-3.24987],[122.42838,-3.25543],[122.43331,-3.25787],[122.4303,-3.26295],[122.43341,-3.27151],[122.431,-3.27468],[122.42647,-3.27641],[122.42707,-3.27977],[122.42459,-3.27923],[122.42512,-3.27607],[122.42243,-3.2777],[122.42169,-3.27368],[122.42373,-3.27284],[122.42155,-3.27053],[122.42278,-3.2669],[122.42096,-3.26355],[122.4221,-3.26199],[122.4164,-3.26216],[122.41617,-3.26021],[122.41739,-3.26097],[122.41857,-3.25965],[122.41684,-3.25976],[122.41505,-3.25621],[122.41142,-3.25805],[122.40901,-3.25613],[122.41087,-3.26017],[122.40771,-3.26015],[122.40806,-3.24855],[122.40506,-3.24272],[122.40095,-3.2398],[122.39666,-3.24343],[122.39845,-3.24742],[122.39653,-3.24798],[122.3974,-3.25015],[122.39497,-3.25025],[122.39431,-3.24886],[122.39403,-3.25088],[122.38462,-3.25522],[122.38507,-3.25742],[122.381,-3.25494],[122.37629,-3.25698],[122.37683,-3.25358],[122.37366,-3.25473],[122.37319,-3.25073],[122.37118,-3.2534],[122.37125,-3.24911],[122.37356,-3.24926],[122.37404,-3.24765],[122.37208,-3.24554],[122.37111,-3.24593],[122.37129,-3.24726],[122.36568,-3.24853],[122.36635,-3.25419],[122.36378,-3.25714],[122.3633,-3.25455],[122.35891,-3.25536],[122.35549,-3.25198],[122.35958,-3.2472],[122.36274,-3.24776],[122.36314,-3.24489],[122.3616,-3.24645],[122.36136,-3.24468],[122.36781,-3.23905],[122.36758,-3.23673],[122.36461,-3.23784],[122.36297,-3.23508],[122.3634,-3.23312],[122.36886,-3.22974],[122.36891,-3.22585],[122.36564,-3.22609],[122.36177,-3.22879],[122.3631,-3.23149],[122.36092,-3.23268],[122.35674,-3.22964],[122.34736,-3.23676],[122.34485,-3.23531],[122.34323,-3.23627],[122.34402,-3.23324],[122.34149,-3.23089],[122.33799,-3.23202],[122.3389,-3.23364],[122.33741,-3.23486],[122.33338,-3.23466],[122.33138,-3.23632],[122.32926,-3.2349],[122.33053,-3.23285],[122.32879,-3.23014],[122.32512,-3.2305],[122.32313,-3.22853],[122.32436,-3.22688],[122.32681,-3.22761],[122.32872,-3.22631],[122.3246,-3.22456],[122.32328,-3.21935],[122.32067,-3.21865],[122.31851,-3.21524],[122.3196,-3.21054],[122.3253,-3.20363],[122.32581,-3.20051],[122.32193,-3.19589],[122.32281,-3.19459],[122.32005,-3.19345],[122.32238,-3.18293],[122.32574,-3.18582],[122.32726,-3.18526],[122.33733,-3.1734],[122.33885,-3.16987],[122.34159,-3.16751],[122.34367,-3.16859],[122.35194,-3.16575],[122.35555,-3.16644],[122.36383,-3.16173],[122.36729,-3.16295],[122.3697,-3.15817],[122.37343,-3.15604],[122.37343,-3.15183],[122.37831,-3.14619],[122.37886,-3.1485],[122.37728,-3.1485],[122.37508,-3.15162]]],[[[122.31787,-3.19985],[122.31755,-3.19827],[122.3194,-3.199],[122.3193,-3.20147],[122.31787,-3.19985]]],[[[122.45927,-3.18532],[122.45968,-3.18953],[122.45533,-3.1872],[122.45322,-3.18898],[122.43629,-3.1876],[122.4352,-3.18964],[122.42846,-3.19283],[122.42861,-3.20073],[122.42718,-3.2015],[122.42696,-3.19908],[122.42459,-3.19945],[122.42885,-3.18825],[122.43146,-3.18578],[122.44218,-3.1826],[122.45362,-3.18297],[122.45927,-3.18532]]],[[[122.51047,-3.0791],[122.51254,-3.08105],[122.51356,-3.08038],[122.51143,-3.08304],[122.5132,-3.08523],[122.51275,-3.08834],[122.49717,-3.08727],[122.49639,-3.07966],[122.49894,-3.07321],[122.50374,-3.07272],[122.50346,-3.07146],[122.5079,-3.07217],[122.50743,-3.06974],[122.50933,-3.07384],[122.51196,-3.0746],[122.51047,-3.0791]]],[[[122.41695,-3.04824],[122.41158,-3.04952],[122.40605,-3.04254],[122.40703,-3.03985],[122.40127,-3.03766],[122.39929,-3.03522],[122.39549,-3.03567],[122.3953,-3.03046],[122.39849,-3.02919],[122.40545,-3.03095],[122.41613,-3.04303],[122.41695,-3.04824]]],[[[122.2087,-3.03061],[122.20744,-3.02894],[122.21096,-3.02919],[122.2087,-3.03061]]],[[[122.34361,-3.00885],[122.34472,-3.01511],[122.33303,-3.0121],[122.33029,-3.00824],[122.33028,-3.00552],[122.33343,-3.00343],[122.33866,-3.00426],[122.34361,-3.00885]]],[[[122.21168,-2.90196],[122.21082,-2.90044],[122.21501,-2.89927],[122.21397,-2.90246],[122.21168,-2.90196]]],[[[122.25305,-2.88791],[122.25822,-2.88706],[122.2656,-2.8888],[122.27317,-2.88667],[122.27672,-2.88687],[122.27642,-2.88797],[122.27221,-2.8908],[122.25322,-2.88969],[122.24948,-2.88752],[122.24695,-2.88281],[122.24272,-2.88658],[122.23522,-2.88952],[122.23472,-2.89552],[122.23188,-2.8989],[122.22716,-2.89849],[122.22434,-2.90149],[122.21875,-2.90264],[122.22571,-2.89721],[122.22633,-2.8942],[122.22463,-2.89325],[122.22436,-2.88969],[122.22721,-2.88949],[122.22886,-2.89197],[122.23177,-2.89192],[122.23358,-2.89057],[122.22968,-2.89022],[122.23058,-2.88725],[122.23789,-2.88389],[122.24084,-2.88491],[122.2393,-2.88166],[122.24282,-2.88327],[122.24542,-2.8797],[122.25137,-2.87794],[122.25446,-2.88051],[122.25305,-2.88791]]],[[[122.20533,-2.88927],[122.20765,-2.89352],[122.20682,-2.89714],[122.20128,-2.88967],[122.20439,-2.88731],[122.20258,-2.88481],[122.20038,-2.88753],[122.19602,-2.88613],[122.19934,-2.88622],[122.19781,-2.88372],[122.19883,-2.88314],[122.20415,-2.88227],[122.20533,-2.88927]]]]},"properties":{"kph":"KPH Tepe Asa Moroso"}},{"type":"Feature","geometry":{"type":"MultiPolygon","coordinates":[[[[121.1227,-1.64352],[121.08929,-1.66422],[121.0684,-1.67182],[121.05739,-1.67172],[121.0559,-1.67412],[121.0517,-1.67362],[121.04709,-1.67532],[121.04179,-1.68702],[121.0343,-1.69842],[121.0256,-1.70902],[121.0198,-1.71312],[120.98659,-1.71882],[120.9692,-1.7283],[120.96492,-1.71779],[120.95987,-1.71916],[120.95689,-1.72855],[120.95351,-1.72616],[120.95045,-1.71552],[120.94638,-1.71021],[120.94288,-1.70919],[120.9326,-1.68252],[120.9312,-1.68083],[120.92826,-1.68438],[120.92557,-1.68219],[120.91543,-1.65447],[120.91615,-1.64253],[120.91008,-1.63136],[120.91145,-1.62753],[120.90988,-1.60069],[120.91382,-1.59559],[120.91082,-1.59421],[120.9097,-1.58939],[120.90714,-1.58711],[120.90734,-1.58048],[120.90299,-1.57027],[120.90088,-1.55989],[120.89137,-1.54802],[120.89387,-1.54444],[120.89465,-1.53702],[120.89044,-1.53188],[120.88715,-1.52194],[120.88655,-1.50806],[120.88259,-1.49733],[120.88402,-1.49607],[120.88259,-1.48067],[120.88379,-1.47704],[120.88535,-1.48169],[120.88922,-1.48225],[120.89288,-1.47995],[120.89635,-1.47375],[120.90106,-1.47197],[120.90344,-1.46641],[120.90393,-1.46925],[120.90673,-1.46805],[120.9156,-1.47092],[120.91789,-1.46722],[120.92183,-1.47047],[120.92466,-1.46754],[120.93683,-1.46741],[120.94079,-1.46437],[120.94375,-1.46642],[120.94956,-1.46442],[120.95209,-1.46593],[120.95402,-1.46325],[120.9569,-1.46499],[120.95875,-1.46275],[120.96427,-1.47033],[120.96595,-1.47662],[120.9693,-1.46841],[120.96889,-1.46293],[120.97384,-1.46022],[120.97315,-1.45501],[120.97597,-1.44396],[120.97731,-1.44232],[120.97882,-1.4446],[120.98238,-1.44334],[120.98538,-1.44623],[120.9871,-1.44594],[120.98615,-1.44211],[120.98398,-1.44086],[120.98621,-1.43926],[120.98486,-1.43826],[120.98647,-1.43645],[120.98894,-1.4392],[120.9924,-1.43672],[120.99215,-1.44474],[120.99461,-1.44715],[120.99586,-1.44668],[120.99449,-1.44514],[120.99533,-1.44287],[120.99867,-1.44095],[120.99616,-1.43862],[120.99862,-1.43833],[121.00303,-1.44267],[121.00262,-1.4479],[121.00465,-1.45272],[121.00877,-1.45344],[121.00179,-1.46746],[121.00456,-1.47486],[121.0039,-1.4782],[121.00784,-1.47958],[121.00913,-1.48226],[121.00902,-1.47834],[121.01191,-1.47647],[121.01589,-1.46931],[121.01874,-1.44876],[121.0207,-1.44979],[121.02111,-1.44804],[121.03114,-1.44076],[121.03325,-1.44933],[121.03613,-1.4522],[121.03787,-1.45124],[121.0374,-1.45776],[121.04086,-1.46069],[121.04126,-1.46335],[121.04818,-1.45859],[121.04932,-1.46026],[121.05228,-1.46057],[121.0481,-1.46196],[121.04723,-1.46609],[121.04975,-1.47491],[121.04875,-1.48195],[121.05451,-1.47449],[121.05367,-1.47182],[121.05573,-1.46908],[121.05621,-1.46448],[121.05827,-1.46451],[121.06076,-1.47039],[121.07099,-1.47122],[121.06915,-1.47739],[121.07109,-1.48436],[121.07386,-1.4859],[121.07214,-1.49117],[121.07397,-1.49117],[121.07655,-1.49521],[121.07954,-1.49641],[121.08033,-1.49372],[121.08301,-1.49188],[121.0832,-1.49738],[121.0864,-1.49419],[121.08948,-1.49703],[121.09247,-1.49652],[121.09081,-1.49776],[121.09283,-1.50089],[121.09161,-1.50899],[121.09241,-1.5073],[121.09648,-1.51137],[121.10171,-1.51222],[121.1054,-1.50629],[121.10769,-1.50572],[121.10836,-1.51211],[121.11433,-1.52831],[121.11378,-1.53071],[121.11509,-1.54218],[121.1176,-1.54789],[121.11628,-1.5515],[121.11679,-1.55486],[121.12087,-1.56501],[121.11943,-1.56976],[121.12129,-1.577],[121.11561,-1.58188],[121.11507,-1.58584],[121.11586,-1.5876],[121.12172,-1.58667],[121.12345,-1.59112],[121.11775,-1.60114],[121.12037,-1.60393],[121.12716,-1.60298],[121.13015,-1.60869],[121.13392,-1.61142],[121.13993,-1.61061],[121.14039,-1.61458],[121.13674,-1.61364],[121.13697,-1.61578],[121.13512,-1.61751],[121.13518,-1.62186],[121.13844,-1.62303],[121.13471,-1.62543],[121.1337,-1.62828],[121.13541,-1.63295],[121.1227,-1.64352]],[[120.89362,-1.49741],[120.89358,-1.49839],[120.8937,-1.49816],[120.89362,-1.49741]],[[120.89198,-1.49046],[120.89167,-1.49012],[120.89196,-1.49119],[120.89198,-1.49046]]],[[[121.9304,-1.06442],[121.94033,-1.07207],[121.94098,-1.07808],[121.94443,-1.0764],[121.94704,-1.08194],[121.94614,-1.0926],[121.94804,-1.09439],[121.94605,-1.09556],[121.94671,-1.0995],[121.94555,-1.09871],[121.94466,-1.10083],[121.94602,-1.10378],[121.94352,-1.10576],[121.94019,-1.11861],[121.94478,-1.12124],[121.94249,-1.12321],[121.94382,-1.12544],[121.94582,-1.12504],[121.94485,-1.12539],[121.94445,-1.12596],[121.94483,-1.12738],[121.94631,-1.12497],[121.94405,-1.125],[121.94297,-1.12319],[121.94488,-1.12283],[121.94517,-1.12102],[121.94064,-1.1187],[121.94262,-1.11173],[121.94724,-1.11011],[121.94584,-1.10524],[121.94893,-1.10132],[121.95227,-1.09976],[121.95734,-1.10133],[121.9543,-1.09963],[121.95395,-1.09619],[121.95625,-1.0958],[121.95394,-1.09275],[121.95098,-1.09466],[121.94815,-1.09139],[121.94857,-1.08746],[121.95245,-1.08542],[121.95667,-1.08591],[121.96012,-1.09491],[121.96452,-1.08939],[121.96644,-1.0898],[121.96396,-1.0874],[121.96042,-1.08906],[121.95849,-1.08445],[121.95355,-1.08335],[121.9544,-1.08087],[121.9619,-1.08332],[121.97379,-1.08422],[122.0088,-1.09592],[122.0251,-1.10352],[122.0371,-1.11482],[122.05929,-1.12682],[122.06629,-1.12852],[122.0923,-1.12872],[122.1159,-1.12622],[122.1389,-1.13562],[122.1465,-1.14382],[122.15309,-1.15812],[122.16199,-1.16682],[122.1699,-1.16972],[122.1806,-1.16792],[122.19619,-1.18142],[122.19529,-1.18542],[122.1987,-1.19292],[122.19989,-1.20192],[122.19734,-1.21688],[122.20369,-1.24142],[122.20259,-1.25022],[122.19989,-1.25532],[122.18904,-1.26489],[122.17313,-1.27268],[122.17057,-1.2714],[122.1613,-1.27325],[122.15085,-1.27034],[122.14241,-1.27202],[122.14132,-1.27301],[122.14014,-1.27191],[122.13549,-1.27021],[122.13227,-1.27082],[122.13061,-1.26889],[122.12834,-1.26782],[122.12475,-1.27297],[122.12371,-1.27211],[122.11841,-1.27356],[122.11762,-1.27453],[122.11599,-1.27381],[122.10983,-1.2773],[122.1087,-1.27953],[122.10397,-1.27879],[122.09836,-1.28513],[122.09578,-1.29349],[122.08814,-1.29233],[122.08453,-1.29269],[122.0844,-1.30034],[122.08173,-1.30089],[122.08105,-1.2992],[122.08055,-1.30117],[122.07667,-1.30142],[122.06526,-1.29605],[122.06343,-1.29629],[122.06026,-1.28882],[122.06077,-1.28529],[122.05759,-1.28217],[122.05429,-1.2825],[122.05319,-1.27783],[122.04566,-1.27925],[122.03955,-1.2725],[122.03374,-1.27481],[122.0289,-1.27302],[122.0224,-1.26793],[122.02608,-1.26568],[122.02601,-1.26347],[122.01874,-1.25822],[122.0214,-1.25836],[122.02231,-1.25727],[122.0212,-1.25381],[122.01982,-1.2532],[122.02235,-1.25041],[122.02276,-1.24688],[122.02162,-1.24561],[122.02468,-1.24523],[122.02621,-1.24251],[122.02594,-1.24077],[122.02188,-1.23595],[122.02405,-1.23044],[122.02656,-1.22866],[122.02423,-1.22639],[122.02478,-1.22026],[122.02853,-1.21658],[122.02577,-1.21351],[122.02748,-1.21253],[122.02828,-1.2083],[122.02356,-1.20848],[122.0265,-1.20603],[122.02564,-1.19909],[122.01822,-1.19713],[122.01859,-1.19266],[122.02448,-1.18787],[122.02521,-1.18523],[122.02865,-1.1856],[122.03086,-1.18216],[122.03816,-1.17836],[122.03763,-1.17035],[122.03269,-1.17173],[122.03037,-1.16451],[122.02654,-1.16434],[122.02239,-1.16091],[122.02025,-1.15527],[122.01616,-1.15398],[122.01293,-1.15001],[122.00942,-1.15114],[122.00745,-1.14789],[122.00823,-1.14296],[122.0051,-1.13936],[122.00578,-1.1349],[122.00456,-1.13343],[122.00202,-1.13404],[121.99911,-1.13041],[121.99535,-1.13093],[121.99396,-1.12704],[121.98913,-1.12835],[121.98718,-1.1243],[121.98568,-1.12537],[121.98069,-1.12346],[121.9775,-1.12565],[121.97493,-1.12341],[121.96951,-1.12427],[121.96513,-1.12118],[121.96513,-1.11937],[121.96227,-1.12017],[121.9597,-1.1188],[121.95913,-1.11546],[121.9557,-1.11632],[121.95422,-1.11179],[121.94761,-1.1158],[121.9478,-1.11751],[121.95004,-1.11708],[121.95113,-1.11879],[121.94885,-1.12131],[121.94937,-1.12518],[121.94671,-1.12902],[121.936,-1.13083],[121.93429,-1.12898],[121.93436,-1.12536],[121.92643,-1.12052],[121.93413,-1.13788],[121.9272,-1.14328],[121.92793,-1.14917],[121.92855,-1.15027],[121.93247,-1.14904],[121.9359,-1.14506],[121.94045,-1.15027],[121.944,-1.15058],[121.94719,-1.15352],[121.95112,-1.15076],[121.95302,-1.15462],[121.96308,-1.15236],[121.96118,-1.15702],[121.96289,-1.16235],[121.95946,-1.16622],[121.96732,-1.17394],[121.96688,-1.18088],[121.97228,-1.17959],[121.97688,-1.18683],[121.97989,-1.18542],[121.984,-1.19174],[121.9935,-1.19572],[121.99743,-1.19499],[121.99553,-1.20075],[121.99375,-1.20087],[121.99823,-1.2029],[121.99988,-1.20222],[121.99872,-1.20572],[121.99706,-1.20621],[122.00528,-1.21032],[122.00387,-1.21191],[122.0097,-1.22099],[122.00626,-1.22694],[122.01055,-1.24001],[122.01552,-1.24154],[122.01614,-1.23933],[122.02193,-1.23641],[122.02556,-1.24104],[122.02378,-1.24393],[122.02468,-1.24461],[122.02116,-1.24553],[122.02191,-1.25031],[122.01936,-1.25327],[122.02149,-1.25765],[122.01868,-1.25772],[122.01642,-1.25994],[122.01461,-1.25669],[122.01234,-1.25582],[122.01364,-1.26063],[122.01739,-1.26478],[122.01676,-1.26661],[122.01869,-1.26703],[122.02097,-1.27227],[122.01943,-1.2748],[122.00886,-1.26546],[122.00285,-1.26325],[122.00006,-1.26934],[121.99467,-1.27113],[121.99105,-1.26947],[121.98921,-1.27255],[121.98285,-1.27328],[121.98182,-1.2759],[121.97848,-1.2741],[121.97724,-1.27635],[121.97491,-1.27486],[121.96446,-1.28167],[121.95869,-1.28337],[121.96155,-1.2815],[121.95393,-1.28293],[121.95075,-1.28123],[121.95362,-1.28082],[121.95258,-1.27829],[121.95003,-1.2784],[121.94762,-1.27946],[121.94946,-1.28242],[121.94422,-1.28357],[121.93078,-1.29082],[121.92899,-1.29452],[121.93047,-1.29941],[121.9253,-1.29972],[121.91804,-1.3027],[121.90586,-1.3102],[121.90388,-1.31308],[121.90262,-1.32312],[121.89943,-1.32743],[121.87552,-1.33094],[121.87054,-1.33397],[121.86812,-1.33398],[121.87957,-1.31578],[121.88229,-1.31386],[121.88568,-1.31496],[121.88691,-1.31705],[121.89017,-1.31789],[121.88574,-1.31875],[121.88404,-1.32259],[121.88712,-1.31987],[121.89174,-1.32296],[121.89362,-1.31991],[121.89914,-1.31723],[121.89274,-1.30587],[121.89745,-1.30445],[121.90256,-1.30529],[121.90778,-1.30339],[121.90111,-1.29775],[121.88982,-1.30147],[121.8867,-1.29908],[121.87722,-1.30076],[121.86969,-1.29811],[121.86543,-1.30217],[121.86432,-1.3079],[121.86271,-1.31113],[121.85128,-1.31164],[121.84342,-1.31007],[121.83202,-1.30132],[121.84669,-1.31065],[121.86063,-1.31093],[121.86295,-1.30995],[121.86513,-1.30135],[121.86961,-1.29761],[121.87779,-1.30016],[121.88775,-1.29871],[121.88957,-1.30109],[121.90078,-1.29713],[121.89783,-1.28765],[121.90013,-1.28599],[121.897,-1.28172],[121.89523,-1.27284],[121.88986,-1.2735],[121.88349,-1.26804],[121.87316,-1.27879],[121.85837,-1.27476],[121.83506,-1.28941],[121.83809,-1.27999],[121.83276,-1.27327],[121.83642,-1.26929],[121.80998,-1.26204],[121.80626,-1.26406],[121.8007,-1.26194],[121.7987,-1.26323],[121.79818,-1.26206],[121.79496,-1.26253],[121.78977,-1.26622],[121.78588,-1.26482],[121.78195,-1.27012],[121.77658,-1.26934],[121.77988,-1.26788],[121.77864,-1.26653],[121.77008,-1.27152],[121.77223,-1.26717],[121.77791,-1.26158],[121.77767,-1.25471],[121.78089,-1.24924],[121.78056,-1.24668],[121.77558,-1.24218],[121.77131,-1.24236],[121.7696,-1.24578],[121.76351,-1.25084],[121.75924,-1.25102],[121.75145,-1.25661],[121.7484,-1.26303],[121.74272,-1.25973],[121.74125,-1.26368],[121.73797,-1.26492],[121.73065,-1.26149],[121.72808,-1.25748],[121.71707,-1.25542],[121.71478,-1.25883],[121.70963,-1.2606],[121.70893,-1.26325],[121.70594,-1.26402],[121.69733,-1.25788],[121.69405,-1.2587],[121.69171,-1.25629],[121.68427,-1.25617],[121.67561,-1.24084],[121.66777,-1.23458],[121.67902,-1.22168],[121.68461,-1.22359],[121.68534,-1.22883],[121.68887,-1.23218],[121.70028,-1.22169],[121.70192,-1.22187],[121.6984,-1.21803],[121.70507,-1.21552],[121.70745,-1.2121],[121.69704,-1.21681],[121.69268,-1.2092],[121.68427,-1.20792],[121.68215,-1.21149],[121.67511,-1.21117],[121.67465,-1.20706],[121.67167,-1.20455],[121.66887,-1.20444],[121.66782,-1.20667],[121.66545,-1.2068],[121.65229,-1.20148],[121.64844,-1.19554],[121.65215,-1.18741],[121.64921,-1.18732],[121.64891,-1.18552],[121.64468,-1.18443],[121.64793,-1.18048],[121.64477,-1.17888],[121.64589,-1.17739],[121.64173,-1.17743],[121.6394,-1.1757],[121.63931,-1.17476],[121.63696,-1.17174],[121.64145,-1.17648],[121.64498,-1.17544],[121.64377,-1.173],[121.63637,-1.16808],[121.63662,-1.16581],[121.63464,-1.16432],[121.63342,-1.16733],[121.62737,-1.1722],[121.62627,-1.17801],[121.62748,-1.18177],[121.63117,-1.18145],[121.62783,-1.18547],[121.6292,-1.18772],[121.63299,-1.18757],[121.63304,-1.18378],[121.63427,-1.18664],[121.63461,-1.18315],[121.63657,-1.18496],[121.63405,-1.18788],[121.63489,-1.19025],[121.63954,-1.19052],[121.63776,-1.19134],[121.63607,-1.19904],[121.63323,-1.19827],[121.62625,-1.18894],[121.62637,-1.19065],[121.61794,-1.19334],[121.61544,-1.19676],[121.6128,-1.19664],[121.60701,-1.20713],[121.61037,-1.2118],[121.6109,-1.21605],[121.62048,-1.21869],[121.62424,-1.22273],[121.63511,-1.22103],[121.63754,-1.22537],[121.63503,-1.22974],[121.63826,-1.23208],[121.63864,-1.23481],[121.64127,-1.23592],[121.64151,-1.24014],[121.64861,-1.24183],[121.65418,-1.24586],[121.65616,-1.25672],[121.66239,-1.26211],[121.66513,-1.27016],[121.66442,-1.27664],[121.66559,-1.27943],[121.66364,-1.28525],[121.66775,-1.29064],[121.67025,-1.29156],[121.67036,-1.29519],[121.6722,-1.29558],[121.67127,-1.29647],[121.67484,-1.29662],[121.66358,-1.29805],[121.66145,-1.29601],[121.66225,-1.29414],[121.6583,-1.29695],[121.65567,-1.29695],[121.66054,-1.29393],[121.66012,-1.29224],[121.65158,-1.29206],[121.64744,-1.29485],[121.64989,-1.29755],[121.65219,-1.29354],[121.65381,-1.2997],[121.65992,-1.31063],[121.66887,-1.30759],[121.66951,-1.30431],[121.67455,-1.3067],[121.6753,-1.30887],[121.67497,-1.30676],[121.67683,-1.30676],[121.67859,-1.3086],[121.68259,-1.30797],[121.68442,-1.31064],[121.68792,-1.31147],[121.68916,-1.3182],[121.68625,-1.32483],[121.68908,-1.32578],[121.69182,-1.33162],[121.69909,-1.33059],[121.7029,-1.33451],[121.69781,-1.33183],[121.69811,-1.33742],[121.69695,-1.33407],[121.69555,-1.33538],[121.69312,-1.33307],[121.69405,-1.33464],[121.69225,-1.33471],[121.69262,-1.33618],[121.69592,-1.33886],[121.69125,-1.33813],[121.69129,-1.33979],[121.68978,-1.33978],[121.69037,-1.34777],[121.69082,-1.3463],[121.69219,-1.34741],[121.69094,-1.34525],[121.69356,-1.34456],[121.69243,-1.34064],[121.69612,-1.34016],[121.69856,-1.34247],[121.70033,-1.33995],[121.70453,-1.3404],[121.70913,-1.33815],[121.70776,-1.33788],[121.71122,-1.33469],[121.70678,-1.33685],[121.70794,-1.33508],[121.706,-1.33502],[121.70788,-1.33442],[121.70747,-1.33274],[121.71185,-1.33335],[121.71301,-1.33008],[121.71177,-1.33007],[121.71433,-1.32667],[121.71689,-1.32765],[121.71666,-1.33089],[121.72112,-1.33347],[121.7207,-1.33601],[121.72204,-1.33572],[121.72315,-1.32975],[121.71987,-1.33014],[121.71818,-1.32656],[121.72027,-1.32493],[121.72042,-1.32216],[121.72268,-1.32198],[121.71564,-1.31239],[121.71372,-1.2984],[121.7171,-1.28956],[121.713,-1.28673],[121.71094,-1.27867],[121.71224,-1.27648],[121.71826,-1.27593],[121.73192,-1.26531],[121.73803,-1.26597],[121.73983,-1.26842],[121.74308,-1.26933],[121.74358,-1.27119],[121.7473,-1.27232],[121.75256,-1.27183],[121.75386,-1.27361],[121.7557,-1.27214],[121.76437,-1.27964],[121.77067,-1.28019],[121.77149,-1.28261],[121.77652,-1.28379],[121.7774,-1.28644],[121.78654,-1.28544],[121.79251,-1.29022],[121.7969,-1.29099],[121.79837,-1.29291],[121.79414,-1.29771],[121.79173,-1.29672],[121.78709,-1.29928],[121.78483,-1.29876],[121.78085,-1.30183],[121.77265,-1.29888],[121.77171,-1.30719],[121.77394,-1.31196],[121.77668,-1.31255],[121.79361,-1.30684],[121.79215,-1.31079],[121.79349,-1.31415],[121.79666,-1.31197],[121.79838,-1.31447],[121.80595,-1.31544],[121.80931,-1.32071],[121.81621,-1.32318],[121.81216,-1.32514],[121.81758,-1.33178],[121.81944,-1.33137],[121.82311,-1.33418],[121.82902,-1.32605],[121.83815,-1.32686],[121.84175,-1.31904],[121.84737,-1.3195],[121.84965,-1.322],[121.85239,-1.32018],[121.85652,-1.32247],[121.85989,-1.3208],[121.86232,-1.32508],[121.86448,-1.32306],[121.87027,-1.32555],[121.86726,-1.33189],[121.86778,-1.33396],[121.85576,-1.33267],[121.84283,-1.34112],[121.83211,-1.34155],[121.82714,-1.34664],[121.82227,-1.34877],[121.81875,-1.34803],[121.81276,-1.34366],[121.79745,-1.32407],[121.79042,-1.32679],[121.77934,-1.32635],[121.76265,-1.33196],[121.7461,-1.3324],[121.74447,-1.33846],[121.73354,-1.34777],[121.72749,-1.35796],[121.71493,-1.36195],[121.69269,-1.36173],[121.68339,-1.36439],[121.67792,-1.3632],[121.6627,-1.36483],[121.65606,-1.37414],[121.63545,-1.39087],[121.63206,-1.38774],[121.63247,-1.38062],[121.62633,-1.37907],[121.63273,-1.37042],[121.63138,-1.36416],[121.63675,-1.3578],[121.6358,-1.35286],[121.6375,-1.3494],[121.63193,-1.34456],[121.63612,-1.34022],[121.6354,-1.33803],[121.63948,-1.33658],[121.6429,-1.33265],[121.64231,-1.331],[121.64502,-1.33209],[121.64434,-1.32975],[121.64045,-1.33114],[121.63827,-1.33439],[121.63014,-1.33787],[121.62514,-1.33343],[121.62284,-1.33428],[121.62068,-1.33203],[121.61503,-1.33138],[121.60967,-1.33734],[121.60264,-1.33908],[121.6046,-1.34267],[121.60055,-1.34638],[121.59042,-1.34949],[121.58321,-1.34814],[121.58135,-1.35156],[121.57637,-1.34856],[121.5728,-1.34844],[121.57458,-1.35203],[121.57329,-1.3545],[121.56874,-1.3526],[121.56621,-1.34587],[121.56217,-1.35501],[121.56147,-1.36057],[121.55945,-1.36045],[121.55146,-1.36954],[121.54279,-1.36722],[121.53845,-1.36218],[121.53617,-1.36328],[121.5309,-1.36068],[121.53179,-1.36642],[121.52795,-1.36783],[121.52859,-1.3701],[121.52138,-1.37172],[121.51942,-1.37349],[121.51952,-1.37581],[121.51479,-1.37299],[121.51471,-1.37724],[121.51315,-1.37877],[121.51035,-1.37586],[121.50742,-1.37578],[121.50782,-1.37373],[121.50296,-1.36936],[121.49643,-1.37193],[121.49687,-1.37407],[121.47361,-1.37318],[121.47329,-1.37828],[121.46405,-1.39772],[121.46373,-1.40664],[121.4418,-1.42052],[121.43876,-1.41806],[121.43353,-1.42112],[121.43134,-1.42942],[121.42697,-1.43204],[121.42723,-1.43436],[121.41179,-1.4503],[121.40319,-1.45444],[121.3508,-1.47124],[121.34576,-1.46866],[121.336,-1.47002],[121.32644,-1.46776],[121.31986,-1.46805],[121.3135,-1.46344],[121.30829,-1.46403],[121.30475,-1.46791],[121.3047,-1.47061],[121.3009,-1.47637],[121.29697,-1.47569],[121.26528,-1.49735],[121.26827,-1.50611],[121.26411,-1.5134],[121.25723,-1.51644],[121.24994,-1.50834],[121.23333,-1.51391],[121.22604,-1.52099],[121.21227,-1.54797],[121.2021,-1.54622],[121.19839,-1.54772],[121.18767,-1.5591],[121.18779,-1.55308],[121.19049,-1.54857],[121.19859,-1.54176],[121.1955,-1.53748],[121.19059,-1.53706],[121.19453,-1.53656],[121.19797,-1.53889],[121.20064,-1.53443],[121.1989,-1.53444],[121.19937,-1.53243],[121.20477,-1.53225],[121.20321,-1.53153],[121.20525,-1.5244],[121.20377,-1.52261],[121.20501,-1.52019],[121.20387,-1.51695],[121.20627,-1.51426],[121.21272,-1.51481],[121.21262,-1.51247],[121.21394,-1.51229],[121.21192,-1.50873],[121.21563,-1.50612],[121.21398,-1.5032],[121.21053,-1.50707],[121.21101,-1.50405],[121.20814,-1.49975],[121.20667,-1.50147],[121.2084,-1.50268],[121.20584,-1.50496],[121.20636,-1.50121],[121.20453,-1.49862],[121.21502,-1.49895],[121.21405,-1.49558],[121.21691,-1.49146],[121.21545,-1.49188],[121.21499,-1.48654],[121.20858,-1.48985],[121.20568,-1.48839],[121.20385,-1.4865],[121.21021,-1.4829],[121.20887,-1.4801],[121.20416,-1.48159],[121.20167,-1.48482],[121.20216,-1.48939],[121.20041,-1.49081],[121.19875,-1.48801],[121.1992,-1.50113],[121.18702,-1.50105],[121.18698,-1.50276],[121.18456,-1.50417],[121.1842,-1.51459],[121.19145,-1.51479],[121.19154,-1.51927],[121.1896,-1.52357],[121.18185,-1.52307],[121.17962,-1.53295],[121.18181,-1.53434],[121.17934,-1.53622],[121.18031,-1.53836],[121.17622,-1.55214],[121.1765,-1.55551],[121.17151,-1.55723],[121.15886,-1.5565],[121.16194,-1.57145],[121.15922,-1.57072],[121.15835,-1.57306],[121.16279,-1.5742],[121.15636,-1.58128],[121.1542,-1.57846],[121.1532,-1.57943],[121.15164,-1.58247],[121.15597,-1.58402],[121.15454,-1.5851],[121.14867,-1.58414],[121.14976,-1.58845],[121.15266,-1.59045],[121.15103,-1.5951],[121.14739,-1.59731],[121.14262,-1.59712],[121.13946,-1.59991],[121.136,-1.5982],[121.13417,-1.59412],[121.12918,-1.58954],[121.13013,-1.58561],[121.12586,-1.58038],[121.12478,-1.57619],[121.12161,-1.57576],[121.11989,-1.56979],[121.12131,-1.56481],[121.11722,-1.55472],[121.11805,-1.54786],[121.11553,-1.54209],[121.1148,-1.52839],[121.11254,-1.52065],[121.11436,-1.50649],[121.11377,-1.50115],[121.11066,-1.49984],[121.11182,-1.49653],[121.11063,-1.49255],[121.11218,-1.48971],[121.11156,-1.48667],[121.11798,-1.48196],[121.11682,-1.47588],[121.11845,-1.47079],[121.12066,-1.47565],[121.12258,-1.47559],[121.12451,-1.47021],[121.12955,-1.47459],[121.1296,-1.47621],[121.1238,-1.47882],[121.12722,-1.48391],[121.13218,-1.48466],[121.13058,-1.49209],[121.129,-1.49232],[121.12887,-1.4954],[121.12611,-1.49745],[121.12862,-1.50055],[121.13229,-1.50423],[121.13775,-1.50618],[121.13494,-1.49963],[121.13615,-1.49299],[121.14136,-1.49405],[121.1433,-1.49816],[121.14658,-1.50028],[121.14904,-1.50897],[121.1466,-1.52137],[121.14861,-1.52438],[121.14813,-1.52556],[121.14652,-1.52447],[121.14544,-1.52549],[121.14831,-1.52864],[121.14856,-1.53213],[121.15202,-1.53651],[121.14978,-1.54199],[121.14945,-1.54647],[121.15247,-1.5366],[121.14897,-1.53192],[121.14867,-1.52835],[121.14589,-1.52541],[121.14833,-1.52601],[121.14904,-1.52451],[121.14856,-1.52164],[121.14705,-1.52131],[121.14949,-1.50892],[121.14515,-1.49552],[121.14499,-1.48628],[121.13771,-1.47075],[121.13656,-1.46992],[121.13782,-1.46305],[121.13149,-1.4591],[121.12803,-1.4531],[121.12643,-1.45395],[121.126,-1.45163],[121.1244,-1.45339],[121.12358,-1.45257],[121.126,-1.44936],[121.12751,-1.45017],[121.12592,-1.44558],[121.1294,-1.44895],[121.12693,-1.44494],[121.13205,-1.44535],[121.13379,-1.44374],[121.13103,-1.44117],[121.12929,-1.44178],[121.13028,-1.43862],[121.13249,-1.43827],[121.13163,-1.42227],[121.1357,-1.41818],[121.13765,-1.41956],[121.14155,-1.41769],[121.14506,-1.41968],[121.14527,-1.41681],[121.14068,-1.41599],[121.13843,-1.41337],[121.15612,-1.41554],[121.15802,-1.41174],[121.15686,-1.41119],[121.15767,-1.40549],[121.15592,-1.41237],[121.15176,-1.41017],[121.15234,-1.40798],[121.1542,-1.40777],[121.15342,-1.4048],[121.15653,-1.40181],[121.1599,-1.40246],[121.1594,-1.40132],[121.16281,-1.39831],[121.16523,-1.40026],[121.16967,-1.39749],[121.16334,-1.38655],[121.16701,-1.37848],[121.16974,-1.37573],[121.17425,-1.37486],[121.17338,-1.37117],[121.17527,-1.36837],[121.17821,-1.36848],[121.17917,-1.36705],[121.18329,-1.36796],[121.19562,-1.37311],[121.19908,-1.3692],[121.20306,-1.36876],[121.20469,-1.36549],[121.20329,-1.36072],[121.20673,-1.3583],[121.20533,-1.35554],[121.2108,-1.35154],[121.21316,-1.3466],[121.21241,-1.34104],[121.20907,-1.34083],[121.20956,-1.33437],[121.20422,-1.3358],[121.20282,-1.33147],[121.20457,-1.33129],[121.20166,-1.32907],[121.20451,-1.3286],[121.20079,-1.32608],[121.20242,-1.32395],[121.20861,-1.32764],[121.21117,-1.32466],[121.2114,-1.3208],[121.20513,-1.31906],[121.20539,-1.31365],[121.20313,-1.31216],[121.20455,-1.31134],[121.20365,-1.30859],[121.20607,-1.3038],[121.20761,-1.30499],[121.20947,-1.30242],[121.21489,-1.30308],[121.21932,-1.30813],[121.22184,-1.30727],[121.22437,-1.30368],[121.22735,-1.30653],[121.22807,-1.30976],[121.23433,-1.31292],[121.23462,-1.31683],[121.23793,-1.31657],[121.23981,-1.3195],[121.23962,-1.32352],[121.24132,-1.32076],[121.24443,-1.31963],[121.25002,-1.32047],[121.24827,-1.31638],[121.24312,-1.31515],[121.24123,-1.3105],[121.23901,-1.31102],[121.23552,-1.30803],[121.23114,-1.30759],[121.2255,-1.30088],[121.22906,-1.29963],[121.23028,-1.3011],[121.24101,-1.30207],[121.24339,-1.30649],[121.24679,-1.30775],[121.24809,-1.3136],[121.2514,-1.31851],[121.25074,-1.32165],[121.25179,-1.32184],[121.25251,-1.31793],[121.25477,-1.31986],[121.25739,-1.31799],[121.26395,-1.32578],[121.26421,-1.33113],[121.2668,-1.32452],[121.25844,-1.31138],[121.24807,-1.30289],[121.24316,-1.30069],[121.24069,-1.29677],[121.2335,-1.29558],[121.23038,-1.2927],[121.22593,-1.29085],[121.22288,-1.29143],[121.2184,-1.2878],[121.21384,-1.28672],[121.21355,-1.28528],[121.21998,-1.28108],[121.22013,-1.2768],[121.2253,-1.27619],[121.21819,-1.2706],[121.22108,-1.26415],[121.2265,-1.26318],[121.22677,-1.25935],[121.22895,-1.25715],[121.22915,-1.25434],[121.22529,-1.25177],[121.22595,-1.25077],[121.22712,-1.25136],[121.22805,-1.24975],[121.23162,-1.25464],[121.23755,-1.25119],[121.2354,-1.25016],[121.23665,-1.2487],[121.23517,-1.24426],[121.23346,-1.24358],[121.23215,-1.24583],[121.23073,-1.24326],[121.22872,-1.24285],[121.23062,-1.23559],[121.22658,-1.23509],[121.22995,-1.2339],[121.22931,-1.23056],[121.23385,-1.23027],[121.23646,-1.22744],[121.22885,-1.22661],[121.23583,-1.22571],[121.23214,-1.2248],[121.23408,-1.2217],[121.23656,-1.21957],[121.24287,-1.21951],[121.24525,-1.21653],[121.26038,-1.22886],[121.26227,-1.22217],[121.26088,-1.21281],[121.25836,-1.20893],[121.25267,-1.20946],[121.25112,-1.20777],[121.25565,-1.20503],[121.26141,-1.19647],[121.27246,-1.1915],[121.2777,-1.18146],[121.27762,-1.17702],[121.28255,-1.17061],[121.29366,-1.16197],[121.31189,-1.15436],[121.31275,-1.14836],[121.31623,-1.14518],[121.32308,-1.12941],[121.32714,-1.12683],[121.32911,-1.12276],[121.33328,-1.12169],[121.33302,-1.12044],[121.34999,-1.10521],[121.35597,-1.09727],[121.36083,-1.08584],[121.36841,-1.07741],[121.3755,-1.06383],[121.38252,-1.06214],[121.40173,-1.06668],[121.40692,-1.06218],[121.4084,-1.07137],[121.41246,-1.07012],[121.4147,-1.07365],[121.41263,-1.07323],[121.4127,-1.07491],[121.4151,-1.07774],[121.41751,-1.07643],[121.41698,-1.07394],[121.41865,-1.07594],[121.41898,-1.08127],[121.41605,-1.09228],[121.4193,-1.09626],[121.42468,-1.09338],[121.42755,-1.08266],[121.43313,-1.08098],[121.43177,-1.08233],[121.43648,-1.08978],[121.4353,-1.09488],[121.43705,-1.09686],[121.4337,-1.09906],[121.43246,-1.10443],[121.43775,-1.10023],[121.4365,-1.10388],[121.43982,-1.10662],[121.43573,-1.10864],[121.42883,-1.11613],[121.42565,-1.11377],[121.41901,-1.11444],[121.41777,-1.11304],[121.41233,-1.11478],[121.4087,-1.11958],[121.41055,-1.12036],[121.40911,-1.1238],[121.41221,-1.12376],[121.41386,-1.12579],[121.413,-1.13228],[121.41472,-1.13771],[121.41229,-1.1422],[121.41171,-1.1476],[121.421,-1.14475],[121.42232,-1.14208],[121.42742,-1.13983],[121.42809,-1.14446],[121.43747,-1.14646],[121.43581,-1.15291],[121.43941,-1.15805],[121.4427,-1.15687],[121.44647,-1.1506],[121.45055,-1.15247],[121.45445,-1.14939],[121.45448,-1.15311],[121.46022,-1.15652],[121.45935,-1.16304],[121.46299,-1.16706],[121.46178,-1.17185],[121.46541,-1.17178],[121.46957,-1.16918],[121.47725,-1.17436],[121.47917,-1.17247],[121.48124,-1.17273],[121.486,-1.17902],[121.49266,-1.18429],[121.49579,-1.18359],[121.49902,-1.18501],[121.50067,-1.19047],[121.50313,-1.19262],[121.50159,-1.19821],[121.50495,-1.1968],[121.50849,-1.19886],[121.51152,-1.19417],[121.51305,-1.20445],[121.51521,-1.20792],[121.5141,-1.20979],[121.51872,-1.21042],[121.52865,-1.20844],[121.53932,-1.21032],[121.54816,-1.20666],[121.55712,-1.20469],[121.56224,-1.20529],[121.5682,-1.20318],[121.58039,-1.19098],[121.58601,-1.1802],[121.58769,-1.17499],[121.58744,-1.16475],[121.59878,-1.16046],[121.59051,-1.15515],[121.59096,-1.1507],[121.57287,-1.13827],[121.56191,-1.14261],[121.55173,-1.14314],[121.54594,-1.14093],[121.5409,-1.13479],[121.5458,-1.13109],[121.54679,-1.12462],[121.54952,-1.1217],[121.54871,-1.11825],[121.55121,-1.11697],[121.55147,-1.11323],[121.55911,-1.10956],[121.56152,-1.10378],[121.55499,-1.09957],[121.55806,-1.09239],[121.55396,-1.0966],[121.55289,-1.1032],[121.54458,-1.10368],[121.54299,-1.10543],[121.53885,-1.11873],[121.53575,-1.12252],[121.53542,-1.12662],[121.51803,-1.11627],[121.51165,-1.11571],[121.49871,-1.10193],[121.49813,-1.0901],[121.50038,-1.08977],[121.51738,-1.09631],[121.52118,-1.09018],[121.52244,-1.08404],[121.52229,-1.08074],[121.51961,-1.07852],[121.52274,-1.06959],[121.5191,-1.06114],[121.52033,-1.05971],[121.52008,-1.05185],[121.51827,-1.04994],[121.51803,-1.04293],[121.51584,-1.03714],[121.5099,-1.03074],[121.50906,-1.02714],[121.48061,-1.02595],[121.47625,-1.03778],[121.4793,-1.04101],[121.47984,-1.04493],[121.47389,-1.05182],[121.47378,-1.05482],[121.4697,-1.05291],[121.46394,-1.05941],[121.45847,-1.05439],[121.46009,-1.05052],[121.46597,-1.04867],[121.47022,-1.04249],[121.46942,-1.04151],[121.46267,-1.03933],[121.45965,-1.04127],[121.46245,-1.04519],[121.46052,-1.04643],[121.45776,-1.04343],[121.45014,-1.04346],[121.44711,-1.04186],[121.43903,-1.03475],[121.4352,-1.02303],[121.43953,-1.01453],[121.43579,-1.00682],[121.44247,-1.00339],[121.4414,-1.00225],[121.43671,-1.00383],[121.43557,-1.00232],[121.43692,-1.0006],[121.43638,-0.99801],[121.43847,-0.99674],[121.43957,-0.99801],[121.44274,-0.99445],[121.44188,-0.98851],[121.4549,-0.98388],[121.45584,-0.97947],[121.45773,-0.98082],[121.45841,-0.97953],[121.46125,-0.98116],[121.46234,-0.9861],[121.46575,-0.99043],[121.46282,-1.00199],[121.4585,-1.0034],[121.45846,-1.00701],[121.45682,-1.00793],[121.45773,-1.01058],[121.46099,-1.00821],[121.46231,-1.01048],[121.4656,-1.01097],[121.46202,-1.00529],[121.46282,-1.00421],[121.46471,-1.00746],[121.46598,-1.00313],[121.47002,-1.00941],[121.48591,-1.01028],[121.48712,-1.00503],[121.48888,-1.00426],[121.48979,-1.0006],[121.49192,-0.99983],[121.49593,-0.98829],[121.49837,-0.98584],[121.49831,-0.98261],[121.49511,-0.98374],[121.49151,-0.98159],[121.49144,-0.97572],[121.48949,-0.97433],[121.4902,-0.97305],[121.49201,-0.97444],[121.49606,-0.97308],[121.49749,-0.96527],[121.49601,-0.96331],[121.50066,-0.96177],[121.50228,-0.9574],[121.5008,-0.95061],[121.50274,-0.94852],[121.50231,-0.94436],[121.51147,-0.94066],[121.51054,-0.93762],[121.51286,-0.93808],[121.51321,-0.9433],[121.51477,-0.94404],[121.51436,-0.94804],[121.51802,-0.951],[121.52035,-0.95036],[121.52119,-0.94629],[121.52728,-0.94183],[121.52884,-0.94243],[121.52759,-0.94554],[121.52851,-0.94763],[121.52613,-0.95165],[121.52787,-0.95325],[121.52527,-0.95587],[121.52497,-0.96002],[121.52158,-0.96287],[121.52133,-0.96792],[121.5242,-0.97418],[121.52704,-0.97473],[121.52704,-0.97766],[121.52983,-0.98016],[121.52847,-0.98894],[121.5299,-0.99011],[121.53412,-0.98774],[121.53202,-0.98485],[121.53748,-0.97339],[121.5361,-0.97007],[121.53761,-0.96741],[121.53385,-0.96505],[121.53362,-0.95914],[121.53214,-0.95845],[121.53144,-0.95477],[121.53874,-0.95307],[121.54236,-0.95749],[121.54601,-0.9565],[121.54826,-0.9519],[121.54765,-0.94686],[121.55026,-0.94769],[121.55261,-0.94589],[121.55817,-0.94602],[121.55914,-0.94435],[121.56352,-0.94356],[121.56879,-0.94469],[121.56983,-0.94685],[121.57546,-0.94559],[121.57748,-0.94787],[121.5793,-0.94655],[121.58248,-0.95163],[121.59204,-0.95281],[121.59493,-0.96108],[121.599,-0.9626],[121.60295,-0.9683],[121.60509,-0.96407],[121.60404,-0.96227],[121.60931,-0.95884],[121.60965,-0.95279],[121.61908,-0.95913],[121.62507,-0.95344],[121.63101,-0.95259],[121.63278,-0.94057],[121.63877,-0.94285],[121.64112,-0.94932],[121.64718,-0.9495],[121.64907,-0.94524],[121.65846,-0.944],[121.66247,-0.93888],[121.66933,-0.93718],[121.67291,-0.93438],[121.67283,-0.93933],[121.67659,-0.93879],[121.67694,-0.94157],[121.68309,-0.94142],[121.68496,-0.94381],[121.68771,-0.9434],[121.68611,-0.94569],[121.68854,-0.94685],[121.6888,-0.94926],[121.68675,-0.95771],[121.68898,-0.95604],[121.6922,-0.94817],[121.69595,-0.94506],[121.69739,-0.94597],[121.69884,-0.95081],[121.69701,-0.95222],[121.6992,-0.95358],[121.69834,-0.95503],[121.70046,-0.95889],[121.69937,-0.95977],[121.70077,-0.96059],[121.70205,-0.95918],[121.70098,-0.96289],[121.70217,-0.96263],[121.70429,-0.9672],[121.70316,-0.96797],[121.70131,-0.96573],[121.69936,-0.96677],[121.70194,-0.96751],[121.70118,-0.97027],[121.70336,-0.96808],[121.70458,-0.96952],[121.70723,-0.96838],[121.70993,-0.96559],[121.72085,-0.9699],[121.72113,-0.97395],[121.71112,-0.98916],[121.7104,-0.9925],[121.7015,-0.99892],[121.70491,-0.99692],[121.70601,-0.99824],[121.70991,-0.99668],[121.71831,-0.98718],[121.72044,-0.98702],[121.72282,-0.99027],[121.72699,-0.98832],[121.72775,-0.99243],[121.73175,-0.98802],[121.73597,-0.98671],[121.74077,-0.9914],[121.73999,-0.9935],[121.73477,-0.99397],[121.73392,-1.00138],[121.72142,-1.00223],[121.71131,-1.01233],[121.70776,-1.01361],[121.70871,-1.01855],[121.70587,-1.02059],[121.70669,-1.02559],[121.70442,-1.02632],[121.70202,-1.02313],[121.70268,-1.03165],[121.70984,-1.02705],[121.71429,-1.0169],[121.71644,-1.01956],[121.7196,-1.01498],[121.72343,-1.01484],[121.72396,-1.01295],[121.72075,-1.00786],[121.72322,-1.0055],[121.72477,-1.00465],[121.73038,-1.00745],[121.73002,-1.00431],[121.73358,-1.00258],[121.73376,-1.00387],[121.73732,-1.00304],[121.73933,-1.0052],[121.74644,-0.99962],[121.74649,-1.00232],[121.74349,-1.00487],[121.7419,-1.00924],[121.74523,-1.00574],[121.74466,-1.00831],[121.74651,-1.0122],[121.74434,-1.01606],[121.74478,-1.02525],[121.75048,-1.0286],[121.75245,-1.02597],[121.7541,-1.02618],[121.75246,-1.02354],[121.75349,-1.02167],[121.75499,-1.02196],[121.75882,-1.02839],[121.76065,-1.02982],[121.76348,-1.02847],[121.76462,-1.02956],[121.76787,-1.0333],[121.76529,-1.03921],[121.76099,-1.03822],[121.75892,-1.04007],[121.76474,-1.04819],[121.76639,-1.0478],[121.76982,-1.03727],[121.77225,-1.03597],[121.77493,-1.03696],[121.77431,-1.03408],[121.77565,-1.03278],[121.77222,-1.02868],[121.77279,-1.02295],[121.76659,-1.01766],[121.76437,-1.01369],[121.76182,-1.01392],[121.76345,-1.00923],[121.76467,-1.01167],[121.76772,-1.01227],[121.77071,-1.00777],[121.76957,-1.00558],[121.76218,-1.00632],[121.76178,-1.00001],[121.76502,-0.99958],[121.76763,-0.99529],[121.78015,-1.00225],[121.78214,-0.99982],[121.78117,-0.99607],[121.78258,-0.9931],[121.78616,-0.99377],[121.7884,-0.99167],[121.79213,-0.9939],[121.79463,-0.99089],[121.79572,-0.99219],[121.79552,-0.98981],[121.80574,-0.99028],[121.80793,-0.98722],[121.81378,-0.98559],[121.81763,-0.97975],[121.81535,-0.97437],[121.81795,-0.97232],[121.82058,-0.97451],[121.822,-0.98219],[121.82473,-0.98069],[121.82458,-0.97618],[121.8265,-0.97633],[121.82638,-0.9744],[121.8289,-0.97204],[121.83316,-0.97488],[121.83477,-0.971],[121.83739,-0.97234],[121.83935,-0.97089],[121.84252,-0.97311],[121.84471,-0.97087],[121.8501,-0.97372],[121.84658,-0.97905],[121.84512,-0.9786],[121.84463,-0.98163],[121.84163,-0.98314],[121.84432,-0.98677],[121.84767,-0.98734],[121.84756,-0.99118],[121.84921,-0.99349],[121.84818,-0.99951],[121.85282,-1.00176],[121.84647,-1.02262],[121.85021,-1.02329],[121.85276,-1.03203],[121.85108,-1.03527],[121.84799,-1.0353],[121.84977,-1.03699],[121.84835,-1.03963],[121.85087,-1.03919],[121.85433,-1.03375],[121.85966,-1.03717],[121.86048,-1.03956],[121.85865,-1.04145],[121.86262,-1.04259],[121.86314,-1.04462],[121.85793,-1.05053],[121.85954,-1.05616],[121.86408,-1.05721],[121.86842,-1.04836],[121.86824,-1.0462],[121.86566,-1.04472],[121.86577,-1.04094],[121.85994,-1.0331],[121.85959,-1.02757],[121.86178,-1.02218],[121.86648,-1.0204],[121.868,-1.02311],[121.87133,-1.0233],[121.87208,-1.02554],[121.87931,-1.02475],[121.88253,-1.02714],[121.88425,-1.03138],[121.8939,-1.03361],[121.90427,-1.04382],[121.90249,-1.04335],[121.90335,-1.0455],[121.90948,-1.04524],[121.91679,-1.05073],[121.92046,-1.05117],[121.9304,-1.06442]],[[121.57903,-1.22764],[121.58152,-1.22565],[121.58058,-1.22151],[121.57136,-1.21927],[121.56895,-1.22048],[121.57012,-1.22383],[121.57615,-1.22756],[121.57903,-1.22764]],[[121.90822,-1.29667],[121.90946,-1.29432],[121.90635,-1.29463],[121.90822,-1.29667]],[[121.93439,-1.28381],[121.93753,-1.28328],[121.93811,-1.28007],[121.93439,-1.28381]],[[122.02725,-1.16419],[122.02748,-1.16376],[122.02626,-1.16325],[122.02725,-1.16419]],[[122.02191,-1.15769],[122.02163,-1.15766],[122.0236,-1.16076],[122.02191,-1.15769]],[[121.93467,-1.1284],[121.93581,-1.12978],[121.936,-1.12951],[121.93467,-1.1284]],[[121.55867,-1.09937],[121.55741,-1.09958],[121.56099,-1.10051],[121.55867,-1.09937]],[[121.79603,-1.051],[121.79919,-1.05527],[121.79766,-1.06036],[121.79272,-1.06288],[121.79023,-1.06212],[121.78828,-1.0685],[121.7883,-1.06618],[121.78372,-1.06871],[121.78467,-1.07402],[121.78166,-1.07509],[121.77932,-1.079],[121.7746,-1.0802],[121.77443,-1.08315],[121.77614,-1.0891],[121.77975,-1.08695],[121.78467,-1.08927],[121.78915,-1.08496],[121.78904,-1.08273],[121.79014,-1.0842],[121.79426,-1.09362],[121.79482,-1.09925],[121.78791,-1.11083],[121.7931,-1.11586],[121.79699,-1.11534],[121.8029,-1.11933],[121.80385,-1.11694],[121.80813,-1.11974],[121.80988,-1.11834],[121.8163,-1.11886],[121.82194,-1.10325],[121.81731,-1.08964],[121.82017,-1.08624],[121.81977,-1.07315],[121.82083,-1.06915],[121.82303,-1.06727],[121.82666,-1.06868],[121.82577,-1.06521],[121.82184,-1.06078],[121.82339,-1.05638],[121.82565,-1.0569],[121.82629,-1.05487],[121.82042,-1.05239],[121.81109,-1.0577],[121.80768,-1.05478],[121.80725,-1.05011],[121.80301,-1.04668],[121.79603,-1.051]],[[121.48742,-1.01794],[121.4902,-1.01761],[121.49072,-1.02208],[121.49233,-1.02099],[121.49198,-1.01694],[121.48935,-1.01582],[121.48742,-1.01794]]],[[[121.88407,-0.99464],[121.89149,-1.01292],[121.91632,-1.04538],[121.91343,-1.04529],[121.91071,-1.04219],[121.90169,-1.03848],[121.89769,-1.03385],[121.89343,-1.03175],[121.88824,-1.03171],[121.88702,-1.02886],[121.8846,-1.02888],[121.87985,-1.0245],[121.8723,-1.02515],[121.87162,-1.02295],[121.86858,-1.02289],[121.86726,-1.02126],[121.87125,-1.02031],[121.87143,-1.01895],[121.8662,-1.01496],[121.86667,-1.00832],[121.86193,-1.00104],[121.86324,-0.99723],[121.85872,-0.99255],[121.86124,-0.98936],[121.86085,-0.98855],[121.8593,-0.98868],[121.85968,-0.98659],[121.86713,-0.98469],[121.87306,-0.99202],[121.87539,-0.99184],[121.87602,-0.99012],[121.878,-0.99202],[121.88087,-0.98877],[121.88308,-0.99208],[121.88519,-0.99211],[121.88407,-0.99464]]],[[[121.97497,-1.31988],[121.97513,-1.31989],[121.97507,-1.31999],[121.97497,-1.31988]]],[[[122.07165,-1.31587],[122.05585,-1.32133],[122.04726,-1.32862],[122.04211,-1.33069],[122.03877,-1.3244],[122.02768,-1.31206],[122.02558,-1.30041],[122.02617,-1.2983],[122.02909,-1.29975],[122.03266,-1.29894],[122.03143,-1.3054],[122.03541,-1.31241],[122.03634,-1.31137],[122.03417,-1.30419],[122.03592,-1.29915],[122.04452,-1.30398],[122.04885,-1.30333],[122.05307,-1.30519],[122.05319,-1.30021],[122.0565,-1.29797],[122.05744,-1.29385],[122.06031,-1.29381],[122.06318,-1.29667],[122.07508,-1.30144],[122.08038,-1.30167],[122.07165,-1.31587]]],[[[122.12949,-1.28083],[122.10775,-1.2876],[122.1046,-1.29288],[122.10055,-1.30695],[122.09741,-1.31125],[122.09399,-1.31161],[122.08999,-1.30779],[122.08341,-1.30475],[122.0819,-1.30131],[122.0848,-1.30062],[122.0846,-1.29326],[122.09599,-1.2939],[122.09875,-1.28536],[122.10425,-1.27914],[122.10803,-1.28019],[122.11617,-1.27423],[122.1177,-1.27498],[122.12373,-1.27257],[122.12494,-1.27339],[122.12852,-1.26824],[122.13214,-1.27128],[122.13536,-1.27064],[122.14109,-1.2734],[122.12949,-1.28083]]],[[[122.14257,-1.27247],[122.14289,-1.27248],[122.14293,-1.2726],[122.14257,-1.27247]]],[[[122.16127,-1.2737],[122.1664,-1.27362],[122.17058,-1.27186],[122.17273,-1.27289],[122.1692,-1.27472],[122.1663,-1.2796],[122.15925,-1.27286],[122.16127,-1.2737]]],[[[121.13265,-1.47946],[121.13247,-1.47557],[121.136,-1.46812],[121.13613,-1.47007],[121.14115,-1.4812],[121.14456,-1.4864],[121.14481,-1.49427],[121.13265,-1.47946]]],[[[121.14269,-1.40536],[121.14668,-1.40084],[121.14491,-1.40348],[121.14693,-1.40439],[121.14321,-1.40662],[121.14629,-1.40569],[121.14468,-1.40952],[121.14554,-1.41104],[121.1426,-1.41034],[121.14152,-1.40631],[121.13988,-1.40624],[121.13815,-1.41317],[121.13463,-1.41198],[121.13359,-1.41385],[121.13184,-1.41339],[121.13417,-1.40618],[121.13769,-1.40126],[121.13946,-1.40234],[121.14312,-1.40072],[121.14269,-1.40536]]],[[[121.22749,-1.24706],[121.2293,-1.24554],[121.22806,-1.24932],[121.22749,-1.24706]]],[[[121.22464,-1.24879],[121.22211,-1.24928],[121.2241,-1.24579],[121.22607,-1.24528],[121.22538,-1.24329],[121.22392,-1.24486],[121.22428,-1.2427],[121.22611,-1.24211],[121.22835,-1.24377],[121.22464,-1.24879]]],[[[121.64825,-1.21634],[121.64877,-1.22134],[121.64655,-1.21813],[121.64192,-1.21549],[121.64825,-1.21634]]],[[[121.63512,-1.21382],[121.63369,-1.2129],[121.63438,-1.21269],[121.63512,-1.21382]]],[[[121.61694,-1.21368],[121.6106,-1.21108],[121.61421,-1.21099],[121.6182,-1.20861],[121.62659,-1.20966],[121.62894,-1.21155],[121.61694,-1.21368]]],[[[121.63312,-1.17661],[121.63554,-1.17412],[121.63468,-1.17607],[121.63608,-1.17792],[121.63329,-1.17787],[121.63312,-1.17661]]],[[[121.63725,-1.17491],[121.63688,-1.17412],[121.63904,-1.17496],[121.63725,-1.17491]]],[[[121.42825,-0.99704],[121.42694,-1.00262],[121.42688,-1.0024],[121.42825,-0.99704]]],[[[121.43377,-0.98974],[121.4321,-0.99096],[121.43326,-0.98989],[121.43504,-0.98881],[121.43377,-0.98974]]],[[[121.51014,-0.89975],[121.51196,-0.90067],[121.5185,-0.90106],[121.52066,-0.89748],[121.52447,-0.90184],[121.52995,-0.90008],[121.53273,-0.90131],[121.52943,-0.90507],[121.52979,-0.90839],[121.51568,-0.91069],[121.51827,-0.91752],[121.51847,-0.92296],[121.52179,-0.92437],[121.51317,-0.92474],[121.51304,-0.92294],[121.51023,-0.92124],[121.50847,-0.92291],[121.50746,-0.93392],[121.50589,-0.93429],[121.50296,-0.92926],[121.50109,-0.93028],[121.5007,-0.93312],[121.4973,-0.93456],[121.49128,-0.9327],[121.49094,-0.93537],[121.49335,-0.94057],[121.49083,-0.9431],[121.49037,-0.94616],[121.48091,-0.94665],[121.47906,-0.9452],[121.48094,-0.93944],[121.47731,-0.93842],[121.47829,-0.93385],[121.47669,-0.92862],[121.47861,-0.92689],[121.47734,-0.92577],[121.47752,-0.92112],[121.4836,-0.91767],[121.48355,-0.91271],[121.48721,-0.91017],[121.48732,-0.90628],[121.48423,-0.90411],[121.48649,-0.90246],[121.49092,-0.90259],[121.49131,-0.90403],[121.49526,-0.90176],[121.49809,-0.90234],[121.50365,-0.89238],[121.50695,-0.89539],[121.51009,-0.8946],[121.51014,-0.89975]]],[[[121.80107,-1.30478],[121.79974,-1.30141],[121.80194,-1.29843],[121.8094,-1.29486],[121.81378,-1.29724],[121.81459,-1.29952],[121.81113,-1.31152],[121.80789,-1.31508],[121.80856,-1.31154],[121.80648,-1.30718],[121.80107,-1.30478]]],[[[122.05157,-1.30054],[122.05019,-1.29786],[122.05612,-1.29483],[122.05612,-1.29771],[122.05157,-1.30054]]],[[[121.95406,-1.2832],[121.95382,-1.28348],[121.95236,-1.28313],[121.95406,-1.2832]]],[[[121.65014,-1.2273],[121.6501,-1.22769],[121.64804,-1.22685],[121.64883,-1.22593],[121.65014,-1.2273]]],[[[121.65087,-1.21739],[121.65023,-1.21974],[121.64968,-1.21891],[121.6491,-1.21665],[121.65087,-1.21739]]],[[[121.75796,-1.00787],[121.75787,-1.00542],[121.76076,-1.00967],[121.76004,-1.01216],[121.75796,-1.00787]]],[[[121.85829,-0.99271],[121.86277,-0.99728],[121.86153,-1.00131],[121.86638,-1.00919],[121.86584,-1.01233],[121.86152,-1.01313],[121.8603,-1.01154],[121.86138,-1.00639],[121.8547,-0.99521],[121.85483,-0.99183],[121.85771,-0.99102],[121.85843,-0.98863],[121.8599,-0.98909],[121.85829,-0.99271]]]]},"properties":{"kph":"KPH Sivia Patuju"}},{"type":"Feature","geometry":{"type":"MultiPolygon","coordinates":[[[[123.76151,0.31631],[123.76302,0.31616],[123.76247,0.31604],[123.76151,0.31631]]],[[[123.7685,0.3165],[123.76364,0.31569],[123.76984,0.31771],[123.77028,0.31633],[123.77295,0.31704],[123.77443,0.3153],[123.7685,0.3165]]],[[[123.79785,0.31751],[123.79714,0.31707],[123.79739,0.31831],[123.79805,0.31963],[123.79785,0.31751]]],[[[123.75088,0.32003],[123.75195,0.32134],[123.75387,0.32062],[123.75088,0.32003]]],[[[123.79869,0.32084],[123.80077,0.32317],[123.8008,0.32824],[123.80181,0.33061],[123.80084,0.32286],[123.79869,0.32084]]],[[[123.85097,0.32972],[123.85254,0.33312],[123.85416,0.33343],[123.85696,0.33035],[123.84421,0.32813],[123.8376,0.32886],[123.83606,0.33046],[123.83568,0.33166],[123.83855,0.32916],[123.85097,0.32972]]],[[[123.879,0.34133],[123.8793,0.34702],[123.88028,0.3458],[123.879,0.34133]]],[[[123.92336,0.34858],[123.92,0.34538],[123.91665,0.34638],[123.91824,0.34878],[123.92227,0.34925],[123.92336,0.34858]]],[[[123.94094,0.35493],[123.9393,0.3574],[123.94197,0.35734],[123.94345,0.36008],[123.9449,0.35744],[123.94094,0.35493]]],[[[123.93417,0.35795],[123.93416,0.35793],[123.93412,0.3579],[123.93417,0.35795]]],[[[123.93546,0.35881],[123.93427,0.35806],[123.93454,0.35902],[123.93621,0.35917],[123.93804,0.35794],[123.93546,0.35881]]],[[[123.96212,0.3596],[123.95902,0.35999],[123.96149,0.35981],[123.96659,0.35817],[123.96212,0.3596]]],[[[123.95084,0.35935],[123.94823,0.3641],[123.95201,0.36149],[123.9524,0.35926],[123.95084,0.35935]]],[[[123.96953,0.38976],[123.96949,0.38972],[123.96963,0.38993],[123.96953,0.38976]]],[[[124.06616,0.3755],[124.06345,0.37456],[124.06539,0.37069],[124.06151,0.36893],[124.05643,0.3699],[124.05253,0.36551],[124.05465,0.36185],[124.05024,0.36145],[124.04919,0.36737],[124.04597,0.36953],[124.04653,0.37147],[124.04879,0.37062],[124.04966,0.3683],[124.05284,0.37183],[124.06098,0.37061],[124.06012,0.37342],[124.05683,0.37486],[124.0568,0.37838],[124.0631,0.3762],[124.0639,0.37961],[124.06826,0.38048],[124.06616,0.3755]]],[[[124.03525,0.36904],[124.03253,0.37432],[124.03447,0.37484],[124.03646,0.3704],[124.03896,0.37122],[124.03525,0.36904]]],[[[124.02891,0.37239],[124.0282,0.37187],[124.02875,0.37333],[124.02891,0.37239]]],[[[124.04769,0.37671],[124.04972,0.37443],[124.04802,0.37363],[124.04605,0.37524],[124.04769,0.37671]]],[[[124.03896,0.37353],[124.03849,0.3741],[124.04306,0.37804],[124.04455,0.37597],[124.03896,0.37353]]],[[[124.07288,0.38203],[124.073,0.38033],[124.07154,0.38107],[124.07288,0.38203]]],[[[124.28169,0.41025],[124.28131,0.40998],[124.27933,0.41323],[124.27983,0.4142],[124.28169,0.41025]]],[[[124.28452,0.41219],[124.28219,0.41333],[124.28392,0.41748],[124.28667,0.41361],[124.28656,0.40984],[124.28469,0.40992],[124.28452,0.41219]]],[[[124.3138,0.41271],[124.31443,0.41037],[124.31274,0.41096],[124.31021,0.41394],[124.31332,0.41363],[124.31807,0.41859],[124.3138,0.41271]]],[[[124.2786,0.41533],[124.27848,0.41666],[124.27979,0.41604],[124.2786,0.41533]]],[[[124.27405,0.42358],[124.27477,0.42106],[124.27175,0.4234],[124.27235,0.42635],[124.27405,0.42358]]],[[[124.28066,0.42607],[124.28257,0.42708],[124.28342,0.42394],[124.28494,0.42444],[124.28485,0.42135],[124.28233,0.42486],[124.27949,0.42448],[124.27769,0.42907],[124.27218,0.42933],[124.27051,0.42776],[124.26876,0.43077],[124.2711,0.43178],[124.27327,0.42934],[124.27737,0.43072],[124.28066,0.42607]]],[[[124.32028,0.4276],[124.32139,0.43307],[124.32219,0.43473],[124.323,0.43543],[124.32345,0.43577],[124.32353,0.43579],[124.32155,0.42723],[124.32028,0.4276]]],[[[124.28579,0.42422],[124.28367,0.42809],[124.28635,0.42704],[124.2901,0.4339],[124.29038,0.43825],[124.29406,0.44113],[124.29708,0.42819],[124.29005,0.42743],[124.28579,0.42422]]],[[[124.32418,0.43595],[124.32381,0.43579],[124.32361,0.43581],[124.32418,0.43595]]],[[[124.34315,0.44209],[124.34038,0.43959],[124.33931,0.4417],[124.33912,0.4389],[124.33692,0.44093],[124.33673,0.44523],[124.33854,0.44763],[124.34118,0.44795],[124.34315,0.44209]]],[[[124.34775,0.44344],[124.34416,0.44549],[124.34494,0.44666],[124.34715,0.44444],[124.34759,0.44717],[124.34928,0.44924],[124.34775,0.44344]]],[[[124.34565,0.45061],[124.34779,0.44975],[124.34659,0.449],[124.34565,0.45061]]],[[[124.35554,0.4535],[124.355,0.45014],[124.35455,0.45219],[124.35647,0.45531],[124.35736,0.45168],[124.35554,0.4535]]],[[[123.53987,0.42602],[123.54978,0.43252],[123.55628,0.43001],[123.56476,0.42995],[123.56785,0.43141],[123.58404,0.4292],[123.5874,0.42677],[123.59177,0.41573],[123.59543,0.41759],[123.59647,0.41588],[123.60057,0.41624],[123.60351,0.41414],[123.60502,0.4157],[123.61157,0.41378],[123.61249,0.41151],[123.62108,0.41094],[123.63478,0.40594],[123.63858,0.40869],[123.64972,0.41187],[123.65448,0.4159],[123.6584,0.41644],[123.66262,0.42123],[123.66659,0.42094],[123.66737,0.42449],[123.6702,0.42444],[123.67329,0.42808],[123.67237,0.43227],[123.68388,0.43717],[123.70069,0.43578],[123.70763,0.43358],[123.72938,0.43588],[123.74703,0.43458],[123.77089,0.4366],[123.78205,0.43424],[123.78469,0.43654],[123.79301,0.43848],[123.81579,0.43745],[123.81999,0.43996],[123.82932,0.44082],[123.83264,0.43866],[123.83657,0.43869],[123.83692,0.44005],[123.84353,0.43758],[123.84955,0.43795],[123.85459,0.43466],[123.87736,0.43347],[123.90882,0.43394],[123.92014,0.44007],[123.92713,0.43956],[123.92791,0.44264],[123.95072,0.44266],[123.96103,0.43953],[123.9685,0.4408],[123.97244,0.43975],[123.97948,0.44473],[123.99736,0.45095],[124.00644,0.45781],[124.00861,0.45568],[124.02135,0.46382],[124.02597,0.46452],[124.04349,0.47888],[124.04559,0.47837],[124.04897,0.48167],[124.05516,0.48319],[124.06404,0.48941],[124.07627,0.49166],[124.09355,0.49993],[124.10593,0.50253],[124.1239,0.5031],[124.14341,0.50751],[124.15913,0.50486],[124.16174,0.50631],[124.16395,0.50486],[124.17018,0.50529],[124.17701,0.50346],[124.18539,0.50393],[124.19963,0.50919],[124.20645,0.5098],[124.2611,0.53819],[124.28235,0.53923],[124.30136,0.5487],[124.30406,0.55295],[124.30511,0.55906],[124.29869,0.57954],[124.30024,0.57907],[124.30164,0.58358],[124.30378,0.58316],[124.3004,0.5917],[124.29604,0.59284],[124.29327,0.59637],[124.29666,0.60012],[124.29789,0.59897],[124.29592,0.59777],[124.29668,0.59573],[124.29943,0.59789],[124.3068,0.59532],[124.30772,0.5963],[124.30571,0.59785],[124.30478,0.60168],[124.30868,0.59845],[124.318,0.60505],[124.31687,0.6067],[124.31526,0.60415],[124.31089,0.60396],[124.31218,0.60616],[124.30847,0.60739],[124.31045,0.61621],[124.31429,0.61746],[124.31397,0.61901],[124.31003,0.61951],[124.30955,0.62349],[124.30737,0.62349],[124.31007,0.62642],[124.31637,0.62272],[124.31888,0.62423],[124.32028,0.62737],[124.31871,0.6312],[124.31982,0.6312],[124.31761,0.63281],[124.32601,0.63072],[124.32993,0.6334],[124.32426,0.63714],[124.32198,0.63641],[124.31959,0.63804],[124.31979,0.64101],[124.32191,0.64068],[124.32314,0.64359],[124.32227,0.647],[124.32793,0.64546],[124.33044,0.64676],[124.32955,0.64812],[124.33071,0.64908],[124.33915,0.64561],[124.34382,0.64555],[124.34172,0.65257],[124.34885,0.66106],[124.34289,0.66495],[124.34011,0.66436],[124.33754,0.66978],[124.34156,0.67589],[124.34795,0.67558],[124.3474,0.67843],[124.3446,0.67904],[124.34169,0.67734],[124.33948,0.6791],[124.34057,0.68272],[124.3482,0.68295],[124.3501,0.68028],[124.35173,0.66623],[124.36425,0.65654],[124.3665,0.65898],[124.37224,0.66106],[124.37308,0.66541],[124.37082,0.6656],[124.37322,0.66797],[124.37487,0.6753],[124.37295,0.67752],[124.37719,0.67968],[124.37762,0.68154],[124.38004,0.68036],[124.382,0.68237],[124.3855,0.68082],[124.386,0.68312],[124.38971,0.68617],[124.39374,0.68656],[124.39666,0.69069],[124.40265,0.69123],[124.40765,0.68784],[124.42647,0.66544],[124.43257,0.66093],[124.44311,0.65906],[124.44401,0.656],[124.45002,0.65282],[124.45159,0.64979],[124.45682,0.64974],[124.45865,0.63399],[124.47124,0.6281],[124.4835,0.61577],[124.48905,0.59153],[124.48934,0.58295],[124.48735,0.57957],[124.48046,0.57467],[124.47311,0.57215],[124.46019,0.54982],[124.46735,0.54326],[124.47632,0.5294],[124.48752,0.52576],[124.49036,0.52287],[124.49185,0.51439],[124.49631,0.50823],[124.50046,0.50729],[124.50131,0.50608],[124.49982,0.50413],[124.50075,0.50385],[124.50223,0.50228],[124.49732,0.50023],[124.48901,0.49962],[124.48379,0.49476],[124.47887,0.49261],[124.46847,0.49518],[124.45881,0.4908],[124.45734,0.49172],[124.45703,0.49555],[124.45095,0.49438],[124.44686,0.48783],[124.44338,0.48838],[124.44042,0.49133],[124.43618,0.49905],[124.42975,0.50398],[124.42558,0.50981],[124.4176,0.50975],[124.39833,0.5042],[124.39985,0.49663],[124.39035,0.49481],[124.3765,0.4983],[124.3713,0.50156],[124.36597,0.50783],[124.36208,0.50867],[124.35575,0.50454],[124.36002,0.49468],[124.3589,0.48679],[124.36026,0.48242],[124.3666,0.48232],[124.36709,0.48039],[124.36589,0.47439],[124.36111,0.46864],[124.34328,0.46554],[124.34309,0.47015],[124.33935,0.47362],[124.33759,0.47299],[124.33664,0.46701],[124.33545,0.46701],[124.33664,0.46988],[124.33545,0.47107],[124.33053,0.46475],[124.32757,0.46475],[124.32477,0.45812],[124.3223,0.45845],[124.3135,0.46258],[124.32033,0.4701],[124.31401,0.47734],[124.30827,0.47356],[124.30542,0.47381],[124.29986,0.46884],[124.29569,0.45822],[124.28883,0.45024],[124.28012,0.44802],[124.27763,0.4482],[124.2745,0.45738],[124.27112,0.45942],[124.25502,0.46113],[124.24804,0.46424],[124.24285,0.46966],[124.23914,0.48239],[124.23514,0.48425],[124.23206,0.48327],[124.2309,0.4784],[124.23172,0.47213],[124.23843,0.45676],[124.23613,0.44795],[124.23143,0.44275],[124.21242,0.43225],[124.20265,0.43211],[124.20038,0.42856],[124.19282,0.42779],[124.1915,0.42562],[124.1896,0.42631],[124.18181,0.41011],[124.18127,0.40455],[124.18415,0.39922],[124.18189,0.39727],[124.17468,0.39843],[124.16815,0.4023],[124.16647,0.40684],[124.16196,0.40985],[124.1557,0.41818],[124.15999,0.44615],[124.15211,0.45331],[124.1527,0.45608],[124.14756,0.45703],[124.14369,0.45366],[124.1427,0.45031],[124.14422,0.4501],[124.14464,0.4451],[124.14674,0.44431],[124.14324,0.44252],[124.14417,0.43843],[124.13842,0.4356],[124.13796,0.43251],[124.13423,0.43592],[124.1295,0.43428],[124.12987,0.43306],[124.12509,0.433],[124.12419,0.4351],[124.12153,0.43416],[124.11431,0.43768],[124.10935,0.43726],[124.10792,0.44359],[124.10499,0.44676],[124.10566,0.44901],[124.10045,0.45243],[124.10215,0.46177],[124.0921,0.46592],[124.08444,0.45161],[124.07874,0.4533],[124.07671,0.44615],[124.06811,0.4433],[124.0687,0.43763],[124.06654,0.43357],[124.05859,0.43273],[124.05891,0.42851],[124.05392,0.42636],[124.05773,0.42095],[124.05788,0.41692],[124.05978,0.41523],[124.06295,0.41532],[124.06286,0.41205],[124.06517,0.41017],[124.06454,0.40621],[124.06283,0.40592],[124.05821,0.40992],[124.05108,0.4095],[124.04217,0.40308],[124.03823,0.40258],[124.03547,0.4046],[124.04018,0.41028],[124.03146,0.41962],[124.02354,0.41885],[124.01697,0.41167],[124.00525,0.40854],[123.9849,0.41598],[123.98282,0.41908],[123.97625,0.41448],[123.97388,0.42149],[123.97313,0.41771],[123.9749,0.41367],[123.97663,0.41307],[123.98249,0.41656],[123.98274,0.41552],[123.97722,0.40538],[123.97878,0.40162],[123.97631,0.39862],[123.97581,0.3982],[123.97511,0.39771],[123.97549,0.40009],[123.97307,0.40365],[123.96791,0.40112],[123.96695,0.4026],[123.96804,0.40319],[123.9646,0.40769],[123.96381,0.40624],[123.96224,0.40753],[123.96063,0.40428],[123.95782,0.40325],[123.95994,0.40148],[123.95966,0.39966],[123.9567,0.40141],[123.96157,0.3965],[123.95754,0.3965],[123.95992,0.3939],[123.95765,0.39076],[123.95902,0.38767],[123.94235,0.39046],[123.93969,0.38784],[123.93877,0.38163],[123.95321,0.37547],[123.94978,0.37269],[123.92916,0.37479],[123.91986,0.3695],[123.90995,0.36626],[123.90096,0.35852],[123.88832,0.36101],[123.87726,0.35466],[123.87514,0.35509],[123.87592,0.35424],[123.87425,0.35332],[123.85833,0.35216],[123.84898,0.34835],[123.83621,0.35065],[123.83031,0.35574],[123.82715,0.35725],[123.82378,0.35666],[123.80893,0.34939],[123.80372,0.34258],[123.80343,0.33559],[123.80096,0.33412],[123.80193,0.33229],[123.79614,0.3284],[123.78886,0.32657],[123.7854,0.32687],[123.78369,0.33198],[123.78094,0.33343],[123.77467,0.32963],[123.76874,0.32885],[123.75168,0.33133],[123.74338,0.33967],[123.74248,0.34754],[123.73968,0.34974],[123.73602,0.34954],[123.72688,0.35608],[123.72337,0.35648],[123.71716,0.35262],[123.7113,0.35377],[123.70411,0.34713],[123.6986,0.34473],[123.69704,0.34118],[123.69833,0.33779],[123.69745,0.32384],[123.69474,0.31677],[123.69068,0.31652],[123.67957,0.32784],[123.66138,0.3308],[123.65311,0.34097],[123.64985,0.33967],[123.64544,0.3279],[123.64261,0.32542],[123.64056,0.32547],[123.63474,0.33018],[123.62285,0.33281],[123.61514,0.34047],[123.60208,0.34335],[123.59937,0.3461],[123.59619,0.3553],[123.59061,0.36034],[123.5859,0.36845],[123.57869,0.3649],[123.57613,0.36119],[123.56891,0.35903],[123.56529,0.35956],[123.55732,0.36718],[123.5369,0.37166],[123.53058,0.36955],[123.51944,0.35781],[123.51167,0.35946],[123.50373,0.3669],[123.49662,0.36274],[123.49214,0.36219],[123.49157,0.36565],[123.49673,0.37105],[123.4979,0.38213],[123.51103,0.39635],[123.52886,0.40698],[123.53987,0.42602]]],[[[124.35567,0.43491],[124.35581,0.43811],[124.35751,0.43784],[124.35567,0.43491]]],[[[124.3604,0.44049],[124.36258,0.43567],[124.36033,0.43164],[124.35875,0.43497],[124.35965,0.43841],[124.35808,0.43841],[124.35955,0.43898],[124.36059,0.4379],[124.35922,0.43587],[124.36056,0.43291],[124.36145,0.43439],[124.36096,0.43812],[124.35946,0.44194],[124.35983,0.44582],[124.36151,0.44594],[124.3625,0.44532],[124.3604,0.44049]]],[[[124.38253,0.44375],[124.37667,0.44533],[124.37142,0.44119],[124.36717,0.44283],[124.36889,0.44431],[124.37109,0.44342],[124.37344,0.44791],[124.37519,0.44835],[124.37608,0.44585],[124.38297,0.44709],[124.38253,0.44375]]],[[[124.3576,0.45106],[124.35755,0.45085],[124.35751,0.45104],[124.3576,0.45106]]],[[[124.5208,0.5762],[124.51936,0.57593],[124.5191,0.57275],[124.51743,0.57549],[124.52107,0.5797],[124.52476,0.5804],[124.5264,0.57401],[124.52251,0.57234],[124.5208,0.5762]]],[[[124.53944,0.59503],[124.54607,0.59331],[124.54823,0.59577],[124.55386,0.59587],[124.55802,0.59222],[124.54557,0.5904],[124.53605,0.58682],[124.53512,0.58829],[124.53645,0.59231],[124.53328,0.59576],[124.53564,0.59697],[124.5384,0.594],[124.53944,0.59503]]],[[[124.56441,0.66465],[124.5627,0.65915],[124.56097,0.66525],[124.5569,0.66816],[124.55894,0.67064],[124.55832,0.67321],[124.56277,0.67569],[124.56838,0.66818],[124.56441,0.66465]]],[[[124.57772,0.68193],[124.57824,0.68155],[124.57787,0.6814],[124.57684,0.68265],[124.57666,0.68504],[124.57772,0.68193]]],[[[124.57644,0.68573],[124.57549,0.68658],[124.57813,0.68939],[124.5803,0.68729],[124.57852,0.68793],[124.57644,0.68573]]],[[[124.62299,0.70563],[124.62206,0.70397],[124.62003,0.70957],[124.62349,0.71443],[124.62299,0.70563]]],[[[124.62515,0.71257],[124.62366,0.71209],[124.62443,0.71353],[124.62684,0.71144],[124.62966,0.71391],[124.62927,0.7128],[124.62574,0.71057],[124.62515,0.71257]]],[[[124.62354,0.71239],[124.62359,0.71218],[124.62349,0.7123],[124.62354,0.71239]]],[[[124.62964,0.71491],[124.62956,0.71497],[124.62956,0.71516],[124.62964,0.71491]]],[[[124.6283,0.71719],[124.62722,0.71612],[124.62689,0.71796],[124.62867,0.71835],[124.6293,0.71559],[124.6283,0.71719]]],[[[124.4275,0.77233],[124.43077,0.76204],[124.44084,0.75968],[124.44181,0.75742],[124.43327,0.75835],[124.42393,0.77153],[124.42262,0.77395],[124.42388,0.77711],[124.42391,0.77533],[124.4275,0.77233]]],[[[124.63889,0.7943],[124.63517,0.80095],[124.64533,0.79897],[124.64489,0.80107],[124.64737,0.80282],[124.64741,0.80524],[124.65062,0.80426],[124.6508,0.80231],[124.6409,0.79357],[124.63889,0.7943]]],[[[124.66392,0.81788],[124.66418,0.82009],[124.66637,0.8206],[124.66392,0.81788]]],[[[124.66633,0.82247],[124.66797,0.82261],[124.66675,0.82088],[124.66633,0.82247]]],[[[124.64475,0.85871],[124.6362,0.84058],[124.63146,0.82069],[124.62389,0.81159],[124.61112,0.8047],[124.60874,0.80462],[124.60295,0.81032],[124.59887,0.81108],[124.59351,0.80759],[124.58781,0.80751],[124.58041,0.80359],[124.57752,0.80359],[124.57139,0.80811],[124.56543,0.80394],[124.56408,0.79956],[124.56608,0.79805],[124.56343,0.79571],[124.56801,0.7851],[124.56116,0.77683],[124.56626,0.76883],[124.57517,0.7718],[124.58293,0.76668],[124.58634,0.75059],[124.58298,0.74511],[124.58282,0.73587],[124.57231,0.72937],[124.56086,0.71741],[124.55115,0.6996],[124.53837,0.70624],[124.53358,0.70598],[124.5289,0.70342],[124.52117,0.70538],[124.51581,0.70034],[124.50996,0.69936],[124.50566,0.70163],[124.50403,0.69988],[124.49917,0.70073],[124.49701,0.69643],[124.49499,0.69713],[124.49199,0.69511],[124.4924,0.69171],[124.48342,0.69012],[124.46911,0.6973],[124.45881,0.71014],[124.45658,0.71529],[124.4473,0.71942],[124.44508,0.72296],[124.44315,0.72341],[124.44374,0.72581],[124.44158,0.72307],[124.42338,0.72498],[124.43332,0.72706],[124.43522,0.72539],[124.43948,0.72516],[124.44531,0.72827],[124.44566,0.73078],[124.45303,0.73245],[124.45292,0.73664],[124.44947,0.73999],[124.4427,0.74012],[124.43929,0.74132],[124.43789,0.74456],[124.43941,0.74554],[124.44419,0.74023],[124.44761,0.74313],[124.45332,0.74394],[124.45477,0.74264],[124.45617,0.73924],[124.45513,0.73416],[124.45738,0.73433],[124.45605,0.73257],[124.45626,0.73098],[124.45858,0.73198],[124.46637,0.72935],[124.46739,0.72649],[124.46543,0.71656],[124.46777,0.71422],[124.47453,0.71773],[124.48353,0.72562],[124.48717,0.7386],[124.48446,0.75278],[124.49258,0.77116],[124.49258,0.77503],[124.48955,0.78012],[124.49283,0.78756],[124.48794,0.79552],[124.4881,0.80087],[124.4934,0.8049],[124.4915,0.80674],[124.4921,0.80794],[124.49694,0.81107],[124.49732,0.82029],[124.51627,0.82455],[124.5197,0.83015],[124.52169,0.82977],[124.52337,0.83196],[124.52551,0.84033],[124.53367,0.84134],[124.53474,0.84689],[124.53945,0.8514],[124.55083,0.8545],[124.55437,0.86061],[124.55474,0.86426],[124.56013,0.86707],[124.5582,0.8763],[124.56011,0.88026],[124.5579,0.88232],[124.55928,0.88813],[124.56527,0.89294],[124.57245,0.90726],[124.57284,0.91097],[124.57774,0.91375],[124.57939,0.92192],[124.58491,0.92422],[124.5928,0.93103],[124.5999,0.94303],[124.61319,0.94785],[124.61771,0.94656],[124.62209,0.94883],[124.62874,0.94712],[124.63319,0.94789],[124.64455,0.95622],[124.65094,0.95632],[124.65211,0.95151],[124.64947,0.94852],[124.64685,0.93956],[124.64866,0.92988],[124.63423,0.91205],[124.63287,0.90425],[124.63705,0.89523],[124.63497,0.89358],[124.63472,0.89079],[124.64805,0.87592],[124.6571,0.87384],[124.66123,0.86937],[124.66608,0.86982],[124.66079,0.8682],[124.64475,0.85871]],[[124.51512,0.79147],[124.51228,0.78879],[124.51393,0.78482],[124.51886,0.78189],[124.52231,0.7854],[124.52245,0.79017],[124.51512,0.79147]],[[124.52956,0.79365],[124.52839,0.78978],[124.52323,0.7884],[124.52571,0.78765],[124.5262,0.78595],[124.53255,0.78613],[124.53475,0.78736],[124.53364,0.78845],[124.53617,0.78867],[124.53395,0.7926],[124.53487,0.79239],[124.5354,0.79326],[124.53295,0.79476],[124.53253,0.79213],[124.52956,0.79365]],[[124.62503,0.86078],[124.6235,0.859],[124.62296,0.8566],[124.62679,0.8513],[124.63021,0.85424],[124.63387,0.85342],[124.62892,0.85993],[124.62503,0.86078]]],[[[124.67058,0.82901],[124.67085,0.82741],[124.66824,0.82604],[124.66908,0.82528],[124.6695,0.82461],[124.6695,0.82448],[124.66616,0.8261],[124.66648,0.82873],[124.67017,0.8289],[124.66882,0.83031],[124.67554,0.83046],[124.67672,0.83309],[124.68168,0.82988],[124.68049,0.82842],[124.67905,0.82965],[124.67058,0.82901]]],[[[124.68739,0.83272],[124.68532,0.83416],[124.68841,0.83464],[124.68739,0.83272]]]]},"properties":{"kph":"KPH UNIT II BOLAANG MONGONDOW TIMUR DAN BOLAANG MONGONDOW SELATAN"}}]}