{"type":"FeatureCollection","features":[{"type":"Feature","geometry":{"type":"MultiPolygon","coordinates":[[[[123.53059,0.36956],[123.5369,0.37166],[123.55732,0.36718],[123.56529,0.35956],[123.56892,0.35904],[123.57613,0.36119],[123.57868,0.3649],[123.5859,0.36845],[123.59061,0.36034],[123.59619,0.3553],[123.59937,0.34611],[123.60208,0.34335],[123.61513,0.34047],[123.62285,0.33281],[123.63474,0.33018],[123.64056,0.32547],[123.64261,0.32542],[123.64544,0.3279],[123.64985,0.33967],[123.65311,0.34097],[123.66138,0.3308],[123.67956,0.32784],[123.69068,0.31652],[123.69474,0.31678],[123.69689,0.32013],[123.69833,0.33779],[123.69704,0.34117],[123.6986,0.34473],[123.70411,0.34714],[123.7113,0.35377],[123.71716,0.35262],[123.72337,0.35648],[123.72688,0.35608],[123.73602,0.34954],[123.73968,0.34974],[123.74248,0.34754],[123.74339,0.33967],[123.75168,0.33133],[123.76874,0.32885],[123.77467,0.32963],[123.78094,0.33343],[123.78369,0.33198],[123.7854,0.32687],[123.78886,0.32657],[123.79614,0.3284],[123.80193,0.3323],[123.80096,0.33412],[123.80343,0.33559],[123.80373,0.34257],[123.80893,0.34939],[123.82378,0.35666],[123.82715,0.35725],[123.83031,0.35575],[123.83621,0.35065],[123.84898,0.34834],[123.85833,0.35216],[123.87425,0.35332],[123.87592,0.35424],[123.87514,0.35509],[123.87726,0.35465],[123.88832,0.36101],[123.90096,0.35852],[123.90995,0.36626],[123.91986,0.3695],[123.92916,0.37479],[123.94978,0.37269],[123.95321,0.37547],[123.93877,0.38163],[123.93969,0.38784],[123.94235,0.39046],[123.95872,0.38801],[123.95765,0.39076],[123.95992,0.3939],[123.95754,0.3965],[123.96157,0.3965],[123.9567,0.40141],[123.95966,0.39966],[123.95994,0.40148],[123.95782,0.40325],[123.96063,0.40428],[123.96223,0.40753],[123.96381,0.40623],[123.9646,0.40768],[123.96803,0.40319],[123.96695,0.4026],[123.96791,0.40112],[123.97307,0.40366],[123.97631,0.39862],[123.97878,0.40162],[123.97722,0.40538],[123.98274,0.41552],[123.98249,0.41656],[123.97663,0.41307],[123.97491,0.41367],[123.97312,0.41771],[123.97388,0.42149],[123.97625,0.41448],[123.98282,0.41908],[123.9849,0.41598],[124.00525,0.40853],[124.01697,0.41167],[124.02354,0.41885],[124.03161,0.41952],[124.04018,0.41028],[124.03599,0.40576],[124.0358,0.40327],[124.04138,0.4027],[124.05108,0.4095],[124.05727,0.41013],[124.06403,0.40563],[124.06517,0.41017],[124.06292,0.41193],[124.06295,0.41532],[124.05979,0.41524],[124.05788,0.41692],[124.05773,0.42095],[124.05392,0.42636],[124.05891,0.42851],[124.05859,0.43273],[124.06654,0.43357],[124.0687,0.43762],[124.06811,0.4433],[124.07671,0.44615],[124.07874,0.4533],[124.08444,0.45161],[124.0921,0.46592],[124.10215,0.46177],[124.10045,0.45243],[124.10566,0.44901],[124.10499,0.44676],[124.10792,0.44359],[124.10934,0.43726],[124.11431,0.43768],[124.12152,0.43416],[124.12419,0.43511],[124.12509,0.43299],[124.12987,0.43306],[124.1295,0.43428],[124.13353,0.43455],[124.13429,0.43588],[124.13796,0.43251],[124.13842,0.4356],[124.14212,0.43624],[124.14467,0.43878],[124.14324,0.44252],[124.14674,0.44431],[124.14457,0.44522],[124.14422,0.4501],[124.1427,0.45031],[124.1437,0.45361],[124.14756,0.45703],[124.1527,0.45608],[124.15211,0.45331],[124.15998,0.44611],[124.1557,0.41817],[124.16196,0.40985],[124.16645,0.40685],[124.16815,0.4023],[124.17468,0.39843],[124.18189,0.39727],[124.18418,0.39918],[124.18127,0.40471],[124.18181,0.41006],[124.1896,0.42631],[124.1915,0.42562],[124.19282,0.42779],[124.20038,0.42856],[124.20265,0.43211],[124.21243,0.43225],[124.23143,0.44275],[124.23613,0.44795],[124.23843,0.45676],[124.23263,0.46875],[124.2309,0.4784],[124.23206,0.48327],[124.23514,0.48425],[124.23914,0.48239],[124.24284,0.46966],[124.24804,0.46424],[124.25502,0.46113],[124.27113,0.45942],[124.2745,0.45737],[124.27785,0.44802],[124.28883,0.45024],[124.29569,0.45822],[124.29987,0.46884],[124.30542,0.47381],[124.30827,0.47356],[124.31401,0.47734],[124.32033,0.4701],[124.3135,0.46258],[124.3223,0.45845],[124.32477,0.45812],[124.32757,0.46475],[124.33054,0.46475],[124.33545,0.47107],[124.33664,0.46988],[124.33545,0.46701],[124.33664,0.46701],[124.33759,0.47299],[124.33935,0.47362],[124.34309,0.47015],[124.34328,0.46554],[124.36112,0.46864],[124.36589,0.47439],[124.36709,0.48039],[124.3666,0.48232],[124.36026,0.48242],[124.3589,0.48679],[124.36002,0.49468],[124.35575,0.50454],[124.36208,0.50867],[124.36597,0.50783],[124.3713,0.50156],[124.3765,0.4983],[124.39035,0.49481],[124.39985,0.49663],[124.39833,0.5042],[124.41759,0.50975],[124.42558,0.50981],[124.42976,0.50398],[124.43618,0.49906],[124.44042,0.49133],[124.44338,0.48838],[124.44686,0.48783],[124.45095,0.49438],[124.45703,0.49555],[124.45734,0.49172],[124.45881,0.4908],[124.46847,0.49518],[124.47887,0.49261],[124.48379,0.49476],[124.48901,0.49962],[124.49732,0.50023],[124.50195,0.50249],[124.50548,0.4944],[124.5081,0.49248],[124.50189,0.49215],[124.50137,0.48945],[124.50366,0.48706],[124.50786,0.487],[124.50932,0.48489],[124.50754,0.48178],[124.51233,0.47751],[124.512,0.47443],[124.51326,0.47389],[124.5019,0.474],[124.50014,0.47171],[124.50085,0.46629],[124.50013,0.46751],[124.49636,0.46675],[124.49263,0.47182],[124.49597,0.47557],[124.49907,0.4763],[124.49937,0.4782],[124.49259,0.47978],[124.49126,0.48619],[124.48852,0.48691],[124.47946,0.47916],[124.48367,0.47657],[124.48367,0.47206],[124.48117,0.46767],[124.47463,0.46505],[124.47081,0.46605],[124.46693,0.46401],[124.46535,0.46608],[124.45743,0.46353],[124.45059,0.46689],[124.44699,0.4633],[124.44887,0.45716],[124.45906,0.45165],[124.45451,0.4505],[124.45305,0.44411],[124.45022,0.44893],[124.44849,0.44683],[124.44081,0.44855],[124.43299,0.44379],[124.42996,0.44688],[124.43162,0.44967],[124.42854,0.45234],[124.42086,0.45478],[124.41247,0.455],[124.40821,0.45302],[124.40791,0.45064],[124.38905,0.44837],[124.38456,0.44523],[124.38561,0.44222],[124.38255,0.44369],[124.38265,0.44754],[124.37608,0.44585],[124.37519,0.44835],[124.37344,0.44791],[124.37109,0.44342],[124.36889,0.44431],[124.36717,0.44283],[124.36565,0.44524],[124.36408,0.44433],[124.35983,0.44582],[124.36145,0.43439],[124.36056,0.43291],[124.35922,0.43587],[124.36029,0.43836],[124.35567,0.4379],[124.35697,0.44232],[124.35875,0.44318],[124.35646,0.45531],[124.35309,0.44673],[124.34981,0.44706],[124.34929,0.44925],[124.34681,0.44451],[124.34494,0.44666],[124.34761,0.45033],[124.34281,0.45026],[124.33673,0.44523],[124.33688,0.44039],[124.33253,0.444],[124.32808,0.44361],[124.32435,0.44652],[124.32195,0.44191],[124.32268,0.43849],[124.32557,0.43596],[124.32185,0.43412],[124.3207,0.42273],[124.31332,0.41363],[124.31,0.41415],[124.31425,0.41707],[124.31413,0.42088],[124.30387,0.42792],[124.29709,0.42817],[124.29406,0.44113],[124.29039,0.43826],[124.2901,0.4339],[124.28634,0.42704],[124.28367,0.42809],[124.28537,0.42363],[124.28304,0.42436],[124.28257,0.42708],[124.28067,0.42607],[124.27737,0.43072],[124.27327,0.42934],[124.27111,0.43178],[124.26876,0.43077],[124.27239,0.42638],[124.27175,0.4234],[124.27953,0.41497],[124.27976,0.41097],[124.28658,0.40987],[124.28837,0.40711],[124.28199,0.40592],[124.2777,0.40241],[124.24327,0.39853],[124.23912,0.3968],[124.23937,0.39553],[124.23201,0.38898],[124.23073,0.3896],[124.23068,0.39277],[124.22867,0.39273],[124.22782,0.39103],[124.22632,0.39217],[124.22707,0.39416],[124.22488,0.39546],[124.2213,0.38845],[124.21898,0.39128],[124.21742,0.39101],[124.21986,0.38273],[124.21641,0.38445],[124.21307,0.38925],[124.21237,0.3978],[124.20613,0.39416],[124.19164,0.39797],[124.18839,0.39382],[124.18523,0.39303],[124.17075,0.39451],[124.16758,0.39259],[124.16413,0.39425],[124.15746,0.39143],[124.15303,0.39407],[124.1442,0.39524],[124.12543,0.39285],[124.12059,0.39174],[124.11396,0.38703],[124.10414,0.38519],[124.08063,0.38786],[124.07594,0.38557],[124.07509,0.38023],[124.07103,0.38232],[124.06538,0.38045],[124.06333,0.3788],[124.0631,0.3762],[124.0568,0.37838],[124.05683,0.37485],[124.06146,0.37123],[124.05284,0.37183],[124.04966,0.3683],[124.04878,0.37062],[124.04652,0.37147],[124.04952,0.37558],[124.04729,0.37669],[124.04528,0.37513],[124.04596,0.37721],[124.04464,0.37584],[124.04306,0.37804],[124.03851,0.37539],[124.03884,0.37169],[124.03646,0.3704],[124.03447,0.37484],[124.02475,0.37154],[124.00705,0.37518],[123.99268,0.37493],[123.98044,0.37033],[123.97702,0.35945],[123.96856,0.35765],[123.96027,0.36001],[123.95286,0.35911],[123.94823,0.3641],[123.94365,0.36168],[123.94197,0.35734],[123.93534,0.35917],[123.93295,0.35599],[123.93113,0.35694],[123.92806,0.35491],[123.92562,0.35598],[123.91923,0.34843],[123.91636,0.35131],[123.91101,0.35],[123.90629,0.35158],[123.8987,0.34799],[123.89338,0.35008],[123.88806,0.3476],[123.8832,0.34771],[123.8802,0.34542],[123.87917,0.34698],[123.87828,0.34322],[123.87934,0.34139],[123.87254,0.3314],[123.86294,0.33039],[123.85994,0.32786],[123.85417,0.33343],[123.85254,0.33312],[123.85097,0.32972],[123.84739,0.32905],[123.83746,0.32943],[123.83296,0.3342],[123.82986,0.33179],[123.82441,0.33122],[123.82023,0.337],[123.80766,0.33528],[123.80369,0.33319],[123.8008,0.32824],[123.80077,0.32317],[123.79682,0.31663],[123.79276,0.31828],[123.78904,0.31671],[123.78696,0.31387],[123.77881,0.31215],[123.77513,0.31335],[123.77295,0.31704],[123.77121,0.31592],[123.76983,0.31771],[123.76136,0.31633],[123.75195,0.32134],[123.74617,0.3177],[123.7363,0.3236],[123.72526,0.31997],[123.71917,0.31612],[123.70751,0.31942],[123.69943,0.31328],[123.69591,0.31285],[123.69311,0.30786],[123.68908,0.30774],[123.6859,0.3039],[123.68005,0.3032],[123.67957,0.29807],[123.67698,0.29575],[123.66995,0.30297],[123.66581,0.30433],[123.65871,0.30316],[123.65232,0.30429],[123.6494,0.30506],[123.64878,0.30584],[123.65053,0.30594],[123.64824,0.30744],[123.64414,0.30279],[123.63909,0.30439],[123.6349,0.30298],[123.63294,0.29843],[123.63374,0.29441],[123.62828,0.29228],[123.62009,0.29495],[123.61405,0.29933],[123.61179,0.30483],[123.61382,0.30763],[123.61257,0.30975],[123.60737,0.30764],[123.59628,0.31038],[123.59489,0.30844],[123.58976,0.30885],[123.57612,0.31721],[123.57401,0.32179],[123.5673,0.32001],[123.565,0.32197],[123.56307,0.32052],[123.55776,0.32285],[123.54617,0.32279],[123.54183,0.32036],[123.53836,0.32166],[123.53859,0.31921],[123.53228,0.31756],[123.53097,0.31895],[123.52567,0.31839],[123.52006,0.31387],[123.51732,0.31596],[123.51463,0.31332],[123.51175,0.31322],[123.50968,0.31607],[123.50636,0.31013],[123.49826,0.30804],[123.49745,0.30951],[123.49426,0.30711],[123.48635,0.30925],[123.48873,0.31074],[123.48592,0.315],[123.48171,0.31385],[123.47705,0.31628],[123.47365,0.32026],[123.48078,0.32072],[123.48288,0.32539],[123.48083,0.33628],[123.48366,0.33971],[123.48005,0.34687],[123.48034,0.35374],[123.48473,0.35609],[123.4937,0.35678],[123.49214,0.36219],[123.49662,0.36274],[123.50373,0.3669],[123.51167,0.35946],[123.51944,0.35781],[123.53059,0.36956]]],[[[124.34968,0.41683],[124.35219,0.41964],[124.35421,0.41888],[124.34968,0.41683]]],[[[124.35883,0.42923],[124.35974,0.43067],[124.36589,0.42329],[124.36207,0.41999],[124.35883,0.42923]]],[[[124.35837,0.43046],[124.35897,0.42805],[124.35829,0.42815],[124.35705,0.42963],[124.35837,0.43046]]],[[[124.33495,0.43684],[124.33645,0.43669],[124.33237,0.43513],[124.33495,0.43684]]],[[[124.33908,0.43418],[124.33868,0.43395],[124.33649,0.43669],[124.33912,0.4389],[124.33931,0.4417],[124.34035,0.43942],[124.33908,0.43418]]],[[[123.96681,0.44885],[123.9655,0.44933],[123.96241,0.45235],[123.96353,0.45333],[123.96,0.456],[123.96033,0.46067],[123.95546,0.46103],[123.95299,0.46297],[123.95412,0.46788],[123.95234,0.46516],[123.94978,0.46809],[123.94868,0.46585],[123.94405,0.46579],[123.93739,0.47321],[123.93727,0.47521],[123.94238,0.47737],[123.95531,0.47817],[123.95707,0.48104],[123.95885,0.48065],[123.9592,0.48308],[123.96152,0.48278],[123.9658,0.47464],[123.96259,0.46285],[123.96491,0.45812],[123.96743,0.45777],[123.96687,0.45618],[123.96844,0.45531],[123.96895,0.45693],[123.97061,0.45666],[123.97213,0.45319],[123.97445,0.45208],[123.97379,0.45109],[123.96827,0.45316],[123.96681,0.44885]]],[[[124.10384,0.72997],[124.10675,0.72355],[124.10903,0.72266],[124.10915,0.71876],[124.10752,0.71911],[124.1033,0.72758],[124.10384,0.72997]]],[[[123.63849,0.77434],[123.63664,0.77195],[123.63656,0.77258],[123.63849,0.77434]]],[[[123.64259,0.77481],[123.64186,0.7756],[123.64241,0.77581],[123.64358,0.77533],[123.64259,0.77481]]],[[[123.63881,0.77577],[123.64042,0.77549],[123.63544,0.77468],[123.63605,0.77797],[123.63881,0.77577]]],[[[123.52715,0.78151],[123.53245,0.77957],[123.5318,0.7763],[123.52884,0.77409],[123.53065,0.77349],[123.53008,0.77158],[123.52797,0.77272],[123.52608,0.76929],[123.5238,0.76993],[123.51902,0.77607],[123.52328,0.78749],[123.5252,0.78734],[123.52715,0.78151]]],[[[123.64602,0.77703],[123.64479,0.78049],[123.6397,0.78614],[123.63816,0.78568],[123.63881,0.78808],[123.64581,0.78048],[123.64733,0.77517],[123.64508,0.77534],[123.64602,0.77703]]],[[[123.64287,0.78607],[123.64419,0.78692],[123.64358,0.78377],[123.64022,0.78786],[123.64092,0.79283],[123.64044,0.79391],[123.64207,0.79281],[123.64287,0.78607]]],[[[123.83044,0.84229],[123.82945,0.84322],[123.82977,0.8432],[123.83044,0.84229]]],[[[123.92713,0.85748],[123.92685,0.85658],[123.9262,0.85783],[123.92713,0.85748]]],[[[123.70001,0.85764],[123.70014,0.85735],[123.7,0.85723],[123.70001,0.85764]]],[[[123.70045,0.85779],[123.70033,0.85776],[123.70029,0.85793],[123.70045,0.85779]]],[[[123.69755,0.85854],[123.69765,0.8587],[123.69797,0.85849],[123.69755,0.85854]]],[[[123.69822,0.85839],[123.69717,0.85918],[123.69737,0.85936],[123.69822,0.85839]]],[[[123.69693,0.85964],[123.69683,0.85946],[123.69635,0.85986],[123.69693,0.85964]]],[[[123.6942,0.86187],[123.69432,0.86174],[123.69423,0.86164],[123.6942,0.86187]]],[[[123.69436,0.86177],[123.69467,0.86208],[123.69489,0.86191],[123.69436,0.86177]]],[[[123.80954,0.86325],[123.81002,0.86398],[123.81206,0.86174],[123.80954,0.86325]]],[[[124.34948,0.85929],[124.34593,0.86838],[124.34674,0.86891],[124.35044,0.86407],[124.34948,0.85929]]],[[[123.80433,0.86835],[123.80198,0.87037],[123.80301,0.87169],[123.80463,0.87065],[123.80433,0.86835]]],[[[123.68112,0.87555],[123.68153,0.87524],[123.68093,0.87529],[123.68112,0.87555]]],[[[123.78684,0.87865],[123.787,0.88228],[123.79108,0.87966],[123.78931,0.87669],[123.78684,0.87865]]],[[[123.97706,0.89968],[123.97441,0.90374],[123.97768,0.90328],[123.97706,0.89968]]],[[[123.2861,0.90514],[123.28603,0.90471],[123.28583,0.90473],[123.2861,0.90514]]],[[[123.25295,0.90476],[123.25293,0.90521],[123.25326,0.90518],[123.25295,0.90476]]],[[[123.28395,0.90509],[123.28357,0.90501],[123.28361,0.90535],[123.28395,0.90509]]],[[[123.28518,0.90541],[123.28521,0.90558],[123.28538,0.90556],[123.28518,0.90541]]],[[[123.353,0.90546],[123.35269,0.90554],[123.35281,0.90556],[123.353,0.90546]]],[[[123.28462,0.90573],[123.28461,0.90543],[123.28433,0.90547],[123.28462,0.90573]]],[[[123.28355,0.90552],[123.28278,0.90553],[123.2828,0.90588],[123.28355,0.90552]]],[[[123.28784,0.90599],[123.28488,0.90644],[123.28517,0.9068],[123.28784,0.90599]]],[[[124.33878,0.90749],[124.34264,0.9068],[124.33891,0.90509],[124.33878,0.90749]]],[[[123.39603,0.9146],[123.39416,0.91607],[123.39614,0.91579],[123.39603,0.9146]]],[[[123.35179,0.91947],[123.35179,0.91943],[123.35177,0.91951],[123.35179,0.91947]]],[[[123.25698,0.92237],[123.25619,0.92338],[123.25771,0.92356],[123.25698,0.92237]]],[[[123.25687,0.92442],[123.25607,0.92419],[123.25586,0.92484],[123.25687,0.92442]]],[[[123.14265,0.92541],[123.14267,0.92478],[123.14231,0.92478],[123.14149,0.92579],[123.14265,0.92541]]],[[[123.25879,0.92773],[123.25878,0.9274],[123.25868,0.9274],[123.25879,0.92773]]],[[[123.18389,0.93022],[123.18359,0.93043],[123.18407,0.93089],[123.18389,0.93022]]],[[[123.18448,0.95846],[123.18446,0.95869],[123.18554,0.95809],[123.18448,0.95846]]],[[[124.38473,1.02382],[124.38515,1.02065],[124.37993,1.01641],[124.37704,1.00793],[124.37432,1.00761],[124.37006,1.01019],[124.3723,1.01287],[124.3739,1.01985],[124.37762,1.02322],[124.38473,1.02382]]],[[[124.30841,1.03365],[124.30827,1.03371],[124.30842,1.03412],[124.30841,1.03365]]],[[[123.1072,1.04685],[123.10579,1.04353],[123.10484,1.04474],[123.1072,1.04685]]],[[[123.19764,0.91144],[123.19637,0.9112],[123.19795,0.90682],[123.19625,0.90448],[123.19781,0.90469],[123.20416,0.89991],[123.20487,0.90238],[123.20253,0.90546],[123.20333,0.90989],[123.19837,0.91019],[123.1989,0.91204],[123.19662,0.91566],[123.19703,0.91809],[123.20019,0.91744],[123.2005,0.92099],[123.1965,0.92229],[123.19576,0.92665],[123.19318,0.92722],[123.19178,0.92959],[123.18662,0.93117],[123.18555,0.93514],[123.18267,0.93509],[123.18079,0.93318],[123.17894,0.93428],[123.17609,0.93171],[123.17575,0.93329],[123.17795,0.93415],[123.17555,0.93676],[123.17698,0.94063],[123.17134,0.94734],[123.16657,0.94838],[123.16781,0.95157],[123.17668,0.95158],[123.18414,0.954],[123.1894,0.95149],[123.19099,0.94617],[123.19614,0.94032],[123.2091,0.94182],[123.21102,0.93834],[123.21629,0.94296],[123.21498,0.94674],[123.23088,0.94528],[123.24219,0.94015],[123.24573,0.94196],[123.24789,0.94615],[123.24514,0.94733],[123.2439,0.95095],[123.24143,0.95154],[123.23914,0.95475],[123.24037,0.95699],[123.24723,0.95936],[123.25118,0.95815],[123.25453,0.95345],[123.25024,0.95098],[123.24863,0.94224],[123.25486,0.94418],[123.26173,0.93331],[123.25893,0.93411],[123.25603,0.93225],[123.25434,0.92778],[123.25491,0.92473],[123.25229,0.92488],[123.24832,0.92072],[123.25181,0.91792],[123.24815,0.91282],[123.25239,0.90998],[123.25021,0.90906],[123.25067,0.90652],[123.2487,0.90552],[123.25076,0.90355],[123.24893,0.89728],[123.25236,0.8936],[123.25645,0.89711],[123.25362,0.89977],[123.25626,0.90063],[123.25759,0.89924],[123.25871,0.90151],[123.25294,0.90634],[123.25293,0.90882],[123.2565,0.91083],[123.25704,0.91382],[123.25293,0.91477],[123.25405,0.91655],[123.2527,0.92143],[123.25412,0.92259],[123.25593,0.91815],[123.2559,0.91997],[123.25766,0.91972],[123.25661,0.92246],[123.2578,0.92196],[123.25967,0.91521],[123.26362,0.91538],[123.26642,0.91356],[123.2642,0.9166],[123.26499,0.91755],[123.2666,0.91639],[123.26959,0.91901],[123.2685,0.92471],[123.27153,0.91646],[123.28526,0.91184],[123.33321,0.90878],[123.33576,0.9102],[123.33744,0.91441],[123.33748,0.90522],[123.33937,0.90369],[123.3448,0.9048],[123.34507,0.90759],[123.34637,0.90792],[123.34924,0.90278],[123.35437,0.90523],[123.35683,0.90128],[123.35514,0.9011],[123.35107,0.89551],[123.35049,0.89312],[123.35275,0.89151],[123.36149,0.89424],[123.35784,0.90067],[123.35994,0.90681],[123.37311,0.91322],[123.37699,0.91026],[123.37649,0.90852],[123.38478,0.90237],[123.38756,0.89553],[123.38954,0.89632],[123.39201,0.89325],[123.39289,0.89598],[123.39139,0.89681],[123.39822,0.89674],[123.39594,0.89483],[123.39843,0.89302],[123.40488,0.8926],[123.40278,0.89875],[123.39839,0.90163],[123.39709,0.90528],[123.39976,0.91075],[123.39838,0.91408],[123.39981,0.91561],[123.41024,0.90577],[123.40759,0.90014],[123.41009,0.89433],[123.41253,0.8926],[123.40914,0.89384],[123.40756,0.89283],[123.41033,0.88997],[123.41255,0.88974],[123.40962,0.89206],[123.41672,0.89018],[123.42244,0.89317],[123.42119,0.88946],[123.42333,0.88713],[123.42421,0.88962],[123.42764,0.88724],[123.42894,0.88908],[123.42772,0.89208],[123.4255,0.89179],[123.42689,0.89236],[123.42612,0.89379],[123.42823,0.89231],[123.43137,0.89367],[123.42658,0.89563],[123.42402,0.90021],[123.42733,0.89896],[123.42908,0.90059],[123.43889,0.90062],[123.44731,0.9021],[123.44969,0.90406],[123.45398,0.89784],[123.47077,0.89215],[123.52965,0.88623],[123.55459,0.88703],[123.56958,0.89393],[123.57973,0.90369],[123.59728,0.90388],[123.61589,0.89896],[123.63027,0.89254],[123.63228,0.89013],[123.63638,0.88967],[123.65663,0.88103],[123.67753,0.87674],[123.68496,0.86806],[123.69982,0.8567],[123.70711,0.85861],[123.70683,0.86112],[123.70908,0.86232],[123.70747,0.86362],[123.70845,0.87011],[123.707,0.87204],[123.71044,0.87349],[123.71492,0.8739],[123.7163,0.86617],[123.71934,0.86467],[123.72231,0.86551],[123.72483,0.86374],[123.72361,0.86264],[123.7266,0.85996],[123.72775,0.86193],[123.73046,0.85819],[123.73291,0.86551],[123.73606,0.86547],[123.73527,0.85786],[123.73666,0.85279],[123.73192,0.85353],[123.73021,0.85111],[123.73451,0.85097],[123.73668,0.84882],[123.74221,0.85221],[123.74316,0.84996],[123.73992,0.84582],[123.74101,0.84263],[123.74711,0.84052],[123.74555,0.83523],[123.74907,0.83369],[123.75042,0.83024],[123.75279,0.82981],[123.7563,0.8306],[123.75867,0.83325],[123.76272,0.83363],[123.76556,0.83704],[123.75834,0.84556],[123.75794,0.85067],[123.75527,0.85215],[123.7549,0.8535],[123.75731,0.85483],[123.7618,0.85205],[123.76369,0.84889],[123.7632,0.84651],[123.76951,0.83771],[123.77537,0.84072],[123.77672,0.83981],[123.7779,0.83669],[123.78036,0.83537],[123.77891,0.82873],[123.78296,0.82931],[123.78419,0.83156],[123.78817,0.83013],[123.78934,0.83271],[123.79436,0.83364],[123.80333,0.833],[123.80603,0.83593],[123.80633,0.84051],[123.80378,0.84437],[123.79677,0.84925],[123.79433,0.85428],[123.79169,0.85409],[123.79166,0.85562],[123.80493,0.85132],[123.81185,0.845],[123.81881,0.84213],[123.82516,0.84485],[123.82528,0.84181],[123.82692,0.84061],[123.83949,0.84003],[123.839,0.83909],[123.84884,0.84518],[123.85848,0.83986],[123.88159,0.83946],[123.89949,0.84428],[123.91098,0.8453],[123.91346,0.8521],[123.91671,0.84652],[123.92517,0.84262],[123.92663,0.84033],[123.92933,0.84007],[123.93132,0.84309],[123.93283,0.84266],[123.93514,0.83557],[123.93738,0.83392],[123.94404,0.83892],[123.95245,0.83645],[123.95807,0.83731],[123.95775,0.83854],[123.95927,0.8373],[123.96279,0.84582],[123.95541,0.847],[123.95321,0.84586],[123.95225,0.85171],[123.943,0.84646],[123.94355,0.84894],[123.93917,0.85212],[123.94139,0.854],[123.94034,0.85554],[123.93529,0.85497],[123.93215,0.85687],[123.93006,0.85523],[123.93145,0.86001],[123.95631,0.86491],[123.96718,0.87092],[123.97267,0.87614],[124.00014,0.88525],[124.01924,0.89426],[124.03105,0.89806],[124.04556,0.90663],[124.04717,0.90987],[124.07302,0.92125],[124.0712,0.91867],[124.04966,0.90825],[124.0582,0.89985],[124.05798,0.89547],[124.05642,0.89395],[124.06098,0.8918],[124.06035,0.88588],[124.0648,0.88654],[124.06245,0.88143],[124.05728,0.88378],[124.05518,0.87996],[124.05762,0.87778],[124.0647,0.87642],[124.06989,0.88196],[124.06648,0.88456],[124.06864,0.88356],[124.07184,0.88612],[124.06967,0.88944],[124.07141,0.8897],[124.06918,0.89202],[124.06971,0.89366],[124.07247,0.8942],[124.07739,0.89026],[124.07943,0.89163],[124.08276,0.88956],[124.07851,0.89605],[124.07722,0.89492],[124.07972,0.90272],[124.0754,0.9004],[124.07351,0.90214],[124.07338,0.90511],[124.07037,0.90704],[124.07565,0.91394],[124.07572,0.91734],[124.07351,0.91749],[124.07411,0.92135],[124.09279,0.92317],[124.09988,0.91899],[124.11699,0.92185],[124.13549,0.92775],[124.14855,0.93545],[124.15843,0.94546],[124.1763,0.95844],[124.17876,0.96237],[124.17695,0.96358],[124.18199,0.96886],[124.18149,0.97348],[124.18415,0.97423],[124.18436,0.97622],[124.19118,0.98346],[124.19395,0.98311],[124.19449,0.98532],[124.20331,0.98994],[124.20924,0.98737],[124.21256,0.99214],[124.21518,0.99318],[124.21686,0.99036],[124.23006,0.99083],[124.23858,0.9949],[124.24411,1.00177],[124.24955,1.00003],[124.25591,1.00234],[124.26944,0.99917],[124.27734,0.99961],[124.288,1.00368],[124.29709,1.00975],[124.3074,1.0218],[124.30708,1.02633],[124.30601,1.02778],[124.30496,1.02681],[124.30413,1.02925],[124.30879,1.03363],[124.3121,1.043],[124.31616,1.04671],[124.31615,1.05497],[124.31391,1.0549],[124.31402,1.05596],[124.32301,1.06853],[124.32105,1.07609],[124.32792,1.07866],[124.33054,1.08771],[124.33937,1.09882],[124.34237,1.10986],[124.34056,1.11965],[124.34752,1.12383],[124.35296,1.1331],[124.35677,1.13359],[124.35305,1.14278],[124.34317,1.15414],[124.3479,1.15999],[124.3534,1.16379],[124.3607,1.1653],[124.36522,1.17027],[124.3688,1.1721],[124.36987,1.17121],[124.37091,1.1734],[124.37191,1.17224],[124.37192,1.17406],[124.37578,1.17606],[124.38199,1.17628],[124.38437,1.18037],[124.39316,1.1787],[124.40589,1.1856],[124.40774,1.19097],[124.41212,1.19235],[124.41576,1.19561],[124.42557,1.19231],[124.42695,1.18898],[124.42994,1.18845],[124.42853,1.18797],[124.42851,1.18768],[124.43266,1.18843],[124.43489,1.18713],[124.44431,1.18884],[124.45122,1.18736],[124.45189,1.18604],[124.47643,1.18707],[124.48141,1.1851],[124.4821,1.18665],[124.48158,1.18337],[124.48246,1.18627],[124.48232,1.18491],[124.49082,1.18453],[124.49752,1.19095],[124.50174,1.18831],[124.50409,1.18799],[124.50697,1.18872],[124.50986,1.19041],[124.5151,1.18936],[124.51658,1.18745],[124.51619,1.18863],[124.51931,1.18972],[124.52128,1.19344],[124.51749,1.2044],[124.52,1.20966],[124.52683,1.21316],[124.5321,1.21144],[124.54222,1.21136],[124.54808,1.20857],[124.55024,1.20247],[124.54969,1.19945],[124.55261,1.1982],[124.55349,1.19405],[124.56163,1.1867],[124.56661,1.18489],[124.57076,1.18535],[124.57993,1.19112],[124.58542,1.19758],[124.59797,1.22036],[124.60945,1.22949],[124.61243,1.23587],[124.61238,1.25227],[124.60364,1.2626],[124.60107,1.26165],[124.59912,1.26299],[124.59851,1.2616],[124.59494,1.26497],[124.59315,1.26448],[124.59013,1.26916],[124.59195,1.27217],[124.59003,1.27723],[124.58735,1.2744],[124.58699,1.26988],[124.58386,1.27146],[124.5737,1.27121],[124.57085,1.27911],[124.5752,1.28384],[124.57549,1.28703],[124.56982,1.28585],[124.56804,1.28252],[124.56847,1.28474],[124.56537,1.28384],[124.56234,1.2851],[124.55934,1.2817],[124.55906,1.279],[124.56283,1.28055],[124.56034,1.27592],[124.56216,1.27477],[124.56246,1.27168],[124.55537,1.27263],[124.55023,1.27147],[124.54614,1.27565],[124.54308,1.27586],[124.53999,1.27872],[124.5419,1.28265],[124.53853,1.2805],[124.53597,1.28248],[124.53439,1.28633],[124.5239,1.29755],[124.52595,1.30248],[124.52377,1.30203],[124.5211,1.3061],[124.51932,1.30527],[124.51683,1.30742],[124.51496,1.3018],[124.51445,1.30705],[124.51864,1.31281],[124.51741,1.31696],[124.51545,1.31684],[124.51507,1.31438],[124.51275,1.31751],[124.51575,1.31894],[124.51805,1.32252],[124.51954,1.32728],[124.51841,1.3284],[124.52061,1.32947],[124.52035,1.33074],[124.52261,1.33142],[124.52709,1.32865],[124.53237,1.3291],[124.53506,1.33585],[124.53305,1.34084],[124.53561,1.34195],[124.53477,1.35301],[124.53823,1.35518],[124.54132,1.35203],[124.54398,1.35226],[124.54495,1.35704],[124.54749,1.3564],[124.54918,1.35899],[124.54625,1.36319],[124.5478,1.36713],[124.54946,1.36769],[124.55267,1.36516],[124.55308,1.36654],[124.55474,1.36617],[124.55742,1.36934],[124.55615,1.37165],[124.55717,1.37399],[124.56027,1.37332],[124.55671,1.37666],[124.55329,1.377],[124.55652,1.37855],[124.56297,1.37823],[124.56321,1.37664],[124.56645,1.37993],[124.56659,1.37806],[124.56976,1.3795],[124.57293,1.38301],[124.57261,1.38113],[124.57419,1.38084],[124.57577,1.3829],[124.57847,1.38301],[124.57873,1.38681],[124.58737,1.39256],[124.58783,1.39523],[124.60404,1.39698],[124.60579,1.40045],[124.60801,1.40124],[124.60695,1.40322],[124.61117,1.40604],[124.60814,1.40746],[124.60955,1.40887],[124.6078,1.41093],[124.61039,1.4127],[124.60972,1.41435],[124.6152,1.41614],[124.61323,1.41416],[124.61455,1.41386],[124.61741,1.41745],[124.61846,1.41568],[124.6183,1.41736],[124.62473,1.41778],[124.62478,1.41535],[124.62866,1.40959],[124.63318,1.40824],[124.63905,1.39875],[124.64671,1.40013],[124.65539,1.39561],[124.65568,1.39396],[124.66476,1.39705],[124.67554,1.39412],[124.6751,1.39521],[124.6819,1.39776],[124.68549,1.40364],[124.68424,1.40431],[124.68521,1.4068],[124.68741,1.40833],[124.70331,1.4085],[124.70772,1.41187],[124.70754,1.41381],[124.70627,1.4136],[124.70799,1.41938],[124.71666,1.42151],[124.71821,1.42469],[124.71878,1.42342],[124.72262,1.4241],[124.72172,1.42548],[124.72336,1.42438],[124.73254,1.43282],[124.73207,1.43384],[124.7406,1.43595],[124.74252,1.43839],[124.7423,1.44393],[124.74441,1.44838],[124.75049,1.45187],[124.75236,1.45453],[124.75438,1.45574],[124.75284,1.45352],[124.76888,1.45872],[124.76857,1.45966],[124.77125,1.46106],[124.77803,1.45962],[124.78237,1.46174],[124.78824,1.46158],[124.79349,1.4599],[124.80525,1.46047],[124.81563,1.45828],[124.81895,1.46108],[124.82079,1.4608],[124.8215,1.46288],[124.82582,1.46414],[124.82664,1.46287],[124.82651,1.46568],[124.83015,1.46803],[124.83018,1.4725],[124.83362,1.47498],[124.83251,1.48233],[124.83008,1.48547],[124.83519,1.48744],[124.8377,1.49638],[124.83801,1.4949],[124.83864,1.49661],[124.83973,1.49498],[124.84165,1.49596],[124.8388,1.49757],[124.84004,1.49955],[124.84099,1.50001],[124.84469,1.51787],[124.84272,1.52382],[124.84152,1.52226],[124.84109,1.52383],[124.83943,1.52306],[124.84013,1.52117],[124.83923,1.52293],[124.84034,1.52381],[124.84373,1.52446],[124.8302,1.53759],[124.82561,1.53855],[124.82223,1.54169],[124.82117,1.54569],[124.81696,1.54847],[124.81559,1.55402],[124.81305,1.55285],[124.80853,1.55601],[124.80647,1.5635],[124.80699,1.56515],[124.80894,1.56486],[124.80952,1.56735],[124.8045,1.57118],[124.80867,1.57566],[124.81214,1.5761],[124.81192,1.5782],[124.81447,1.5784],[124.8146,1.58014],[124.81711,1.57955],[124.81715,1.58128],[124.81973,1.58098],[124.8192,1.58193],[124.82163,1.5833],[124.82373,1.58248],[124.8289,1.58936],[124.83145,1.59026],[124.83282,1.58901],[124.83276,1.59078],[124.83737,1.59279],[124.84272,1.59115],[124.8442,1.59331],[124.85715,1.59799],[124.86061,1.60094],[124.86669,1.59859],[124.86943,1.60256],[124.86901,1.61349],[124.87091,1.61714],[124.87259,1.61519],[124.87206,1.61958],[124.87644,1.62526],[124.87842,1.62446],[124.88402,1.63159],[124.88607,1.63095],[124.89103,1.63547],[124.89464,1.63614],[124.8953,1.63332],[124.89873,1.63306],[124.89799,1.64005],[124.90275,1.64629],[124.90396,1.64364],[124.91071,1.64903],[124.90916,1.64477],[124.91175,1.64645],[124.91279,1.64433],[124.91299,1.64561],[124.91533,1.64555],[124.91541,1.64285],[124.91695,1.64189],[124.91851,1.64217],[124.91674,1.64766],[124.92273,1.64334],[124.92254,1.64669],[124.92098,1.64748],[124.92286,1.6495],[124.92382,1.64665],[124.92929,1.64769],[124.93106,1.65034],[124.93003,1.65206],[124.92819,1.65143],[124.92813,1.65439],[124.93351,1.65241],[124.93266,1.65455],[124.93611,1.65423],[124.93778,1.65647],[124.9336,1.67337],[124.93591,1.67329],[124.9381,1.67967],[124.93968,1.67748],[124.94246,1.67828],[124.94416,1.67681],[124.94357,1.68138],[124.94538,1.68172],[124.9455,1.68353],[124.94666,1.68144],[124.94579,1.67956],[124.94675,1.68046],[124.94778,1.67883],[124.94933,1.68286],[124.95028,1.68054],[124.95155,1.67956],[124.95042,1.68195],[124.95453,1.68173],[124.95391,1.6758],[124.95574,1.67418],[124.95745,1.67653],[124.95537,1.67275],[124.95733,1.67029],[124.95981,1.67085],[124.95972,1.67369],[124.96141,1.6753],[124.96144,1.67323],[124.96356,1.67354],[124.96666,1.67055],[124.96406,1.66901],[124.96365,1.66258],[124.96756,1.6654],[124.96926,1.66459],[124.97026,1.66934],[124.97185,1.66961],[124.96951,1.67192],[124.96995,1.67704],[124.96699,1.68151],[124.97017,1.68719],[124.96928,1.68886],[124.97048,1.68935],[124.96901,1.68999],[124.97214,1.68947],[124.97232,1.69165],[124.97498,1.69071],[124.97665,1.69202],[124.97392,1.69644],[124.97554,1.69971],[124.97345,1.70296],[124.97268,1.70247],[124.97209,1.70281],[124.97456,1.70331],[124.97336,1.70514],[124.9753,1.70503],[124.97668,1.71531],[124.97521,1.71496],[124.97527,1.71311],[124.97292,1.71393],[124.97455,1.71311],[124.97324,1.7083],[124.97208,1.70873],[124.9694,1.70555],[124.96899,1.70974],[124.96705,1.70993],[124.96524,1.71345],[124.96514,1.71873],[124.96686,1.72033],[124.96457,1.71953],[124.96302,1.72861],[124.96584,1.73185],[124.97062,1.73181],[124.96996,1.7284],[124.97193,1.72768],[124.97284,1.72896],[124.97256,1.72637],[124.97434,1.72547],[124.9728,1.72464],[124.97461,1.72295],[124.97372,1.72158],[124.97548,1.72186],[124.97467,1.71994],[124.97378,1.72051],[124.97457,1.71912],[124.97662,1.72108],[124.97583,1.71896],[124.97729,1.71813],[124.97879,1.71989],[124.98214,1.71695],[124.98413,1.71798],[124.98533,1.71379],[124.98745,1.71929],[124.99143,1.71823],[124.99227,1.71551],[124.99273,1.71775],[124.9922,1.7221],[124.98852,1.72609],[124.98848,1.73143],[124.98631,1.7306],[124.98687,1.73151],[124.98401,1.73235],[124.98588,1.73278],[124.98415,1.73354],[124.98831,1.73393],[124.98596,1.73657],[124.98466,1.73495],[124.98409,1.73598],[124.98541,1.73703],[124.98403,1.73908],[124.98542,1.74191],[124.98243,1.74256],[124.98046,1.74833],[124.98122,1.75021],[124.98572,1.74917],[124.99021,1.75095],[124.99443,1.75061],[125.00526,1.74346],[125.00986,1.73869],[125.00802,1.73257],[125.00865,1.72643],[125.01574,1.73088],[125.01535,1.73362],[125.01846,1.73136],[125.02171,1.73158],[125.02269,1.72692],[125.02344,1.72859],[125.02427,1.72913],[125.02559,1.72944],[125.0254,1.72635],[125.01939,1.72032],[125.0138,1.6969],[125.01172,1.69388],[125.01298,1.69153],[125.01228,1.68948],[125.01044,1.69085],[125.01015,1.68262],[125.00666,1.67657],[125.00662,1.67396],[125.00946,1.67568],[125.01062,1.67901],[125.01268,1.67953],[125.01287,1.67055],[125.01525,1.67806],[125.01762,1.6755],[125.02269,1.6768],[125.02343,1.67935],[125.02551,1.6801],[125.02753,1.67751],[125.02304,1.67428],[125.02736,1.67247],[125.02893,1.67537],[125.03226,1.67435],[125.03307,1.6759],[125.03633,1.67256],[125.0395,1.67352],[125.04269,1.66979],[125.04387,1.67074],[125.04064,1.67403],[125.04177,1.6745],[125.04249,1.67264],[125.04221,1.67475],[125.04332,1.67216],[125.04528,1.67216],[125.04704,1.67395],[125.04587,1.67626],[125.0476,1.67679],[125.05251,1.67392],[125.05608,1.67689],[125.05875,1.67453],[125.061,1.67534],[125.06468,1.67234],[125.0694,1.67162],[125.07457,1.67421],[125.07741,1.67851],[125.07658,1.67526],[125.0815,1.67322],[125.08122,1.67158],[125.08499,1.66847],[125.08648,1.66876],[125.08579,1.67132],[125.08763,1.67227],[125.08995,1.67095],[125.09318,1.67208],[125.1002,1.66943],[125.1055,1.66472],[125.11067,1.66475],[125.11539,1.66697],[125.11932,1.67133],[125.11999,1.67377],[125.11792,1.67485],[125.11814,1.67632],[125.12446,1.67155],[125.13446,1.66731],[125.13441,1.6717],[125.14416,1.68757],[125.14896,1.68016],[125.15102,1.67926],[125.15259,1.68106],[125.1536,1.67967],[125.1586,1.68106],[125.1614,1.68692],[125.16271,1.68503],[125.16358,1.68747],[125.1655,1.6876],[125.16482,1.68317],[125.16873,1.67276],[125.16715,1.66885],[125.16909,1.66683],[125.16574,1.66687],[125.1627,1.66328],[125.16174,1.65231],[125.16477,1.64417],[125.16204,1.64183],[125.16161,1.63887],[125.15829,1.64077],[125.15073,1.63487],[125.15127,1.63043],[125.1547,1.6251],[125.15215,1.62412],[125.14687,1.62587],[125.14277,1.62121],[125.14338,1.60621],[125.14902,1.59833],[125.15343,1.59883],[125.15573,1.59633],[125.1544,1.59396],[125.15502,1.59029],[125.15803,1.58599],[125.15567,1.58564],[125.15481,1.58242],[125.16506,1.57068],[125.16094,1.57123],[125.15762,1.56971],[125.15378,1.56481],[125.15515,1.56046],[125.14624,1.55979],[125.14424,1.55539],[125.14088,1.55428],[125.14077,1.55192],[125.1339,1.54884],[125.13388,1.53598],[125.13186,1.53239],[125.12973,1.53176],[125.12893,1.52943],[125.1232,1.53176],[125.11453,1.53164],[125.09662,1.55103],[125.09766,1.57152],[125.09557,1.57571],[125.09099,1.57829],[125.09184,1.58366],[125.0881,1.58768],[125.08698,1.594],[125.07903,1.59759],[125.08029,1.6026],[125.08737,1.61324],[125.08942,1.63163],[125.08745,1.6383],[125.08433,1.64252],[125.07831,1.64577],[125.07105,1.63909],[125.06601,1.62512],[125.04615,1.59312],[125.04329,1.58173],[125.03936,1.57924],[125.03595,1.57383],[125.01746,1.57328],[125.01189,1.56775],[125.00736,1.5427],[125.01382,1.52593],[125.01827,1.52544],[125.02439,1.52745],[125.02539,1.5264],[125.02234,1.52518],[125.028,1.52315],[125.02374,1.51664],[125.02588,1.51695],[125.02544,1.5118],[125.02953,1.5142],[125.02877,1.5172],[125.03246,1.517],[125.03521,1.51954],[125.03499,1.52111],[125.03865,1.52254],[125.03872,1.52601],[125.04181,1.52586],[125.04172,1.52789],[125.04569,1.52913],[125.05093,1.52768],[125.0531,1.5241],[125.05491,1.52386],[125.05574,1.52099],[125.05789,1.52085],[125.0572,1.51472],[125.06065,1.51407],[125.06201,1.5156],[125.06643,1.51603],[125.06975,1.51043],[125.0726,1.5109],[125.07669,1.50657],[125.07969,1.50999],[125.09309,1.50921],[125.09326,1.51239],[125.09961,1.51176],[125.10298,1.50793],[125.10437,1.49745],[125.10734,1.49626],[125.11675,1.49828],[125.11766,1.50163],[125.1202,1.50172],[125.12071,1.50631],[125.12297,1.50983],[125.12202,1.51299],[125.12763,1.51217],[125.1295,1.51462],[125.13262,1.51181],[125.13739,1.5142],[125.13874,1.51164],[125.14454,1.51084],[125.14391,1.50693],[125.14557,1.50471],[125.14426,1.50478],[125.14579,1.50342],[125.14441,1.50304],[125.14525,1.49837],[125.13985,1.4873],[125.14194,1.47929],[125.14686,1.476],[125.14906,1.46991],[125.15257,1.4668],[125.1594,1.46478],[125.16788,1.466],[125.17403,1.46303],[125.17745,1.46467],[125.1805,1.47026],[125.18177,1.46985],[125.18138,1.47351],[125.18351,1.47328],[125.18331,1.47521],[125.18618,1.47615],[125.18484,1.48051],[125.187,1.48099],[125.18682,1.48329],[125.18797,1.48348],[125.18622,1.48421],[125.1856,1.48721],[125.18789,1.48752],[125.18783,1.48888],[125.18174,1.48914],[125.17826,1.49448],[125.18062,1.49773],[125.18021,1.50042],[125.18709,1.50274],[125.19324,1.50122],[125.1997,1.49847],[125.20969,1.4912],[125.21174,1.49258],[125.21344,1.4898],[125.2263,1.4933],[125.22841,1.49762],[125.23532,1.50121],[125.23502,1.50304],[125.23211,1.50394],[125.23545,1.50346],[125.23696,1.50509],[125.24122,1.50338],[125.24171,1.49701],[125.23768,1.49553],[125.23602,1.49213],[125.23672,1.48945],[125.23971,1.48875],[125.24125,1.486],[125.2344,1.47884],[125.23369,1.47361],[125.23525,1.46939],[125.23345,1.46595],[125.23119,1.46615],[125.22601,1.46056],[125.224,1.46132],[125.21869,1.45855],[125.21447,1.45948],[125.21113,1.45214],[125.20781,1.44988],[125.20952,1.44676],[125.19959,1.44255],[125.19878,1.4407],[125.20175,1.43982],[125.19868,1.43871],[125.19674,1.44186],[125.19354,1.44115],[125.19343,1.43977],[125.19567,1.43967],[125.19416,1.43822],[125.18066,1.44057],[125.17334,1.43894],[125.14606,1.4387],[125.12738,1.42916],[125.12229,1.41722],[125.12206,1.41163],[125.12023,1.40818],[125.12246,1.40722],[125.12056,1.40669],[125.12035,1.40341],[125.11064,1.39498],[125.10087,1.39004],[125.10154,1.38634],[125.09914,1.38195],[125.09135,1.3743],[125.07774,1.36642],[125.07552,1.35973],[125.07951,1.35591],[125.07251,1.35654],[125.07118,1.35456],[125.07689,1.35516],[125.07675,1.35266],[125.07114,1.35345],[125.07007,1.3524],[125.07479,1.35041],[125.07294,1.34841],[125.07624,1.34436],[125.07302,1.34595],[125.07602,1.34027],[125.07267,1.33997],[125.07622,1.33801],[125.07517,1.33658],[125.07118,1.33717],[125.07348,1.33545],[125.07308,1.33215],[125.07253,1.33488],[125.07123,1.3325],[125.07255,1.33094],[125.06661,1.32856],[125.06579,1.32081],[125.06171,1.31904],[125.06438,1.31585],[125.06222,1.31491],[125.06118,1.30853],[125.06448,1.31328],[125.06384,1.30829],[125.06588,1.31095],[125.06695,1.30829],[125.0656,1.30655],[125.06638,1.30552],[125.06751,1.30703],[125.06801,1.30397],[125.06799,1.29806],[125.06535,1.29694],[125.06764,1.29543],[125.06429,1.28817],[125.06117,1.28773],[125.06384,1.28642],[125.06006,1.27108],[125.05717,1.26563],[125.05395,1.2434],[125.05014,1.2365],[125.04519,1.21145],[125.035,1.18794],[125.03493,1.17892],[125.03186,1.17449],[125.02952,1.16225],[125.02582,1.15757],[125.0257,1.1538],[125.02319,1.15023],[125.02356,1.14277],[125.01764,1.1364],[125.01027,1.12277],[124.99023,1.10117],[124.98843,1.09661],[124.9814,1.09175],[124.98011,1.08651],[124.97209,1.07478],[124.96894,1.07335],[124.96586,1.06867],[124.95582,1.06344],[124.9518,1.05792],[124.94027,1.04977],[124.93305,1.03808],[124.92305,1.03],[124.91823,1.02842],[124.91139,1.01941],[124.90084,1.01212],[124.89859,1.00786],[124.89357,1.00554],[124.89172,1.00282],[124.89165,0.9987],[124.88813,0.99817],[124.88544,0.99519],[124.88576,0.99142],[124.88236,0.99207],[124.87813,0.98826],[124.87686,0.98479],[124.87804,0.98198],[124.87617,0.98052],[124.87481,0.98129],[124.86911,0.97507],[124.86492,0.97359],[124.8649,0.97188],[124.86049,0.97382],[124.85848,0.97145],[124.85974,0.96924],[124.82266,0.9595],[124.81628,0.95556],[124.79794,0.94985],[124.78979,0.94531],[124.78621,0.94081],[124.78758,0.93632],[124.78637,0.93307],[124.78326,0.93293],[124.78369,0.93084],[124.78213,0.9296],[124.78619,0.92934],[124.78536,0.92692],[124.78676,0.92378],[124.78781,0.92441],[124.78749,0.92254],[124.78551,0.92027],[124.78191,0.92144],[124.7824,0.9195],[124.77767,0.91286],[124.77453,0.91706],[124.77017,0.91494],[124.76773,0.90521],[124.77086,0.89896],[124.76784,0.89692],[124.76727,0.89467],[124.75794,0.89717],[124.75343,0.89369],[124.75373,0.89659],[124.74734,0.89669],[124.74543,0.89472],[124.744,0.89587],[124.74335,0.89371],[124.73662,0.88948],[124.73261,0.89327],[124.73156,0.89717],[124.71809,0.89841],[124.71621,0.89613],[124.71187,0.88102],[124.71264,0.87195],[124.70697,0.86256],[124.70685,0.85987],[124.70944,0.84728],[124.72077,0.85198],[124.72147,0.84841],[124.72018,0.84896],[124.70778,0.84215],[124.70751,0.84633],[124.70067,0.84594],[124.69876,0.84343],[124.6995,0.84097],[124.6914,0.83818],[124.69006,0.83502],[124.68532,0.83416],[124.69102,0.83087],[124.68962,0.82958],[124.68402,0.83062],[124.68151,0.82903],[124.67672,0.83309],[124.67554,0.83046],[124.66961,0.83078],[124.66989,0.82855],[124.66648,0.82873],[124.66608,0.82657],[124.66949,0.824],[124.66633,0.82247],[124.6664,0.82013],[124.66418,0.82009],[124.65985,0.80918],[124.65238,0.80383],[124.64741,0.80524],[124.64737,0.80282],[124.64489,0.80107],[124.64533,0.79897],[124.63517,0.80095],[124.64066,0.79334],[124.62557,0.76834],[124.62312,0.75462],[124.62319,0.73462],[124.62603,0.72769],[124.63061,0.72675],[124.62995,0.71663],[124.62867,0.71835],[124.62684,0.71708],[124.62862,0.71696],[124.62987,0.71412],[124.62684,0.71144],[124.62487,0.71347],[124.62366,0.71208],[124.62349,0.71443],[124.62211,0.71334],[124.62003,0.70957],[124.62172,0.705],[124.62034,0.70361],[124.61922,0.70542],[124.61781,0.70464],[124.61495,0.70028],[124.61418,0.70148],[124.61196,0.70011],[124.60908,0.70433],[124.60482,0.70276],[124.60442,0.70524],[124.59828,0.7066],[124.59639,0.70244],[124.5969,0.69754],[124.59815,0.69697],[124.59744,0.69387],[124.59452,0.68475],[124.59201,0.68317],[124.58738,0.68352],[124.58643,0.68933],[124.58148,0.69615],[124.58102,0.69056],[124.58234,0.68743],[124.57813,0.68939],[124.57531,0.68765],[124.57684,0.68265],[124.57998,0.67911],[124.57552,0.67061],[124.56866,0.66817],[124.56277,0.67569],[124.55832,0.67321],[124.55894,0.67064],[124.5569,0.66816],[124.56073,0.66561],[124.56364,0.65854],[124.56193,0.65882],[124.5593,0.65294],[124.55643,0.65314],[124.55274,0.63539],[124.55108,0.63278],[124.54811,0.63216],[124.5434,0.62488],[124.54758,0.62157],[124.55628,0.62311],[124.55967,0.6167],[124.56602,0.61877],[124.56529,0.61478],[124.5676,0.6103],[124.56648,0.6077],[124.56861,0.60174],[124.56864,0.59391],[124.57065,0.59103],[124.56859,0.58751],[124.57017,0.58483],[124.56893,0.58421],[124.569,0.57989],[124.56427,0.5773],[124.55909,0.59068],[124.55386,0.59587],[124.54823,0.59577],[124.54607,0.59331],[124.53944,0.59503],[124.53757,0.59384],[124.53564,0.59697],[124.53328,0.59576],[124.53645,0.59231],[124.53512,0.5883],[124.53605,0.58682],[124.52715,0.57885],[124.52824,0.57469],[124.52536,0.57008],[124.52507,0.56337],[124.52081,0.56018],[124.51812,0.56323],[124.51598,0.56253],[124.51489,0.5599],[124.51081,0.5579],[124.50534,0.55214],[124.4978,0.5535],[124.49648,0.54851],[124.4942,0.54887],[124.49306,0.54684],[124.49352,0.54211],[124.4976,0.54241],[124.49786,0.54073],[124.49469,0.54142],[124.49306,0.53982],[124.49208,0.53769],[124.49329,0.53565],[124.49012,0.53568],[124.48896,0.52996],[124.49073,0.52662],[124.496,0.52526],[124.49936,0.52651],[124.49832,0.5232],[124.4995,0.51883],[124.50401,0.51491],[124.50095,0.51236],[124.49961,0.50754],[124.49631,0.50823],[124.49185,0.51439],[124.49038,0.52284],[124.48752,0.52576],[124.47632,0.52941],[124.46735,0.54326],[124.46018,0.54982],[124.47311,0.57215],[124.48046,0.57467],[124.48735,0.57957],[124.48934,0.58295],[124.48904,0.59153],[124.4835,0.61577],[124.47125,0.6281],[124.45865,0.634],[124.45683,0.64974],[124.4516,0.64979],[124.45002,0.65282],[124.44401,0.656],[124.4431,0.65906],[124.43257,0.66093],[124.42648,0.66544],[124.41451,0.68111],[124.40265,0.69123],[124.39666,0.69069],[124.39374,0.68656],[124.38971,0.68617],[124.386,0.68312],[124.3855,0.68082],[124.382,0.68237],[124.38004,0.68036],[124.37762,0.68154],[124.37719,0.67968],[124.37294,0.67752],[124.37487,0.6753],[124.37322,0.66797],[124.37082,0.66559],[124.37307,0.66541],[124.37224,0.66106],[124.36649,0.65898],[124.36425,0.65654],[124.35173,0.66623],[124.34992,0.68104],[124.34635,0.68339],[124.3408,0.68299],[124.33948,0.6791],[124.34169,0.67734],[124.3446,0.67904],[124.3474,0.67843],[124.34795,0.67558],[124.34156,0.67588],[124.33754,0.66978],[124.34011,0.66436],[124.34289,0.66495],[124.34884,0.66106],[124.34172,0.65257],[124.34382,0.64555],[124.33915,0.64561],[124.33071,0.64908],[124.32955,0.64812],[124.33045,0.64676],[124.32794,0.64546],[124.32227,0.647],[124.32314,0.64359],[124.3219,0.64068],[124.31979,0.641],[124.31958,0.63804],[124.32198,0.63641],[124.32426,0.63714],[124.32993,0.6334],[124.32601,0.63072],[124.31761,0.63281],[124.31982,0.6312],[124.31871,0.6312],[124.32028,0.62737],[124.31888,0.62423],[124.31637,0.62272],[124.31007,0.62642],[124.30737,0.62349],[124.30955,0.62349],[124.31003,0.61951],[124.31397,0.61901],[124.31429,0.61746],[124.31045,0.61621],[124.30847,0.60739],[124.31218,0.60616],[124.31088,0.60396],[124.31526,0.60415],[124.31687,0.6067],[124.318,0.60505],[124.30868,0.59845],[124.30478,0.60168],[124.30571,0.59785],[124.30772,0.5963],[124.3068,0.59532],[124.29943,0.59789],[124.29668,0.59573],[124.29592,0.59778],[124.29789,0.59897],[124.29666,0.60012],[124.29327,0.59637],[124.29604,0.59284],[124.3004,0.5917],[124.30378,0.58316],[124.30164,0.58358],[124.30024,0.57907],[124.29869,0.57954],[124.30511,0.55906],[124.30406,0.55295],[124.30136,0.5487],[124.28235,0.53922],[124.2611,0.53819],[124.20644,0.5098],[124.19963,0.50919],[124.20827,0.51213],[124.21251,0.5182],[124.2164,0.52762],[124.21732,0.5386],[124.22167,0.55124],[124.21485,0.54977],[124.21423,0.5621],[124.21949,0.56778],[124.21927,0.57015],[124.22433,0.56683],[124.23016,0.57061],[124.22602,0.57504],[124.22694,0.57843],[124.22546,0.57987],[124.22796,0.58242],[124.22247,0.58438],[124.22255,0.58561],[124.22695,0.58421],[124.22776,0.58869],[124.22578,0.59259],[124.22337,0.59204],[124.22167,0.59363],[124.22061,0.59858],[124.21812,0.60109],[124.22066,0.60399],[124.2208,0.60816],[124.21744,0.61067],[124.21832,0.61611],[124.21592,0.62093],[124.21827,0.62533],[124.214,0.63226],[124.20065,0.62605],[124.19367,0.62039],[124.18997,0.61972],[124.18311,0.62458],[124.17995,0.62429],[124.18193,0.62085],[124.17969,0.61998],[124.18044,0.61776],[124.1745,0.61976],[124.1726,0.61759],[124.17338,0.61404],[124.17671,0.61042],[124.17459,0.60918],[124.16781,0.61739],[124.16514,0.61736],[124.16324,0.61976],[124.16178,0.616],[124.16324,0.61502],[124.16252,0.61196],[124.16465,0.60866],[124.16281,0.60837],[124.15693,0.61655],[124.15762,0.62161],[124.15541,0.62256],[124.15374,0.62118],[124.1538,0.61982],[124.15584,0.61999],[124.15535,0.61754],[124.15386,0.61736],[124.15388,0.61156],[124.15535,0.60907],[124.15391,0.60684],[124.15239,0.61557],[124.14926,0.61563],[124.14788,0.62077],[124.14476,0.62173],[124.14533,0.62361],[124.14229,0.62337],[124.1383,0.61861],[124.13765,0.6143],[124.13583,0.61453],[124.13112,0.6111],[124.13938,0.59696],[124.13617,0.59592],[124.13513,0.59205],[124.13169,0.59364],[124.13126,0.59211],[124.13295,0.59121],[124.13011,0.5889],[124.12818,0.58962],[124.12707,0.58815],[124.1258,0.58907],[124.11762,0.58668],[124.1173,0.58524],[124.11739,0.58459],[124.12033,0.58303],[124.11843,0.58133],[124.11882,0.57962],[124.116,0.57909],[124.11599,0.57694],[124.11184,0.5741],[124.11062,0.56898],[124.10833,0.57009],[124.10422,0.56752],[124.09862,0.56722],[124.09903,0.56265],[124.10177,0.56068],[124.10346,0.55509],[124.10251,0.55088],[124.09995,0.55045],[124.09618,0.55276],[124.09567,0.55625],[124.09078,0.55996],[124.09039,0.56226],[124.08775,0.55942],[124.08496,0.56128],[124.07326,0.56178],[124.07168,0.55965],[124.06889,0.55956],[124.06948,0.55804],[124.0636,0.55648],[124.06618,0.55517],[124.06823,0.55092],[124.06502,0.55185],[124.06257,0.55485],[124.06107,0.55122],[124.06208,0.54891],[124.06476,0.54844],[124.06446,0.54484],[124.05941,0.54117],[124.05492,0.54096],[124.05242,0.53632],[124.06119,0.53558],[124.06993,0.53856],[124.07148,0.53612],[124.07744,0.53784],[124.08236,0.54361],[124.0989,0.54254],[124.10288,0.54379],[124.10348,0.5408],[124.09896,0.54086],[124.09308,0.53712],[124.08704,0.53841],[124.08154,0.53321],[124.07709,0.53347],[124.07025,0.5274],[124.05605,0.52714],[124.05171,0.52298],[124.04686,0.52142],[124.04556,0.51642],[124.04276,0.51688],[124.04321,0.52038],[124.03242,0.52879],[124.0271,0.52409],[124.02184,0.52711],[124.01762,0.52681],[124.01551,0.52556],[124.02083,0.52134],[124.0205,0.51437],[124.01274,0.5123],[124.01292,0.5039],[124.00915,0.5045],[123.99568,0.50172],[123.99235,0.49289],[123.9853,0.48392],[123.98355,0.47635],[123.96961,0.47071],[123.96462,0.48298],[123.96145,0.48516],[123.96101,0.48913],[123.95934,0.48922],[123.95125,0.49997],[123.95659,0.50082],[123.95797,0.51071],[123.95465,0.5104],[123.94461,0.51474],[123.93454,0.51327],[123.93354,0.51528],[123.93136,0.51059],[123.92931,0.51667],[123.92684,0.51475],[123.92517,0.5171],[123.92147,0.51753],[123.92379,0.51987],[123.92161,0.52399],[123.9198,0.5247],[123.91942,0.5226],[123.91647,0.52165],[123.91253,0.5249],[123.91101,0.52366],[123.90815,0.52758],[123.90435,0.52371],[123.90078,0.52371],[123.9013,0.52093],[123.89928,0.52112],[123.89618,0.52605],[123.896,0.52946],[123.89912,0.5303],[123.89942,0.53206],[123.89773,0.53468],[123.89352,0.5326],[123.8914,0.53792],[123.8891,0.53827],[123.88478,0.54305],[123.88601,0.54673],[123.88182,0.55208],[123.88216,0.55812],[123.88772,0.56129],[123.89202,0.55791],[123.89171,0.55478],[123.89366,0.55349],[123.89866,0.55263],[123.90294,0.55478],[123.90726,0.55861],[123.9047,0.56493],[123.90674,0.57527],[123.91421,0.57599],[123.92857,0.57105],[123.94383,0.57608],[123.9503,0.5733],[123.95353,0.57382],[123.9523,0.58565],[123.95472,0.58598],[123.95586,0.58976],[123.95839,0.58861],[123.95935,0.58373],[123.9626,0.58017],[123.96345,0.58186],[123.97379,0.58264],[123.98588,0.58752],[123.98724,0.5886],[123.98635,0.59528],[123.98884,0.59801],[123.99601,0.59862],[123.99983,0.59097],[124.00582,0.59485],[124.00799,0.59413],[124.01238,0.59922],[124.01313,0.60974],[124.01795,0.61365],[124.01688,0.61739],[124.01435,0.61904],[124.01763,0.62374],[124.02669,0.62162],[124.02704,0.62004],[124.02726,0.62532],[124.03004,0.62719],[124.03256,0.62515],[124.03617,0.62557],[124.04227,0.62866],[124.04338,0.63989],[124.04845,0.64047],[124.04919,0.64262],[124.05034,0.64172],[124.06203,0.64416],[124.06057,0.64922],[124.0681,0.65708],[124.07227,0.65439],[124.07359,0.65568],[124.07684,0.65927],[124.07794,0.66433],[124.08194,0.66735],[124.0813,0.66957],[124.08889,0.67686],[124.09029,0.68145],[124.09428,0.68239],[124.09664,0.68415],[124.09656,0.68598],[124.10234,0.68914],[124.11126,0.69021],[124.11311,0.69254],[124.11326,0.69739],[124.119,0.69627],[124.11493,0.69832],[124.11454,0.70339],[124.11058,0.70676],[124.10823,0.70683],[124.10819,0.71666],[124.11089,0.70898],[124.117,0.70319],[124.12461,0.70667],[124.12704,0.70383],[124.13053,0.70649],[124.13314,0.70184],[124.13607,0.70375],[124.13682,0.7008],[124.14179,0.69937],[124.14402,0.69601],[124.14538,0.69159],[124.14433,0.68949],[124.15387,0.68683],[124.15206,0.68469],[124.15443,0.6842],[124.1565,0.68139],[124.16202,0.68621],[124.16575,0.68587],[124.16809,0.68875],[124.17374,0.68849],[124.17315,0.69333],[124.17034,0.69637],[124.16182,0.69704],[124.16725,0.69905],[124.1682,0.70496],[124.16976,0.70499],[124.16892,0.70733],[124.17201,0.7103],[124.16987,0.71272],[124.16947,0.71074],[124.16639,0.7116],[124.16618,0.70934],[124.16352,0.70749],[124.15985,0.70799],[124.15824,0.71065],[124.15857,0.71564],[124.15588,0.71769],[124.14936,0.70995],[124.14335,0.71154],[124.14013,0.71651],[124.1376,0.71339],[124.1358,0.71344],[124.13138,0.71846],[124.13105,0.72387],[124.12693,0.7257],[124.1285,0.7281],[124.12662,0.72913],[124.1279,0.73115],[124.13468,0.73192],[124.13992,0.72768],[124.14304,0.72711],[124.15119,0.73022],[124.15748,0.72286],[124.15966,0.72227],[124.16079,0.71732],[124.16448,0.7176],[124.16476,0.71628],[124.16646,0.71807],[124.16853,0.71746],[124.17105,0.71979],[124.17549,0.72057],[124.17338,0.72929],[124.17937,0.73045],[124.1853,0.72789],[124.18691,0.72692],[124.18816,0.72192],[124.18725,0.71584],[124.19057,0.71194],[124.18809,0.70695],[124.19006,0.69946],[124.19887,0.69964],[124.20145,0.69568],[124.19956,0.69103],[124.20676,0.68768],[124.2053,0.68435],[124.2084,0.67877],[124.20467,0.67584],[124.20133,0.66961],[124.2024,0.66678],[124.1983,0.6614],[124.20142,0.65912],[124.21049,0.66681],[124.21393,0.66616],[124.21337,0.66503],[124.21613,0.66383],[124.21867,0.6659],[124.22008,0.66277],[124.21746,0.66257],[124.21799,0.6584],[124.22028,0.65884],[124.22072,0.65597],[124.223,0.6573],[124.2244,0.65636],[124.22466,0.65792],[124.22675,0.65623],[124.22875,0.66317],[124.22777,0.66835],[124.23688,0.66609],[124.23327,0.66968],[124.23743,0.67092],[124.23764,0.67576],[124.23988,0.67752],[124.23594,0.67884],[124.22973,0.67776],[124.23054,0.68086],[124.22556,0.68101],[124.22405,0.68381],[124.22181,0.68326],[124.21913,0.69043],[124.22412,0.69455],[124.2322,0.70561],[124.23077,0.70901],[124.23214,0.71872],[124.23039,0.72032],[124.22985,0.72508],[124.23308,0.72863],[124.22999,0.73396],[124.22583,0.73348],[124.22209,0.73123],[124.22193,0.7266],[124.21742,0.72777],[124.21942,0.7245],[124.21634,0.72131],[124.21275,0.72532],[124.20991,0.7262],[124.21055,0.72926],[124.20679,0.7301],[124.20682,0.73167],[124.21203,0.73375],[124.21657,0.73221],[124.21918,0.73344],[124.22315,0.73834],[124.22864,0.73588],[124.2294,0.73855],[124.22748,0.7409],[124.22891,0.74554],[124.21508,0.74626],[124.21035,0.74393],[124.20764,0.7485],[124.2099,0.75056],[124.20874,0.7534],[124.19535,0.75915],[124.19241,0.76243],[124.19572,0.76939],[124.19406,0.77171],[124.19543,0.7728],[124.2014,0.77091],[124.20479,0.7749],[124.21205,0.77331],[124.21437,0.77446],[124.21641,0.78078],[124.20651,0.78046],[124.20565,0.78227],[124.20895,0.78693],[124.20805,0.79295],[124.20245,0.7962],[124.19668,0.8063],[124.19329,0.80472],[124.19114,0.80582],[124.1849,0.80439],[124.1846,0.80642],[124.18179,0.807],[124.18056,0.80979],[124.17519,0.81013],[124.1727,0.81608],[124.17214,0.8143],[124.16927,0.81403],[124.16448,0.81028],[124.15873,0.81631],[124.15372,0.81777],[124.15106,0.82209],[124.1463,0.81905],[124.14731,0.81444],[124.14336,0.81438],[124.14093,0.81611],[124.14287,0.82236],[124.13862,0.82451],[124.13674,0.82344],[124.13347,0.8262],[124.12903,0.82491],[124.12939,0.8171],[124.1316,0.8158],[124.13561,0.80312],[124.13537,0.80026],[124.13326,0.80075],[124.13023,0.7971],[124.12897,0.79807],[124.13174,0.80086],[124.12942,0.80872],[124.12705,0.81017],[124.12673,0.81279],[124.11989,0.81701],[124.11557,0.82726],[124.11343,0.82876],[124.1133,0.83303],[124.11231,0.8334],[124.11064,0.82827],[124.10555,0.82425],[124.10146,0.82507],[124.10018,0.8223],[124.10179,0.8187],[124.10088,0.81151],[124.10516,0.80925],[124.10585,0.80648],[124.10244,0.80355],[124.09856,0.80834],[124.09539,0.80871],[124.09403,0.80026],[124.09614,0.80095],[124.10419,0.79666],[124.10483,0.79779],[124.11125,0.79777],[124.11145,0.79267],[124.10867,0.78861],[124.11263,0.78705],[124.11176,0.7851],[124.11552,0.78074],[124.11818,0.78024],[124.12044,0.77624],[124.11426,0.77415],[124.11369,0.78004],[124.11138,0.77747],[124.11111,0.779],[124.10848,0.77849],[124.10695,0.77604],[124.10413,0.77817],[124.10118,0.77683],[124.10125,0.77509],[124.10648,0.77458],[124.10785,0.77146],[124.10277,0.76784],[124.10696,0.76779],[124.10965,0.76452],[124.10797,0.76298],[124.10335,0.76404],[124.10899,0.75803],[124.10208,0.75292],[124.10564,0.75153],[124.10502,0.74783],[124.10744,0.74543],[124.10479,0.74131],[124.10498,0.73641],[124.10885,0.73447],[124.10776,0.73168],[124.10436,0.73173],[124.10186,0.75031],[124.09826,0.75731],[124.09669,0.75724],[124.09341,0.76119],[124.08893,0.77096],[124.09799,0.7736],[124.10099,0.78084],[124.09723,0.78184],[124.09386,0.78684],[124.09276,0.78529],[124.0892,0.78677],[124.0877,0.79266],[124.08439,0.795],[124.08397,0.79769],[124.07957,0.79781],[124.07591,0.79451],[124.07519,0.78898],[124.07714,0.78833],[124.07633,0.78723],[124.0746,0.78841],[124.07132,0.78726],[124.07294,0.79413],[124.06963,0.79707],[124.07018,0.80059],[124.065,0.80262],[124.06187,0.80143],[124.05922,0.80356],[124.05753,0.80258],[124.05575,0.80598],[124.05789,0.8087],[124.0568,0.81131],[124.05026,0.81041],[124.04905,0.81278],[124.04997,0.81503],[124.04764,0.81668],[124.04374,0.81522],[124.04422,0.81258],[124.04201,0.8088],[124.03915,0.81333],[124.03473,0.81457],[124.03309,0.81448],[124.03312,0.8129],[124.0295,0.81522],[124.02753,0.81254],[124.02185,0.81386],[124.02025,0.81511],[124.02175,0.81649],[124.0208,0.82018],[124.01776,0.81884],[124.01436,0.82231],[124.0141,0.82717],[124.00896,0.82999],[124.00775,0.82593],[124.00445,0.82542],[124.00433,0.82425],[124.00047,0.82607],[123.99836,0.82397],[123.99898,0.81932],[123.9961,0.8192],[123.99424,0.81437],[123.99232,0.81844],[123.99436,0.81932],[123.99189,0.82413],[123.9902,0.825],[123.97998,0.8217],[123.97698,0.82603],[123.979,0.8278],[123.97678,0.82924],[123.97386,0.82811],[123.97372,0.82641],[123.97162,0.82699],[123.97038,0.82488],[123.96803,0.82514],[123.96777,0.82243],[123.96612,0.82449],[123.9627,0.82392],[123.95799,0.83006],[123.95632,0.8297],[123.95257,0.82314],[123.95507,0.82098],[123.95476,0.81853],[123.94644,0.81699],[123.94412,0.81919],[123.94187,0.81897],[123.94515,0.82357],[123.94362,0.825],[123.94109,0.8245],[123.93938,0.8282],[123.93738,0.82605],[123.93891,0.82511],[123.93849,0.82228],[123.93264,0.8221],[123.93338,0.82106],[123.92889,0.81768],[123.92434,0.81887],[123.92714,0.81521],[123.92553,0.80677],[123.92115,0.8062],[123.91933,0.80774],[123.91412,0.80796],[123.9128,0.80509],[123.90706,0.80505],[123.90385,0.8025],[123.8993,0.80166],[123.8984,0.7972],[123.90246,0.79555],[123.90358,0.79681],[123.90613,0.79468],[123.90982,0.79791],[123.91209,0.79794],[123.91333,0.79426],[123.91946,0.79528],[123.92561,0.79297],[123.92054,0.78997],[123.91804,0.78473],[123.91679,0.78588],[123.91483,0.78469],[123.91932,0.78118],[123.92118,0.77755],[123.92107,0.77281],[123.92421,0.77223],[123.93041,0.77435],[123.93084,0.77252],[123.92663,0.77054],[123.92577,0.76815],[123.91959,0.77215],[123.91822,0.77068],[123.92221,0.76843],[123.92071,0.76742],[123.91657,0.77033],[123.91397,0.78098],[123.91184,0.77966],[123.90784,0.78172],[123.90431,0.77866],[123.90384,0.77974],[123.8971,0.77773],[123.89339,0.77942],[123.8889,0.7787],[123.88384,0.78412],[123.88045,0.78151],[123.87581,0.78129],[123.87146,0.78402],[123.86914,0.78262],[123.86918,0.79285],[123.85481,0.80287],[123.84621,0.79803],[123.84792,0.79541],[123.84764,0.79053],[123.84503,0.78938],[123.84133,0.79196],[123.83844,0.78959],[123.83071,0.79157],[123.83023,0.80055],[123.83246,0.8037],[123.82993,0.80691],[123.82619,0.80638],[123.82181,0.81007],[123.82666,0.81673],[123.83309,0.81637],[123.83677,0.81929],[123.8283,0.8186],[123.82609,0.82306],[123.82761,0.82509],[123.82657,0.83095],[123.81604,0.82428],[123.81554,0.82018],[123.81768,0.81497],[123.81244,0.80522],[123.80947,0.80418],[123.80534,0.80548],[123.80215,0.80284],[123.79305,0.80587],[123.79014,0.80284],[123.79198,0.79487],[123.79097,0.79391],[123.78561,0.79632],[123.78246,0.79555],[123.77839,0.80632],[123.77422,0.81013],[123.76551,0.80795],[123.76271,0.80929],[123.75855,0.80638],[123.75602,0.80947],[123.74714,0.81337],[123.74124,0.81982],[123.739,0.81892],[123.73343,0.82465],[123.73224,0.83019],[123.72682,0.84023],[123.72137,0.84349],[123.71799,0.84116],[123.71742,0.84252],[123.71545,0.84226],[123.72529,0.83143],[123.72314,0.82753],[123.72157,0.82915],[123.71886,0.82831],[123.72048,0.82774],[123.71901,0.82505],[123.72479,0.82006],[123.72579,0.81609],[123.72746,0.81531],[123.72622,0.81277],[123.7293,0.80987],[123.7379,0.80878],[123.73906,0.80737],[123.73696,0.80433],[123.73769,0.80279],[123.73399,0.79911],[123.73439,0.79635],[123.73295,0.79673],[123.73344,0.79393],[123.72558,0.7981],[123.73081,0.80003],[123.73125,0.803],[123.72665,0.81149],[123.7229,0.81331],[123.72124,0.81938],[123.71359,0.82324],[123.71264,0.82518],[123.70881,0.82244],[123.70497,0.82595],[123.70428,0.83017],[123.70089,0.83035],[123.69822,0.83291],[123.70571,0.83746],[123.70525,0.83845],[123.69787,0.83766],[123.69387,0.84027],[123.6797,0.83866],[123.67956,0.83199],[123.68189,0.82742],[123.68396,0.82661],[123.68199,0.82551],[123.67626,0.8263],[123.6755,0.82774],[123.67122,0.82683],[123.65884,0.83651],[123.65765,0.84241],[123.65524,0.84289],[123.65619,0.83579],[123.65003,0.83497],[123.65013,0.82727],[123.65436,0.82274],[123.66455,0.8204],[123.66594,0.818],[123.66506,0.8147],[123.66163,0.81345],[123.66322,0.81063],[123.66166,0.80924],[123.65668,0.80955],[123.65129,0.81211],[123.64869,0.81135],[123.64781,0.80812],[123.65533,0.80438],[123.65382,0.80206],[123.64325,0.80472],[123.64316,0.80248],[123.64163,0.80221],[123.64303,0.79876],[123.63947,0.79479],[123.63979,0.79008],[123.63668,0.79004],[123.63896,0.79203],[123.63616,0.79128],[123.63555,0.79253],[123.63975,0.79837],[123.63756,0.79886],[123.63789,0.802],[123.63577,0.80325],[123.6349,0.80209],[123.63471,0.80429],[123.63177,0.80314],[123.63183,0.79991],[123.63086,0.80166],[123.63126,0.80352],[123.63454,0.80635],[123.63179,0.80666],[123.63438,0.81099],[123.63317,0.81286],[123.6301,0.81257],[123.62948,0.81482],[123.633,0.8155],[123.63481,0.81784],[123.63012,0.81937],[123.62825,0.82323],[123.62478,0.82275],[123.6261,0.8255],[123.62437,0.82902],[123.61634,0.83364],[123.61446,0.83189],[123.61824,0.82847],[123.61707,0.8267],[123.61867,0.8215],[123.62261,0.81832],[123.62982,0.81727],[123.62901,0.81465],[123.6282,0.81621],[123.61764,0.81753],[123.61619,0.81518],[123.6199,0.80956],[123.62111,0.80453],[123.6193,0.8047],[123.61678,0.80889],[123.61559,0.80764],[123.61238,0.80908],[123.61098,0.81176],[123.60147,0.80499],[123.60073,0.79683],[123.59843,0.79372],[123.59829,0.8044],[123.59013,0.79676],[123.58699,0.78996],[123.58309,0.79001],[123.57942,0.7845],[123.57745,0.78594],[123.57897,0.78664],[123.57843,0.79097],[123.57519,0.79247],[123.57719,0.7942],[123.57731,0.79764],[123.57378,0.79869],[123.57648,0.80228],[123.57405,0.80315],[123.56959,0.80183],[123.56818,0.80429],[123.54277,0.80098],[123.53848,0.8017],[123.56452,0.81633],[123.56247,0.81905],[123.55129,0.81723],[123.53993,0.81937],[123.52949,0.83155],[123.51996,0.83095],[123.51334,0.83773],[123.50497,0.84099],[123.50975,0.84634],[123.51018,0.85068],[123.50876,0.85336],[123.5026,0.85146],[123.50143,0.85358],[123.49886,0.85153],[123.4989,0.84844],[123.49695,0.84599],[123.49388,0.84621],[123.4933,0.84348],[123.48944,0.83998],[123.48614,0.8411],[123.48027,0.83761],[123.47699,0.8389],[123.47604,0.83743],[123.47392,0.83779],[123.4708,0.84306],[123.46438,0.84452],[123.46218,0.84799],[123.46004,0.84644],[123.45993,0.84853],[123.45306,0.84908],[123.45221,0.85924],[123.45761,0.86021],[123.46206,0.86604],[123.46588,0.86632],[123.46696,0.86952],[123.46058,0.87053],[123.45766,0.87319],[123.45386,0.87212],[123.45106,0.86891],[123.44703,0.87108],[123.44035,0.87027],[123.44109,0.86624],[123.43977,0.86406],[123.43609,0.86492],[123.43157,0.86189],[123.42657,0.86458],[123.42508,0.86782],[123.42197,0.86654],[123.42138,0.872],[123.41286,0.88114],[123.40578,0.88336],[123.39849,0.88026],[123.40082,0.87847],[123.39916,0.87604],[123.40014,0.87431],[123.40497,0.87655],[123.40336,0.86902],[123.40008,0.87075],[123.39944,0.8738],[123.39401,0.87326],[123.39378,0.8713],[123.39772,0.8678],[123.39704,0.86639],[123.39448,0.8662],[123.39257,0.86878],[123.38931,0.86744],[123.38619,0.86864],[123.37778,0.86144],[123.37703,0.85533],[123.37326,0.85383],[123.37915,0.84641],[123.38303,0.84639],[123.37999,0.84068],[123.37544,0.84012],[123.37326,0.83752],[123.37415,0.83443],[123.37776,0.83518],[123.38352,0.83326],[123.38091,0.8266],[123.37817,0.82564],[123.37779,0.83117],[123.37595,0.83038],[123.37353,0.82514],[123.36911,0.82623],[123.36813,0.82456],[123.37411,0.81906],[123.37508,0.8142],[123.38096,0.81386],[123.37872,0.81119],[123.37957,0.80903],[123.37605,0.80713],[123.37453,0.80303],[123.37857,0.80157],[123.37669,0.79964],[123.37641,0.7954],[123.37843,0.79322],[123.37574,0.77985],[123.38088,0.77813],[123.37892,0.7764],[123.38257,0.77513],[123.38191,0.77012],[123.37758,0.77176],[123.37412,0.77542],[123.36875,0.77429],[123.36884,0.776],[123.36112,0.78065],[123.36053,0.78384],[123.36619,0.78518],[123.37014,0.78243],[123.37424,0.78836],[123.37229,0.79025],[123.36725,0.7907],[123.36674,0.79484],[123.36418,0.79712],[123.36502,0.80077],[123.36228,0.80225],[123.36235,0.8079],[123.36518,0.80783],[123.36707,0.8151],[123.35903,0.82165],[123.36003,0.82443],[123.35689,0.82861],[123.35793,0.83343],[123.35437,0.83591],[123.356,0.83825],[123.3491,0.8514],[123.35135,0.85542],[123.34701,0.85183],[123.35143,0.84146],[123.34859,0.83833],[123.35295,0.82987],[123.35024,0.82691],[123.35199,0.81658],[123.35393,0.81646],[123.35492,0.81134],[123.3535,0.80857],[123.35486,0.80612],[123.34922,0.80529],[123.3496,0.80066],[123.34802,0.79898],[123.34371,0.81125],[123.33879,0.8066],[123.3371,0.81066],[123.33944,0.81446],[123.33603,0.81476],[123.3343,0.81195],[123.33631,0.80779],[123.33186,0.80328],[123.33491,0.7996],[123.33211,0.79804],[123.33068,0.80069],[123.32387,0.80484],[123.32134,0.80454],[123.32262,0.80728],[123.32552,0.80742],[123.32361,0.81402],[123.32531,0.81598],[123.32499,0.82057],[123.32913,0.82528],[123.32421,0.83083],[123.32319,0.83715],[123.319,0.84022],[123.31946,0.84385],[123.32468,0.84925],[123.32228,0.85264],[123.32003,0.85319],[123.30997,0.85072],[123.30471,0.85125],[123.30475,0.85307],[123.30297,0.8524],[123.30405,0.85531],[123.29897,0.85774],[123.29914,0.85964],[123.30486,0.85847],[123.30929,0.8651],[123.30791,0.86683],[123.30335,0.8664],[123.30346,0.86431],[123.30087,0.86397],[123.29587,0.86967],[123.28837,0.87308],[123.27972,0.86905],[123.27671,0.87041],[123.2741,0.86954],[123.27287,0.86892],[123.27525,0.86756],[123.27419,0.86608],[123.27577,0.86284],[123.28068,0.86399],[123.28207,0.86002],[123.27775,0.85844],[123.2776,0.85618],[123.27485,0.85821],[123.26974,0.85358],[123.27052,0.85968],[123.26662,0.86726],[123.26972,0.87016],[123.27046,0.87451],[123.26675,0.87541],[123.26601,0.87383],[123.26274,0.87319],[123.26179,0.87189],[123.2638,0.8689],[123.26259,0.86754],[123.26041,0.87114],[123.25836,0.86901],[123.26047,0.86523],[123.25193,0.86071],[123.2493,0.86534],[123.24515,0.86602],[123.24343,0.86929],[123.25068,0.87138],[123.25208,0.86922],[123.25615,0.8698],[123.25077,0.87355],[123.24608,0.8813],[123.24369,0.88213],[123.24265,0.88653],[123.23966,0.88674],[123.23568,0.88294],[123.24242,0.87725],[123.24172,0.87428],[123.23907,0.87456],[123.23574,0.87932],[123.23311,0.87291],[123.2226,0.8728],[123.22172,0.87113],[123.22136,0.86049],[123.2226,0.85876],[123.23523,0.85457],[123.23972,0.84701],[123.23883,0.83903],[123.23534,0.83242],[123.23138,0.83376],[123.22771,0.83785],[123.22678,0.84423],[123.22411,0.84369],[123.21876,0.84804],[123.21246,0.84822],[123.20602,0.8573],[123.19938,0.85577],[123.19202,0.86284],[123.19061,0.8606],[123.18924,0.86189],[123.17921,0.86135],[123.17558,0.86386],[123.17682,0.8658],[123.17502,0.86949],[123.16721,0.8695],[123.1647,0.87441],[123.15884,0.87066],[123.15577,0.87164],[123.15268,0.87023],[123.15057,0.87232],[123.14921,0.87775],[123.14369,0.87511],[123.14146,0.87636],[123.14087,0.87988],[123.13788,0.8788],[123.13433,0.88256],[123.13238,0.88222],[123.13337,0.88363],[123.13195,0.88529],[123.13004,0.88356],[123.1287,0.88726],[123.12689,0.88775],[123.12861,0.88957],[123.1259,0.89162],[123.12165,0.8887],[123.12301,0.89257],[123.11886,0.8953],[123.1202,0.89824],[123.11826,0.89884],[123.11983,0.90019],[123.12008,0.90412],[123.11768,0.90428],[123.11632,0.90616],[123.11525,0.90453],[123.11429,0.90785],[123.11566,0.91066],[123.11227,0.91547],[123.11544,0.91857],[123.11303,0.92216],[123.11912,0.9263],[123.12154,0.92474],[123.14132,0.92301],[123.14863,0.91845],[123.14823,0.91515],[123.15147,0.91026],[123.16633,0.90175],[123.1787,0.90166],[123.18726,0.90689],[123.19428,0.91527],[123.19499,0.91413],[123.19487,0.91636],[123.19764,0.91144]],[[124.83298,1.56269],[124.83634,1.56327],[124.83791,1.56118],[124.84303,1.56105],[124.84513,1.56006],[124.8463,1.55684],[124.85117,1.55771],[124.8513,1.56694],[124.8464,1.56662],[124.84616,1.56851],[124.84226,1.56968],[124.84011,1.57219],[124.84037,1.57566],[124.83593,1.57376],[124.83298,1.56269]],[[124.96724,1.31509],[124.96993,1.31322],[124.97018,1.31068],[124.96754,1.30926],[124.97014,1.30827],[124.96945,1.30229],[124.97123,1.29957],[124.96975,1.28279],[124.96835,1.27938],[124.9663,1.28217],[124.9615,1.27948],[124.96229,1.2733],[124.95929,1.2776],[124.95666,1.27787],[124.95731,1.27576],[124.95451,1.27344],[124.95558,1.2673],[124.95246,1.26374],[124.95325,1.26139],[124.95686,1.26047],[124.95501,1.25891],[124.9569,1.25569],[124.96262,1.25122],[124.96361,1.24552],[124.96939,1.24711],[124.96726,1.25246],[124.97126,1.25487],[124.97118,1.25649],[124.97386,1.25607],[124.97464,1.25948],[124.97702,1.26003],[124.9762,1.26333],[124.97842,1.26385],[124.98121,1.26795],[124.98069,1.26983],[124.98496,1.27257],[124.98295,1.27558],[124.98402,1.27876],[124.98265,1.28178],[124.97832,1.28521],[124.97881,1.28814],[124.98019,1.28901],[124.98633,1.28692],[124.98736,1.28889],[124.98885,1.28859],[124.98891,1.29154],[124.99291,1.29041],[124.99539,1.29277],[124.9948,1.2992],[125.00014,1.30367],[124.99737,1.30543],[124.99274,1.3033],[124.98435,1.30754],[124.9844,1.31773],[124.98764,1.32174],[124.98862,1.32798],[124.99133,1.33077],[124.99502,1.32969],[124.99906,1.32535],[125.00186,1.32456],[125.00446,1.31794],[125.00885,1.32336],[125.0101,1.32872],[125.00862,1.33149],[125.01022,1.33385],[125.0147,1.3331],[125.01914,1.33565],[125.0205,1.34584],[125.01754,1.34606],[125.01699,1.33886],[125.01502,1.33745],[125.01603,1.33943],[125.015,1.34347],[125.01235,1.33959],[125.01047,1.33952],[125.00214,1.3433],[125.0058,1.34546],[125.00697,1.34751],[125.00591,1.34911],[125.0028,1.34967],[125.00183,1.35173],[124.99521,1.35009],[124.99236,1.34369],[124.98273,1.33846],[124.98269,1.33088],[124.98019,1.32794],[124.97171,1.32797],[124.96745,1.33029],[124.9664,1.32682],[124.9684,1.32656],[124.96979,1.323],[124.96544,1.32063],[124.96724,1.31509]],[[123.62513,0.88726],[123.62738,0.89107],[123.62315,0.88704],[123.62149,0.88755],[123.62181,0.88457],[123.61923,0.88336],[123.62152,0.88219],[123.6277,0.8845],[123.62958,0.88287],[123.62513,0.88726]],[[123.62517,0.89314],[123.61474,0.89754],[123.60966,0.89787],[123.60728,0.90044],[123.60369,0.8997],[123.60731,0.89769],[123.60913,0.89023],[123.6106,0.8886],[123.61218,0.8892],[123.61447,0.88485],[123.61638,0.89554],[123.62517,0.89314]],[[123.48792,0.84951],[123.49146,0.84935],[123.49299,0.85054],[123.49308,0.85518],[123.4899,0.85971],[123.49026,0.8663],[123.48953,0.86761],[123.48513,0.8679],[123.48379,0.86282],[123.48693,0.86289],[123.48792,0.84951]],[[123.47044,0.85431],[123.47909,0.85905],[123.47621,0.86614],[123.47468,0.86647],[123.46979,0.86274],[123.47044,0.85431]],[[123.36758,0.84936],[123.37173,0.84865],[123.37054,0.85276],[123.36758,0.84936]],[[123.36607,0.84761],[123.36665,0.84754],[123.36689,0.84856],[123.36607,0.84761]],[[123.34805,0.85914],[123.34611,0.8578],[123.34305,0.85916],[123.34432,0.85597],[123.34805,0.85914]],[[123.28713,0.90889],[123.2868,0.9081],[123.2833,0.90833],[123.28072,0.90616],[123.28308,0.90474],[123.28521,0.90522],[123.28543,0.90266],[123.28863,0.90209],[123.28782,0.90513],[123.28996,0.90871],[123.28666,0.91053],[123.28713,0.90889]],[[123.23484,0.90946],[123.23755,0.91083],[123.23558,0.91363],[123.23901,0.91284],[123.24215,0.91593],[123.23984,0.91818],[123.2343,0.91782],[123.2392,0.91909],[123.24129,0.92193],[123.23984,0.92548],[123.23463,0.92837],[123.23285,0.93249],[123.22412,0.9322],[123.22331,0.92984],[123.22315,0.93278],[123.21784,0.93699],[123.21478,0.93453],[123.21214,0.93608],[123.2051,0.93326],[123.20015,0.92816],[123.19927,0.92542],[123.20172,0.92194],[123.20738,0.91856],[123.20721,0.91627],[123.21532,0.91325],[123.21557,0.90779],[123.22571,0.90647],[123.22662,0.90375],[123.23161,0.90207],[123.23225,0.8996],[123.23368,0.90008],[123.23399,0.90324],[123.23732,0.90458],[123.23484,0.90946]],[[123.204,0.8995],[123.19781,0.90427],[123.1957,0.90419],[123.19715,0.90602],[123.19738,0.90763],[123.1971,0.90834],[123.19248,0.90552],[123.19245,0.90325],[123.19691,0.90327],[123.19673,0.90163],[123.19857,0.90089],[123.19671,0.89739],[123.19985,0.90034],[123.20056,0.89783],[123.204,0.8995]],[[124.15634,0.86287],[124.16076,0.86354],[124.16287,0.85831],[124.1744,0.85288],[124.17583,0.84768],[124.17692,0.84891],[124.1849,0.84594],[124.19106,0.84726],[124.19478,0.84225],[124.19764,0.84262],[124.20945,0.85346],[124.20973,0.85096],[124.21622,0.85253],[124.21967,0.8517],[124.22147,0.85355],[124.23139,0.85171],[124.23366,0.84771],[124.22854,0.84495],[124.22585,0.83993],[124.22474,0.8302],[124.22582,0.82877],[124.22301,0.82591],[124.22449,0.82308],[124.22746,0.82282],[124.23142,0.81986],[124.2296,0.81387],[124.23256,0.81582],[124.23578,0.81321],[124.23563,0.80941],[124.234,0.80885],[124.23844,0.80547],[124.241,0.8057],[124.24023,0.80808],[124.24174,0.81053],[124.24862,0.80534],[124.25017,0.80739],[124.25268,0.80711],[124.25683,0.8039],[124.25965,0.80644],[124.26498,0.80279],[124.26498,0.81238],[124.26642,0.81456],[124.26761,0.80368],[124.27215,0.80251],[124.27075,0.80917],[124.27344,0.81167],[124.2778,0.81077],[124.27741,0.81601],[124.28922,0.81686],[124.28986,0.81831],[124.29541,0.81983],[124.2963,0.82394],[124.29422,0.82689],[124.29763,0.82779],[124.29704,0.83159],[124.29571,0.83579],[124.29216,0.83857],[124.2969,0.83956],[124.3009,0.84598],[124.30437,0.8435],[124.30579,0.84409],[124.30588,0.85061],[124.30889,0.85158],[124.31152,0.85025],[124.31274,0.8536],[124.31469,0.85229],[124.3157,0.85626],[124.32202,0.85364],[124.32197,0.86311],[124.3248,0.86505],[124.32697,0.86435],[124.32561,0.87143],[124.32899,0.88002],[124.33026,0.87822],[124.3369,0.87692],[124.3375,0.87546],[124.34477,0.87808],[124.34349,0.87075],[124.34805,0.86239],[124.34622,0.85817],[124.34803,0.8539],[124.34961,0.85354],[124.347,0.85232],[124.34786,0.84912],[124.34406,0.8496],[124.34507,0.84795],[124.34213,0.84679],[124.34153,0.84425],[124.33829,0.84386],[124.33525,0.83693],[124.33502,0.83527],[124.33864,0.83384],[124.33784,0.8321],[124.34209,0.82977],[124.34224,0.82657],[124.33867,0.82618],[124.33817,0.82343],[124.34054,0.82375],[124.34141,0.82199],[124.33665,0.81989],[124.33326,0.81493],[124.33671,0.81368],[124.33986,0.81521],[124.33888,0.81323],[124.34087,0.81122],[124.33953,0.80989],[124.34377,0.8056],[124.3417,0.80324],[124.34324,0.80186],[124.34119,0.79854],[124.34386,0.79561],[124.34267,0.79459],[124.34395,0.79474],[124.34559,0.78951],[124.34945,0.78747],[124.35218,0.79327],[124.35542,0.79476],[124.35257,0.79077],[124.35298,0.78893],[124.35717,0.78615],[124.35111,0.77966],[124.35785,0.77592],[124.35155,0.77681],[124.3495,0.77529],[124.35297,0.76742],[124.34837,0.76279],[124.33996,0.75923],[124.34085,0.75133],[124.34367,0.74867],[124.35003,0.74915],[124.35639,0.74307],[124.37841,0.74235],[124.38215,0.73981],[124.38091,0.73691],[124.38676,0.74171],[124.39353,0.74055],[124.39926,0.73416],[124.408,0.73453],[124.40845,0.73292],[124.4102,0.73423],[124.41159,0.72888],[124.41786,0.72534],[124.44158,0.72307],[124.44374,0.72582],[124.44315,0.72341],[124.44508,0.72296],[124.4473,0.71942],[124.45657,0.71529],[124.45881,0.71014],[124.46911,0.6973],[124.47992,0.69092],[124.48611,0.68995],[124.4924,0.69171],[124.492,0.69511],[124.49499,0.69713],[124.49701,0.69642],[124.49917,0.70073],[124.50403,0.69988],[124.50566,0.70163],[124.50996,0.69936],[124.51581,0.70034],[124.52117,0.70538],[124.5289,0.70342],[124.53358,0.70598],[124.53837,0.70624],[124.55116,0.6996],[124.56086,0.71741],[124.57231,0.72937],[124.58282,0.73587],[124.58298,0.74511],[124.58634,0.75059],[124.58293,0.76668],[124.57518,0.7718],[124.56626,0.76883],[124.56116,0.77683],[124.56801,0.7851],[124.56343,0.79571],[124.56608,0.79804],[124.56408,0.79956],[124.56543,0.80394],[124.57139,0.8081],[124.57752,0.80359],[124.58041,0.80359],[124.58781,0.80751],[124.59351,0.80759],[124.59887,0.81108],[124.60296,0.81032],[124.60874,0.80461],[124.61112,0.8047],[124.62389,0.81159],[124.63146,0.8207],[124.6362,0.84057],[124.64475,0.85871],[124.65675,0.8669],[124.66483,0.86912],[124.67195,0.87506],[124.67908,0.87807],[124.69107,0.89077],[124.69946,0.89703],[124.72155,0.92514],[124.72623,0.93804],[124.72666,0.9483],[124.72048,0.96025],[124.71288,0.96405],[124.70537,0.97022],[124.68948,0.97827],[124.6763,0.97902],[124.66292,0.98401],[124.65706,0.98725],[124.64672,0.99859],[124.63844,0.98731],[124.63892,0.98554],[124.63544,0.9838],[124.62712,0.98395],[124.62814,0.97414],[124.61962,0.97583],[124.62059,0.97762],[124.61912,0.97884],[124.62328,0.98587],[124.63643,0.99498],[124.63872,0.99442],[124.64137,0.99771],[124.64131,1.00079],[124.64598,0.99931],[124.63319,1.00693],[124.62907,1.01667],[124.62044,1.01961],[124.62201,1.00675],[124.61886,1.00333],[124.61373,1.00281],[124.61248,1.00594],[124.60681,1.00857],[124.60343,1.017],[124.60792,1.02262],[124.59831,1.03151],[124.59019,1.04263],[124.59273,1.05794],[124.58431,1.07808],[124.57921,1.08508],[124.57905,1.0931],[124.57232,1.09836],[124.5678,1.10511],[124.56005,1.10871],[124.55894,1.11244],[124.56041,1.12073],[124.55654,1.12465],[124.5512,1.13457],[124.54765,1.13523],[124.54417,1.13332],[124.54264,1.12711],[124.54433,1.09931],[124.54311,1.08991],[124.5267,1.05895],[124.52847,1.03881],[124.52577,1.01976],[124.5248,1.01715],[124.51762,1.01151],[124.51479,1.00611],[124.51419,1.00239],[124.51766,0.99782],[124.51914,0.99666],[124.52333,0.99888],[124.52513,0.99768],[124.52046,0.99506],[124.5223,0.99197],[124.52061,0.99159],[124.51564,0.99345],[124.51324,0.99709],[124.5052,0.9769],[124.50634,0.97456],[124.51195,0.97407],[124.51493,0.97186],[124.51896,0.96112],[124.51894,0.95243],[124.51468,0.95025],[124.50847,0.95254],[124.50629,0.95139],[124.50343,0.94472],[124.50521,0.92546],[124.50268,0.92778],[124.49079,0.92324],[124.49992,0.91993],[124.49955,0.914],[124.5034,0.90911],[124.50369,0.90281],[124.50152,0.89755],[124.50352,0.89508],[124.50195,0.89033],[124.50391,0.87622],[124.50586,0.87221],[124.50334,0.86771],[124.50106,0.86662],[124.50501,0.86011],[124.50425,0.8545],[124.50134,0.85406],[124.49927,0.85194],[124.49978,0.85008],[124.49807,0.85006],[124.49589,0.84683],[124.48816,0.84354],[124.48513,0.8436],[124.48204,0.8468],[124.47982,0.84383],[124.47139,0.84665],[124.46574,0.84286],[124.46365,0.84583],[124.46795,0.84994],[124.45792,0.84744],[124.4583,0.84977],[124.46022,0.85077],[124.4564,0.85548],[124.45223,0.8515],[124.44991,0.85129],[124.44736,0.84727],[124.44384,0.84535],[124.44666,0.84051],[124.44296,0.83563],[124.44894,0.82879],[124.4485,0.82663],[124.45191,0.83149],[124.45352,0.82571],[124.45687,0.82462],[124.45543,0.82094],[124.45897,0.8213],[124.46053,0.82452],[124.46089,0.82134],[124.46757,0.82134],[124.46698,0.81841],[124.46297,0.81506],[124.466,0.81244],[124.46351,0.80968],[124.46955,0.8071],[124.4651,0.80392],[124.46757,0.80152],[124.46559,0.799],[124.46871,0.79814],[124.4693,0.79557],[124.47566,0.79442],[124.48498,0.79915],[124.48206,0.80391],[124.48546,0.80399],[124.48562,0.80724],[124.48781,0.80676],[124.49084,0.80933],[124.49322,0.80605],[124.48727,0.7998],[124.48476,0.78895],[124.4863,0.78045],[124.49129,0.77702],[124.49267,0.77357],[124.48432,0.75189],[124.48717,0.7386],[124.48606,0.73237],[124.48353,0.72562],[124.47232,0.71619],[124.46777,0.71422],[124.46543,0.71656],[124.46739,0.72649],[124.46637,0.72935],[124.45858,0.73198],[124.45626,0.73098],[124.45738,0.73434],[124.45513,0.73416],[124.45617,0.73924],[124.45332,0.74394],[124.44761,0.74313],[124.44419,0.74023],[124.44048,0.74349],[124.43894,0.74649],[124.44399,0.75136],[124.44331,0.75537],[124.44084,0.75968],[124.43077,0.76204],[124.4286,0.77],[124.42391,0.77533],[124.42278,0.77952],[124.41494,0.78134],[124.40843,0.77748],[124.40079,0.78275],[124.3999,0.78685],[124.39616,0.79194],[124.38638,0.793],[124.38264,0.79748],[124.3833,0.80047],[124.3855,0.80211],[124.38458,0.80555],[124.38968,0.80491],[124.38995,0.80253],[124.39355,0.80073],[124.39658,0.80408],[124.39798,0.81045],[124.4033,0.81225],[124.40437,0.8173],[124.41103,0.81511],[124.41902,0.81946],[124.41819,0.82768],[124.41496,0.83202],[124.41762,0.84021],[124.41718,0.84355],[124.4237,0.84479],[124.43262,0.85191],[124.43894,0.85043],[124.44103,0.85206],[124.44291,0.84713],[124.44616,0.84727],[124.44976,0.85431],[124.45557,0.85936],[124.45412,0.88624],[124.44702,0.88679],[124.4356,0.87971],[124.43351,0.88278],[124.42745,0.87893],[124.42743,0.88359],[124.42441,0.88597],[124.4251,0.89108],[124.42208,0.89317],[124.42175,0.89515],[124.42434,0.90284],[124.4243,0.90784],[124.43278,0.91998],[124.432,0.92918],[124.42875,0.93415],[124.43104,0.93545],[124.4309,0.93796],[124.43503,0.93997],[124.44216,0.93673],[124.45001,0.94219],[124.45707,0.9433],[124.45971,0.94843],[124.46244,0.94714],[124.4592,0.93947],[124.4623,0.93955],[124.46556,0.93749],[124.46715,0.93964],[124.4651,0.94416],[124.4674,0.94321],[124.47099,0.94734],[124.47186,0.94512],[124.47332,0.94657],[124.4761,0.9442],[124.4779,0.94712],[124.48078,0.94599],[124.48022,0.94907],[124.48222,0.94923],[124.48591,0.95738],[124.4891,0.96003],[124.488,0.96579],[124.48042,0.95967],[124.47778,0.95985],[124.47719,0.96151],[124.47594,0.96054],[124.47451,0.96337],[124.4689,0.96323],[124.46654,0.96823],[124.46516,0.96816],[124.46457,0.96534],[124.46185,0.96659],[124.45974,0.96536],[124.4563,0.97197],[124.45874,0.97774],[124.45567,0.98199],[124.45753,0.98784],[124.45349,0.99296],[124.44579,0.99098],[124.44029,0.98557],[124.43848,0.98733],[124.43983,0.98851],[124.4342,0.99018],[124.4333,0.99245],[124.43082,0.99343],[124.43534,0.99565],[124.43943,1.00059],[124.45467,1.00236],[124.45552,1.00583],[124.45259,1.01367],[124.45421,1.01594],[124.45632,1.01199],[124.45982,1.01622],[124.46304,1.01116],[124.46493,1.01936],[124.46241,1.02425],[124.45827,1.02419],[124.45804,1.02082],[124.45595,1.02345],[124.44602,1.02093],[124.43578,1.0246],[124.42338,1.02601],[124.4161,1.03638],[124.41268,1.03845],[124.40442,1.03336],[124.39283,1.02901],[124.39042,1.03107],[124.38686,1.04471],[124.38199,1.04687],[124.36769,1.04281],[124.36484,1.03141],[124.36097,1.0269],[124.36017,1.0379],[124.35731,1.04015],[124.36005,1.04176],[124.36078,1.04675],[124.36516,1.05197],[124.36344,1.0541],[124.36501,1.05745],[124.36789,1.0591],[124.36818,1.06494],[124.36606,1.06465],[124.36422,1.07038],[124.36048,1.07268],[124.36108,1.06766],[124.35812,1.06988],[124.35488,1.06683],[124.35535,1.06402],[124.35806,1.06158],[124.35827,1.05818],[124.35478,1.05799],[124.35068,1.06259],[124.34765,1.06054],[124.3434,1.06302],[124.34315,1.06001],[124.33869,1.05883],[124.33912,1.05588],[124.33644,1.05355],[124.33356,1.05344],[124.33141,1.04935],[124.33529,1.04169],[124.33418,1.03944],[124.33611,1.03765],[124.3351,1.03371],[124.33945,1.03038],[124.33722,1.02707],[124.34149,1.02148],[124.33579,1.016],[124.33559,1.01138],[124.35426,1.01527],[124.35922,1.01153],[124.36051,1.00649],[124.36236,1.00612],[124.36431,1.00191],[124.36236,0.99443],[124.36423,0.98741],[124.36017,0.97588],[124.35753,0.97438],[124.35875,0.97267],[124.35682,0.97177],[124.35866,0.96848],[124.35815,0.96608],[124.36496,0.96034],[124.36579,0.95627],[124.3637,0.94792],[124.35975,0.94241],[124.36085,0.93954],[124.35136,0.94086],[124.34929,0.94316],[124.34405,0.94076],[124.34266,0.94263],[124.34024,0.94248],[124.3434,0.94492],[124.34304,0.94624],[124.33802,0.94605],[124.33726,0.94945],[124.34107,0.95153],[124.34319,0.95661],[124.34219,0.95795],[124.34709,0.96096],[124.34421,0.96336],[124.3444,0.96833],[124.34162,0.97387],[124.34369,0.97538],[124.3443,0.97912],[124.34216,0.97962],[124.33342,0.97643],[124.33445,0.96699],[124.3306,0.96182],[124.33113,0.95859],[124.32921,0.95776],[124.33074,0.95686],[124.32924,0.95414],[124.33056,0.95317],[124.3286,0.95249],[124.33124,0.94997],[124.32834,0.94757],[124.33216,0.94592],[124.33024,0.94509],[124.32595,0.945],[124.32061,0.9489],[124.31752,0.94787],[124.31581,0.95173],[124.30995,0.95182],[124.30826,0.9501],[124.30686,0.95173],[124.30892,0.95247],[124.30632,0.96004],[124.31149,0.96373],[124.30916,0.96445],[124.30699,0.96199],[124.29813,0.95872],[124.29925,0.9574],[124.29406,0.95759],[124.29149,0.95587],[124.29268,0.95295],[124.28092,0.94797],[124.28775,0.94322],[124.28721,0.94133],[124.27609,0.9437],[124.27779,0.94148],[124.27734,0.93921],[124.27193,0.94214],[124.27045,0.94466],[124.26662,0.94487],[124.26263,0.9423],[124.26367,0.93703],[124.2624,0.9341],[124.24877,0.93998],[124.2409,0.93519],[124.24001,0.93857],[124.23734,0.93904],[124.23491,0.92868],[124.23315,0.92676],[124.23427,0.9256],[124.23291,0.92184],[124.2339,0.91896],[124.23224,0.91724],[124.233,0.91073],[124.23457,0.91157],[124.23861,0.90982],[124.23428,0.90877],[124.22887,0.90191],[124.22887,0.90848],[124.23086,0.91245],[124.22846,0.91384],[124.2227,0.91168],[124.22139,0.91239],[124.22096,0.9171],[124.21857,0.91583],[124.21985,0.92134],[124.22436,0.92482],[124.22221,0.93196],[124.21848,0.92986],[124.21683,0.92553],[124.21198,0.92117],[124.21184,0.91451],[124.21352,0.91418],[124.21647,0.90819],[124.21511,0.90583],[124.21211,0.90799],[124.21006,0.90641],[124.20753,0.91098],[124.20356,0.91237],[124.19956,0.92077],[124.19767,0.92025],[124.19639,0.91746],[124.1972,0.9121],[124.19362,0.91067],[124.19414,0.9138],[124.19245,0.91585],[124.19188,0.92102],[124.19565,0.92613],[124.194,0.9319],[124.19021,0.9356],[124.18782,0.9318],[124.18844,0.92566],[124.19043,0.92336],[124.18901,0.92098],[124.18653,0.92874],[124.18623,0.92706],[124.18251,0.92512],[124.18518,0.92838],[124.18328,0.92915],[124.18446,0.93053],[124.183,0.93122],[124.18287,0.93484],[124.17588,0.93651],[124.17322,0.93051],[124.16763,0.92648],[124.16445,0.92779],[124.15883,0.92661],[124.1685,0.91789],[124.16761,0.91662],[124.16092,0.91841],[124.15652,0.91803],[124.15749,0.9165],[124.15579,0.91573],[124.15274,0.91596],[124.14996,0.91798],[124.14942,0.91632],[124.14567,0.91703],[124.14686,0.91587],[124.14536,0.91545],[124.13773,0.91936],[124.13801,0.91765],[124.1348,0.91558],[124.13568,0.91318],[124.13318,0.90121],[124.12962,0.90704],[124.12695,0.90706],[124.12672,0.90535],[124.12472,0.90549],[124.12536,0.90409],[124.12212,0.90368],[124.12,0.90598],[124.11624,0.9059],[124.10651,0.91272],[124.10511,0.90961],[124.10182,0.91051],[124.09918,0.91417],[124.09949,0.91617],[124.09725,0.91781],[124.0935,0.91724],[124.09295,0.92029],[124.09007,0.92029],[124.0958,0.91265],[124.09854,0.91151],[124.09847,0.9093],[124.10308,0.90739],[124.10282,0.90608],[124.10658,0.90294],[124.10644,0.90101],[124.11275,0.89689],[124.11437,0.89926],[124.12012,0.89622],[124.1246,0.88713],[124.13217,0.88423],[124.13825,0.87667],[124.14715,0.87528],[124.1537,0.87045],[124.15634,0.86287]],[[124.08227,0.87082],[124.0774,0.86741],[124.07602,0.86816],[124.07669,0.85866],[124.08121,0.85086],[124.07809,0.84629],[124.07968,0.84057],[124.07683,0.84028],[124.07968,0.83269],[124.08619,0.82889],[124.08669,0.8303],[124.08351,0.83453],[124.09043,0.83348],[124.08964,0.83817],[124.084,0.84067],[124.08667,0.84481],[124.08532,0.84897],[124.08774,0.85105],[124.08803,0.85432],[124.09217,0.85364],[124.09267,0.85881],[124.09384,0.85823],[124.09431,0.86064],[124.09952,0.86358],[124.09836,0.86601],[124.09475,0.86482],[124.09391,0.86687],[124.0956,0.86908],[124.09185,0.87211],[124.08897,0.87068],[124.09029,0.86904],[124.08675,0.86537],[124.08234,0.86731],[124.08227,0.87082]],[[123.97115,0.8713],[123.96867,0.86691],[123.97129,0.86647],[123.9736,0.86857],[123.97436,0.8654],[123.97648,0.86572],[123.97629,0.86942],[123.97854,0.86913],[123.97353,0.87017],[123.97713,0.87287],[123.97802,0.87094],[123.98176,0.87444],[123.97903,0.87806],[123.97115,0.8713]],[[124.51905,0.57512],[124.52036,0.57622],[124.52289,0.57203],[124.5264,0.57401],[124.52491,0.58031],[124.52107,0.5797],[124.51879,0.57736],[124.51743,0.57549],[124.51845,0.57274],[124.51973,0.57359],[124.51905,0.57512]],[[124.58216,1.35974],[124.58438,1.35676],[124.58268,1.35284],[124.57921,1.35208],[124.57806,1.34924],[124.57326,1.34731],[124.57277,1.33937],[124.57559,1.33703],[124.58252,1.33757],[124.58407,1.33554],[124.58602,1.33614],[124.58374,1.33215],[124.5865,1.32914],[124.58511,1.32744],[124.58364,1.32955],[124.58137,1.32809],[124.57909,1.32356],[124.57992,1.31918],[124.58126,1.3183],[124.58173,1.32123],[124.58963,1.31608],[124.59262,1.3159],[124.59485,1.31283],[124.59849,1.31199],[124.59993,1.31619],[124.59527,1.32382],[124.6009,1.32552],[124.60535,1.32217],[124.61022,1.32151],[124.61572,1.32336],[124.61615,1.32168],[124.61819,1.32191],[124.61716,1.3197],[124.61144,1.31781],[124.61152,1.31619],[124.6189,1.31194],[124.62103,1.31317],[124.62173,1.30993],[124.62515,1.31442],[124.63589,1.31519],[124.64265,1.31372],[124.65018,1.3074],[124.65143,1.30981],[124.6498,1.31636],[124.65186,1.31888],[124.65602,1.31917],[124.65858,1.32364],[124.65783,1.32784],[124.65936,1.32999],[124.66393,1.32964],[124.66744,1.32725],[124.66677,1.33163],[124.66352,1.33437],[124.66397,1.33718],[124.66611,1.33859],[124.67075,1.33683],[124.67192,1.33901],[124.67205,1.34109],[124.66829,1.34478],[124.66565,1.35213],[124.66212,1.35421],[124.66226,1.35761],[124.65962,1.36066],[124.65623,1.36082],[124.65716,1.36569],[124.65397,1.36586],[124.65388,1.37366],[124.6472,1.37582],[124.64215,1.38088],[124.63992,1.37963],[124.63291,1.38545],[124.62456,1.38078],[124.62314,1.37556],[124.61696,1.37744],[124.61582,1.37885],[124.61751,1.38448],[124.61174,1.38788],[124.60502,1.38576],[124.60531,1.37663],[124.59905,1.3773],[124.59359,1.37474],[124.59215,1.37736],[124.58862,1.37868],[124.58576,1.37577],[124.58774,1.37301],[124.58615,1.36973],[124.58361,1.36914],[124.58632,1.36701],[124.58216,1.35974]],[[124.68904,1.32514],[124.68559,1.31992],[124.69132,1.31293],[124.69766,1.31871],[124.71412,1.31758],[124.71579,1.32134],[124.72924,1.32619],[124.72668,1.32772],[124.72786,1.33061],[124.71818,1.33459],[124.71604,1.33246],[124.71213,1.33303],[124.70704,1.32901],[124.70315,1.33162],[124.701,1.32903],[124.69347,1.32783],[124.68904,1.32514]],[[124.72769,1.31303],[124.72974,1.31071],[124.73294,1.3171],[124.73247,1.32063],[124.73102,1.31982],[124.7285,1.32302],[124.72273,1.32293],[124.71613,1.31704],[124.72012,1.31696],[124.72348,1.31396],[124.72769,1.31303]],[[124.72079,1.17058],[124.71861,1.17178],[124.72181,1.16894],[124.72036,1.1652],[124.71326,1.16668],[124.70831,1.16995],[124.70834,1.17138],[124.71373,1.17339],[124.71679,1.17222],[124.71832,1.17272],[124.70749,1.18253],[124.70684,1.18382],[124.7089,1.18503],[124.70738,1.18762],[124.70244,1.18984],[124.70065,1.18636],[124.69244,1.18677],[124.68931,1.17979],[124.6802,1.18019],[124.67571,1.17813],[124.67376,1.17917],[124.67255,1.17746],[124.66981,1.17951],[124.66654,1.1788],[124.66105,1.18458],[124.65418,1.18337],[124.65271,1.18005],[124.65456,1.17592],[124.64976,1.17846],[124.64853,1.17603],[124.65114,1.17475],[124.65213,1.17151],[124.6504,1.17144],[124.64919,1.17384],[124.64682,1.17003],[124.6457,1.1704],[124.64714,1.16791],[124.64497,1.16856],[124.64345,1.16532],[124.64411,1.16268],[124.64207,1.1598],[124.6437,1.15791],[124.64245,1.15485],[124.64099,1.15485],[124.6415,1.15046],[124.64241,1.14633],[124.65182,1.14337],[124.64949,1.14202],[124.64918,1.13844],[124.66729,1.13833],[124.67239,1.13647],[124.67448,1.13448],[124.67371,1.12756],[124.67652,1.1228],[124.67367,1.11776],[124.67296,1.11373],[124.67425,1.11092],[124.67291,1.11026],[124.6791,1.10876],[124.68004,1.10668],[124.69105,1.10265],[124.69881,1.10174],[124.70083,1.09979],[124.70057,1.09505],[124.70247,1.09389],[124.70612,1.09405],[124.70674,1.09575],[124.71144,1.09295],[124.71421,1.09325],[124.71534,1.08929],[124.71974,1.08534],[124.72194,1.07698],[124.72819,1.07971],[124.73105,1.07829],[124.73409,1.07466],[124.73726,1.06596],[124.74472,1.06371],[124.74465,1.05675],[124.74572,1.05637],[124.75413,1.06224],[124.75684,1.06178],[124.76181,1.06472],[124.76766,1.06479],[124.77572,1.07169],[124.78096,1.07079],[124.78811,1.07399],[124.78877,1.076],[124.79182,1.07532],[124.79034,1.07789],[124.79595,1.07971],[124.79621,1.08284],[124.79952,1.08368],[124.79975,1.08616],[124.80241,1.08618],[124.7999,1.09049],[124.80019,1.09819],[124.80318,1.09854],[124.80303,1.10251],[124.80547,1.10119],[124.8042,1.10621],[124.80528,1.10738],[124.79835,1.11349],[124.7917,1.1129],[124.78956,1.10988],[124.78622,1.11036],[124.78415,1.10879],[124.7816,1.10362],[124.77841,1.10494],[124.77819,1.10253],[124.77673,1.10203],[124.77238,1.10348],[124.7698,1.10911],[124.7701,1.11313],[124.7707,1.11438],[124.77588,1.11291],[124.77265,1.1263],[124.77792,1.13113],[124.77204,1.13112],[124.77308,1.13378],[124.76792,1.13801],[124.76964,1.142],[124.76469,1.14446],[124.76806,1.14697],[124.77498,1.14869],[124.77746,1.1526],[124.77564,1.15621],[124.77357,1.15539],[124.77299,1.1572],[124.76917,1.15404],[124.76919,1.15718],[124.76548,1.15593],[124.76539,1.15978],[124.76758,1.15954],[124.76866,1.16104],[124.76685,1.1664],[124.76269,1.16373],[124.7622,1.15956],[124.76022,1.16085],[124.75876,1.1581],[124.75479,1.16516],[124.75466,1.16191],[124.75259,1.16259],[124.75159,1.16086],[124.74776,1.16477],[124.74614,1.16251],[124.74011,1.16433],[124.73853,1.16698],[124.73871,1.17198],[124.73365,1.17249],[124.73463,1.17474],[124.73308,1.17298],[124.72964,1.17382],[124.72924,1.17132],[124.72079,1.17058]],[[124.44195,1.11144],[124.44706,1.11054],[124.44752,1.10424],[124.44967,1.10324],[124.45433,1.10462],[124.45903,1.10372],[124.45864,1.10677],[124.46302,1.11194],[124.46138,1.11828],[124.45621,1.12286],[124.45514,1.12727],[124.45259,1.12834],[124.44632,1.12565],[124.44151,1.12613],[124.43799,1.12457],[124.44195,1.11144]],[[124.41827,1.08584],[124.41355,1.0848],[124.41306,1.07986],[124.41458,1.07857],[124.40795,1.07524],[124.4094,1.07177],[124.40764,1.06945],[124.40761,1.06515],[124.40538,1.06539],[124.40735,1.06185],[124.40552,1.05921],[124.41191,1.05758],[124.41166,1.05582],[124.41533,1.05325],[124.41992,1.05624],[124.4223,1.05512],[124.42164,1.05715],[124.42347,1.05703],[124.4247,1.06117],[124.42347,1.06411],[124.42929,1.06377],[124.42841,1.0599],[124.42989,1.05863],[124.43665,1.06272],[124.43676,1.06669],[124.43855,1.0663],[124.43916,1.06767],[124.43978,1.07788],[124.44501,1.07472],[124.44433,1.07817],[124.44765,1.08032],[124.44309,1.0893],[124.43774,1.08919],[124.43535,1.09528],[124.43211,1.09325],[124.42959,1.08768],[124.42781,1.08952],[124.42028,1.08948],[124.41827,1.08584]],[[124.36381,1.11456],[124.36666,1.10903],[124.37079,1.11076],[124.37332,1.10923],[124.37186,1.10618],[124.37459,1.10202],[124.38015,1.10456],[124.38271,1.10325],[124.38538,1.10758],[124.39109,1.11021],[124.3938,1.1135],[124.3927,1.11793],[124.38912,1.11854],[124.38652,1.12101],[124.38117,1.11841],[124.37535,1.12072],[124.36741,1.11528],[124.36381,1.11456]],[[124.81166,1.10719],[124.81235,1.10355],[124.81465,1.10147],[124.81743,1.10151],[124.8186,1.09876],[124.82044,1.10254],[124.8265,1.10039],[124.82743,1.1053],[124.83455,1.10239],[124.84059,1.10334],[124.84683,1.09867],[124.84796,1.09599],[124.8499,1.09616],[124.85473,1.08774],[124.85548,1.09096],[124.85213,1.09506],[124.85062,1.10255],[124.85328,1.10195],[124.85534,1.09639],[124.85841,1.09416],[124.86228,1.09737],[124.85725,1.10009],[124.85658,1.10462],[124.85383,1.10486],[124.85131,1.10943],[124.85414,1.1101],[124.85435,1.11154],[124.85279,1.11699],[124.84963,1.119],[124.8512,1.12018],[124.85029,1.12161],[124.84865,1.12324],[124.84647,1.11977],[124.84541,1.12464],[124.84259,1.12419],[124.84302,1.12224],[124.84045,1.12282],[124.84212,1.12582],[124.8409,1.13003],[124.83766,1.12548],[124.82951,1.12214],[124.82817,1.11915],[124.82314,1.11516],[124.81879,1.11412],[124.81916,1.11773],[124.81599,1.11965],[124.81194,1.11691],[124.80994,1.11782],[124.80306,1.11496],[124.81166,1.10719]],[[124.70784,0.85479],[124.70619,0.85759],[124.70724,0.85754],[124.70649,0.86117],[124.70635,0.86765],[124.70182,0.86254],[124.70122,0.85249],[124.70207,0.8472],[124.70673,0.847],[124.70812,0.84846],[124.70784,0.85479]],[[124.9238,1.09671],[124.92353,1.0949],[124.92509,1.09277],[124.92881,1.09308],[124.92923,1.08707],[124.93172,1.08684],[124.93491,1.08392],[124.93843,1.08316],[124.942,1.08585],[124.9516,1.0869],[124.95474,1.08467],[124.95826,1.08487],[124.96009,1.08648],[124.95662,1.09314],[124.96123,1.09725],[124.95949,1.09961],[124.9638,1.10055],[124.96422,1.10442],[124.96571,1.10537],[124.96445,1.10741],[124.96619,1.11407],[124.95614,1.1162],[124.95414,1.12208],[124.94837,1.12085],[124.94068,1.12245],[124.93419,1.11822],[124.93575,1.11003],[124.93421,1.10653],[124.93093,1.10536],[124.93187,1.1031],[124.92829,1.09804],[124.9238,1.09671]],[[124.78953,1.34699],[124.79665,1.34485],[124.80337,1.34973],[124.80767,1.35071],[124.80926,1.35516],[124.80723,1.35673],[124.8084,1.35956],[124.80737,1.36361],[124.81106,1.37177],[124.80566,1.37667],[124.8059,1.38023],[124.80384,1.38154],[124.80674,1.39563],[124.80847,1.39843],[124.81395,1.4011],[124.81149,1.40395],[124.80745,1.40421],[124.80232,1.39778],[124.79789,1.39945],[124.79304,1.3981],[124.79123,1.39494],[124.78869,1.39673],[124.79223,1.39944],[124.79173,1.40444],[124.78639,1.40897],[124.78637,1.40528],[124.78293,1.40158],[124.78633,1.40065],[124.78134,1.39751],[124.78257,1.39628],[124.77884,1.3958],[124.77953,1.39371],[124.78633,1.39601],[124.78671,1.39501],[124.78091,1.39023],[124.78192,1.3865],[124.77889,1.38447],[124.78002,1.3821],[124.77642,1.38254],[124.7766,1.3852],[124.77475,1.38399],[124.77334,1.38496],[124.77294,1.38183],[124.77465,1.37949],[124.77169,1.37883],[124.77338,1.37671],[124.76604,1.37698],[124.76645,1.37246],[124.76511,1.37286],[124.76399,1.3703],[124.76283,1.37134],[124.76078,1.36853],[124.75721,1.36922],[124.76001,1.37499],[124.75816,1.37706],[124.75649,1.3762],[124.75782,1.38056],[124.75616,1.38063],[124.75599,1.38229],[124.75294,1.38167],[124.75242,1.37739],[124.74885,1.38396],[124.74507,1.38011],[124.74007,1.37888],[124.73998,1.37719],[124.74709,1.37713],[124.74349,1.36592],[124.74411,1.36449],[124.75022,1.36307],[124.74946,1.35959],[124.7521,1.3585],[124.75125,1.35103],[124.75467,1.3472],[124.76093,1.34675],[124.76298,1.3452],[124.76257,1.34334],[124.76947,1.34199],[124.77055,1.34418],[124.7743,1.34579],[124.77388,1.3476],[124.77566,1.34756],[124.77637,1.34441],[124.7826,1.34273],[124.7837,1.3453],[124.7817,1.34845],[124.7822,1.35029],[124.78007,1.35187],[124.78316,1.3553],[124.78343,1.35901],[124.7863,1.35658],[124.78528,1.35355],[124.78953,1.34699]],[[124.85621,1.26339],[124.85674,1.26592],[124.85226,1.26853],[124.84949,1.26738],[124.84977,1.26414],[124.85621,1.26339]],[[124.88046,1.36185],[124.88356,1.3665],[124.88592,1.37851],[124.88111,1.37521],[124.87964,1.37092],[124.87839,1.37272],[124.87614,1.37251],[124.87235,1.36951],[124.86977,1.37189],[124.87093,1.37364],[124.8691,1.37653],[124.86972,1.37869],[124.86564,1.37565],[124.86182,1.37607],[124.86126,1.36612],[124.86389,1.36505],[124.86606,1.35941],[124.86536,1.3576],[124.8594,1.35573],[124.85678,1.35288],[124.85916,1.34556],[124.86302,1.34584],[124.86609,1.34095],[124.86918,1.34255],[124.86885,1.3477],[124.86555,1.34923],[124.87343,1.35496],[124.87585,1.35497],[124.87577,1.35862],[124.88046,1.36185]],[[124.88809,1.15326],[124.88829,1.14955],[124.88678,1.15237],[124.88458,1.15081],[124.88173,1.15207],[124.87504,1.1481],[124.87863,1.14686],[124.88479,1.14779],[124.88388,1.14637],[124.88547,1.14588],[124.88517,1.14444],[124.87765,1.14475],[124.87724,1.1431],[124.87988,1.14265],[124.87845,1.13996],[124.88157,1.13568],[124.89045,1.13328],[124.88969,1.14067],[124.89328,1.14022],[124.89488,1.13726],[124.89554,1.14007],[124.89881,1.13893],[124.89955,1.13684],[124.90133,1.138],[124.89783,1.14159],[124.89888,1.14356],[124.89545,1.1488],[124.89828,1.15083],[124.89644,1.15371],[124.89881,1.15332],[124.89911,1.15478],[124.89703,1.15846],[124.8927,1.15999],[124.89308,1.16307],[124.88869,1.16062],[124.88987,1.15353],[124.88809,1.15326]],[[124.80873,1.23773],[124.81609,1.23359],[124.81835,1.23953],[124.81513,1.24202],[124.80873,1.23773]],[[124.85985,1.32164],[124.86213,1.32232],[124.86517,1.31886],[124.87268,1.32208],[124.8749,1.32641],[124.87233,1.32813],[124.86917,1.32677],[124.8694,1.32845],[124.86709,1.325],[124.86395,1.32597],[124.86582,1.32849],[124.86734,1.32804],[124.86784,1.33031],[124.86574,1.33106],[124.86371,1.3287],[124.86121,1.32997],[124.86084,1.3329],[124.85665,1.32882],[124.85683,1.32693],[124.85907,1.32621],[124.85985,1.32164]],[[125.03278,1.49681],[125.03284,1.50046],[125.02855,1.5001],[125.02734,1.50212],[125.02333,1.50089],[125.02629,1.49373],[125.0228,1.49443],[125.01876,1.49291],[125.01322,1.49583],[125.01082,1.49414],[125.00959,1.4884],[125.00507,1.48203],[125.00639,1.47547],[125.00528,1.47053],[125.00338,1.46965],[125.00022,1.47102],[124.99862,1.4616],[124.99726,1.46241],[124.99503,1.46094],[124.99348,1.45762],[124.98605,1.4596],[124.97978,1.45357],[124.98462,1.45661],[124.9889,1.45628],[124.98949,1.45057],[124.9927,1.45164],[124.99484,1.44752],[124.99764,1.44579],[124.99415,1.44357],[124.99785,1.44049],[125.00118,1.44048],[125.00122,1.43849],[125.00519,1.43471],[125.00926,1.43519],[125.01153,1.42936],[125.01631,1.42671],[125.01874,1.42817],[125.02075,1.43532],[125.02212,1.43569],[125.03394,1.43467],[125.03513,1.42998],[125.03884,1.43345],[125.04405,1.42881],[125.04408,1.43284],[125.05767,1.43614],[125.05932,1.4434],[125.0659,1.4431],[125.07202,1.44581],[125.0742,1.44909],[125.07358,1.45754],[125.07721,1.45973],[125.08206,1.45909],[125.08286,1.462],[125.0799,1.46824],[125.07875,1.47699],[125.07333,1.47848],[125.07371,1.48717],[125.06976,1.48954],[125.06913,1.48829],[125.0672,1.48908],[125.06834,1.49137],[125.06603,1.49455],[125.06255,1.49419],[125.05715,1.49967],[125.05025,1.49752],[125.03278,1.49681]],[[125.15682,1.67499],[125.15664,1.67323],[125.15464,1.67448],[125.15554,1.67059],[125.16312,1.66816],[125.15682,1.67499]],[[125.13939,1.61237],[125.14126,1.61436],[125.13977,1.62018],[125.14072,1.62343],[125.13726,1.6233],[125.13561,1.62071],[125.13585,1.61484],[125.1385,1.61529],[125.13939,1.61237]],[[125.11615,1.65339],[125.12166,1.65305],[125.12062,1.65513],[125.11615,1.65339]],[[125.07974,1.66392],[125.08232,1.66734],[125.07754,1.66931],[125.07596,1.67099],[125.07719,1.67254],[125.07569,1.67309],[125.07472,1.6715],[125.07463,1.67216],[125.07349,1.67311],[125.0741,1.66872],[125.0782,1.6675],[125.07517,1.66489],[125.07974,1.66392]],[[124.96285,1.61627],[124.96012,1.61483],[124.96269,1.61357],[124.96215,1.61169],[124.9574,1.61345],[124.95307,1.61302],[124.95401,1.61436],[124.95236,1.61439],[124.95193,1.6113],[124.94643,1.60476],[124.94339,1.60312],[124.94195,1.60388],[124.94453,1.60111],[124.93769,1.59833],[124.93884,1.59531],[124.93727,1.59044],[124.9397,1.59251],[124.94212,1.58999],[124.94073,1.58493],[124.94317,1.57886],[124.94719,1.57582],[124.94714,1.57387],[124.94978,1.57562],[124.95176,1.57422],[124.94908,1.57049],[124.94656,1.56126],[124.94994,1.55049],[124.96024,1.5515],[124.96288,1.53881],[124.96588,1.53733],[124.9685,1.54105],[124.96982,1.54046],[124.97265,1.54306],[124.98061,1.54427],[124.98727,1.55397],[124.9929,1.55662],[124.99542,1.56098],[124.9994,1.58006],[125.00566,1.59112],[125.00803,1.59968],[125.00616,1.62366],[124.99947,1.63427],[124.99236,1.6331],[124.98484,1.62944],[124.9748,1.63942],[124.96677,1.64037],[124.96096,1.63355],[124.96241,1.62685],[124.96046,1.62476],[124.95325,1.62907],[124.95104,1.63439],[124.95133,1.63964],[124.9462,1.6393],[124.94591,1.64144],[124.94258,1.63796],[124.94388,1.63751],[124.94343,1.6338],[124.94561,1.63479],[124.9466,1.6329],[124.94367,1.63011],[124.94011,1.63082],[124.94055,1.63626],[124.93917,1.63016],[124.93554,1.63065],[124.93295,1.62879],[124.93019,1.63069],[124.93416,1.62673],[124.93644,1.62837],[124.93942,1.62736],[124.94059,1.62487],[124.9437,1.62448],[124.94451,1.62192],[124.9501,1.61864],[124.95001,1.6164],[124.95296,1.61697],[124.95446,1.61478],[124.95842,1.61495],[124.96058,1.61746],[124.96285,1.61627]]],[[[124.34742,1.1244],[124.34733,1.12438],[124.34737,1.1244],[124.34742,1.1244]]],[[[124.47938,0.44665],[124.47605,0.44627],[124.47743,0.44891],[124.48059,0.44976],[124.47938,0.44665]]],[[[124.46098,0.45046],[124.46037,0.45192],[124.46215,0.45233],[124.46337,0.45038],[124.46098,0.45046]]],[[[124.56574,0.56983],[124.56593,0.5695],[124.56503,0.56952],[124.56574,0.56983]]],[[[124.56808,0.57564],[124.56649,0.57115],[124.56537,0.57136],[124.56523,0.57488],[124.56808,0.57564]]],[[[124.55638,0.63918],[124.55658,0.63956],[124.55669,0.63934],[124.55638,0.63918]]],[[[124.57268,0.66835],[124.57326,0.66804],[124.57327,0.6679],[124.57268,0.66835]]],[[[124.58022,0.68726],[124.58014,0.68722],[124.58014,0.68723],[124.58022,0.68726]]],[[[124.61498,0.6997],[124.61513,0.70033],[124.61577,0.70005],[124.61498,0.6997]]],[[[124.62484,0.71043],[124.62515,0.70935],[124.62348,0.71036],[124.62484,0.71043]]],[[[124.63437,0.71174],[124.63284,0.71058],[124.63269,0.71213],[124.63437,0.71174]]],[[[124.66242,0.77244],[124.65985,0.76994],[124.65692,0.77703],[124.65185,0.77739],[124.65038,0.77887],[124.65108,0.78091],[124.6573,0.78266],[124.66168,0.77627],[124.66242,0.77244]]],[[[124.51209,0.78742],[124.51356,0.79021],[124.51512,0.79147],[124.52198,0.79082],[124.5215,0.78323],[124.51886,0.78189],[124.51209,0.78742]]],[[[124.53617,0.78867],[124.53365,0.78846],[124.53475,0.78736],[124.53254,0.78613],[124.5262,0.78595],[124.52571,0.78765],[124.52323,0.7884],[124.52839,0.78977],[124.52956,0.79365],[124.53253,0.79214],[124.53295,0.79477],[124.53563,0.79287],[124.53461,0.7928],[124.53617,0.78867]]],[[[124.6625,0.80427],[124.66092,0.80556],[124.66476,0.80841],[124.67379,0.80882],[124.68323,0.81222],[124.68567,0.81232],[124.68751,0.80884],[124.6785,0.80617],[124.6625,0.80427]]],[[[124.70251,0.81208],[124.70268,0.81178],[124.7022,0.81181],[124.70251,0.81208]]],[[[124.72278,0.85334],[124.73524,0.85887],[124.73672,0.85786],[124.73422,0.85474],[124.72917,0.85404],[124.72614,0.84996],[124.72236,0.85015],[124.72278,0.85334]]],[[[124.62296,0.8566],[124.62503,0.86078],[124.62878,0.86026],[124.632,0.85453],[124.63407,0.85429],[124.63021,0.85423],[124.62679,0.85131],[124.62296,0.8566]]],[[[124.74256,0.86275],[124.74251,0.86279],[124.74254,0.86283],[124.74256,0.86275]]],[[[124.74326,0.86293],[124.74288,0.86278],[124.74298,0.86303],[124.74326,0.86293]]],[[[124.78267,0.89199],[124.78355,0.89223],[124.78194,0.88893],[124.7808,0.8896],[124.78267,0.89199]]],[[[124.74713,0.89522],[124.74716,0.89523],[124.74711,0.8952],[124.74713,0.89522]]],[[[124.78904,0.91736],[124.78899,0.9186],[124.78947,0.91817],[124.78904,0.91736]]],[[[124.69315,0.91861],[124.69559,0.91939],[124.69795,0.92323],[124.70217,0.91954],[124.70461,0.92142],[124.70459,0.9184],[124.70002,0.91954],[124.69419,0.91644],[124.69315,0.91861]]],[[[124.78773,0.92197],[124.78739,0.92194],[124.78739,0.92215],[124.78773,0.92197]]],[[[124.7867,0.9274],[124.78666,0.92736],[124.78661,0.92744],[124.7867,0.9274]]],[[[124.78695,0.92725],[124.79189,0.93062],[124.79061,0.92808],[124.78695,0.92725]]],[[[124.69803,0.92589],[124.69248,0.92507],[124.69448,0.93514],[124.6982,0.93437],[124.69923,0.93548],[124.69556,0.94565],[124.69727,0.94626],[124.70198,0.93737],[124.70557,0.93939],[124.70616,0.9363],[124.70391,0.93669],[124.70559,0.93451],[124.70897,0.93539],[124.7152,0.93251],[124.70908,0.9222],[124.69803,0.92589]]],[[[124.52871,0.93561],[124.52692,0.93756],[124.52493,0.93408],[124.52304,0.93455],[124.52328,0.94057],[124.52902,0.94038],[124.52947,0.94205],[124.53284,0.93931],[124.53563,0.9412],[124.54032,0.94137],[124.54279,0.94918],[124.5496,0.95091],[124.55257,0.95882],[124.55863,0.96167],[124.56481,0.9608],[124.5715,0.95375],[124.58077,0.95412],[124.58523,0.94893],[124.58263,0.94101],[124.5689,0.92888],[124.55356,0.92233],[124.54588,0.92134],[124.54106,0.92394],[124.53928,0.92781],[124.53652,0.92221],[124.53764,0.92122],[124.53668,0.91512],[124.5328,0.91106],[124.52745,0.91075],[124.52941,0.91707],[124.52476,0.91851],[124.52343,0.92105],[124.52689,0.92376],[124.52661,0.93109],[124.52871,0.93561]],[[124.53523,0.93152],[124.53915,0.92905],[124.54015,0.93668],[124.53781,0.93679],[124.53523,0.93152]]],[[[124.78833,0.93741],[124.78874,0.9368],[124.78779,0.9363],[124.78833,0.93741]]],[[[124.63257,0.95575],[124.63642,0.9587],[124.63893,0.95694],[124.639,0.95258],[124.62933,0.94975],[124.62641,0.95432],[124.62869,0.95714],[124.62716,0.96407],[124.63235,0.96155],[124.63257,0.95575]]],[[[124.6498,0.96441],[124.65392,0.96157],[124.66033,0.96299],[124.6648,0.95804],[124.65102,0.95707],[124.6498,0.96441]]],[[[124.62693,0.96993],[124.63036,0.97203],[124.63235,0.96668],[124.62693,0.96993]]],[[[124.58266,1.00406],[124.58373,1.0071],[124.58251,1.00821],[124.5878,1.00712],[124.58751,1.00534],[124.58619,1.00682],[124.58545,1.00336],[124.5834,1.00347],[124.58406,1.00027],[124.58509,1.00189],[124.58931,1.00202],[124.5886,0.99908],[124.58978,0.9981],[124.58467,0.99797],[124.58424,0.99652],[124.58266,1.00406]]],[[[124.40633,0.99699],[124.39919,0.99825],[124.39784,1.00311],[124.40862,1.01507],[124.41727,1.00604],[124.41652,1.00086],[124.41402,0.99742],[124.41217,0.99832],[124.40955,0.99644],[124.40768,0.99273],[124.40448,0.99246],[124.40633,0.99699]]],[[[124.58162,1.03352],[124.58888,1.03301],[124.59096,1.03],[124.59022,1.02385],[124.59543,1.02071],[124.59434,1.01923],[124.58969,1.0193],[124.58573,1.02219],[124.57946,1.02389],[124.57343,1.01358],[124.57313,1.01092],[124.57926,1.0056],[124.57499,0.99854],[124.55431,0.99944],[124.54976,0.99735],[124.54384,0.99908],[124.54211,1.00689],[124.54825,1.01316],[124.56455,1.01301],[124.56568,1.01725],[124.55995,1.01862],[124.56001,1.02349],[124.56755,1.03139],[124.57697,1.02993],[124.57814,1.02816],[124.58162,1.03352]]],[[[124.50421,1.18862],[124.50388,1.18811],[124.50388,1.18882],[124.50421,1.18862]]],[[[124.56586,1.27779],[124.56572,1.27775],[124.56593,1.27782],[124.56586,1.27779]]],[[[124.50927,1.29648],[124.50666,1.296],[124.50382,1.2987],[124.50352,1.3015],[124.5058,1.3047],[124.50998,1.30542],[124.51138,1.29939],[124.50927,1.29648]]],[[[124.56944,1.38229],[124.56847,1.37997],[124.56629,1.38066],[124.57033,1.38355],[124.57117,1.38239],[124.56944,1.38229]]],[[[124.63912,1.39948],[124.63892,1.39934],[124.63921,1.39997],[124.63912,1.39948]]],[[[124.60297,1.40705],[124.60439,1.40714],[124.60432,1.40626],[124.60297,1.40705]]],[[[124.7813,1.59519],[124.77891,1.59594],[124.77412,1.59976],[124.77329,1.60172],[124.77659,1.59942],[124.77968,1.59973],[124.78175,1.59711],[124.7813,1.59519]]],[[[124.69782,1.61646],[124.69157,1.61812],[124.69285,1.61882],[124.69935,1.61802],[124.69782,1.61646]]],[[[124.68656,1.62086],[124.68668,1.62123],[124.68759,1.62063],[124.68755,1.61944],[124.68656,1.62086]]],[[[124.74722,1.62227],[124.74816,1.62125],[124.74711,1.62039],[124.74722,1.62227]]],[[[124.71388,1.62663],[124.71123,1.62379],[124.70727,1.62139],[124.70525,1.62065],[124.70345,1.61945],[124.70216,1.61899],[124.71388,1.62663]]],[[[124.76809,1.62417],[124.77134,1.62474],[124.77089,1.62285],[124.76809,1.62417]]],[[[124.74223,1.62702],[124.74645,1.62466],[124.74569,1.62344],[124.74194,1.62546],[124.74223,1.62702]]],[[[124.68209,1.62413],[124.68234,1.6294],[124.68274,1.62565],[124.68441,1.62187],[124.68209,1.62413]]],[[[124.71596,1.63078],[124.7161,1.62957],[124.71454,1.63414],[124.71575,1.63481],[124.71596,1.63078]]],[[[124.6821,1.63148],[124.68252,1.631],[124.68205,1.63136],[124.68193,1.63279],[124.68203,1.6337],[124.6821,1.63148]]],[[[124.71468,1.63559],[124.71522,1.63942],[124.71526,1.63927],[124.71468,1.63559]]],[[[124.71204,1.64246],[124.70416,1.64651],[124.70493,1.64752],[124.70356,1.64722],[124.7021,1.64844],[124.70555,1.64762],[124.71321,1.64275],[124.71204,1.64246]]],[[[124.77556,1.70241],[124.77737,1.7023],[124.77845,1.69865],[124.77493,1.69833],[124.77556,1.70241]]],[[[124.75268,1.69932],[124.7549,1.70315],[124.75666,1.7024],[124.75268,1.69932]]],[[[124.77645,1.71027],[124.77531,1.70854],[124.77625,1.70532],[124.77523,1.70473],[124.77295,1.70889],[124.77365,1.71201],[124.77645,1.71027]]],[[[124.77588,1.70887],[124.77597,1.70854],[124.77587,1.70876],[124.77588,1.70887]]],[[[124.7587,1.73246],[124.7586,1.72794],[124.75638,1.73193],[124.76118,1.73796],[124.76248,1.73762],[124.76369,1.73154],[124.7587,1.73246]]],[[[124.78904,0.91883],[124.78961,0.92565],[124.79226,0.92606],[124.78904,0.91883]]],[[[124.87919,0.95347],[124.87992,0.95475],[124.88034,0.95426],[124.87986,0.95263],[124.87919,0.95347]]],[[[124.90238,0.961],[124.90312,0.9606],[124.90195,0.95982],[124.90238,0.961]]],[[[124.91812,0.96566],[124.91718,0.9655],[124.91738,0.96586],[124.91812,0.96566]]],[[[124.88669,0.9735],[124.88599,0.9765],[124.88741,0.97616],[124.88814,0.97412],[124.88537,0.97156],[124.87514,0.97017],[124.88669,0.9735]]],[[[124.91932,0.97631],[124.91936,0.97619],[124.91901,0.97626],[124.91932,0.97631]]],[[[124.95069,0.97797],[124.95141,0.9778],[124.95062,0.97593],[124.95069,0.97797]]],[[[124.91954,0.97865],[124.91981,0.97859],[124.91968,0.97814],[124.91954,0.97865]]],[[[124.9231,0.97911],[124.92335,0.97928],[124.9233,0.97834],[124.9231,0.97911]]],[[[124.92052,0.97968],[124.92074,0.97949],[124.92033,0.97939],[124.92052,0.97968]]],[[[124.90233,0.98044],[124.9019,0.98043],[124.90184,0.98105],[124.90233,0.98044]]],[[[124.8544,1.10224],[124.85503,1.10123],[124.85469,1.10092],[124.8544,1.10224]]],[[[124.85187,1.1142],[124.85206,1.11475],[124.85309,1.11412],[124.85187,1.1142]]],[[[124.81128,1.11606],[124.81117,1.11481],[124.80887,1.11504],[124.81128,1.11606]]],[[[124.84835,1.11675],[124.84753,1.11753],[124.84802,1.1181],[124.84835,1.11675]]],[[[124.8352,1.12052],[124.83273,1.12109],[124.83425,1.12294],[124.8352,1.12052]]],[[[125.06823,1.30811],[125.06809,1.30803],[125.06789,1.30854],[125.06823,1.30811]]],[[[125.0667,1.31108],[125.06665,1.31109],[125.06665,1.31114],[125.0667,1.31108]]],[[[125.07425,1.33241],[125.07419,1.33256],[125.07429,1.33257],[125.07425,1.33241]]],[[[125.0761,1.33891],[125.0759,1.3392],[125.07624,1.33924],[125.0761,1.33891]]],[[[125.07802,1.34359],[125.07803,1.34368],[125.07816,1.34362],[125.07802,1.34359]]],[[[125.07784,1.35161],[125.07802,1.35187],[125.07825,1.35133],[125.07784,1.35161]]],[[[125.07988,1.3539],[125.07977,1.35392],[125.07985,1.3541],[125.07988,1.3539]]],[[[125.07973,1.35511],[125.08036,1.35481],[125.08012,1.35474],[125.07973,1.35511]]],[[[125.07963,1.35579],[125.07966,1.35581],[125.07969,1.35576],[125.07963,1.35579]]],[[[125.21613,1.39038],[125.21641,1.38777],[125.21283,1.38887],[125.21613,1.39038]]],[[[125.15956,1.39057],[125.15959,1.39065],[125.15961,1.39062],[125.15956,1.39057]]],[[[125.16885,1.40008],[125.16903,1.40001],[125.16884,1.39956],[125.16885,1.40008]]],[[[125.17693,1.40423],[125.17696,1.40401],[125.17681,1.40403],[125.17693,1.40423]]],[[[125.18327,1.42455],[125.18322,1.42457],[125.18331,1.42465],[125.18327,1.42455]]],[[[125.20558,1.43333],[125.20545,1.43327],[125.20555,1.43368],[125.20558,1.43333]]],[[[125.16397,1.60346],[125.16463,1.60368],[125.1648,1.60357],[125.16424,1.60242],[125.16397,1.60346]]],[[[124.86832,1.61081],[124.86758,1.6107],[124.86756,1.61097],[124.86832,1.61081]]],[[[124.80559,1.63066],[124.80373,1.62684],[124.80126,1.62723],[124.79935,1.62972],[124.80104,1.63389],[124.80026,1.63646],[124.80559,1.63066]]],[[[125.15802,1.63642],[125.15859,1.6348],[125.15688,1.63583],[125.15699,1.63712],[125.15802,1.63642]]],[[[125.16443,1.64227],[125.16377,1.64222],[125.16441,1.64265],[125.16443,1.64227]]],[[[125.17451,1.67123],[125.17301,1.67136],[125.17385,1.6776],[125.17547,1.67573],[125.17451,1.67123]]],[[[125.17596,1.67458],[125.17597,1.67471],[125.17629,1.67447],[125.17596,1.67458]]],[[[125.11914,1.67753],[125.11921,1.67723],[125.11885,1.67726],[125.11914,1.67753]]],[[[125.17951,1.67746],[125.17952,1.67754],[125.17966,1.6775],[125.17951,1.67746]]],[[[125.17617,1.6787],[125.17616,1.67875],[125.17619,1.67866],[125.17617,1.6787]]],[[[124.94113,1.68583],[124.94195,1.68815],[124.94244,1.6877],[124.94113,1.68583]]],[[[125.0133,1.69286],[125.01269,1.6925],[125.01205,1.69405],[125.01329,1.69429],[125.0133,1.69286]]],[[[124.97127,1.7024],[124.97178,1.70235],[124.97351,1.69809],[124.97147,1.69817],[124.97264,1.69959],[124.97127,1.7024]]],[[[125.15456,1.74322],[125.1557,1.74526],[125.15956,1.74432],[125.15776,1.74086],[125.15761,1.74241],[125.15456,1.74322]]],[[[125.03429,1.76376],[125.03584,1.76537],[125.03801,1.76118],[125.03429,1.76376]]],[[[125.05954,1.77183],[125.05794,1.76535],[125.05142,1.75945],[125.04964,1.76072],[125.04979,1.76632],[125.05324,1.77427],[125.0539,1.78362],[125.05748,1.78667],[125.05673,1.77867],[125.05954,1.77183]]],[[[124.7905,1.77997],[124.78918,1.77828],[124.78842,1.78606],[124.79033,1.78422],[124.7905,1.77997]]],[[[125.15682,1.81704],[125.1593,1.80822],[125.16274,1.8083],[125.16317,1.80514],[125.16612,1.80231],[125.17658,1.80451],[125.17971,1.80378],[125.18181,1.80106],[125.18845,1.8001],[125.18538,1.79834],[125.18487,1.79079],[125.18808,1.78285],[125.185,1.78049],[125.18529,1.77517],[125.18154,1.7721],[125.17696,1.7713],[125.17521,1.76884],[125.16443,1.76791],[125.16365,1.76981],[125.15983,1.77033],[125.15511,1.76726],[125.15012,1.75904],[125.14729,1.7578],[125.14847,1.7529],[125.16164,1.7472],[125.1509,1.74879],[125.14707,1.75211],[125.14818,1.747],[125.14505,1.74657],[125.15108,1.73878],[125.15099,1.73468],[125.14857,1.73583],[125.14114,1.74589],[125.13564,1.74807],[125.1322,1.75318],[125.13485,1.75605],[125.13115,1.76731],[125.13436,1.77164],[125.13171,1.77349],[125.13248,1.77654],[125.13087,1.78364],[125.11971,1.79737],[125.11864,1.80312],[125.11455,1.80855],[125.11328,1.81584],[125.11476,1.81786],[125.11835,1.81509],[125.12709,1.81933],[125.13745,1.82158],[125.13649,1.82342],[125.13299,1.82434],[125.13465,1.82755],[125.13352,1.82893],[125.12963,1.82503],[125.12687,1.82543],[125.12559,1.83172],[125.129,1.83241],[125.12515,1.83228],[125.13518,1.8465],[125.14545,1.83114],[125.14464,1.82686],[125.1466,1.8224],[125.15682,1.81704]],[[125.12673,1.80572],[125.12873,1.80178],[125.13051,1.79978],[125.13558,1.79866],[125.13491,1.79642],[125.13759,1.78993],[125.13646,1.78723],[125.13924,1.78762],[125.13875,1.7846],[125.14189,1.78486],[125.14412,1.7831],[125.14428,1.77743],[125.13996,1.77645],[125.14088,1.77604],[125.14485,1.77502],[125.14723,1.78059],[125.15049,1.78145],[125.15028,1.787],[125.15288,1.79153],[125.16263,1.79017],[125.1662,1.79236],[125.16527,1.79436],[125.16728,1.79368],[125.16597,1.79687],[125.16319,1.79863],[125.16268,1.79571],[125.15885,1.79565],[125.15694,1.79868],[125.15693,1.7957],[125.15317,1.7964],[125.15363,1.80185],[125.15588,1.80442],[125.15357,1.80702],[125.15407,1.81058],[125.1506,1.81432],[125.14416,1.8],[125.14066,1.79962],[125.14162,1.80094],[125.14052,1.80244],[125.13557,1.80378],[125.13775,1.80676],[125.13282,1.80894],[125.13117,1.81528],[125.12873,1.81627],[125.12851,1.81464],[125.12403,1.81741],[125.12321,1.81433],[125.12857,1.80902],[125.12673,1.80572]],[[125.1462,1.75637],[125.14674,1.75865],[125.14534,1.76119],[125.14311,1.75668],[125.1462,1.75637]]],[[[125.05674,1.79528],[125.05835,1.79631],[125.05904,1.7939],[125.05604,1.7889],[125.05674,1.79528]]],[[[125.18835,1.79981],[125.18825,1.79971],[125.18812,1.79984],[125.18835,1.79981]]],[[[125.18854,1.80022],[125.18855,1.80029],[125.18868,1.80034],[125.18854,1.80022]]],[[[125.09306,1.83027],[125.09249,1.8299],[125.09187,1.83099],[125.09306,1.83027]]],[[[125.10069,1.8366],[125.09904,1.83166],[125.09249,1.83287],[125.09064,1.83732],[125.0966,1.84029],[125.09838,1.84419],[125.09941,1.84247],[125.09813,1.84085],[125.10069,1.8366]]],[[[125.065,1.81745],[125.06333,1.81707],[125.06105,1.80738],[125.05473,1.80497],[125.05049,1.80562],[125.04845,1.80944],[125.05146,1.81735],[125.05155,1.82394],[125.05375,1.82661],[125.05641,1.83612],[125.0645,1.84353],[125.066,1.85807],[125.07346,1.8589],[125.07559,1.86378],[125.08315,1.87235],[125.0875,1.88256],[125.09469,1.88465],[125.09878,1.88775],[125.09748,1.88521],[125.09822,1.87727],[125.09192,1.86909],[125.08757,1.85625],[125.08745,1.8395],[125.08104,1.83268],[125.07134,1.8266],[125.06752,1.82146],[125.06912,1.81977],[125.06935,1.81995],[125.0696,1.81958],[125.0692,1.81923],[125.06789,1.82088],[125.06791,1.81973],[125.06591,1.82013],[125.065,1.81745]],[[125.07404,1.85559],[125.07053,1.85568],[125.07163,1.85153],[125.06872,1.85149],[125.06862,1.8492],[125.07097,1.84665],[125.06106,1.83536],[125.05749,1.83459],[125.05395,1.82568],[125.05683,1.82487],[125.0554,1.8226],[125.05756,1.81946],[125.06005,1.81955],[125.06112,1.81275],[125.06422,1.82082],[125.0669,1.82265],[125.06845,1.82698],[125.06714,1.82872],[125.07012,1.83239],[125.07934,1.83597],[125.08457,1.84281],[125.08485,1.85046],[125.09001,1.86415],[125.08972,1.87121],[125.08809,1.87196],[125.08818,1.87372],[125.08669,1.87453],[125.08493,1.86709],[125.07892,1.86327],[125.07877,1.86001],[125.07404,1.85559]]],[[[125.15933,2.73643],[125.16613,2.74525],[125.17617,2.74098],[125.17875,2.73592],[125.17767,2.73095],[125.17312,2.72591],[125.16969,2.72471],[125.166,2.72656],[125.16499,2.73147],[125.15933,2.73643]]],[[[125.25786,1.40845],[125.25682,1.40874],[125.2571,1.40898],[125.25786,1.40845]]],[[[125.2616,1.43817],[125.26157,1.43822],[125.26166,1.4382],[125.2616,1.43817]]],[[[125.26308,1.44218],[125.26339,1.44162],[125.26285,1.4418],[125.26308,1.44218]]],[[[125.26259,1.44208],[125.26265,1.44208],[125.26264,1.44199],[125.26259,1.44208]]],[[[125.26286,1.44794],[125.26307,1.44798],[125.26308,1.44792],[125.26286,1.44794]]],[[[125.26442,1.44934],[125.26496,1.4491],[125.26487,1.44902],[125.26442,1.44934]]],[[[125.2239,1.45476],[125.22398,1.45487],[125.22404,1.45456],[125.2239,1.45476]]],[[[125.22467,1.45587],[125.2241,1.45559],[125.22386,1.45612],[125.22467,1.45587]]],[[[125.22676,1.45595],[125.22698,1.45608],[125.22687,1.45586],[125.22676,1.45595]]],[[[125.22549,1.45677],[125.22565,1.45707],[125.22585,1.45651],[125.22549,1.45677]]],[[[125.23069,1.46017],[125.23093,1.46042],[125.2311,1.46012],[125.23069,1.46017]]],[[[125.23459,1.46081],[125.2322,1.45912],[125.23127,1.46031],[125.23459,1.46081]]],[[[125.23488,1.46103],[125.23494,1.46088],[125.23482,1.4609],[125.23488,1.46103]]],[[[125.1728,1.38898],[125.17458,1.3895],[125.17502,1.39239],[125.17136,1.39526],[125.16952,1.39393],[125.16893,1.39754],[125.17238,1.4015],[125.17717,1.4017],[125.17961,1.40445],[125.17908,1.40614],[125.17648,1.40505],[125.17555,1.40639],[125.17202,1.40321],[125.17211,1.40539],[125.17001,1.40579],[125.16857,1.40019],[125.16693,1.40386],[125.18169,1.41675],[125.18266,1.41978],[125.18125,1.42074],[125.18361,1.42278],[125.18325,1.42552],[125.18573,1.42835],[125.18599,1.43189],[125.18933,1.43073],[125.18694,1.42955],[125.18846,1.42747],[125.20296,1.43396],[125.20546,1.43217],[125.20909,1.43238],[125.21025,1.43545],[125.21379,1.43416],[125.21315,1.4369],[125.21449,1.43925],[125.21823,1.43515],[125.2199,1.43659],[125.21877,1.43773],[125.22579,1.43978],[125.22797,1.43768],[125.23243,1.43828],[125.23308,1.44075],[125.22999,1.44311],[125.23815,1.44542],[125.23866,1.44291],[125.24022,1.44282],[125.24014,1.44714],[125.24294,1.44716],[125.24327,1.4484],[125.23745,1.45301],[125.24107,1.45204],[125.24248,1.45519],[125.24476,1.45241],[125.24537,1.45408],[125.24251,1.45744],[125.24522,1.46017],[125.24296,1.46092],[125.24332,1.46427],[125.23955,1.46043],[125.23743,1.46202],[125.24079,1.46372],[125.24564,1.47046],[125.24896,1.47108],[125.2514,1.47614],[125.25045,1.47984],[125.25475,1.48144],[125.25657,1.48748],[125.26151,1.49209],[125.26197,1.49498],[125.26431,1.49547],[125.26397,1.49816],[125.26172,1.4997],[125.26821,1.50341],[125.26972,1.5076],[125.26785,1.50915],[125.26978,1.50975],[125.2719,1.51433],[125.27809,1.51672],[125.27985,1.52014],[125.27806,1.52382],[125.27821,1.52841],[125.28022,1.52879],[125.27977,1.53113],[125.28589,1.54073],[125.28626,1.54498],[125.29315,1.55076],[125.29347,1.54611],[125.29103,1.54189],[125.29198,1.5407],[125.29309,1.54168],[125.29387,1.54165],[125.29193,1.53784],[125.29298,1.53365],[125.29076,1.53407],[125.29118,1.53171],[125.28807,1.53104],[125.28647,1.52379],[125.28493,1.5239],[125.28423,1.51964],[125.27928,1.51573],[125.27733,1.51234],[125.27793,1.50696],[125.27462,1.50406],[125.2763,1.49861],[125.27518,1.49576],[125.2772,1.49441],[125.2787,1.4959],[125.28169,1.49508],[125.28178,1.48679],[125.28324,1.48737],[125.27927,1.47981],[125.27488,1.47907],[125.27144,1.476],[125.27276,1.47335],[125.2757,1.47248],[125.27424,1.47175],[125.27463,1.46981],[125.27316,1.46987],[125.27398,1.46546],[125.27063,1.46524],[125.27038,1.45844],[125.26799,1.45898],[125.26655,1.45433],[125.26394,1.45224],[125.2639,1.44903],[125.26153,1.44754],[125.26204,1.44567],[125.26062,1.44534],[125.26236,1.44395],[125.26177,1.43931],[125.26362,1.43887],[125.262,1.43869],[125.26011,1.43755],[125.26018,1.43495],[125.26174,1.43279],[125.26319,1.43379],[125.26354,1.43369],[125.26224,1.43135],[125.26362,1.43018],[125.262,1.42898],[125.26273,1.42728],[125.25937,1.42671],[125.2598,1.42286],[125.25595,1.42287],[125.25666,1.41965],[125.25868,1.41827],[125.25708,1.41526],[125.25988,1.41274],[125.25779,1.41353],[125.25689,1.41136],[125.2555,1.41177],[125.25586,1.40935],[125.25414,1.40734],[125.25215,1.40851],[125.25233,1.41153],[125.25076,1.41131],[125.25074,1.4142],[125.24418,1.41531],[125.24121,1.407],[125.23924,1.40768],[125.2396,1.41098],[125.23581,1.41054],[125.23411,1.40065],[125.22837,1.39984],[125.2264,1.39744],[125.22706,1.39981],[125.22546,1.39887],[125.22471,1.40023],[125.22087,1.39741],[125.21925,1.39932],[125.21781,1.39773],[125.21054,1.39928],[125.20925,1.4036],[125.20583,1.405],[125.20189,1.4039],[125.19841,1.39867],[125.19503,1.3973],[125.19223,1.39738],[125.18982,1.39979],[125.17972,1.39422],[125.17795,1.39842],[125.17594,1.39721],[125.17476,1.3986],[125.17392,1.39711],[125.17752,1.39542],[125.17794,1.39273],[125.17501,1.38907],[125.17522,1.38721],[125.1728,1.38898]],[[125.25632,1.47468],[125.2558,1.472],[125.25722,1.47075],[125.26083,1.47058],[125.26456,1.47281],[125.265,1.47871],[125.26897,1.48174],[125.27162,1.48703],[125.27103,1.49246],[125.26863,1.49253],[125.26806,1.49067],[125.26542,1.48998],[125.25632,1.47468]],[[125.2565,1.45614],[125.25715,1.4605],[125.25368,1.46673],[125.25,1.46077],[125.24939,1.44276],[125.24634,1.43692],[125.24397,1.43563],[125.24416,1.43258],[125.23471,1.43103],[125.23371,1.42789],[125.22542,1.42497],[125.22384,1.41932],[125.22661,1.41923],[125.23356,1.42549],[125.23971,1.42324],[125.24239,1.42449],[125.24411,1.42357],[125.25438,1.442],[125.25228,1.44532],[125.25435,1.44882],[125.25507,1.45551],[125.2565,1.45614]]],[[[125.28063,1.48057],[125.2805,1.48063],[125.28067,1.48075],[125.28063,1.48057]]],[[[125.23862,1.48091],[125.2389,1.4809],[125.23857,1.48072],[125.23862,1.48091]]],[[[125.25639,1.48808],[125.25632,1.48795],[125.25619,1.48804],[125.25639,1.48808]]],[[[125.24625,1.50612],[125.24625,1.50626],[125.24646,1.50618],[125.24625,1.50612]]],[[[125.24819,1.50922],[125.24853,1.50874],[125.24835,1.50873],[125.24819,1.50922]]],[[[125.28249,1.51707],[125.28295,1.51705],[125.28282,1.51684],[125.28249,1.51707]]],[[[125.27696,1.52249],[125.27608,1.52277],[125.27755,1.52368],[125.27696,1.52249]]],[[[125.27763,1.52343],[125.27787,1.52346],[125.2778,1.52295],[125.27763,1.52343]]],[[[125.29361,1.539],[125.29379,1.53846],[125.29297,1.53913],[125.29361,1.539]]],[[[125.29351,1.54057],[125.29342,1.54065],[125.29359,1.54073],[125.29351,1.54057]]],[[[125.29385,1.54278],[125.29373,1.54303],[125.29386,1.5431],[125.29385,1.54278]]],[[[125.29502,1.54329],[125.2939,1.54332],[125.29435,1.54541],[125.29617,1.54544],[125.29502,1.54329]]],[[[125.29412,1.55256],[125.29425,1.55311],[125.29446,1.55265],[125.29412,1.55256]]],[[[125.34264,2.07173],[125.34271,2.07181],[125.34276,2.07179],[125.34264,2.07173]]],[[[125.34186,2.07317],[125.34191,2.07315],[125.34183,2.07305],[125.34186,2.07317]]],[[[125.36468,2.08005],[125.36464,2.08007],[125.36472,2.08016],[125.36468,2.08005]]],[[[125.36464,2.08011],[125.36447,2.08016],[125.36456,2.08026],[125.36464,2.08011]]],[[[125.36453,2.08031],[125.36455,2.08029],[125.36446,2.08022],[125.36453,2.08031]]],[[[125.36449,2.08044],[125.36384,2.07991],[125.36319,2.08215],[125.36449,2.08044]]],[[[125.33474,2.0832],[125.33503,2.08338],[125.33507,2.08327],[125.33474,2.0832]]],[[[125.33534,2.0833],[125.33524,2.08316],[125.33524,2.08321],[125.33534,2.0833]]],[[[125.33125,2.09025],[125.33175,2.09078],[125.3332,2.08621],[125.33125,2.09025]]],[[[125.3407,2.10001],[125.34145,2.09885],[125.33999,2.0975],[125.33942,2.09941],[125.3407,2.10001]]],[[[125.34292,2.10033],[125.34284,2.10025],[125.34276,2.10056],[125.34292,2.10033]]],[[[125.34983,2.10035],[125.35339,2.09867],[125.35499,2.09983],[125.35271,2.10507],[125.35393,2.10665],[125.36038,2.10168],[125.36225,2.10144],[125.36487,2.10403],[125.36146,2.10969],[125.36298,2.11273],[125.36012,2.11538],[125.35499,2.1149],[125.35538,2.12057],[125.35375,2.12016],[125.35458,2.12393],[125.3583,2.12539],[125.36071,2.13019],[125.36471,2.12918],[125.36317,2.12417],[125.36607,2.11929],[125.36738,2.1194],[125.36754,2.1221],[125.37156,2.12228],[125.37101,2.12413],[125.37243,2.125],[125.37434,2.12074],[125.3761,2.12131],[125.37888,2.1178],[125.3804,2.11859],[125.3824,2.11537],[125.38485,2.1166],[125.38883,2.11592],[125.39122,2.1136],[125.39178,2.11646],[125.39255,2.11406],[125.39945,2.11781],[125.40616,2.13151],[125.40927,2.13443],[125.41114,2.13336],[125.41256,2.12609],[125.40817,2.11411],[125.4085,2.11021],[125.40625,2.10665],[125.40931,2.10332],[125.40377,2.10149],[125.39787,2.10533],[125.39191,2.1026],[125.39078,2.09812],[125.38015,2.09548],[125.37865,2.09335],[125.37972,2.09084],[125.37179,2.09394],[125.36845,2.09067],[125.36251,2.08916],[125.36118,2.0828],[125.35895,2.08069],[125.36014,2.0791],[125.35842,2.07269],[125.35151,2.07101],[125.34773,2.07274],[125.34623,2.06989],[125.34288,2.07188],[125.34067,2.08062],[125.33651,2.08187],[125.33593,2.0881],[125.33762,2.09418],[125.34365,2.09559],[125.34186,2.09892],[125.34543,2.10078],[125.34726,2.09419],[125.34983,2.10035]]],[[[125.34262,2.10302],[125.34623,2.10524],[125.34573,2.10259],[125.34323,2.10057],[125.34262,2.10302]]],[[[125.34197,2.10431],[125.34275,2.1048],[125.34243,2.10269],[125.34197,2.10431]]],[[[125.36145,2.10454],[125.3613,2.10446],[125.36126,2.10469],[125.36145,2.10454]]],[[[125.36162,2.10507],[125.36147,2.10506],[125.36147,2.10521],[125.36162,2.10507]]],[[[125.34378,2.10528],[125.34382,2.10516],[125.34376,2.10518],[125.34378,2.10528]]],[[[125.34358,2.10576],[125.34369,2.10586],[125.34372,2.10575],[125.34358,2.10576]]],[[[125.35537,2.11431],[125.35548,2.11434],[125.35552,2.11373],[125.35537,2.11431]]],[[[125.34986,2.11847],[125.35046,2.12137],[125.35293,2.11616],[125.35264,2.11341],[125.3489,2.11273],[125.34671,2.11382],[125.34986,2.11847]]],[[[125.3793,2.11918],[125.37936,2.1193],[125.37943,2.11919],[125.3793,2.11918]]],[[[125.34921,2.1216],[125.34916,2.12073],[125.34822,2.12136],[125.34854,2.12255],[125.34921,2.1216]]],[[[125.37467,2.12288],[125.37474,2.12249],[125.37448,2.12252],[125.37467,2.12288]]],[[[125.37638,2.12274],[125.37639,2.12264],[125.37624,2.12262],[125.37638,2.12274]]],[[[125.37605,2.12324],[125.3761,2.12327],[125.37612,2.12304],[125.37605,2.12324]]],[[[125.36621,2.12499],[125.36848,2.12516],[125.36694,2.12366],[125.36621,2.12499]]],[[[125.36807,2.12615],[125.36655,2.12689],[125.36785,2.12868],[125.37046,2.12622],[125.36924,2.12393],[125.36787,2.12403],[125.3689,2.12469],[125.36807,2.12615]]],[[[125.38159,2.31354],[125.38572,2.30595],[125.37907,2.29694],[125.37738,2.29172],[125.37101,2.28789],[125.36456,2.28708],[125.3608,2.28904],[125.34366,2.30323],[125.35205,2.31779],[125.35707,2.32194],[125.36457,2.32486],[125.37785,2.32759],[125.381,2.32438],[125.38159,2.31354]],[[125.3715,2.29455],[125.3773,2.3007],[125.37747,2.30552],[125.37615,2.30636],[125.37798,2.30753],[125.3786,2.31125],[125.37534,2.31051],[125.3733,2.3138],[125.36976,2.31476],[125.36564,2.32197],[125.35308,2.31123],[125.35197,2.30567],[125.35345,2.29969],[125.35714,2.2958],[125.36027,2.29382],[125.3715,2.29455]]],[[[125.307,2.35517],[125.30801,2.35569],[125.30809,2.35489],[125.307,2.35517]]],[[[125.30895,2.35171],[125.30809,2.34956],[125.30181,2.34779],[125.29852,2.34906],[125.29572,2.35194],[125.29443,2.35571],[125.29441,2.35883],[125.29571,2.36159],[125.29961,2.36495],[125.30265,2.36499],[125.30297,2.36146],[125.30377,2.36124],[125.30488,2.35984],[125.30453,2.35685],[125.30503,2.35527],[125.30895,2.35171]],[[125.30336,2.35477],[125.30385,2.36072],[125.30251,2.36063],[125.30163,2.36479],[125.29969,2.36461],[125.2949,2.35804],[125.29582,2.35259],[125.30227,2.34853],[125.30743,2.34998],[125.30803,2.35252],[125.30336,2.35477]]],[[[125.30527,2.35727],[125.30484,2.35748],[125.30495,2.35784],[125.30527,2.35727]]],[[[125.37766,2.68073],[125.382,2.6829],[125.38238,2.6806],[125.38059,2.67778],[125.37766,2.68073]]],[[[125.39184,2.8094],[125.39184,2.80939],[125.39182,2.80939],[125.39184,2.8094]]],[[[125.38427,3.91252],[125.38688,3.91299],[125.38895,3.91621],[125.39128,3.91208],[125.39142,3.90813],[125.3872,3.90735],[125.38427,3.91252]]],[[[125.32042,4.229],[125.32091,4.23028],[125.31773,4.2323],[125.31725,4.23527],[125.31975,4.23741],[125.32363,4.23594],[125.32725,4.23668],[125.33103,4.23453],[125.33209,4.2318],[125.33049,4.22823],[125.32042,4.229]]],[[[125.37397,2.37085],[125.38069,2.37636],[125.38497,2.38251],[125.39207,2.38425],[125.39546,2.38238],[125.40036,2.36869],[125.40469,2.36681],[125.41175,2.37006],[125.41558,2.36797],[125.41846,2.36917],[125.42143,2.38015],[125.42499,2.38057],[125.42593,2.38227],[125.42845,2.38083],[125.4333,2.38357],[125.43656,2.38151],[125.4364,2.37609],[125.43793,2.37462],[125.44352,2.3756],[125.44972,2.36926],[125.45323,2.36981],[125.45782,2.36619],[125.45971,2.35986],[125.46245,2.35778],[125.46206,2.35504],[125.46561,2.35322],[125.46654,2.3495],[125.46266,2.34861],[125.4621,2.34599],[125.46365,2.34362],[125.45706,2.3398],[125.45719,2.3346],[125.45488,2.33119],[125.44731,2.32817],[125.44758,2.3246],[125.4438,2.32037],[125.44305,2.31705],[125.44001,2.31774],[125.43086,2.31462],[125.42896,2.31709],[125.42138,2.31663],[125.41238,2.32009],[125.40423,2.32103],[125.38704,2.33211],[125.37488,2.34806],[125.37017,2.35842],[125.37397,2.37085]],[[125.40626,2.34003],[125.40284,2.34972],[125.39943,2.34967],[125.39792,2.34432],[125.40553,2.33504],[125.40853,2.33431],[125.41284,2.33637],[125.42285,2.33312],[125.42957,2.33556],[125.43086,2.33984],[125.43493,2.3433],[125.44153,2.34188],[125.44621,2.34875],[125.43363,2.34853],[125.43013,2.3509],[125.4281,2.34516],[125.419,2.34066],[125.40626,2.34003]],[[125.41631,2.34646],[125.42047,2.34944],[125.41927,2.35824],[125.42128,2.36219],[125.41993,2.36454],[125.41863,2.36359],[125.41182,2.36605],[125.40965,2.36486],[125.40831,2.36068],[125.4039,2.35557],[125.40483,2.35375],[125.40306,2.35154],[125.40485,2.3475],[125.41009,2.34558],[125.41631,2.34646]]],[[[125.47529,2.64495],[125.47527,2.64641],[125.47668,2.64624],[125.47529,2.64495]]],[[[125.47664,2.6464],[125.47684,2.6464],[125.47674,2.64629],[125.47664,2.6464]]],[[[125.49046,2.64876],[125.49043,2.64863],[125.49036,2.64867],[125.49046,2.64876]]],[[[125.48833,2.65152],[125.48941,2.64909],[125.48811,2.64834],[125.48141,2.65662],[125.48464,2.65757],[125.48555,2.65398],[125.48743,2.65249],[125.48932,2.65355],[125.48833,2.65152]]],[[[125.47435,2.65547],[125.47457,2.65539],[125.47451,2.65525],[125.47435,2.65547]]],[[[125.45306,2.66405],[125.45006,2.66929],[125.45368,2.66898],[125.45517,2.66565],[125.45829,2.6665],[125.46183,2.67219],[125.4655,2.67208],[125.46383,2.66809],[125.46475,2.66619],[125.46249,2.66454],[125.46509,2.66142],[125.46413,2.65546],[125.46787,2.654],[125.47391,2.65707],[125.4737,2.65497],[125.4684,2.65175],[125.46855,2.64989],[125.46547,2.64992],[125.46322,2.64774],[125.46667,2.64314],[125.46528,2.64255],[125.46572,2.64092],[125.4631,2.6439],[125.45894,2.641],[125.45677,2.6425],[125.45564,2.63947],[125.45288,2.64136],[125.45024,2.64002],[125.44967,2.64132],[125.44562,2.64152],[125.44302,2.64085],[125.44247,2.63863],[125.44142,2.64009],[125.44294,2.64278],[125.45819,2.64883],[125.45722,2.65403],[125.46108,2.65478],[125.4599,2.6581],[125.45306,2.66405]]],[[[125.48612,2.65707],[125.48618,2.65705],[125.48576,2.65697],[125.48612,2.65707]]],[[[125.48517,2.65726],[125.48503,2.65728],[125.48516,2.65742],[125.48517,2.65726]]],[[[125.4845,2.65887],[125.48455,2.65858],[125.48439,2.6587],[125.4845,2.65887]]],[[[125.47208,2.66155],[125.47139,2.6624],[125.47665,2.66068],[125.47567,2.65912],[125.47208,2.66155]]],[[[125.4772,2.66056],[125.4768,2.66067],[125.47702,2.66092],[125.4772,2.66056]]],[[[125.47719,2.6616],[125.47731,2.66161],[125.47722,2.66149],[125.47719,2.6616]]],[[[125.47567,2.6626],[125.47559,2.66329],[125.47586,2.6631],[125.47567,2.6626]]],[[[125.47557,2.66351],[125.4754,2.66389],[125.47547,2.66393],[125.47557,2.66351]]],[[[125.47405,2.66731],[125.47581,2.66574],[125.47537,2.66445],[125.47405,2.66731]]],[[[125.4217,2.66793],[125.42179,2.66792],[125.42175,2.66774],[125.4217,2.66793]]],[[[125.46174,2.68002],[125.45783,2.67904],[125.45635,2.67651],[125.45296,2.67623],[125.44942,2.67875],[125.44716,2.68205],[125.44839,2.68471],[125.45511,2.68653],[125.45619,2.68841],[125.46032,2.68819],[125.46174,2.69024],[125.46292,2.68835],[125.46174,2.68002]],[[125.45478,2.67702],[125.45541,2.67708],[125.45427,2.67775],[125.45397,2.67746],[125.45478,2.67702]],[[125.45181,2.67749],[125.4533,2.6772],[125.45257,2.67944],[125.45181,2.67749]],[[125.44905,2.68041],[125.44957,2.68123],[125.44872,2.68127],[125.44905,2.68041]]],[[[125.39643,2.68494],[125.39645,2.6849],[125.39642,2.68489],[125.39643,2.68494]]],[[[125.4614,2.6935],[125.4615,2.69352],[125.46152,2.69336],[125.4614,2.6935]]],[[[125.42922,2.64699],[125.42363,2.64207],[125.42279,2.63889],[125.41864,2.63605],[125.41303,2.63587],[125.40924,2.63291],[125.40397,2.63381],[125.39625,2.63997],[125.39081,2.64104],[125.37895,2.65129],[125.3761,2.65172],[125.37545,2.65531],[125.37932,2.65742],[125.37287,2.66972],[125.37427,2.67944],[125.37146,2.68262],[125.3676,2.69442],[125.36405,2.69792],[125.36294,2.71003],[125.36037,2.71398],[125.36121,2.71784],[125.35894,2.72366],[125.36073,2.72692],[125.35912,2.73073],[125.36132,2.73333],[125.35876,2.74279],[125.36067,2.74899],[125.36002,2.75167],[125.36521,2.75322],[125.36314,2.75602],[125.3637,2.75884],[125.36922,2.76503],[125.36863,2.76711],[125.37144,2.77299],[125.36959,2.77893],[125.37106,2.78013],[125.36987,2.78612],[125.37826,2.8016],[125.38879,2.80604],[125.39206,2.80916],[125.39491,2.80864],[125.39615,2.81084],[125.40046,2.81089],[125.40122,2.80966],[125.40372,2.81165],[125.40755,2.81175],[125.40967,2.80988],[125.41716,2.81002],[125.42363,2.80736],[125.42691,2.80897],[125.42652,2.80772],[125.43012,2.80544],[125.43197,2.80591],[125.43712,2.8008],[125.43937,2.79756],[125.43902,2.79547],[125.4429,2.79246],[125.44638,2.79241],[125.44588,2.79064],[125.44821,2.78705],[125.45138,2.78572],[125.45617,2.77571],[125.45694,2.77086],[125.45479,2.76612],[125.45504,2.76279],[125.45147,2.75968],[125.45396,2.75691],[125.45252,2.75726],[125.45145,2.75325],[125.44878,2.75349],[125.44738,2.75013],[125.43912,2.74755],[125.43498,2.74185],[125.43028,2.74055],[125.43121,2.73722],[125.42714,2.73373],[125.42359,2.73523],[125.42379,2.73401],[125.419,2.73153],[125.41633,2.73286],[125.41216,2.73216],[125.40585,2.72653],[125.40327,2.71673],[125.40088,2.71353],[125.40184,2.70852],[125.39632,2.69783],[125.39626,2.69297],[125.39276,2.68834],[125.39184,2.68134],[125.39342,2.68018],[125.39233,2.67875],[125.39605,2.67483],[125.39928,2.67402],[125.40128,2.66945],[125.40765,2.66587],[125.41167,2.6664],[125.41939,2.664],[125.42019,2.66163],[125.42496,2.65984],[125.42922,2.64699]],[[125.3649,2.73971],[125.36852,2.73659],[125.36289,2.73391],[125.36446,2.72772],[125.3634,2.72483],[125.36528,2.72431],[125.36415,2.72069],[125.365,2.7163],[125.36702,2.71534],[125.36888,2.70998],[125.37403,2.71162],[125.37479,2.7077],[125.37914,2.71065],[125.37896,2.7147],[125.38105,2.71582],[125.38316,2.71429],[125.38461,2.70941],[125.38718,2.70851],[125.38595,2.71336],[125.3883,2.71314],[125.38938,2.71574],[125.39797,2.71617],[125.39779,2.71904],[125.40083,2.71991],[125.39704,2.72828],[125.39975,2.7295],[125.39629,2.73371],[125.39492,2.73093],[125.39381,2.73121],[125.39525,2.7339],[125.39265,2.73392],[125.38939,2.73846],[125.38695,2.73733],[125.38309,2.73821],[125.3803,2.74207],[125.38026,2.73707],[125.37408,2.73972],[125.37084,2.73602],[125.3649,2.73971]],[[125.3755,2.6781],[125.37864,2.67579],[125.37661,2.67099],[125.3769,2.66644],[125.37951,2.66287],[125.37885,2.66123],[125.38314,2.65859],[125.38366,2.65656],[125.39002,2.65876],[125.39136,2.65771],[125.39806,2.66374],[125.39824,2.66532],[125.39459,2.66552],[125.39708,2.66729],[125.39529,2.67418],[125.3885,2.67772],[125.38932,2.68662],[125.39088,2.68862],[125.39068,2.6923],[125.38843,2.69458],[125.3811,2.6925],[125.37752,2.69523],[125.37032,2.69115],[125.37,2.68816],[125.3734,2.68379],[125.37375,2.68012],[125.37538,2.68128],[125.3755,2.6781]]],[[[125.47993,2.9359],[125.48014,2.93573],[125.47992,2.93548],[125.47993,2.9359]]],[[[125.48063,2.94074],[125.47798,2.93893],[125.47723,2.94282],[125.48063,2.94074]]],[[[125.45092,2.94351],[125.45027,2.94537],[125.4521,2.94522],[125.45092,2.94351]]],[[[125.47718,2.94435],[125.47679,2.94363],[125.47739,2.94785],[125.4807,2.94805],[125.47718,2.94435]]],[[[125.49023,3.0593],[125.48294,3.0628],[125.48733,3.06254],[125.49023,3.0593]]],[[[125.49966,3.06478],[125.49982,3.06903],[125.5016,3.06971],[125.50288,3.07304],[125.50431,3.07015],[125.50539,3.07364],[125.50425,3.07503],[125.50156,3.07437],[125.50179,3.07618],[125.49942,3.0787],[125.4958,3.07765],[125.49477,3.08062],[125.50304,3.09409],[125.50292,3.08662],[125.5065,3.08441],[125.50943,3.08737],[125.50779,3.0818],[125.51081,3.07891],[125.51226,3.08],[125.50943,3.07441],[125.51049,3.07151],[125.50524,3.06566],[125.50532,3.06033],[125.5077,3.05897],[125.50502,3.05832],[125.49966,3.06478]]],[[[125.47733,3.09475],[125.48367,3.09857],[125.48264,3.10063],[125.48273,3.10108],[125.48457,3.09669],[125.48121,3.0922],[125.47796,3.09208],[125.47733,3.09475]]],[[[125.4984,3.09697],[125.49692,3.09198],[125.4916,3.09519],[125.48727,3.09515],[125.49297,3.09865],[125.49283,3.10222],[125.49585,3.09715],[125.4984,3.09697]]],[[[125.44569,3.14425],[125.44592,3.14426],[125.44582,3.14368],[125.44569,3.14425]]],[[[125.44708,3.14325],[125.44743,3.14653],[125.45246,3.1501],[125.45466,3.14819],[125.4567,3.14237],[125.45242,3.14042],[125.44708,3.14325]]],[[[125.51265,3.15915],[125.50977,3.15847],[125.50857,3.16002],[125.51197,3.16609],[125.50433,3.16179],[125.50392,3.16472],[125.5013,3.16409],[125.5014,3.16536],[125.50623,3.16949],[125.50002,3.16912],[125.50036,3.17139],[125.49892,3.17224],[125.50738,3.1744],[125.50923,3.17193],[125.51499,3.17028],[125.51602,3.17202],[125.51415,3.17334],[125.51544,3.17419],[125.50804,3.17784],[125.50361,3.17563],[125.50303,3.17748],[125.50511,3.17748],[125.5092,3.1814],[125.50301,3.18141],[125.50263,3.18515],[125.504,3.18621],[125.50875,3.18476],[125.50893,3.18659],[125.51313,3.1892],[125.51366,3.18561],[125.51638,3.18214],[125.51768,3.17359],[125.524,3.17216],[125.52429,3.17444],[125.52605,3.17371],[125.52737,3.1752],[125.52767,3.17947],[125.52334,3.1825],[125.52482,3.18401],[125.5242,3.18664],[125.5208,3.1912],[125.52695,3.19243],[125.52635,3.19096],[125.52792,3.18945],[125.52972,3.19043],[125.52961,3.18665],[125.531,3.18587],[125.53235,3.18772],[125.53263,3.18602],[125.53475,3.18591],[125.53306,3.18247],[125.53611,3.18063],[125.53937,3.18102],[125.53489,3.17809],[125.53834,3.17368],[125.54016,3.1738],[125.53833,3.17123],[125.53942,3.16917],[125.5369,3.16876],[125.53626,3.16585],[125.53368,3.16473],[125.53365,3.15955],[125.53166,3.16034],[125.53078,3.15839],[125.52492,3.16395],[125.52305,3.1633],[125.52521,3.15963],[125.52327,3.15632],[125.52079,3.15953],[125.51971,3.15774],[125.51692,3.15877],[125.51612,3.15551],[125.51479,3.15724],[125.51242,3.15723],[125.51265,3.15915]]],[[[125.50234,3.17557],[125.50247,3.17578],[125.50265,3.1756],[125.50234,3.17557]]],[[[125.53175,3.18759],[125.53189,3.1878],[125.53193,3.18763],[125.53175,3.18759]]],[[[125.53239,3.18817],[125.5317,3.18777],[125.53202,3.18816],[125.53239,3.18817]]],[[[125.51377,3.18999],[125.51346,3.18938],[125.51325,3.18947],[125.51377,3.18999]]],[[[125.51391,3.19091],[125.51345,3.19033],[125.51344,3.19096],[125.51391,3.19091]]],[[[125.51312,3.19186],[125.51307,3.19185],[125.5132,3.19233],[125.51312,3.19186]]],[[[125.46563,3.25457],[125.46944,3.24858],[125.47242,3.24728],[125.47103,3.24499],[125.47255,3.2443],[125.4685,3.23709],[125.46456,3.23406],[125.4556,3.23172],[125.44793,3.23942],[125.44628,3.23944],[125.44876,3.24307],[125.44818,3.25157],[125.44973,3.25321],[125.45255,3.25142],[125.45316,3.2539],[125.45697,3.2534],[125.45816,3.2554],[125.46034,3.25561],[125.46079,3.25367],[125.46176,3.25495],[125.46563,3.25457]]],[[[125.45298,3.25404],[125.45311,3.25393],[125.45304,3.25388],[125.45298,3.25404]]],[[[125.57062,3.33201],[125.57059,3.33196],[125.57045,3.33229],[125.57062,3.33201]]],[[[125.56965,3.36431],[125.56944,3.36452],[125.56956,3.36457],[125.56965,3.36431]]],[[[125.56756,3.40739],[125.57411,3.40494],[125.57827,3.39922],[125.57876,3.39823],[125.57576,3.39619],[125.57743,3.39347],[125.57879,3.3956],[125.57988,3.39319],[125.5778,3.39132],[125.57821,3.38974],[125.57412,3.39008],[125.57616,3.39359],[125.57218,3.39805],[125.56103,3.39296],[125.55893,3.39521],[125.55638,3.39412],[125.55495,3.39559],[125.5558,3.40218],[125.55841,3.40024],[125.5614,3.40223],[125.56034,3.40696],[125.56136,3.4083],[125.55997,3.40903],[125.56117,3.41122],[125.55998,3.41207],[125.56056,3.41358],[125.56232,3.41322],[125.56369,3.41679],[125.56729,3.41404],[125.56795,3.41421],[125.56821,3.41407],[125.56872,3.41351],[125.56722,3.41315],[125.56756,3.40739]]],[[[125.55933,3.40998],[125.55995,3.40995],[125.55976,3.40971],[125.55933,3.40998]]],[[[125.52718,3.4124],[125.52786,3.40745],[125.52709,3.40858],[125.52718,3.4124]]],[[[125.55059,3.42095],[125.55062,3.42109],[125.55069,3.42103],[125.55059,3.42095]]],[[[125.55466,3.43239],[125.5545,3.43101],[125.55437,3.43122],[125.55466,3.43239]]],[[[125.58885,3.61155],[125.5826,3.60981],[125.58455,3.6064],[125.58047,3.60837],[125.57577,3.60667],[125.57334,3.6075],[125.57013,3.60503],[125.57508,3.601],[125.57788,3.60153],[125.58112,3.59956],[125.58244,3.59738],[125.57917,3.59801],[125.5762,3.59189],[125.57287,3.59105],[125.57285,3.58644],[125.56685,3.59421],[125.56644,3.59154],[125.56071,3.59054],[125.56192,3.58745],[125.55891,3.58007],[125.5537,3.57611],[125.55841,3.57463],[125.56323,3.57715],[125.56748,3.57565],[125.56982,3.58211],[125.57284,3.578],[125.57723,3.57949],[125.57874,3.58223],[125.58157,3.58065],[125.58506,3.5832],[125.58145,3.57841],[125.58317,3.57483],[125.58873,3.57481],[125.58963,3.57318],[125.58587,3.56887],[125.58915,3.56793],[125.58893,3.56335],[125.58674,3.56101],[125.58799,3.55954],[125.59353,3.56023],[125.59098,3.55943],[125.58974,3.55696],[125.5899,3.55289],[125.59471,3.55237],[125.59542,3.55537],[125.59781,3.55553],[125.59776,3.55716],[125.60029,3.55874],[125.60153,3.55498],[125.59971,3.55057],[125.60354,3.5525],[125.60521,3.54941],[125.60708,3.54967],[125.60594,3.54722],[125.60752,3.54859],[125.60844,3.54603],[125.61115,3.54467],[125.60992,3.54221],[125.61269,3.54052],[125.61801,3.5426],[125.61538,3.53866],[125.61563,3.53634],[125.61868,3.53421],[125.62184,3.53528],[125.61655,3.53007],[125.61883,3.52644],[125.62371,3.52885],[125.62649,3.52749],[125.62159,3.52412],[125.62331,3.51921],[125.62194,3.51886],[125.62434,3.51848],[125.62639,3.51561],[125.63183,3.51448],[125.63221,3.50889],[125.63576,3.50695],[125.63715,3.50013],[125.63788,3.50023],[125.63854,3.4999],[125.63884,3.50046],[125.63911,3.50021],[125.63862,3.49964],[125.63807,3.5],[125.64085,3.49318],[125.64009,3.48901],[125.64491,3.48933],[125.64315,3.49105],[125.64574,3.49262],[125.64957,3.49016],[125.65142,3.49376],[125.65493,3.49377],[125.65604,3.49112],[125.65386,3.48877],[125.65744,3.48805],[125.65861,3.48256],[125.66183,3.48179],[125.65696,3.48007],[125.65837,3.47977],[125.65779,3.4776],[125.6617,3.48128],[125.66488,3.47989],[125.66585,3.483],[125.66095,3.4828],[125.65947,3.485],[125.66362,3.49143],[125.66154,3.49052],[125.66282,3.49183],[125.66197,3.49334],[125.65985,3.49214],[125.65998,3.49418],[125.65889,3.49351],[125.6566,3.49582],[125.65281,3.49681],[125.64917,3.49579],[125.64639,3.49771],[125.6436,3.49754],[125.64275,3.50307],[125.64446,3.50712],[125.6423,3.51208],[125.64012,3.51272],[125.64399,3.51417],[125.64494,3.51878],[125.64785,3.51673],[125.64793,3.51253],[125.64992,3.51222],[125.65599,3.5167],[125.65422,3.52062],[125.65834,3.52077],[125.66015,3.52454],[125.66223,3.52331],[125.66092,3.51846],[125.66254,3.51666],[125.65465,3.51449],[125.65433,3.50544],[125.65663,3.50263],[125.65921,3.50295],[125.66106,3.50137],[125.66354,3.50185],[125.66366,3.50401],[125.6668,3.5036],[125.6685,3.50102],[125.66817,3.49665],[125.67101,3.49413],[125.66904,3.48194],[125.67121,3.48107],[125.66914,3.47772],[125.66532,3.476],[125.66375,3.4719],[125.66497,3.47192],[125.66491,3.46687],[125.66688,3.46238],[125.66614,3.46038],[125.6686,3.45914],[125.6669,3.45187],[125.67042,3.45084],[125.6727,3.45293],[125.67355,3.45058],[125.67176,3.44976],[125.67123,3.44723],[125.67429,3.44644],[125.67244,3.44437],[125.67548,3.44354],[125.67439,3.43974],[125.67633,3.43764],[125.67483,3.4321],[125.67617,3.42658],[125.67169,3.42187],[125.67129,3.41688],[125.66773,3.41816],[125.66686,3.41548],[125.66328,3.41432],[125.66461,3.40624],[125.66384,3.40528],[125.662,3.40739],[125.65964,3.40488],[125.66181,3.40163],[125.65779,3.39969],[125.65767,3.4038],[125.65434,3.40325],[125.65326,3.39913],[125.65494,3.39297],[125.65799,3.39151],[125.65733,3.38957],[125.65411,3.38945],[125.65265,3.39204],[125.6503,3.39242],[125.64997,3.38856],[125.64744,3.38742],[125.64471,3.38314],[125.64344,3.38243],[125.64198,3.38408],[125.64059,3.38174],[125.63761,3.38135],[125.63652,3.38247],[125.63576,3.38013],[125.63444,3.38514],[125.6407,3.38904],[125.6357,3.38923],[125.63325,3.3917],[125.63336,3.3899],[125.62858,3.38843],[125.63071,3.38068],[125.62398,3.38342],[125.62347,3.38634],[125.62071,3.38885],[125.61744,3.38155],[125.61782,3.37964],[125.62058,3.37953],[125.62166,3.3725],[125.61902,3.37129],[125.6167,3.37234],[125.61535,3.37066],[125.6124,3.37413],[125.61156,3.37078],[125.60636,3.37165],[125.60545,3.36832],[125.60446,3.37536],[125.59894,3.37837],[125.59699,3.37778],[125.59503,3.3803],[125.59054,3.37778],[125.58766,3.37832],[125.58768,3.3768],[125.58444,3.3754],[125.58136,3.37563],[125.58438,3.37946],[125.5904,3.38052],[125.5919,3.38365],[125.59097,3.38766],[125.59238,3.38982],[125.58812,3.39718],[125.59035,3.40088],[125.58424,3.40752],[125.58232,3.40696],[125.57938,3.41233],[125.57744,3.41192],[125.57945,3.41457],[125.5753,3.41541],[125.57451,3.41745],[125.57268,3.41563],[125.56958,3.41786],[125.56711,3.41713],[125.56404,3.42052],[125.55836,3.42197],[125.5613,3.42867],[125.56327,3.42753],[125.56831,3.4288],[125.56421,3.42991],[125.56881,3.43543],[125.572,3.4306],[125.57311,3.43402],[125.57487,3.43342],[125.57637,3.42898],[125.57791,3.43003],[125.57951,3.42718],[125.5808,3.43318],[125.58363,3.4307],[125.58492,3.42568],[125.58729,3.42484],[125.58908,3.42779],[125.58713,3.43215],[125.58936,3.43385],[125.58532,3.43594],[125.58519,3.44109],[125.58134,3.43698],[125.58188,3.44016],[125.57754,3.43971],[125.57514,3.43731],[125.57154,3.43782],[125.5702,3.43629],[125.56992,3.44013],[125.56779,3.43729],[125.56638,3.43967],[125.56399,3.43687],[125.56312,3.43805],[125.5596,3.43584],[125.55867,3.4372],[125.55501,3.43639],[125.55459,3.43309],[125.55199,3.43243],[125.55066,3.43487],[125.54849,3.435],[125.54698,3.42605],[125.55092,3.41914],[125.54923,3.41691],[125.54649,3.41667],[125.54442,3.41055],[125.5417,3.41155],[125.53824,3.41765],[125.53387,3.41727],[125.53464,3.40947],[125.5336,3.40746],[125.53352,3.41076],[125.53134,3.41367],[125.52965,3.41163],[125.52696,3.41492],[125.52511,3.41253],[125.52305,3.41321],[125.52333,3.42054],[125.51946,3.4249],[125.52019,3.42783],[125.52385,3.42795],[125.52383,3.43058],[125.52595,3.43289],[125.52102,3.43376],[125.52472,3.43491],[125.52571,3.43726],[125.52076,3.43813],[125.52008,3.4404],[125.5148,3.44082],[125.50295,3.4352],[125.50125,3.43969],[125.50226,3.44325],[125.49862,3.44565],[125.50268,3.44711],[125.5043,3.44971],[125.50088,3.45],[125.50182,3.4511],[125.50002,3.45222],[125.50163,3.45371],[125.49818,3.46009],[125.49357,3.46001],[125.49187,3.45828],[125.49021,3.45978],[125.4944,3.46089],[125.49938,3.46725],[125.49629,3.46773],[125.49675,3.46987],[125.48476,3.46787],[125.49073,3.47312],[125.4889,3.47511],[125.49007,3.47702],[125.48777,3.47872],[125.48649,3.48266],[125.48131,3.48176],[125.48573,3.48556],[125.48723,3.49204],[125.48868,3.50725],[125.48659,3.51261],[125.49035,3.51998],[125.4871,3.52576],[125.49192,3.52818],[125.49234,3.53563],[125.4947,3.53748],[125.49662,3.54596],[125.50049,3.54812],[125.50459,3.55782],[125.50914,3.55902],[125.50899,3.56192],[125.51201,3.56768],[125.50814,3.5735],[125.49934,3.57117],[125.50255,3.57676],[125.50069,3.57837],[125.49741,3.57652],[125.49656,3.57903],[125.49415,3.57937],[125.4913,3.57294],[125.48927,3.57307],[125.48938,3.57515],[125.48615,3.57817],[125.48681,3.58393],[125.48228,3.59379],[125.48989,3.59897],[125.49674,3.59958],[125.50169,3.60218],[125.50403,3.60085],[125.50373,3.60612],[125.50057,3.61027],[125.48012,3.60509],[125.46543,3.61299],[125.44264,3.62057],[125.43272,3.62805],[125.42675,3.63718],[125.41733,3.64005],[125.41347,3.64421],[125.41253,3.65],[125.40565,3.65626],[125.40784,3.66026],[125.40509,3.66133],[125.40275,3.66719],[125.39898,3.66854],[125.3976,3.67339],[125.3993,3.68181],[125.39907,3.69119],[125.3974,3.69411],[125.39817,3.70435],[125.40374,3.7189],[125.41279,3.72173],[125.42449,3.73355],[125.43991,3.73409],[125.44634,3.73723],[125.45873,3.73514],[125.46869,3.73104],[125.49014,3.72954],[125.5077,3.72315],[125.53604,3.68987],[125.54079,3.68651],[125.54252,3.67972],[125.54548,3.67535],[125.55258,3.67117],[125.55358,3.66811],[125.55691,3.66574],[125.55735,3.6608],[125.56209,3.65646],[125.56077,3.64881],[125.56307,3.64725],[125.56757,3.64809],[125.56935,3.65033],[125.57502,3.64243],[125.57466,3.63936],[125.57653,3.63669],[125.56925,3.63286],[125.56552,3.63333],[125.56343,3.63189],[125.56395,3.62911],[125.56642,3.62958],[125.5639,3.62868],[125.56343,3.62645],[125.56519,3.62507],[125.56846,3.62547],[125.56953,3.62706],[125.573,3.62329],[125.57369,3.62601],[125.57584,3.62687],[125.58223,3.62472],[125.5834,3.62566],[125.5869,3.62289],[125.58169,3.62029],[125.58885,3.61155]],[[125.65653,3.4625],[125.65839,3.46291],[125.65851,3.46592],[125.66174,3.46783],[125.66139,3.46641],[125.66344,3.46572],[125.66234,3.46918],[125.66398,3.47175],[125.65436,3.46813],[125.65537,3.46599],[125.65636,3.4676],[125.65653,3.4625]],[[125.52933,3.53311],[125.52645,3.53863],[125.52027,3.53876],[125.51785,3.53414],[125.51467,3.53388],[125.51302,3.5282],[125.5092,3.52421],[125.50688,3.52383],[125.5059,3.52143],[125.50437,3.52297],[125.50181,3.52154],[125.50383,3.50992],[125.50028,3.50429],[125.50363,3.50079],[125.50371,3.49756],[125.50326,3.49541],[125.50064,3.49422],[125.50227,3.49239],[125.50065,3.48791],[125.50246,3.48754],[125.50467,3.48996],[125.50985,3.48875],[125.51139,3.49024],[125.51351,3.4897],[125.51251,3.50444],[125.51712,3.50664],[125.51701,3.50936],[125.52243,3.50961],[125.52768,3.51504],[125.53027,3.51578],[125.53608,3.5113],[125.54525,3.51141],[125.54903,3.50249],[125.54785,3.49391],[125.5501,3.48989],[125.5472,3.48399],[125.5441,3.48191],[125.54385,3.4771],[125.53575,3.47347],[125.53618,3.46755],[125.54278,3.46598],[125.54808,3.4694],[125.55593,3.46875],[125.55644,3.47093],[125.55831,3.4691],[125.56001,3.47176],[125.56587,3.47022],[125.56821,3.47837],[125.57149,3.47968],[125.57251,3.48222],[125.57524,3.48086],[125.57622,3.4781],[125.58179,3.48251],[125.58019,3.48569],[125.58449,3.49202],[125.57512,3.49121],[125.57129,3.49454],[125.56695,3.4952],[125.56711,3.49948],[125.56476,3.49906],[125.56599,3.50292],[125.57072,3.50371],[125.57156,3.50646],[125.568,3.50925],[125.56995,3.51508],[125.5651,3.51622],[125.56481,3.51886],[125.56258,3.51984],[125.56206,3.52436],[125.56755,3.53021],[125.5636,3.53309],[125.56389,3.53099],[125.56068,3.53121],[125.56111,3.53426],[125.55683,3.53535],[125.55523,3.5404],[125.55371,3.53942],[125.55062,3.54119],[125.54964,3.53985],[125.54655,3.54126],[125.54393,3.54055],[125.54364,3.54304],[125.53991,3.53844],[125.53494,3.53977],[125.53672,3.53516],[125.52933,3.53311]],[[125.52168,3.61752],[125.52055,3.61477],[125.52334,3.61379],[125.51908,3.60756],[125.52214,3.60367],[125.53604,3.61062],[125.53457,3.61394],[125.53609,3.61469],[125.53054,3.6196],[125.5273,3.61894],[125.52418,3.62325],[125.52717,3.6256],[125.52393,3.62738],[125.52375,3.62974],[125.52122,3.62729],[125.52247,3.62962],[125.51942,3.63145],[125.52125,3.62372],[125.51457,3.62064],[125.51409,3.61797],[125.51504,3.61685],[125.52168,3.61752]],[[125.40789,3.70588],[125.40351,3.70541],[125.40184,3.70342],[125.40549,3.69895],[125.40443,3.69393],[125.40166,3.69131],[125.40565,3.69255],[125.4074,3.68989],[125.41644,3.68693],[125.41149,3.68479],[125.41384,3.68485],[125.4116,3.68165],[125.41938,3.67527],[125.41476,3.67193],[125.41037,3.66551],[125.4134,3.6653],[125.41194,3.66267],[125.41666,3.6608],[125.41665,3.65779],[125.42304,3.65212],[125.42991,3.65324],[125.4346,3.6578],[125.43608,3.65585],[125.4398,3.65578],[125.44445,3.64731],[125.45553,3.65215],[125.45387,3.65443],[125.45459,3.6569],[125.46137,3.65611],[125.46271,3.65413],[125.46859,3.65265],[125.46516,3.66073],[125.48432,3.66971],[125.49098,3.669],[125.492,3.67097],[125.49566,3.67162],[125.49074,3.69779],[125.49413,3.69757],[125.4961,3.70043],[125.49343,3.7043],[125.49174,3.70532],[125.48855,3.70398],[125.48481,3.70756],[125.48547,3.71018],[125.48037,3.71584],[125.48133,3.71844],[125.47856,3.71699],[125.47679,3.71098],[125.47884,3.71121],[125.47916,3.70855],[125.47125,3.70917],[125.46913,3.69683],[125.45838,3.70424],[125.445,3.70948],[125.44201,3.71278],[125.4419,3.71712],[125.43687,3.71519],[125.43485,3.71806],[125.42745,3.72041],[125.41907,3.72621],[125.41558,3.72224],[125.41651,3.71587],[125.40645,3.7124],[125.40902,3.70867],[125.40789,3.70588]]],[[[125.50339,3.55595],[125.50338,3.55598],[125.50347,3.556],[125.50339,3.55595]]],[[[125.50752,3.56413],[125.50754,3.56437],[125.50797,3.56431],[125.50752,3.56413]]],[[[125.56086,3.58401],[125.56088,3.58415],[125.56087,3.58403],[125.56086,3.58401]]],[[[125.41058,3.71254],[125.41026,3.71086],[125.40913,3.71141],[125.40971,3.71327],[125.41058,3.71254]]],[[[125.57102,3.75573],[125.57112,3.75499],[125.57066,3.755],[125.57102,3.75573]]],[[[125.58119,3.76202],[125.58631,3.75833],[125.58287,3.7592],[125.58249,3.758],[125.58309,3.75473],[125.5864,3.75073],[125.58271,3.75311],[125.57984,3.75249],[125.57391,3.75723],[125.57299,3.75486],[125.571,3.75607],[125.57039,3.75532],[125.56982,3.75009],[125.57132,3.74777],[125.56842,3.74682],[125.56193,3.75398],[125.5594,3.75064],[125.56068,3.74651],[125.55654,3.74759],[125.55502,3.75429],[125.56649,3.76939],[125.5761,3.77024],[125.58119,3.76202]]],[[[125.56521,3.79837],[125.56621,3.79843],[125.56674,3.79498],[125.56551,3.7939],[125.56521,3.79837]]],[[[125.43331,4.66086],[125.43592,4.66277],[125.43777,4.65942],[125.43854,4.65192],[125.43356,4.64816],[125.43445,4.65258],[125.43247,4.65638],[125.43331,4.66086]]],[[[125.42905,4.67085],[125.43245,4.67394],[125.43771,4.67454],[125.43776,4.66961],[125.43478,4.66581],[125.43352,4.66552],[125.43109,4.66929],[125.42925,4.66865],[125.42905,4.67085]]],[[[125.43934,4.67471],[125.43867,4.67476],[125.43877,4.67497],[125.43934,4.67471]]],[[[125.47688,4.73001],[125.47808,4.73713],[125.48032,4.73696],[125.48235,4.7406],[125.4868,4.74097],[125.48786,4.74364],[125.4912,4.74498],[125.49241,4.74378],[125.49191,4.73991],[125.48963,4.7396],[125.48929,4.73568],[125.48628,4.73243],[125.4874,4.73121],[125.486,4.73209],[125.48242,4.7289],[125.4789,4.72827],[125.47688,4.73001]]],[[[125.49083,4.74515],[125.4908,4.74512],[125.49078,4.74514],[125.49083,4.74515]]],[[[125.49157,4.74569],[125.49188,4.74548],[125.49163,4.74529],[125.49157,4.74569]]],[[[125.49013,4.74641],[125.49017,4.74577],[125.48972,4.74582],[125.49013,4.74641]]],[[[125.49122,4.74648],[125.49168,4.74637],[125.49161,4.74622],[125.49122,4.74648]]],[[[125.49238,4.74642],[125.49173,4.74647],[125.4918,4.74653],[125.49238,4.74642]]],[[[125.67636,3.05262],[125.67639,3.05261],[125.67612,3.05232],[125.67636,3.05262]]],[[[125.67511,3.05559],[125.67528,3.05597],[125.6756,3.05566],[125.67511,3.05559]]],[[[125.67513,3.0557],[125.67484,3.05549],[125.67499,3.05609],[125.67513,3.0557]]],[[[125.67598,3.05647],[125.67522,3.05624],[125.67606,3.05859],[125.67598,3.05647]]],[[[125.67717,3.0593],[125.67616,3.05866],[125.67589,3.06022],[125.67717,3.0593]]],[[[125.6761,3.06055],[125.67598,3.06038],[125.67602,3.06052],[125.6761,3.06055]]],[[[125.67702,3.06029],[125.67686,3.06043],[125.67731,3.0609],[125.67702,3.06029]]],[[[125.67592,3.06082],[125.67594,3.06095],[125.67598,3.06092],[125.67592,3.06082]]],[[[125.67615,3.06156],[125.67622,3.06156],[125.67601,3.06119],[125.67615,3.06156]]],[[[125.67622,3.06129],[125.67655,3.06151],[125.67656,3.06145],[125.67622,3.06129]]],[[[125.67395,3.06355],[125.67388,3.06349],[125.67372,3.06371],[125.67395,3.06355]]],[[[125.67371,3.0646],[125.67404,3.0648],[125.6741,3.06464],[125.67371,3.0646]]],[[[125.5656,3.33755],[125.56779,3.3375],[125.56977,3.34042],[125.57242,3.34004],[125.57956,3.34286],[125.57285,3.33797],[125.57047,3.3325],[125.56888,3.33245],[125.5656,3.33755]]],[[[125.61152,3.33887],[125.61163,3.33881],[125.61143,3.33857],[125.61152,3.33887]]],[[[125.57969,3.34301],[125.57988,3.34297],[125.57987,3.34281],[125.57969,3.34301]]],[[[125.59499,3.34912],[125.595,3.3494],[125.59566,3.34927],[125.59499,3.34912]]],[[[125.59332,3.34966],[125.5936,3.34912],[125.59307,3.3491],[125.59332,3.34966]]],[[[125.60247,3.35017],[125.60266,3.35014],[125.60227,3.34943],[125.60247,3.35017]]],[[[125.59676,3.35111],[125.59888,3.35067],[125.59877,3.35025],[125.5973,3.34972],[125.59676,3.35111]]],[[[125.5993,3.35101],[125.6002,3.35134],[125.60028,3.35072],[125.5993,3.35101]]],[[[125.6026,3.35175],[125.60263,3.35177],[125.60265,3.35153],[125.6026,3.35175]]],[[[125.59271,3.35486],[125.59304,3.35479],[125.59258,3.35468],[125.59271,3.35486]]],[[[125.60812,3.34949],[125.60497,3.35186],[125.60624,3.35431],[125.60521,3.35667],[125.60693,3.35767],[125.60538,3.35981],[125.60795,3.36113],[125.60795,3.36552],[125.61184,3.36752],[125.6116,3.3707],[125.61284,3.37149],[125.61458,3.36743],[125.62133,3.36357],[125.62038,3.35721],[125.61818,3.35542],[125.62003,3.35213],[125.61717,3.3516],[125.61531,3.34788],[125.61694,3.34298],[125.62083,3.34158],[125.61444,3.34263],[125.61136,3.33903],[125.61163,3.34204],[125.60908,3.34291],[125.6062,3.34144],[125.60575,3.34497],[125.60812,3.34949]]],[[[125.62321,3.35666],[125.62306,3.35652],[125.62303,3.35657],[125.62321,3.35666]]],[[[125.62105,3.35729],[125.62097,3.35715],[125.62091,3.35726],[125.62105,3.35729]]],[[[125.60252,3.35957],[125.60311,3.35865],[125.60244,3.35714],[125.60252,3.35957]]],[[[125.57757,3.35949],[125.57745,3.36308],[125.57895,3.36248],[125.57935,3.36096],[125.57757,3.35949]]],[[[125.57244,3.3674],[125.5733,3.3672],[125.57313,3.36542],[125.57183,3.36539],[125.57244,3.3674]]],[[[125.58067,3.37602],[125.58059,3.376],[125.58061,3.37632],[125.58067,3.37602]]],[[[125.6385,3.37886],[125.63991,3.37827],[125.64471,3.38171],[125.64359,3.37877],[125.64168,3.37809],[125.64416,3.37377],[125.6412,3.37099],[125.63469,3.37302],[125.63648,3.37571],[125.63859,3.37375],[125.6385,3.37886]]],[[[125.58875,3.3906],[125.58829,3.39086],[125.58856,3.39114],[125.58875,3.3906]]],[[[125.57323,3.41122],[125.57238,3.4114],[125.57275,3.4122],[125.57323,3.41122]]],[[[125.67024,3.45626],[125.67033,3.4559],[125.67021,3.45592],[125.67024,3.45626]]],[[[125.66902,3.45894],[125.669,3.45883],[125.66876,3.45902],[125.66902,3.45894]]],[[[125.6653,3.46907],[125.66546,3.46903],[125.66545,3.46895],[125.6653,3.46907]]],[[[125.66572,3.47158],[125.66526,3.47192],[125.66544,3.47196],[125.66572,3.47158]]],[[[125.66117,3.48986],[125.66123,3.48967],[125.66111,3.49002],[125.66117,3.48986]]],[[[125.66326,3.50416],[125.66298,3.50433],[125.66323,3.5045],[125.66326,3.50416]]],[[[125.66515,3.50502],[125.66542,3.50502],[125.66534,3.50477],[125.66515,3.50502]]],[[[125.66059,3.52631],[125.66068,3.52631],[125.66042,3.52573],[125.66059,3.52631]]],[[[125.65986,3.52791],[125.6598,3.52792],[125.65989,3.52829],[125.65986,3.52791]]],[[[125.65582,3.52813],[125.65392,3.53105],[125.65604,3.53634],[125.66187,3.53436],[125.66312,3.53264],[125.66241,3.53014],[125.65582,3.52813]]],[[[125.65745,3.53914],[125.65761,3.53828],[125.6573,3.53822],[125.65745,3.53914]]],[[[125.65641,3.53978],[125.65664,3.53976],[125.65661,3.53955],[125.65641,3.53978]]],[[[125.63332,3.54028],[125.6332,3.54019],[125.63318,3.54026],[125.63332,3.54028]]],[[[125.61134,3.54446],[125.61129,3.54448],[125.61138,3.5446],[125.61134,3.54446]]],[[[125.61121,3.5456],[125.61102,3.54483],[125.61089,3.54492],[125.61121,3.5456]]],[[[125.64249,3.55316],[125.64553,3.54418],[125.63745,3.53762],[125.63422,3.5404],[125.63679,3.54541],[125.63219,3.54783],[125.63563,3.55344],[125.6364,3.55166],[125.63948,3.55138],[125.64249,3.55316]]],[[[125.61158,3.54569],[125.61176,3.54588],[125.61176,3.54566],[125.61158,3.54569]]],[[[125.58858,3.59546],[125.58824,3.59541],[125.58818,3.59557],[125.58858,3.59546]]],[[[125.59177,3.6094],[125.59224,3.60915],[125.59151,3.60882],[125.59177,3.6094]]],[[[125.58943,3.61133],[125.58922,3.61123],[125.58909,3.61142],[125.58943,3.61133]]],[[[125.59434,3.61173],[125.59462,3.61117],[125.58909,3.61159],[125.59434,3.61173]]],[[[125.61487,3.78117],[125.61567,3.78122],[125.61598,3.77998],[125.61487,3.78117]]],[[[125.58703,3.77935],[125.588,3.78515],[125.58601,3.7878],[125.58995,3.78768],[125.59178,3.79109],[125.59717,3.78973],[125.60032,3.79325],[125.60267,3.79254],[125.60368,3.79408],[125.60462,3.79235],[125.60724,3.79272],[125.60938,3.79106],[125.62011,3.79195],[125.62069,3.79357],[125.62448,3.79391],[125.62604,3.79043],[125.63105,3.78913],[125.63246,3.79034],[125.63342,3.78889],[125.63387,3.78386],[125.62963,3.78497],[125.618,3.78195],[125.61703,3.78413],[125.61438,3.78491],[125.61471,3.78798],[125.61185,3.79031],[125.61066,3.78861],[125.60615,3.78797],[125.60465,3.78182],[125.60038,3.78121],[125.60115,3.77654],[125.59541,3.77542],[125.59465,3.76975],[125.59097,3.7694],[125.58863,3.77119],[125.58703,3.77935]]],[[[125.63516,3.78442],[125.63539,3.7843],[125.63502,3.78398],[125.63516,3.78442]]],[[[125.6093,3.7868],[125.60956,3.7869],[125.6095,3.78657],[125.6093,3.7868]]],[[[125.58458,3.78873],[125.58459,3.7888],[125.58496,3.78879],[125.58458,3.78873]]],[[[125.63342,3.78969],[125.63323,3.78967],[125.63338,3.79051],[125.63342,3.78969]]],[[[125.63307,3.79065],[125.63322,3.79069],[125.63295,3.78997],[125.63307,3.79065]]],[[[125.57708,3.80645],[125.57369,3.80528],[125.57296,3.80837],[125.57708,3.80645]]],[[[125.63214,4.59126],[125.63174,4.58958],[125.62652,4.58892],[125.63214,4.59126]]],[[[125.59995,4.64669],[125.59943,4.64686],[125.5997,4.64712],[125.59995,4.64669]]],[[[125.68221,3.04679],[125.68232,3.0469],[125.68229,3.04673],[125.68221,3.04679]]],[[[125.67898,3.05178],[125.67913,3.05142],[125.67891,3.05136],[125.67898,3.05178]]],[[[125.67824,3.05167],[125.67824,3.05181],[125.67832,3.0518],[125.67824,3.05167]]],[[[125.67824,3.05186],[125.67813,3.05189],[125.67817,3.05199],[125.67824,3.05186]]],[[[125.67816,3.05237],[125.67818,3.05242],[125.67826,3.05239],[125.67816,3.05237]]],[[[125.68056,3.42671],[125.68059,3.4262],[125.68001,3.42791],[125.68056,3.42671]]],[[[125.70927,3.46297],[125.70585,3.45541],[125.70235,3.45196],[125.70376,3.45503],[125.6973,3.45656],[125.6963,3.45929],[125.69055,3.46384],[125.69668,3.46734],[125.69657,3.46994],[125.7035,3.47161],[125.70909,3.47616],[125.71096,3.47609],[125.70927,3.46297]]],[[[125.7384,3.47877],[125.73816,3.47888],[125.73855,3.47928],[125.7384,3.47877]]],[[[125.73626,3.48086],[125.7292,3.47563],[125.72737,3.48132],[125.73233,3.48419],[125.73601,3.48327],[125.73626,3.48086]]],[[[125.73795,3.48051],[125.7383,3.48082],[125.73828,3.47998],[125.73795,3.48051]]],[[[125.73856,3.48272],[125.73878,3.48278],[125.7386,3.48222],[125.73856,3.48272]]],[[[125.73662,3.48366],[125.73638,3.48352],[125.73631,3.48376],[125.73662,3.48366]]],[[[125.73243,3.4847],[125.73264,3.4848],[125.73265,3.4847],[125.73243,3.4847]]],[[[125.73138,3.48673],[125.73158,3.48722],[125.73159,3.4872],[125.73138,3.48673]]],[[[125.73151,3.49325],[125.73137,3.4931],[125.73135,3.49318],[125.73151,3.49325]]],[[[125.73175,3.49614],[125.7319,3.4956],[125.73155,3.49569],[125.73175,3.49614]]],[[[125.73203,3.49672],[125.73178,3.49679],[125.73192,3.49695],[125.73203,3.49672]]],[[[125.73201,3.49726],[125.73196,3.49725],[125.73175,3.4975],[125.73201,3.49726]]],[[[125.76004,3.75544],[125.76085,3.75583],[125.76093,3.75576],[125.76004,3.75544]]],[[[125.7797,3.78094],[125.77972,3.78085],[125.77956,3.78085],[125.7797,3.78094]]],[[[125.78009,3.78143],[125.77962,3.78193],[125.77988,3.78238],[125.78009,3.78143]]],[[[126.76336,3.7738],[126.76522,3.77624],[126.76316,3.77968],[126.75318,3.78478],[126.75261,3.79907],[126.7484,3.80211],[126.74461,3.81512],[126.74535,3.81784],[126.74322,3.82659],[126.74308,3.84236],[126.75152,3.85245],[126.75736,3.85466],[126.76534,3.85299],[126.77996,3.84046],[126.78842,3.83964],[126.79305,3.8357],[126.79806,3.8361],[126.80269,3.8342],[126.80551,3.82812],[126.80994,3.82432],[126.81077,3.82023],[126.81384,3.818],[126.81377,3.81511],[126.81607,3.81476],[126.81802,3.80864],[126.82544,3.80552],[126.82818,3.79755],[126.83188,3.79701],[126.83393,3.79475],[126.83591,3.79092],[126.83521,3.78943],[126.83749,3.78777],[126.83905,3.78335],[126.83992,3.77432],[126.84623,3.76558],[126.85113,3.75361],[126.84551,3.74853],[126.84164,3.74105],[126.83496,3.74271],[126.83061,3.73618],[126.82206,3.72793],[126.81574,3.73612],[126.80935,3.74081],[126.79943,3.74343],[126.79252,3.74238],[126.78555,3.74594],[126.77629,3.76049],[126.77153,3.76066],[126.77,3.76326],[126.76774,3.76342],[126.76694,3.77041],[126.76336,3.7738]],[[126.78481,3.79735],[126.78107,3.79831],[126.78084,3.79593],[126.77931,3.79932],[126.78151,3.80175],[126.7813,3.80543],[126.77718,3.80326],[126.77651,3.79597],[126.77787,3.79245],[126.77603,3.79062],[126.77577,3.78733],[126.77871,3.78483],[126.7828,3.78543],[126.78393,3.78366],[126.78261,3.7822],[126.7839,3.7802],[126.78335,3.77597],[126.79259,3.775],[126.79119,3.77198],[126.79364,3.77112],[126.7941,3.7689],[126.7918,3.76376],[126.79808,3.76154],[126.79982,3.76267],[126.8014,3.75901],[126.80833,3.75834],[126.8109,3.76109],[126.81035,3.77277],[126.80499,3.78148],[126.80234,3.78226],[126.80228,3.78599],[126.80058,3.78786],[126.8049,3.79609],[126.80701,3.79705],[126.80563,3.80301],[126.80377,3.80416],[126.80104,3.8029],[126.79856,3.80864],[126.78949,3.80836],[126.78529,3.80529],[126.7886,3.80311],[126.78481,3.79735]]],[[[125.75884,3.81038],[125.75884,3.81045],[125.75902,3.81036],[125.75884,3.81038]]],[[[125.75794,3.81111],[125.75822,3.81141],[125.75814,3.81062],[125.75794,3.81111]]],[[[125.7575,3.81089],[125.75711,3.81187],[125.75763,3.8116],[125.7575,3.81089]]],[[[125.75757,3.82308],[125.75761,3.82327],[125.75777,3.82323],[125.75757,3.82308]]],[[[125.75776,3.82341],[125.75773,3.82335],[125.75764,3.82364],[125.75776,3.82341]]],[[[125.75795,3.84158],[125.75804,3.84135],[125.75796,3.84138],[125.75795,3.84158]]],[[[125.72441,3.87024],[125.72229,3.86656],[125.72049,3.87271],[125.72441,3.87024]]],[[[125.71944,3.87334],[125.71936,3.87353],[125.72004,3.8732],[125.71944,3.87334]]],[[[125.71829,3.87509],[125.71822,3.87486],[125.71798,3.87491],[125.71829,3.87509]]],[[[125.71744,3.8756],[125.71798,3.87601],[125.71811,3.87563],[125.71744,3.8756]]],[[[126.621,4.04147],[126.62163,4.03734],[126.635,4.02933],[126.6414,4.02072],[126.64318,4.00699],[126.6417,3.99034],[126.64684,3.97692],[126.65252,3.97067],[126.65565,3.96972],[126.66397,3.95937],[126.67027,3.95667],[126.69015,3.941],[126.69907,3.93872],[126.70372,3.93365],[126.71445,3.92623],[126.72096,3.91527],[126.72213,3.89974],[126.72085,3.89519],[126.71801,3.89402],[126.71941,3.89275],[126.7165,3.88866],[126.70585,3.88166],[126.69986,3.87333],[126.69713,3.87318],[126.69177,3.86835],[126.68685,3.87204],[126.68478,3.86953],[126.68523,3.86372],[126.68789,3.86371],[126.68952,3.86168],[126.68756,3.85897],[126.69183,3.84632],[126.69652,3.83819],[126.69732,3.83367],[126.70491,3.82165],[126.70494,3.81578],[126.70245,3.81303],[126.69253,3.81034],[126.68245,3.81315],[126.68125,3.81556],[126.68386,3.81741],[126.68481,3.82139],[126.67736,3.82845],[126.67717,3.83243],[126.67384,3.83838],[126.67582,3.84279],[126.67479,3.84869],[126.67593,3.85648],[126.6728,3.86167],[126.66957,3.86265],[126.66912,3.86916],[126.6628,3.87631],[126.66151,3.88248],[126.66354,3.89208],[126.66539,3.89451],[126.66538,3.90298],[126.66313,3.90841],[126.66866,3.91564],[126.66668,3.9207],[126.66804,3.92367],[126.66683,3.93132],[126.66304,3.93424],[126.66023,3.93411],[126.65902,3.93976],[126.64854,3.93679],[126.64506,3.94624],[126.63765,3.95069],[126.63454,3.95863],[126.63653,3.96967],[126.6331,3.97083],[126.63099,3.97998],[126.62703,3.985],[126.62063,3.98635],[126.61834,3.9856],[126.61791,3.98377],[126.61304,3.98368],[126.62108,3.99254],[126.61936,3.99786],[126.61513,3.9982],[126.61173,4.00179],[126.61489,4.01145],[126.61315,4.015],[126.61755,4.02198],[126.61581,4.03111],[126.60791,4.04076],[126.61202,4.04356],[126.621,4.04147]],[[126.67336,3.93054],[126.67722,3.92673],[126.67725,3.92519],[126.67424,3.92413],[126.6772,3.92274],[126.67582,3.92178],[126.67688,3.91912],[126.67479,3.91898],[126.67472,3.91406],[126.67896,3.9132],[126.68267,3.9148],[126.68534,3.91217],[126.68885,3.91617],[126.68604,3.91699],[126.6901,3.92548],[126.68909,3.92964],[126.68623,3.93146],[126.68636,3.93035],[126.68061,3.93115],[126.67972,3.93837],[126.68123,3.94199],[126.67785,3.93887],[126.6729,3.94181],[126.67336,3.93054]],[[126.66575,3.94544],[126.66746,3.94248],[126.67193,3.94234],[126.66674,3.94495],[126.66583,3.94787],[126.66316,3.94839],[126.66182,3.94778],[126.66054,3.9413],[126.66303,3.94171],[126.6636,3.94459],[126.66575,3.94544]],[[126.62549,4.0153],[126.62423,4.01612],[126.62232,4.01028],[126.625,4.00474],[126.6233,4.00314],[126.6243,4.00068],[126.62663,4.00207],[126.62472,3.99708],[126.62976,3.99774],[126.63957,3.98413],[126.63729,3.99389],[126.63485,3.99775],[126.63537,4.00849],[126.63286,4.01193],[126.62947,4.01277],[126.62966,4.01517],[126.63231,4.01726],[126.62718,4.0203],[126.62483,4.01873],[126.62645,4.01683],[126.62549,4.0153]],[[126.63524,4.01767],[126.63527,4.01844],[126.63367,4.01954],[126.63212,4.01785],[126.63524,4.01767]]],[[[126.7173,3.94504],[126.71735,3.94284],[126.71457,3.93943],[126.70912,3.94386],[126.71044,3.94665],[126.7173,3.94504]]],[[[126.71153,3.95328],[126.70755,3.95373],[126.71094,3.95631],[126.71305,3.95508],[126.71153,3.95328]]],[[[126.80249,4.02605],[126.80235,4.0266],[126.8038,4.02745],[126.80498,4.02567],[126.80249,4.02605]]],[[[126.80152,4.02926],[126.80213,4.02746],[126.80005,4.02844],[126.80152,4.02926]]],[[[126.83208,4.18286],[126.83022,4.18394],[126.83042,4.18489],[126.83273,4.18472],[126.83208,4.18286]]],[[[126.83999,4.19064],[126.83663,4.18805],[126.83715,4.19096],[126.84145,4.19361],[126.84637,4.19422],[126.83999,4.19064]]],[[[125.70345,4.22702],[125.70372,4.22698],[125.70347,4.22674],[125.70345,4.22702]]],[[[125.70147,4.22718],[125.70174,4.22879],[125.70219,4.22858],[125.7021,4.22777],[125.70147,4.22718]]],[[[125.70237,4.22803],[125.70246,4.22786],[125.70238,4.22783],[125.70237,4.22803]]],[[[125.70003,4.22826],[125.70024,4.22841],[125.7003,4.22802],[125.70003,4.22826]]],[[[125.70026,4.22886],[125.70029,4.22883],[125.70018,4.22874],[125.70026,4.22886]]],[[[125.70199,4.22892],[125.70181,4.22891],[125.70189,4.22915],[125.70199,4.22892]]],[[[126.77004,4.24787],[126.7715,4.24691],[126.77119,4.24688],[126.77004,4.24787]]],[[[126.773,4.25034],[126.77302,4.25016],[126.77234,4.24989],[126.773,4.25034]]],[[[126.71148,4.26883],[126.71049,4.26549],[126.70902,4.26837],[126.70901,4.27037],[126.71148,4.26883]]],[[[126.86867,4.25244],[126.86118,4.25093],[126.85821,4.2462],[126.86049,4.23572],[126.86705,4.23133],[126.86988,4.21694],[126.85399,4.20085],[126.84472,4.19806],[126.8409,4.19436],[126.83091,4.18946],[126.82688,4.18553],[126.81708,4.16984],[126.80738,4.16673],[126.8062,4.16391],[126.80709,4.16063],[126.80193,4.15682],[126.80082,4.15097],[126.79639,4.14883],[126.79774,4.14394],[126.79546,4.14002],[126.79642,4.13753],[126.80006,4.13521],[126.79994,4.12931],[126.80427,4.12321],[126.80289,4.11047],[126.80503,4.10726],[126.81109,4.10576],[126.81182,4.10347],[126.81109,4.09931],[126.80796,4.09569],[126.80875,4.08948],[126.80403,4.08264],[126.80753,4.07552],[126.80554,4.06815],[126.80255,4.06597],[126.80452,4.06314],[126.80112,4.05557],[126.80137,4.04258],[126.8062,4.03941],[126.80802,4.03261],[126.80449,4.03109],[126.79973,4.03453],[126.79418,4.03288],[126.79252,4.02906],[126.7942,4.02463],[126.79066,4.01775],[126.7886,4.01655],[126.78426,4.01731],[126.78131,4.00876],[126.77429,4.00978],[126.77228,4.00804],[126.77124,4.0013],[126.76634,3.99996],[126.76594,3.99695],[126.76205,3.99474],[126.74168,3.99331],[126.73362,3.9959],[126.73074,3.99537],[126.71506,4.00146],[126.71496,4.00023],[126.71437,4.00233],[126.71093,4.00398],[126.70202,4.00498],[126.69588,4.00307],[126.68752,3.99541],[126.6792,3.99445],[126.67075,4.00337],[126.66896,4.01422],[126.67017,4.01951],[126.66675,4.03158],[126.66831,4.03541],[126.66743,4.04153],[126.66855,4.04474],[126.68152,4.06133],[126.68748,4.07537],[126.69423,4.07551],[126.70664,4.08605],[126.70983,4.08388],[126.71159,4.08446],[126.71609,4.09163],[126.72367,4.09463],[126.72248,4.09882],[126.73068,4.10456],[126.73125,4.10812],[126.73376,4.11026],[126.7374,4.12555],[126.74256,4.13184],[126.74477,4.13827],[126.74681,4.13848],[126.75002,4.14254],[126.74861,4.14673],[126.75066,4.15543],[126.74958,4.15553],[126.75437,4.16373],[126.75344,4.16545],[126.75575,4.17174],[126.75735,4.17181],[126.75963,4.17522],[126.75924,4.17766],[126.76175,4.1827],[126.75929,4.18265],[126.7624,4.18451],[126.7631,4.18831],[126.77005,4.19309],[126.77551,4.19977],[126.77753,4.19924],[126.78148,4.20169],[126.79033,4.20978],[126.79163,4.21693],[126.79103,4.22268],[126.78811,4.22516],[126.78782,4.22765],[126.79179,4.22962],[126.79254,4.23603],[126.7894,4.2406],[126.7806,4.24761],[126.77873,4.2513],[126.77011,4.25265],[126.76988,4.2538],[126.76709,4.25106],[126.7571,4.24904],[126.75255,4.25251],[126.75202,4.25633],[126.74717,4.26359],[126.7406,4.26204],[126.73891,4.26513],[126.73162,4.26772],[126.73055,4.26646],[126.72541,4.26843],[126.7194,4.26638],[126.71714,4.26727],[126.71538,4.27409],[126.71023,4.27651],[126.71246,4.28305],[126.71085,4.2831],[126.71171,4.28866],[126.71667,4.28688],[126.71696,4.28791],[126.71393,4.28978],[126.7144,4.29263],[126.71273,4.29363],[126.71504,4.30251],[126.71226,4.30769],[126.71616,4.31244],[126.71334,4.31161],[126.71097,4.31297],[126.71151,4.30904],[126.70895,4.30865],[126.70975,4.31831],[126.70497,4.32552],[126.69683,4.33034],[126.70115,4.33124],[126.70106,4.33283],[126.6956,4.33059],[126.69245,4.33139],[126.68715,4.32848],[126.68286,4.33175],[126.68027,4.33654],[126.68258,4.35211],[126.68557,4.35626],[126.69028,4.35876],[126.69011,4.36216],[126.68499,4.36378],[126.68713,4.37575],[126.6886,4.377],[126.69227,4.37493],[126.69585,4.37729],[126.6984,4.38225],[126.70515,4.38216],[126.70187,4.38637],[126.69862,4.38308],[126.69848,4.39039],[126.70125,4.3902],[126.70137,4.39209],[126.6981,4.39162],[126.69629,4.39361],[126.69276,4.39322],[126.69193,4.39449],[126.69548,4.40213],[126.69864,4.40106],[126.70272,4.40594],[126.70496,4.41431],[126.70286,4.41476],[126.70211,4.41072],[126.69851,4.41272],[126.70202,4.42236],[126.70586,4.42318],[126.70383,4.42888],[126.70931,4.42753],[126.71446,4.43104],[126.7198,4.43873],[126.72197,4.43759],[126.72192,4.44122],[126.71829,4.44142],[126.71801,4.44718],[126.71618,4.44701],[126.71306,4.45018],[126.71645,4.45125],[126.71716,4.4563],[126.72121,4.45238],[126.72359,4.45217],[126.7338,4.46254],[126.73259,4.4687],[126.73519,4.47255],[126.72717,4.47597],[126.72523,4.47611],[126.72343,4.47406],[126.72192,4.47475],[126.72419,4.47648],[126.72158,4.47712],[126.72559,4.48164],[126.72447,4.48399],[126.72826,4.48461],[126.72929,4.48791],[126.72101,4.49385],[126.71992,4.51284],[126.72305,4.51758],[126.72479,4.52473],[126.72879,4.52845],[126.73504,4.54019],[126.73966,4.54473],[126.74631,4.54605],[126.74862,4.54383],[126.75176,4.54519],[126.76322,4.54262],[126.76607,4.5399],[126.7672,4.54127],[126.77513,4.5388],[126.77662,4.53738],[126.77331,4.53208],[126.7745,4.52996],[126.7785,4.52651],[126.78463,4.52442],[126.79391,4.53218],[126.80755,4.53402],[126.80958,4.53009],[126.80962,4.52561],[126.8111,4.52454],[126.8137,4.52578],[126.81597,4.52234],[126.81716,4.5174],[126.81593,4.51201],[126.8299,4.5032],[126.83079,4.5004],[126.82857,4.49543],[126.83088,4.49104],[126.83664,4.48785],[126.84141,4.48954],[126.85093,4.48721],[126.8537,4.49005],[126.85509,4.48958],[126.8564,4.48159],[126.8527,4.46632],[126.85623,4.46449],[126.86076,4.45904],[126.86655,4.45915],[126.86776,4.4554],[126.86556,4.44246],[126.86911,4.42883],[126.8661,4.42392],[126.85678,4.4202],[126.85434,4.41472],[126.85145,4.41308],[126.85063,4.40359],[126.85252,4.39343],[126.85176,4.39108],[126.849,4.39057],[126.84785,4.38735],[126.85088,4.3731],[126.85456,4.36227],[126.85995,4.35516],[126.85981,4.35233],[126.86271,4.34724],[126.86427,4.34562],[126.86641,4.34705],[126.86561,4.34262],[126.87463,4.33068],[126.88563,4.32216],[126.88315,4.31867],[126.88708,4.31312],[126.89096,4.31293],[126.89293,4.30467],[126.89561,4.30671],[126.8993,4.30222],[126.90184,4.29416],[126.90948,4.2797],[126.90875,4.2754],[126.91118,4.27054],[126.91055,4.26907],[126.90292,4.26768],[126.89787,4.26195],[126.88786,4.25932],[126.88602,4.26091],[126.88014,4.26096],[126.87713,4.25674],[126.86867,4.25244]],[[126.7386,4.28729],[126.74612,4.28625],[126.74925,4.28432],[126.75174,4.27926],[126.75909,4.27242],[126.76739,4.26906],[126.77556,4.26904],[126.77642,4.26652],[126.77956,4.26759],[126.78437,4.26366],[126.79924,4.26019],[126.80252,4.25664],[126.80207,4.25379],[126.80459,4.25293],[126.80516,4.24986],[126.81023,4.24915],[126.81275,4.24472],[126.81494,4.24439],[126.81808,4.24717],[126.82194,4.24848],[126.82429,4.24698],[126.8281,4.2496],[126.83574,4.26262],[126.84101,4.25649],[126.84348,4.25567],[126.85375,4.26531],[126.87425,4.26611],[126.87842,4.26944],[126.88377,4.28181],[126.88451,4.29077],[126.8831,4.29497],[126.85087,4.33708],[126.84195,4.36443],[126.83483,4.37665],[126.82939,4.39452],[126.82673,4.41042],[126.83272,4.42738],[126.83421,4.43916],[126.83711,4.44113],[126.83782,4.44605],[126.84124,4.44626],[126.84231,4.44856],[126.84134,4.45012],[126.83597,4.45052],[126.833,4.45614],[126.83421,4.46284],[126.82899,4.46765],[126.8246,4.46906],[126.82412,4.47375],[126.81694,4.47608],[126.81592,4.47312],[126.81427,4.47272],[126.81463,4.47893],[126.81235,4.47949],[126.80694,4.48528],[126.80519,4.49189],[126.802,4.49181],[126.79353,4.49857],[126.78966,4.49744],[126.78685,4.50036],[126.78516,4.4999],[126.78454,4.49626],[126.78194,4.49404],[126.78228,4.48898],[126.78082,4.48582],[126.78307,4.48308],[126.78181,4.482],[126.77526,4.48274],[126.77182,4.48006],[126.76784,4.48427],[126.76303,4.48422],[126.7603,4.48194],[126.76453,4.4744],[126.76241,4.46769],[126.77292,4.4675],[126.76654,4.46386],[126.76877,4.45847],[126.76397,4.45704],[126.76518,4.45412],[126.76379,4.45084],[126.76599,4.4502],[126.763,4.44646],[126.76554,4.44635],[126.76182,4.44526],[126.75686,4.43697],[126.75323,4.43459],[126.74922,4.4388],[126.74571,4.43344],[126.73895,4.42956],[126.73077,4.42991],[126.72647,4.42732],[126.72545,4.42378],[126.72776,4.41717],[126.72679,4.41522],[126.72144,4.41287],[126.72034,4.4061],[126.72152,4.40125],[126.72678,4.40465],[126.72874,4.40366],[126.73101,4.39829],[126.72736,4.39504],[126.72358,4.3943],[126.72279,4.39549],[126.7222,4.39415],[126.71741,4.39351],[126.71205,4.38603],[126.71481,4.38418],[126.71546,4.37609],[126.71782,4.37868],[126.7189,4.37596],[126.72021,4.37605],[126.7225,4.37941],[126.72678,4.38154],[126.72935,4.37938],[126.72966,4.38256],[126.73313,4.37851],[126.73079,4.37691],[126.72803,4.37733],[126.72494,4.37159],[126.71877,4.36779],[126.71806,4.35492],[126.7198,4.35101],[126.7178,4.34912],[126.72016,4.34107],[126.72189,4.34021],[126.72097,4.33896],[126.72414,4.33596],[126.71956,4.33415],[126.72497,4.33121],[126.72629,4.33311],[126.72839,4.33281],[126.72946,4.32445],[126.73149,4.32328],[126.73372,4.32461],[126.73623,4.32104],[126.73501,4.31477],[126.74125,4.31349],[126.74487,4.31],[126.74527,4.30547],[126.7432,4.30488],[126.74545,4.30132],[126.73851,4.29699],[126.7386,4.28729]],[[126.78195,4.12302],[126.78383,4.11842],[126.78203,4.11487],[126.77463,4.11402],[126.76908,4.11713],[126.76151,4.11122],[126.76137,4.10551],[126.75377,4.09358],[126.75323,4.09031],[126.75077,4.0881],[126.74422,4.09181],[126.74067,4.09004],[126.73858,4.08536],[126.73638,4.08416],[126.73785,4.08243],[126.73457,4.08173],[126.73349,4.07987],[126.73486,4.07291],[126.73119,4.06763],[126.73208,4.06402],[126.72872,4.06155],[126.72941,4.05801],[126.7271,4.05738],[126.72728,4.05496],[126.72533,4.05504],[126.72322,4.05145],[126.72662,4.04964],[126.72371,4.04891],[126.72508,4.04554],[126.7221,4.0445],[126.72144,4.04044],[126.71543,4.04324],[126.7151,4.03968],[126.71243,4.03661],[126.71502,4.02977],[126.71772,4.0288],[126.71675,4.02544],[126.71434,4.02389],[126.71458,4.01846],[126.71597,4.01696],[126.72227,4.02326],[126.7238,4.01913],[126.72961,4.0154],[126.72992,4.01236],[126.73326,4.00795],[126.74103,4.00284],[126.74766,4.00374],[126.74861,4.00602],[126.74828,4.0017],[126.75125,4.00013],[126.75463,4.00644],[126.7468,4.01159],[126.74761,4.015],[126.75393,4.01215],[126.7582,4.01381],[126.75573,4.01837],[126.75744,4.0193],[126.75556,4.02865],[126.75688,4.03507],[126.75271,4.03535],[126.75303,4.03659],[126.75047,4.03744],[126.74951,4.0362],[126.74875,4.03807],[126.75317,4.04046],[126.75706,4.03918],[126.75714,4.03586],[126.76228,4.03705],[126.76946,4.04882],[126.77172,4.05002],[126.77198,4.04376],[126.77066,4.04237],[126.77118,4.03949],[126.77268,4.03939],[126.77564,4.04665],[126.78003,4.04583],[126.78536,4.04708],[126.78929,4.05037],[126.77944,4.05323],[126.78378,4.06974],[126.78329,4.08114],[126.78538,4.08517],[126.78697,4.0833],[126.78476,4.08216],[126.7851,4.07851],[126.78718,4.0763],[126.79149,4.07654],[126.79297,4.07897],[126.79131,4.07969],[126.79611,4.08364],[126.79343,4.08592],[126.79347,4.08812],[126.79138,4.08877],[126.79518,4.09331],[126.79317,4.09514],[126.78733,4.09223],[126.78619,4.09768],[126.79028,4.09909],[126.79139,4.10193],[126.78551,4.10153],[126.78199,4.11033],[126.78528,4.11173],[126.78483,4.11326],[126.78901,4.11097],[126.79189,4.10613],[126.79833,4.10486],[126.80122,4.10764],[126.79904,4.10908],[126.80014,4.11013],[126.79783,4.11074],[126.79744,4.1131],[126.80122,4.11306],[126.79737,4.11454],[126.80283,4.11623],[126.79813,4.11843],[126.80188,4.1228],[126.7989,4.12984],[126.79628,4.13011],[126.79643,4.13179],[126.79416,4.1334],[126.78948,4.13272],[126.78326,4.13468],[126.78152,4.13988],[126.77988,4.14025],[126.7817,4.14294],[126.77868,4.14932],[126.78204,4.15088],[126.78271,4.15339],[126.78602,4.15334],[126.78998,4.15716],[126.79236,4.16509],[126.79557,4.16356],[126.79742,4.16742],[126.80121,4.16707],[126.80826,4.18171],[126.81153,4.17979],[126.81623,4.18161],[126.81948,4.18965],[126.81638,4.19341],[126.8189,4.19944],[126.82048,4.20161],[126.8217,4.1994],[126.82434,4.19902],[126.83517,4.21237],[126.83999,4.21413],[126.84874,4.23091],[126.83712,4.22885],[126.83194,4.23262],[126.82501,4.22571],[126.8171,4.22551],[126.81358,4.21885],[126.81291,4.21073],[126.81003,4.20661],[126.80802,4.20641],[126.8014,4.21233],[126.80181,4.20791],[126.79613,4.20408],[126.79788,4.20015],[126.79141,4.19834],[126.79031,4.19457],[126.78663,4.19296],[126.78688,4.18882],[126.77872,4.18717],[126.77045,4.18011],[126.76797,4.17112],[126.77227,4.17158],[126.77311,4.16985],[126.77113,4.16546],[126.77166,4.15703],[126.76937,4.15007],[126.77049,4.14466],[126.77317,4.13936],[126.77663,4.13889],[126.78048,4.13365],[126.7848,4.13244],[126.78195,4.12302]],[[126.73442,4.45762],[126.73664,4.45941],[126.73525,4.4614],[126.73442,4.45762]],[[126.68798,4.35147],[126.69026,4.35535],[126.68714,4.3546],[126.68798,4.35147]]],[[[126.70045,4.28305],[126.69855,4.28196],[126.6981,4.28389],[126.70017,4.28488],[126.70045,4.28305]]],[[[126.85294,4.39595],[126.85341,4.39575],[126.85313,4.39529],[126.85294,4.39595]]],[[[125.69692,4.43325],[125.69642,4.43205],[125.68961,4.43204],[125.68797,4.43743],[125.69142,4.43712],[125.69256,4.43847],[125.69692,4.43325]]],[[[126.71044,4.44573],[126.71107,4.44598],[126.71105,4.44564],[126.71044,4.44573]]],[[[126.72348,4.48407],[126.72379,4.48395],[126.72364,4.4838],[126.72348,4.48407]]],[[[127.12147,4.61292],[127.11851,4.61653],[127.12064,4.61736],[127.12525,4.61387],[127.13118,4.61259],[127.14607,4.61906],[127.14852,4.61803],[127.14919,4.61627],[127.14761,4.61588],[127.1445,4.6092],[127.14281,4.60756],[127.12147,4.61292]]],[[[127.15742,4.62249],[127.1563,4.62426],[127.15817,4.63346],[127.16351,4.6274],[127.16233,4.62395],[127.15742,4.62249]]],[[[127.15525,4.64423],[127.16114,4.64339],[127.16098,4.64088],[127.15828,4.64087],[127.15739,4.63917],[127.15511,4.64084],[127.15525,4.64423]]],[[[127.16183,4.64524],[127.16212,4.64525],[127.16092,4.64436],[127.16183,4.64524]]],[[[127.13089,4.69539],[127.13237,4.70206],[127.13609,4.70469],[127.14082,4.70459],[127.14373,4.70048],[127.1431,4.68919],[127.14062,4.6877],[127.13089,4.69539]]],[[[127.08308,4.73562],[127.09122,4.73376],[127.0931,4.73138],[127.09262,4.72909],[127.08828,4.72589],[127.08347,4.71868],[127.07494,4.71727],[127.06842,4.71896],[127.05664,4.7273],[127.05398,4.73143],[127.05513,4.73436],[127.06069,4.73655],[127.06305,4.74146],[127.07077,4.73953],[127.07851,4.73966],[127.08308,4.73562]]],[[[127.11032,4.74715],[127.11613,4.76284],[127.12907,4.77717],[127.13329,4.77838],[127.14147,4.76903],[127.14438,4.75963],[127.14556,4.74981],[127.14309,4.74212],[127.13724,4.73477],[127.13021,4.73143],[127.11592,4.73208],[127.11301,4.7345],[127.11032,4.74715]]],[[[127.05997,4.80629],[127.06368,4.80646],[127.06488,4.79693],[127.06411,4.79406],[127.06087,4.79163],[127.05736,4.79187],[127.05686,4.80087],[127.05997,4.80629]]],[[[126.58053,5.54466],[126.58133,5.54524],[126.58206,5.54353],[126.58053,5.54466]]],[[[126.57672,5.55784],[126.58211,5.56581],[126.58807,5.56449],[126.58984,5.56549],[126.59095,5.56217],[126.58869,5.55534],[126.58071,5.549],[126.57974,5.54546],[126.57672,5.55784]]]]},"properties":{"fungsi":"APL"}},{"type":"Feature","geometry":{"type":"Polygon","coordinates":[[[123.69503,0.82789],[123.69915,0.82311],[123.70038,0.81863],[123.70074,0.80903],[123.69878,0.80143],[123.69536,0.79866],[123.68002,0.79427],[123.67805,0.79129],[123.68904,0.76504],[123.68897,0.75998],[123.68127,0.76026],[123.67157,0.74972],[123.65861,0.74214],[123.61622,0.73572],[123.58205,0.73488],[123.53071,0.72811],[123.52566,0.73001],[123.51908,0.75008],[123.51902,0.77607],[123.5238,0.76993],[123.52608,0.76929],[123.52797,0.77272],[123.53008,0.77158],[123.53065,0.77349],[123.52884,0.77409],[123.5318,0.7763],[123.53233,0.78025],[123.52715,0.78151],[123.5252,0.78734],[123.52349,0.78788],[123.52751,0.79379],[123.53316,0.79851],[123.53834,0.80171],[123.54277,0.80098],[123.56818,0.80429],[123.56959,0.80183],[123.57405,0.80315],[123.57672,0.80135],[123.57378,0.79869],[123.57693,0.79827],[123.57749,0.79605],[123.57519,0.79247],[123.57811,0.79146],[123.57897,0.78664],[123.57745,0.78594],[123.58028,0.78474],[123.58309,0.79001],[123.58699,0.78996],[123.59013,0.79676],[123.59829,0.8044],[123.59843,0.79372],[123.60026,0.79532],[123.60147,0.80499],[123.61098,0.81176],[123.61238,0.80908],[123.61559,0.80764],[123.61678,0.80889],[123.6193,0.8047],[123.62111,0.80453],[123.6199,0.80956],[123.61619,0.81518],[123.61764,0.81753],[123.6282,0.81621],[123.62901,0.81465],[123.62982,0.81727],[123.62261,0.81832],[123.61867,0.8215],[123.61707,0.8267],[123.61824,0.82847],[123.61446,0.83189],[123.61634,0.83364],[123.62437,0.82902],[123.6261,0.8255],[123.62478,0.82275],[123.62825,0.82323],[123.63012,0.81937],[123.63481,0.81784],[123.633,0.8155],[123.62948,0.81482],[123.6301,0.81257],[123.63317,0.81286],[123.63438,0.81099],[123.63179,0.80666],[123.63454,0.80635],[123.63126,0.80352],[123.63086,0.80166],[123.63183,0.79991],[123.63177,0.80314],[123.63471,0.80429],[123.6349,0.80209],[123.63577,0.80325],[123.63789,0.802],[123.63756,0.79886],[123.63975,0.79837],[123.63555,0.79253],[123.63616,0.79128],[123.63896,0.79203],[123.63668,0.79004],[123.6396,0.78995],[123.63947,0.79479],[123.64303,0.79876],[123.64163,0.80221],[123.64316,0.80248],[123.64325,0.80472],[123.65382,0.80206],[123.65533,0.80438],[123.64781,0.80812],[123.64869,0.81135],[123.65129,0.81211],[123.65668,0.80955],[123.66166,0.80924],[123.66322,0.81063],[123.66163,0.81345],[123.66506,0.8147],[123.66594,0.818],[123.66455,0.8204],[123.65436,0.82274],[123.65013,0.82727],[123.65003,0.83497],[123.65619,0.83579],[123.65524,0.84289],[123.65765,0.84241],[123.65884,0.83651],[123.67122,0.82683],[123.6755,0.82774],[123.67626,0.8263],[123.68304,0.82589],[123.68396,0.82661],[123.68189,0.82742],[123.68039,0.83062],[123.69503,0.82789]],[[123.63675,0.77393],[123.63664,0.77195],[123.63776,0.77248],[123.63833,0.77431],[123.63675,0.77393]],[[123.64259,0.77481],[123.64358,0.77533],[123.64241,0.77581],[123.64259,0.77481]],[[123.64042,0.77549],[123.63605,0.77797],[123.63544,0.77468],[123.64042,0.77549]],[[123.64076,0.78629],[123.63983,0.78819],[123.63769,0.78692],[123.64341,0.78247],[123.64589,0.77805],[123.64471,0.77538],[123.64693,0.77492],[123.64596,0.78006],[123.64076,0.78629]],[[123.64178,0.79376],[123.64044,0.79391],[123.64022,0.78786],[123.64358,0.78377],[123.64419,0.78692],[123.64287,0.78607],[123.64136,0.78813],[123.64294,0.78955],[123.64178,0.79376]]]},"properties":{"fungsi":"HPK"}},{"type":"Feature","geometry":{"type":"MultiPolygon","coordinates":[[[[125.09099,1.55975],[125.08874,1.56134],[125.0903,1.56337],[125.09641,1.56427],[125.09549,1.56767],[125.08949,1.57048],[125.09089,1.5755],[125.08849,1.57999],[125.08862,1.58365],[125.08608,1.58114],[125.08879,1.57607],[125.08643,1.57379],[125.08673,1.57057],[125.08446,1.57079],[125.0833,1.57478],[125.08063,1.57654],[125.08134,1.58465],[125.08502,1.58684],[125.08082,1.59094],[125.07982,1.59513],[125.07765,1.59561],[125.07564,1.59412],[125.07552,1.59169],[125.07093,1.58854],[125.06553,1.58865],[125.06152,1.5862],[125.05918,1.59094],[125.05602,1.5909],[125.05516,1.58896],[125.05668,1.58716],[125.05494,1.58539],[125.05479,1.57826],[125.05783,1.57491],[125.05633,1.57288],[125.05685,1.56931],[125.06011,1.56706],[125.06032,1.56242],[125.05515,1.55841],[125.05009,1.55946],[125.04695,1.55533],[125.04583,1.54789],[125.03515,1.54716],[125.03299,1.54539],[125.03118,1.54776],[125.02985,1.54286],[125.02804,1.54429],[125.02813,1.5431],[125.0249,1.54279],[125.02604,1.54037],[125.02447,1.53923],[125.02632,1.5391],[125.02877,1.5357],[125.02694,1.53475],[125.02347,1.53602],[125.02428,1.53427],[125.02197,1.53188],[125.02518,1.53112],[125.02744,1.53284],[125.02831,1.53181],[125.02357,1.52871],[125.02439,1.52745],[125.01827,1.52544],[125.01382,1.52593],[125.00736,1.5427],[125.00818,1.55208],[125.01294,1.57005],[125.01746,1.57328],[125.03595,1.57383],[125.03936,1.57924],[125.04329,1.58173],[125.04615,1.59312],[125.06601,1.62512],[125.07105,1.63909],[125.07831,1.64577],[125.08433,1.64252],[125.08745,1.6383],[125.08942,1.63163],[125.08737,1.61324],[125.08029,1.6026],[125.07903,1.59759],[125.08698,1.594],[125.0881,1.58768],[125.09184,1.58366],[125.09099,1.57829],[125.09557,1.57571],[125.09766,1.57152],[125.09721,1.562],[125.09099,1.55975]]],[[[124.37487,0.6753],[124.37294,0.67752],[124.37719,0.67968],[124.37762,0.68154],[124.38004,0.68036],[124.382,0.68237],[124.3855,0.68082],[124.386,0.68312],[124.38971,0.68617],[124.39374,0.68656],[124.39666,0.69069],[124.40265,0.69123],[124.40539,0.68959],[124.41451,0.68111],[124.42648,0.66544],[124.43257,0.66093],[124.4431,0.65906],[124.44401,0.656],[124.45002,0.65282],[124.4516,0.64979],[124.45683,0.64974],[124.45865,0.634],[124.47125,0.6281],[124.4835,0.61577],[124.48927,0.59024],[124.48934,0.58295],[124.48735,0.57957],[124.47881,0.57361],[124.47311,0.57215],[124.46519,0.55966],[124.45256,0.55711],[124.44203,0.56261],[124.43805,0.56274],[124.43058,0.55614],[124.41276,0.55011],[124.39007,0.55074],[124.38112,0.54405],[124.37599,0.53753],[124.37532,0.53249],[124.37764,0.52248],[124.38346,0.51743],[124.38792,0.51652],[124.4063,0.52954],[124.41015,0.52861],[124.41643,0.52292],[124.42692,0.52263],[124.46505,0.5364],[124.46919,0.54015],[124.47726,0.52619],[124.47461,0.52178],[124.4671,0.51862],[124.43976,0.51159],[124.41759,0.50975],[124.39833,0.5042],[124.39985,0.49663],[124.39125,0.49491],[124.3765,0.4983],[124.3713,0.50156],[124.36597,0.50783],[124.36208,0.50867],[124.35575,0.50454],[124.36002,0.49468],[124.3589,0.48679],[124.36026,0.48242],[124.3666,0.48232],[124.36709,0.48039],[124.36589,0.47439],[124.36112,0.46864],[124.34328,0.46554],[124.34309,0.47015],[124.33935,0.47362],[124.33759,0.47299],[124.33664,0.46701],[124.33545,0.46701],[124.33664,0.46988],[124.33545,0.47107],[124.33054,0.46475],[124.32757,0.46475],[124.32477,0.45812],[124.3223,0.45845],[124.3135,0.46258],[124.32033,0.4701],[124.31401,0.47734],[124.30827,0.47356],[124.30542,0.47381],[124.29987,0.46884],[124.29569,0.45822],[124.28883,0.45024],[124.27785,0.44802],[124.2745,0.45737],[124.27113,0.45942],[124.25502,0.46113],[124.24804,0.46424],[124.24284,0.46966],[124.23914,0.48239],[124.23514,0.48425],[124.23206,0.48327],[124.23202,0.48678],[124.23634,0.49717],[124.25062,0.51145],[124.25236,0.52684],[124.26134,0.53752],[124.25972,0.53716],[124.26362,0.53899],[124.28235,0.53922],[124.2978,0.54635],[124.30406,0.55295],[124.30464,0.56156],[124.29869,0.57954],[124.30024,0.57907],[124.30164,0.58358],[124.30378,0.58316],[124.3004,0.5917],[124.29604,0.59284],[124.29327,0.59637],[124.29666,0.60012],[124.29789,0.59897],[124.29592,0.59778],[124.29668,0.59573],[124.29943,0.59789],[124.3068,0.59532],[124.30772,0.5963],[124.30571,0.59785],[124.30478,0.60168],[124.30868,0.59845],[124.318,0.60505],[124.31687,0.6067],[124.31526,0.60415],[124.31088,0.60396],[124.31218,0.60616],[124.30847,0.60739],[124.31045,0.61621],[124.31429,0.61746],[124.31397,0.61901],[124.31003,0.61951],[124.30955,0.62349],[124.30737,0.62349],[124.31007,0.62642],[124.31637,0.62272],[124.31888,0.62423],[124.32028,0.62737],[124.31871,0.6312],[124.31982,0.6312],[124.31761,0.63281],[124.32601,0.63072],[124.32993,0.6334],[124.32426,0.63714],[124.32198,0.63641],[124.31958,0.63804],[124.31979,0.641],[124.3219,0.64068],[124.32314,0.64359],[124.32227,0.647],[124.32794,0.64546],[124.33045,0.64676],[124.32955,0.64812],[124.33071,0.64908],[124.34035,0.64533],[124.35873,0.64493],[124.3617,0.64387],[124.36192,0.64174],[124.35957,0.63622],[124.34598,0.62369],[124.32112,0.61115],[124.31942,0.60626],[124.32154,0.60031],[124.32071,0.58852],[124.32449,0.59548],[124.33456,0.59872],[124.33641,0.60415],[124.3412,0.60456],[124.34232,0.60869],[124.34853,0.60335],[124.35102,0.60434],[124.35025,0.5965],[124.35408,0.59202],[124.35438,0.58922],[124.3543,0.58802],[124.35059,0.58862],[124.35628,0.58515],[124.35595,0.58112],[124.37001,0.58225],[124.39471,0.57737],[124.40396,0.57842],[124.43965,0.58777],[124.44985,0.59648],[124.45559,0.60775],[124.45622,0.61539],[124.45453,0.62198],[124.45198,0.62751],[124.4456,0.63431],[124.43604,0.63898],[124.41224,0.64196],[124.39631,0.66172],[124.38993,0.66745],[124.37374,0.67015],[124.37487,0.6753]]],[[[124.34699,0.66288],[124.34648,0.66359],[124.34494,0.66376],[124.34289,0.66495],[124.34011,0.66436],[124.33749,0.66888],[124.33886,0.67324],[124.34156,0.67588],[124.34795,0.67558],[124.3474,0.67843],[124.3446,0.67904],[124.34169,0.67734],[124.33948,0.6791],[124.34215,0.68366],[124.3482,0.68295],[124.34992,0.68104],[124.35248,0.66527],[124.34699,0.66288]]],[[[124.10978,0.72013],[124.10903,0.72266],[124.10675,0.72355],[124.10452,0.72962],[124.10206,0.73142],[124.10827,0.73223],[124.10829,0.73558],[124.10481,0.73704],[124.10479,0.74131],[124.10744,0.74543],[124.10502,0.74783],[124.10564,0.75153],[124.10208,0.75292],[124.10899,0.75803],[124.10335,0.76404],[124.10797,0.76298],[124.10959,0.76513],[124.10696,0.76779],[124.10292,0.76867],[124.10754,0.77026],[124.10717,0.77356],[124.12548,0.77546],[124.1347,0.77941],[124.14056,0.78455],[124.14679,0.78271],[124.14587,0.78077],[124.14852,0.77606],[124.16411,0.75743],[124.17602,0.7479],[124.18115,0.74631],[124.18387,0.74769],[124.19129,0.7401],[124.19831,0.72312],[124.20393,0.70228],[124.20512,0.70021],[124.21435,0.70043],[124.21941,0.68962],[124.21944,0.67876],[124.21602,0.66721],[124.21404,0.66474],[124.2134,0.66637],[124.20962,0.66643],[124.20791,0.66336],[124.20142,0.65912],[124.1983,0.6614],[124.2024,0.66678],[124.20133,0.66961],[124.20467,0.67584],[124.2084,0.67877],[124.2053,0.68435],[124.20676,0.68768],[124.19956,0.69103],[124.20145,0.69568],[124.19887,0.69964],[124.19006,0.69946],[124.18809,0.70695],[124.19072,0.71103],[124.18725,0.71584],[124.18816,0.72192],[124.18691,0.72692],[124.18035,0.73029],[124.17338,0.72929],[124.17495,0.72575],[124.17477,0.71961],[124.17105,0.71979],[124.16546,0.71635],[124.16448,0.7176],[124.16079,0.71732],[124.15966,0.72227],[124.15748,0.72286],[124.15119,0.73022],[124.15583,0.73429],[124.15678,0.73781],[124.15214,0.75777],[124.14601,0.76544],[124.14242,0.76748],[124.13461,0.76598],[124.13039,0.761],[124.13212,0.74822],[124.13854,0.72946],[124.13257,0.73239],[124.13057,0.73062],[124.1279,0.73115],[124.12662,0.72913],[124.1285,0.7281],[124.12693,0.7257],[124.13105,0.72387],[124.13138,0.71846],[124.1358,0.71344],[124.1376,0.71339],[124.14013,0.71651],[124.14582,0.71011],[124.14992,0.7101],[124.15588,0.71769],[124.15857,0.71564],[124.15824,0.71065],[124.15985,0.70799],[124.16432,0.70782],[124.16639,0.7116],[124.16947,0.71074],[124.16987,0.71272],[124.17201,0.7103],[124.16892,0.70733],[124.16976,0.70499],[124.1682,0.70496],[124.16725,0.69905],[124.16182,0.69704],[124.17034,0.69637],[124.17315,0.69333],[124.17374,0.68849],[124.16809,0.68875],[124.16575,0.68587],[124.16202,0.68621],[124.1565,0.68139],[124.15443,0.6842],[124.15206,0.68469],[124.15387,0.68683],[124.14433,0.68949],[124.14538,0.69159],[124.14402,0.69601],[124.14179,0.69937],[124.13682,0.7008],[124.13607,0.70375],[124.13314,0.70184],[124.13053,0.70649],[124.12772,0.70382],[124.12461,0.70667],[124.117,0.70319],[124.11462,0.70483],[124.11089,0.70898],[124.10817,0.7185],[124.10978,0.72013]]],[[[124.09083,0.7737],[124.08962,0.77602],[124.09195,0.77973],[124.08939,0.785],[124.0857,0.78311],[124.08214,0.78531],[124.06587,0.78498],[124.06209,0.78666],[124.05705,0.78558],[124.044,0.79032],[124.02489,0.79176],[124.01894,0.79308],[124.01557,0.79624],[124.01029,0.79541],[124.00796,0.79708],[123.99723,0.79601],[123.98356,0.79699],[123.98138,0.79867],[123.9745,0.7971],[123.97159,0.79991],[123.97023,0.80636],[123.96524,0.80662],[123.95659,0.80183],[123.95306,0.80208],[123.94702,0.79944],[123.94455,0.7946],[123.9409,0.79526],[123.93296,0.79272],[123.92957,0.79385],[123.92561,0.79297],[123.91946,0.79528],[123.91333,0.79426],[123.91209,0.79794],[123.90982,0.79791],[123.90613,0.79468],[123.90358,0.79681],[123.90249,0.79554],[123.8984,0.7972],[123.8993,0.80166],[123.90385,0.8025],[123.90706,0.80505],[123.9128,0.80509],[123.91412,0.80796],[123.91933,0.80774],[123.92115,0.8062],[123.92553,0.80677],[123.92714,0.81521],[123.92434,0.81887],[123.92889,0.81768],[123.93338,0.82106],[123.93264,0.8221],[123.93849,0.82228],[123.93891,0.82511],[123.93738,0.82605],[123.93938,0.8282],[123.94109,0.8245],[123.94362,0.825],[123.94515,0.82357],[123.94187,0.81897],[123.94412,0.81919],[123.94644,0.81699],[123.95476,0.81853],[123.95507,0.82098],[123.95257,0.82314],[123.95632,0.8297],[123.95799,0.83006],[123.9627,0.82392],[123.96612,0.82449],[123.96777,0.82243],[123.96803,0.82514],[123.97038,0.82488],[123.97162,0.82699],[123.97372,0.82641],[123.97386,0.82811],[123.97678,0.82924],[123.979,0.8278],[123.97698,0.82603],[123.97998,0.8217],[123.9902,0.825],[123.99189,0.82413],[123.99436,0.81932],[123.99232,0.81844],[123.99424,0.81437],[123.9961,0.8192],[123.99898,0.81932],[123.99836,0.82397],[124.00047,0.82607],[124.00433,0.82425],[124.00445,0.82542],[124.00775,0.82593],[124.00896,0.82999],[124.0141,0.82717],[124.01436,0.82231],[124.01776,0.81884],[124.0208,0.82018],[124.02175,0.81649],[124.02025,0.81511],[124.02185,0.81386],[124.02753,0.81254],[124.0295,0.81522],[124.03312,0.8129],[124.03309,0.81448],[124.03473,0.81457],[124.03915,0.81333],[124.04201,0.8088],[124.04422,0.81258],[124.04374,0.81522],[124.04764,0.81668],[124.04997,0.81503],[124.04905,0.81278],[124.05026,0.81041],[124.0568,0.81131],[124.05789,0.8087],[124.05575,0.80598],[124.05753,0.80258],[124.05922,0.80356],[124.06187,0.80143],[124.065,0.80262],[124.07018,0.80059],[124.06963,0.79707],[124.07294,0.79413],[124.07132,0.78726],[124.0746,0.78841],[124.07633,0.78723],[124.07714,0.78833],[124.07519,0.78898],[124.07591,0.79451],[124.07957,0.79781],[124.08397,0.79769],[124.08439,0.795],[124.0877,0.79266],[124.0892,0.78677],[124.09276,0.78529],[124.09386,0.78684],[124.09723,0.78184],[124.10132,0.78024],[124.09799,0.7736],[124.09561,0.7725],[124.09083,0.7737]]],[[[123.23883,0.83903],[123.23972,0.84701],[123.23523,0.85457],[123.2226,0.85876],[123.22136,0.86049],[123.22172,0.87113],[123.2226,0.8728],[123.23311,0.87291],[123.23574,0.87932],[123.23907,0.87456],[123.24172,0.87428],[123.24242,0.87725],[123.23559,0.88399],[123.24191,0.88702],[123.24369,0.88213],[123.24608,0.8813],[123.25077,0.87355],[123.25615,0.8698],[123.25208,0.86922],[123.25068,0.87138],[123.24343,0.86929],[123.24515,0.86602],[123.2493,0.86534],[123.25193,0.86071],[123.26047,0.86523],[123.25836,0.86901],[123.26041,0.87114],[123.26259,0.86754],[123.2638,0.8689],[123.26179,0.87189],[123.26274,0.87319],[123.26601,0.87383],[123.26675,0.87541],[123.2709,0.87398],[123.26972,0.87016],[123.26662,0.86726],[123.27052,0.85968],[123.26974,0.85358],[123.27485,0.85821],[123.2776,0.85618],[123.27775,0.85844],[123.28207,0.86002],[123.28068,0.86399],[123.27577,0.86284],[123.27419,0.86608],[123.27525,0.86756],[123.27287,0.86892],[123.2741,0.86954],[123.27671,0.87041],[123.27972,0.86905],[123.28837,0.87308],[123.29587,0.86967],[123.30087,0.86397],[123.30346,0.86431],[123.30335,0.8664],[123.30791,0.86683],[123.30929,0.8651],[123.30486,0.85847],[123.30121,0.85981],[123.29863,0.85876],[123.30405,0.85531],[123.30297,0.8524],[123.30475,0.85307],[123.30471,0.85125],[123.30997,0.85072],[123.32003,0.85319],[123.32228,0.85264],[123.32492,0.84812],[123.32218,0.84784],[123.319,0.84022],[123.32319,0.83715],[123.32421,0.83083],[123.32913,0.82528],[123.32499,0.82057],[123.32531,0.81598],[123.32361,0.81402],[123.32552,0.80742],[123.32262,0.80728],[123.32134,0.80454],[123.32387,0.80484],[123.33364,0.79812],[123.33489,0.79964],[123.33186,0.80328],[123.33582,0.80651],[123.3343,0.81195],[123.33603,0.81476],[123.33796,0.81478],[123.33944,0.81446],[123.3371,0.81066],[123.33879,0.8066],[123.34371,0.81125],[123.34802,0.79898],[123.3496,0.80066],[123.34922,0.80529],[123.35486,0.80612],[123.3535,0.80857],[123.35492,0.81134],[123.35393,0.81646],[123.35199,0.81658],[123.35024,0.82691],[123.35295,0.82987],[123.34859,0.83833],[123.35143,0.84146],[123.34701,0.85183],[123.35135,0.85542],[123.3491,0.8514],[123.356,0.83825],[123.35437,0.83591],[123.35793,0.83343],[123.35689,0.82861],[123.36003,0.82443],[123.35903,0.82165],[123.36707,0.8151],[123.36518,0.80783],[123.36235,0.8079],[123.36228,0.80225],[123.36502,0.80077],[123.36418,0.79712],[123.36674,0.79484],[123.36725,0.7907],[123.37229,0.79025],[123.37424,0.78836],[123.37014,0.78243],[123.36619,0.78518],[123.36053,0.78384],[123.36112,0.78065],[123.36884,0.776],[123.36875,0.77429],[123.37412,0.77542],[123.37758,0.77176],[123.38191,0.77012],[123.38257,0.77513],[123.37892,0.7764],[123.38088,0.77813],[123.37574,0.77985],[123.37843,0.79322],[123.37641,0.7954],[123.37669,0.79964],[123.37857,0.80157],[123.37453,0.80303],[123.37605,0.80713],[123.37957,0.80903],[123.37872,0.81119],[123.38096,0.81386],[123.37508,0.8142],[123.37411,0.81906],[123.36813,0.82456],[123.36911,0.82623],[123.37353,0.82514],[123.37595,0.83038],[123.37779,0.83117],[123.37817,0.82564],[123.37938,0.82543],[123.38167,0.83089],[123.38372,0.8314],[123.38311,0.8337],[123.37776,0.83518],[123.37415,0.83443],[123.37322,0.8367],[123.37471,0.83975],[123.37999,0.84068],[123.38303,0.84639],[123.37915,0.84641],[123.37326,0.85383],[123.37703,0.85533],[123.37778,0.86144],[123.38619,0.86864],[123.38931,0.86744],[123.39257,0.86878],[123.39448,0.8662],[123.39704,0.86639],[123.39755,0.86818],[123.39378,0.8713],[123.39401,0.87326],[123.39598,0.87386],[123.40018,0.87335],[123.40008,0.87075],[123.40336,0.86902],[123.40497,0.87655],[123.40014,0.87431],[123.39916,0.87604],[123.40082,0.87847],[123.39849,0.88026],[123.40578,0.88336],[123.41286,0.88114],[123.42138,0.872],[123.42197,0.86654],[123.42508,0.86782],[123.42657,0.86458],[123.43157,0.86189],[123.43609,0.86492],[123.43977,0.86406],[123.44109,0.86624],[123.44035,0.87027],[123.44703,0.87108],[123.45121,0.8692],[123.44993,0.86403],[123.45221,0.85924],[123.45365,0.84817],[123.45993,0.84853],[123.46004,0.84644],[123.46218,0.84799],[123.46438,0.84452],[123.4708,0.84306],[123.47392,0.83779],[123.47604,0.83743],[123.47699,0.8389],[123.48027,0.83761],[123.48262,0.82737],[123.48574,0.82468],[123.4882,0.83036],[123.49339,0.83183],[123.48877,0.82663],[123.48252,0.82235],[123.49241,0.8159],[123.49399,0.81141],[123.50693,0.81317],[123.51189,0.81239],[123.52491,0.81606],[123.52831,0.81928],[123.53213,0.82731],[123.53993,0.81937],[123.55129,0.81723],[123.56247,0.81905],[123.56452,0.81633],[123.54542,0.80654],[123.53181,0.79754],[123.52524,0.79088],[123.52041,0.78168],[123.51883,0.77353],[123.51908,0.75008],[123.52566,0.73001],[123.52852,0.72811],[123.58205,0.73488],[123.62554,0.73662],[123.65861,0.74214],[123.67157,0.74972],[123.68127,0.76026],[123.7023,0.75944],[123.71469,0.76288],[123.74054,0.78493],[123.75498,0.78715],[123.75771,0.78523],[123.77753,0.79057],[123.77792,0.70645],[123.81781,0.70647],[123.81783,0.63415],[123.81545,0.63143],[123.80375,0.6271],[123.78382,0.62105],[123.77764,0.62107],[123.75683,0.61424],[123.74354,0.61401],[123.73393,0.61147],[123.72564,0.61832],[123.66509,0.60174],[123.6651,0.60632],[123.65888,0.60569],[123.65903,0.60741],[123.66521,0.61159],[123.66561,0.61406],[123.67377,0.62089],[123.67438,0.6252],[123.67866,0.62637],[123.68469,0.62202],[123.6879,0.62578],[123.69218,0.62334],[123.69572,0.62375],[123.69713,0.6279],[123.70086,0.6279],[123.69937,0.63493],[123.70308,0.63776],[123.70392,0.64213],[123.70305,0.64362],[123.69937,0.64414],[123.6949,0.64077],[123.68984,0.63964],[123.69135,0.64435],[123.68903,0.64808],[123.69121,0.65302],[123.68617,0.65306],[123.68401,0.64904],[123.68153,0.64876],[123.67857,0.65207],[123.6783,0.65785],[123.67383,0.65887],[123.67518,0.6626],[123.66946,0.66277],[123.66929,0.66599],[123.66335,0.66674],[123.66546,0.67139],[123.6593,0.67365],[123.65591,0.67869],[123.65182,0.67677],[123.65141,0.68302],[123.6492,0.68602],[123.64233,0.68141],[123.64039,0.6736],[123.63526,0.67446],[123.63271,0.67932],[123.62599,0.67718],[123.62535,0.67538],[123.6269,0.66672],[123.63645,0.66257],[123.63925,0.66473],[123.64083,0.66343],[123.64077,0.66048],[123.64574,0.6583],[123.6453,0.65178],[123.65233,0.64924],[123.64879,0.64221],[123.65195,0.63792],[123.65143,0.63624],[123.64246,0.63888],[123.63137,0.63779],[123.6334,0.64369],[123.6285,0.64403],[123.63048,0.65236],[123.62671,0.6525],[123.62553,0.65715],[123.62342,0.65598],[123.61975,0.66077],[123.61336,0.65669],[123.61438,0.65093],[123.61018,0.65016],[123.61347,0.64639],[123.61145,0.64419],[123.6159,0.64042],[123.6129,0.63333],[123.60407,0.6301],[123.59804,0.63107],[123.59895,0.634],[123.59734,0.63879],[123.59985,0.64139],[123.59958,0.64333],[123.5933,0.64415],[123.59538,0.65455],[123.59194,0.65576],[123.58672,0.65348],[123.58781,0.66286],[123.58545,0.66514],[123.58216,0.66336],[123.57808,0.66632],[123.57527,0.66357],[123.57592,0.65917],[123.57132,0.65589],[123.57786,0.64971],[123.57769,0.64693],[123.5748,0.64597],[123.57803,0.63958],[123.57632,0.6363],[123.57111,0.6369],[123.56985,0.63946],[123.5681,0.63904],[123.56789,0.64213],[123.56144,0.64081],[123.56064,0.64433],[123.55732,0.64651],[123.5577,0.64939],[123.55489,0.64927],[123.55164,0.65398],[123.54129,0.65329],[123.53847,0.65147],[123.54088,0.64687],[123.53594,0.64489],[123.53355,0.64181],[123.53399,0.64],[123.53714,0.6387],[123.54255,0.63954],[123.54393,0.63848],[123.5415,0.63115],[123.54594,0.6306],[123.55241,0.63276],[123.55308,0.63135],[123.55905,0.62988],[123.55149,0.6251],[123.55657,0.62361],[123.55291,0.61851],[123.55632,0.61729],[123.55355,0.61173],[123.55548,0.60917],[123.54827,0.60141],[123.54448,0.60131],[123.53826,0.60484],[123.53012,0.606],[123.52424,0.61465],[123.51987,0.61642],[123.52168,0.61995],[123.52087,0.62389],[123.52204,0.62614],[123.5165,0.62774],[123.50919,0.6254],[123.50463,0.63402],[123.49201,0.64296],[123.48152,0.65744],[123.47828,0.6593],[123.45209,0.66351],[123.44071,0.67614],[123.43641,0.6834],[123.41809,0.68747],[123.40871,0.69559],[123.39139,0.70281],[123.38678,0.70838],[123.378,0.71456],[123.36664,0.71716],[123.34158,0.71855],[123.31621,0.7241],[123.30606,0.72767],[123.29838,0.73385],[123.28631,0.73983],[123.27711,0.74843],[123.25863,0.76118],[123.26392,0.76364],[123.26856,0.76812],[123.26982,0.77722],[123.27439,0.78782],[123.27383,0.78991],[123.26764,0.79447],[123.26801,0.79794],[123.27109,0.8026],[123.25441,0.81339],[123.25357,0.81651],[123.24822,0.81999],[123.24773,0.82374],[123.24237,0.83087],[123.23534,0.83242],[123.23883,0.83903]],[[123.72252,0.73181],[123.71526,0.73657],[123.70763,0.74509],[123.69851,0.74607],[123.69666,0.74454],[123.69529,0.74043],[123.69625,0.72352],[123.70157,0.71167],[123.70648,0.70571],[123.71484,0.70294],[123.72099,0.70426],[123.72482,0.72403],[123.72252,0.73181]],[[123.47766,0.77823],[123.46981,0.78297],[123.47384,0.79026],[123.47213,0.79227],[123.46122,0.79808],[123.45594,0.799],[123.44959,0.79586],[123.44541,0.79606],[123.4397,0.79369],[123.45008,0.78147],[123.44725,0.76918],[123.44788,0.76232],[123.44434,0.75413],[123.44715,0.75161],[123.45294,0.75095],[123.45678,0.75269],[123.45943,0.74852],[123.46711,0.74861],[123.48527,0.75323],[123.48576,0.75625],[123.47654,0.75928],[123.48194,0.76012],[123.48265,0.76175],[123.48253,0.76526],[123.47766,0.77823]],[[123.41145,0.76308],[123.41749,0.76332],[123.4251,0.76904],[123.42895,0.77755],[123.4288,0.81305],[123.4215,0.83335],[123.41365,0.84564],[123.41161,0.84644],[123.40855,0.84302],[123.40681,0.83764],[123.40314,0.83845],[123.3962,0.83495],[123.3977,0.82839],[123.39396,0.8093],[123.39427,0.77886],[123.3979,0.77218],[123.41145,0.76308]]],[[[123.36758,0.84936],[123.37054,0.85276],[123.3719,0.84948],[123.36758,0.84936]]],[[[123.36607,0.84761],[123.36689,0.84856],[123.36665,0.84754],[123.36607,0.84761]]],[[[123.34611,0.8578],[123.34805,0.85914],[123.34432,0.85597],[123.34305,0.85916],[123.34611,0.8578]]],[[[124.35389,0.92771],[124.35109,0.92587],[124.34906,0.91902],[124.34552,0.91598],[124.34879,0.90847],[124.35815,0.90123],[124.3456,0.88716],[124.34408,0.8814],[124.34483,0.87812],[124.3375,0.87546],[124.3369,0.87692],[124.33026,0.87822],[124.32899,0.88002],[124.32561,0.87143],[124.32697,0.86435],[124.3248,0.86505],[124.32197,0.86311],[124.32202,0.85364],[124.3157,0.85626],[124.31469,0.85229],[124.31274,0.8536],[124.31152,0.85025],[124.30889,0.85158],[124.30588,0.85061],[124.30511,0.84664],[124.30656,0.84572],[124.30493,0.84351],[124.3009,0.84598],[124.29748,0.84104],[124.28897,0.84092],[124.28548,0.84484],[124.28176,0.84558],[124.2777,0.84276],[124.27364,0.84431],[124.27167,0.84168],[124.26948,0.84384],[124.26625,0.84167],[124.26397,0.84331],[124.25715,0.8415],[124.2578,0.83962],[124.25603,0.83915],[124.2556,0.83637],[124.2529,0.83568],[124.25302,0.8309],[124.24699,0.81729],[124.24583,0.81043],[124.2464,0.80838],[124.24797,0.80872],[124.24942,0.80688],[124.24915,0.80526],[124.24221,0.81048],[124.24042,0.80877],[124.24152,0.80716],[124.24037,0.80503],[124.23467,0.80824],[124.23641,0.8124],[124.23256,0.81582],[124.2296,0.81387],[124.23142,0.81986],[124.22746,0.82282],[124.22449,0.82308],[124.22301,0.82591],[124.22582,0.82877],[124.22474,0.8302],[124.22585,0.83993],[124.22854,0.84495],[124.23366,0.84771],[124.23139,0.85171],[124.22287,0.8531],[124.21903,0.85615],[124.21928,0.85791],[124.21598,0.86148],[124.21696,0.86447],[124.2142,0.86925],[124.21598,0.86997],[124.21663,0.87363],[124.20936,0.87332],[124.20684,0.87629],[124.20297,0.87766],[124.19517,0.87149],[124.18939,0.8728],[124.18876,0.86835],[124.18549,0.86561],[124.1821,0.86677],[124.16913,0.85943],[124.17066,0.85442],[124.16287,0.85831],[124.16076,0.86354],[124.15634,0.86287],[124.1537,0.87045],[124.14449,0.87572],[124.14678,0.88826],[124.15103,0.88765],[124.15746,0.8897],[124.16538,0.89458],[124.17192,0.90061],[124.18164,0.91368],[124.18611,0.91399],[124.20623,0.89747],[124.21029,0.8965],[124.22229,0.898],[124.28503,0.91419],[124.29137,0.9183],[124.30887,0.93825],[124.31634,0.93251],[124.32346,0.93587],[124.33009,0.93689],[124.33631,0.94061],[124.35754,0.93544],[124.35389,0.92771]],[[124.34124,0.90627],[124.34264,0.9068],[124.33779,0.90681],[124.33981,0.90545],[124.34124,0.90627]]],[[[124.3387,0.82289],[124.33805,0.82462],[124.33867,0.82618],[124.34182,0.82595],[124.34209,0.82977],[124.33784,0.8321],[124.33841,0.83426],[124.33502,0.83527],[124.33829,0.84386],[124.34153,0.84425],[124.34213,0.84679],[124.34507,0.84795],[124.34406,0.8496],[124.34786,0.84912],[124.347,0.85232],[124.34961,0.85354],[124.34803,0.8539],[124.34622,0.85817],[124.34805,0.86239],[124.34599,0.86772],[124.35045,0.85931],[124.35041,0.85355],[124.34809,0.84751],[124.34425,0.84652],[124.34206,0.84416],[124.3437,0.82881],[124.34285,0.8233],[124.3387,0.82289]]],[[[124.33326,0.81493],[124.33665,0.81989],[124.34316,0.82185],[124.34187,0.81905],[124.33823,0.81858],[124.33696,0.81543],[124.33326,0.81493]]],[[[124.49312,0.80314],[124.49614,0.80176],[124.50459,0.8018],[124.51193,0.80446],[124.51708,0.80239],[124.51617,0.79884],[124.51886,0.79144],[124.51512,0.79147],[124.51209,0.78742],[124.51886,0.78189],[124.52339,0.78278],[124.52614,0.78144],[124.5245,0.7748],[124.52646,0.77131],[124.52648,0.7663],[124.53325,0.75864],[124.54076,0.75915],[124.54506,0.76225],[124.55142,0.76278],[124.55386,0.76884],[124.55808,0.76916],[124.56084,0.7718],[124.56491,0.76862],[124.57518,0.7718],[124.57548,0.7708],[124.5679,0.75218],[124.55325,0.72673],[124.54314,0.70372],[124.53712,0.70636],[124.5289,0.70342],[124.52117,0.70538],[124.51581,0.70034],[124.50996,0.69936],[124.50566,0.70163],[124.50403,0.69988],[124.49917,0.70073],[124.49701,0.69642],[124.49499,0.69713],[124.492,0.69511],[124.4924,0.69171],[124.48342,0.69012],[124.46911,0.6973],[124.45881,0.71014],[124.45657,0.71529],[124.4473,0.71942],[124.44508,0.72296],[124.44315,0.72341],[124.44292,0.72712],[124.44892,0.72783],[124.44945,0.72958],[124.45495,0.72941],[124.45858,0.73198],[124.46637,0.72935],[124.46739,0.72649],[124.46543,0.71656],[124.46777,0.71422],[124.47453,0.71773],[124.48353,0.72562],[124.48717,0.7386],[124.48446,0.75278],[124.49267,0.77266],[124.49129,0.77702],[124.48549,0.78206],[124.48476,0.78895],[124.48727,0.7998],[124.4934,0.8049],[124.49312,0.80314]]],[[[124.50195,0.89033],[124.50352,0.89508],[124.50152,0.89755],[124.50369,0.90281],[124.5034,0.90911],[124.49955,0.914],[124.49992,0.91993],[124.4916,0.92238],[124.49158,0.92419],[124.49928,0.9256],[124.50268,0.92778],[124.50522,0.92499],[124.51997,0.92419],[124.52529,0.9222],[124.52343,0.92105],[124.52476,0.91851],[124.52941,0.91707],[124.52745,0.91075],[124.53273,0.91104],[124.53668,0.91512],[124.53764,0.92122],[124.53652,0.92221],[124.53928,0.92781],[124.54403,0.92159],[124.55356,0.92233],[124.5715,0.93062],[124.58411,0.94287],[124.58523,0.94893],[124.58276,0.95313],[124.5715,0.95375],[124.5621,0.96192],[124.55257,0.95882],[124.5496,0.95091],[124.54279,0.94918],[124.54032,0.94137],[124.53563,0.9412],[124.53284,0.93931],[124.53094,0.94089],[124.52962,0.95412],[124.53236,0.9696],[124.54381,0.99937],[124.54976,0.99735],[124.55431,0.99944],[124.57499,0.99854],[124.57926,1.0056],[124.57313,1.01092],[124.57343,1.01358],[124.57946,1.02389],[124.58573,1.02219],[124.58969,1.0193],[124.59434,1.01923],[124.59543,1.02071],[124.59022,1.02385],[124.59096,1.03],[124.58888,1.03301],[124.58162,1.03352],[124.57893,1.02763],[124.57697,1.02993],[124.56796,1.03173],[124.58307,1.04113],[124.59028,1.04264],[124.59831,1.03151],[124.60792,1.02262],[124.60343,1.017],[124.60681,1.00857],[124.61248,1.00594],[124.61373,1.00281],[124.61886,1.00333],[124.62201,1.00675],[124.62044,1.01961],[124.62907,1.01667],[124.63319,1.00693],[124.64598,0.99931],[124.64131,1.00079],[124.64137,0.99771],[124.63872,0.99442],[124.63643,0.99498],[124.62328,0.98587],[124.61912,0.97884],[124.62059,0.97762],[124.61962,0.97583],[124.62814,0.97414],[124.62712,0.98395],[124.63544,0.9838],[124.63892,0.98554],[124.63844,0.98731],[124.64672,0.99859],[124.65706,0.98725],[124.66292,0.98401],[124.6763,0.97902],[124.68948,0.97827],[124.70373,0.97122],[124.72048,0.96025],[124.72603,0.95028],[124.72697,0.94378],[124.72511,0.93337],[124.71843,0.92035],[124.69946,0.89703],[124.69107,0.89077],[124.67908,0.87807],[124.67195,0.87506],[124.66483,0.86912],[124.65675,0.8669],[124.64475,0.85871],[124.6362,0.84057],[124.63146,0.8207],[124.62389,0.81159],[124.61495,0.80581],[124.60874,0.80461],[124.60296,0.81032],[124.59887,0.81108],[124.59351,0.80759],[124.58781,0.80751],[124.58041,0.80359],[124.57752,0.80359],[124.57139,0.8081],[124.56722,0.80623],[124.56408,0.79956],[124.55864,0.80465],[124.55885,0.80691],[124.55062,0.80329],[124.54938,0.80494],[124.55279,0.80576],[124.55226,0.81401],[124.55273,0.81677],[124.55471,0.81776],[124.56367,0.81719],[124.57039,0.81387],[124.57074,0.81217],[124.57392,0.81613],[124.57867,0.81601],[124.57996,0.81856],[124.5826,0.81802],[124.58643,0.82139],[124.58976,0.8198],[124.59101,0.81423],[124.59379,0.81352],[124.59332,0.82091],[124.59902,0.81953],[124.59957,0.82232],[124.60212,0.82031],[124.61102,0.82213],[124.61448,0.82054],[124.61777,0.82379],[124.61929,0.82605],[124.61574,0.83122],[124.61628,0.83612],[124.6196,0.83682],[124.60757,0.84282],[124.60717,0.84508],[124.60491,0.84286],[124.59668,0.84483],[124.59577,0.84698],[124.59778,0.85123],[124.59704,0.85684],[124.60299,0.86241],[124.60097,0.8693],[124.60234,0.87115],[124.60634,0.87113],[124.60934,0.87398],[124.61644,0.87195],[124.62211,0.87472],[124.61811,0.88005],[124.61965,0.88323],[124.61521,0.88692],[124.61214,0.88482],[124.60158,0.88279],[124.60095,0.88145],[124.59955,0.88354],[124.59422,0.88411],[124.58728,0.88167],[124.58139,0.88471],[124.57036,0.88552],[124.5701,0.88876],[124.5664,0.89469],[124.55586,0.89749],[124.54645,0.90364],[124.54071,0.90294],[124.53338,0.8963],[124.53627,0.89191],[124.53024,0.89282],[124.52877,0.88753],[124.52103,0.88811],[124.51819,0.88558],[124.51773,0.88045],[124.51578,0.87827],[124.50536,0.87665],[124.50707,0.8737],[124.50575,0.87182],[124.50195,0.89033]],[[124.58978,0.9981],[124.5886,0.99908],[124.58931,1.00202],[124.58509,1.00189],[124.58406,1.00027],[124.5834,1.00347],[124.58545,1.00336],[124.58619,1.00682],[124.58751,1.00534],[124.5878,1.00712],[124.58251,1.00821],[124.58373,1.0071],[124.58266,1.00406],[124.58367,0.99596],[124.58467,0.99797],[124.58978,0.9981]],[[124.63407,0.85429],[124.632,0.85453],[124.62878,0.86026],[124.62503,0.86078],[124.62296,0.8566],[124.62679,0.85131],[124.63019,0.85421],[124.63407,0.85429]],[[124.70461,0.92142],[124.70217,0.91954],[124.69875,0.92345],[124.69301,0.91818],[124.69419,0.91644],[124.70002,0.91954],[124.70459,0.9184],[124.70461,0.92142]],[[124.70391,0.93669],[124.70616,0.9363],[124.70557,0.93939],[124.70198,0.93737],[124.69727,0.94626],[124.69556,0.94565],[124.69923,0.93548],[124.6982,0.93437],[124.69448,0.93514],[124.69248,0.92507],[124.69803,0.92589],[124.70908,0.9222],[124.7152,0.93251],[124.70897,0.93539],[124.70469,0.93523],[124.70391,0.93669]],[[124.639,0.95258],[124.63893,0.95694],[124.63642,0.9587],[124.63257,0.95575],[124.63336,0.96084],[124.62716,0.96407],[124.62869,0.95714],[124.62641,0.95432],[124.62933,0.94975],[124.639,0.95258]],[[124.66033,0.96299],[124.65392,0.96157],[124.6498,0.96441],[124.65102,0.95707],[124.6648,0.95804],[124.66033,0.96299]],[[124.63036,0.97203],[124.62693,0.96993],[124.63189,0.96641],[124.63036,0.97203]]],[[[124.38319,0.79151],[124.38032,0.79194],[124.37763,0.79914],[124.37313,0.80071],[124.3789,0.81007],[124.38458,0.80555],[124.3855,0.80211],[124.3833,0.80047],[124.38264,0.79748],[124.38579,0.79359],[124.38319,0.79151]]],[[[124.36484,1.03141],[124.36769,1.04281],[124.38199,1.04687],[124.38686,1.04471],[124.39012,1.03194],[124.39208,1.02927],[124.40442,1.03336],[124.41268,1.03845],[124.4161,1.03638],[124.42338,1.02601],[124.43578,1.0246],[124.44602,1.02093],[124.45595,1.02345],[124.45804,1.02082],[124.45827,1.02419],[124.46178,1.02453],[124.46453,1.02185],[124.46484,1.01609],[124.46304,1.01116],[124.46007,1.0161],[124.45632,1.01199],[124.45421,1.01594],[124.45255,1.01243],[124.45552,1.00583],[124.45467,1.00236],[124.43943,1.00059],[124.43534,0.99565],[124.43278,0.99826],[124.43302,1.00293],[124.44225,1.00733],[124.44201,1.01035],[124.4444,1.0146],[124.42592,1.01224],[124.41895,1.00298],[124.42012,0.9981],[124.41538,0.99649],[124.42031,0.99244],[124.42168,0.98873],[124.4118,0.99064],[124.40906,0.9854],[124.41088,0.98472],[124.40859,0.98084],[124.40592,0.97962],[124.39923,0.98177],[124.3995,0.98667],[124.39634,0.98733],[124.39308,0.98539],[124.38999,0.99147],[124.3849,0.99027],[124.38422,0.99159],[124.37935,0.99225],[124.37843,0.99709],[124.38283,0.99796],[124.38402,1.00047],[124.38342,1.00355],[124.38117,1.00295],[124.38022,1.00574],[124.36925,1.00078],[124.36681,1.00296],[124.36821,1.00828],[124.36667,1.01286],[124.36076,1.01739],[124.36097,1.0269],[124.36484,1.03141]],[[124.41217,0.99832],[124.41402,0.99742],[124.41652,1.00086],[124.41727,1.00604],[124.40862,1.01507],[124.39784,1.00311],[124.39919,0.99825],[124.40633,0.99699],[124.40477,0.99224],[124.40791,0.99292],[124.41217,0.99832]],[[124.37704,1.00793],[124.37993,1.01641],[124.38515,1.02065],[124.38473,1.02382],[124.37785,1.02344],[124.3739,1.01985],[124.3723,1.01287],[124.37006,1.01019],[124.37176,1.00847],[124.37704,1.00793]]],[[[124.70315,1.33162],[124.70704,1.32901],[124.71213,1.33303],[124.71604,1.33246],[124.71818,1.33459],[124.72786,1.33061],[124.72668,1.32772],[124.72924,1.32619],[124.71579,1.32134],[124.71412,1.31758],[124.70767,1.31725],[124.69952,1.3192],[124.69064,1.31307],[124.68559,1.31992],[124.68697,1.3226],[124.69068,1.32663],[124.70315,1.33162]]],[[[124.72273,1.32293],[124.72738,1.32316],[124.73102,1.31982],[124.73247,1.32063],[124.73294,1.3171],[124.72974,1.31071],[124.72769,1.31303],[124.72524,1.31296],[124.72012,1.31696],[124.71689,1.31761],[124.72273,1.32293]]],[[[124.44632,1.12565],[124.45259,1.12834],[124.45514,1.12727],[124.45621,1.12286],[124.46138,1.11828],[124.46313,1.1127],[124.45864,1.10677],[124.45903,1.10372],[124.44752,1.10424],[124.44706,1.11054],[124.44126,1.11246],[124.4377,1.12395],[124.43941,1.12538],[124.44632,1.12565]]],[[[124.93421,1.10653],[124.93575,1.11003],[124.93419,1.11822],[124.94068,1.12245],[124.94837,1.12085],[124.95414,1.12208],[124.95614,1.1162],[124.96619,1.11407],[124.96445,1.10741],[124.96571,1.10537],[124.96422,1.10442],[124.9638,1.10055],[124.95949,1.09961],[124.96123,1.09725],[124.95662,1.09314],[124.96009,1.08648],[124.95826,1.08487],[124.95474,1.08467],[124.9516,1.0869],[124.942,1.08585],[124.93843,1.08316],[124.9325,1.08511],[124.93172,1.08684],[124.92989,1.08644],[124.92881,1.09308],[124.92509,1.09277],[124.92344,1.09586],[124.92822,1.09786],[124.93187,1.1031],[124.93119,1.10544],[124.93421,1.10653]]],[[[124.80598,1.37459],[124.80146,1.38051],[124.79711,1.37661],[124.79088,1.37556],[124.78868,1.37273],[124.78574,1.37244],[124.78324,1.36928],[124.78809,1.36378],[124.78781,1.36075],[124.78534,1.35784],[124.78343,1.35901],[124.78316,1.3553],[124.78007,1.35187],[124.7822,1.35029],[124.78299,1.34301],[124.77783,1.34363],[124.7759,1.34506],[124.7763,1.3472],[124.77388,1.3476],[124.7743,1.34579],[124.77055,1.34418],[124.76947,1.34199],[124.76257,1.34334],[124.76298,1.3452],[124.76093,1.34675],[124.75467,1.3472],[124.75125,1.35103],[124.7521,1.3585],[124.74946,1.35959],[124.75022,1.36307],[124.74411,1.36449],[124.74349,1.36592],[124.74709,1.37713],[124.73992,1.37805],[124.74507,1.38011],[124.74885,1.38396],[124.75242,1.37739],[124.75294,1.38167],[124.75599,1.38229],[124.75616,1.38063],[124.75782,1.38056],[124.75649,1.3762],[124.75816,1.37706],[124.76001,1.37499],[124.75721,1.36922],[124.75985,1.36834],[124.76283,1.37134],[124.76399,1.3703],[124.76511,1.37286],[124.76645,1.37246],[124.76604,1.37698],[124.77281,1.37612],[124.77169,1.37883],[124.77465,1.37949],[124.77294,1.38183],[124.77334,1.38496],[124.77475,1.38399],[124.7766,1.3852],[124.77642,1.38254],[124.78002,1.3821],[124.77889,1.38447],[124.78192,1.3865],[124.78091,1.39023],[124.78645,1.39416],[124.78633,1.39601],[124.77953,1.39371],[124.77884,1.3958],[124.78257,1.39628],[124.78134,1.39751],[124.78633,1.40065],[124.78293,1.40158],[124.78637,1.40528],[124.78639,1.40897],[124.79173,1.40444],[124.79223,1.39944],[124.78869,1.39673],[124.79123,1.39494],[124.79304,1.3981],[124.79789,1.39945],[124.80232,1.39778],[124.80854,1.40474],[124.8136,1.40188],[124.80847,1.39843],[124.80526,1.39189],[124.80384,1.38154],[124.8059,1.38023],[124.80566,1.37667],[124.80819,1.37539],[124.80598,1.37459]]],[[[124.97945,1.5518],[124.98124,1.5542],[124.97761,1.55848],[124.98023,1.55886],[124.9793,1.56227],[124.9824,1.56518],[124.97907,1.56979],[124.97477,1.56382],[124.97518,1.56208],[124.97168,1.56116],[124.975,1.55696],[124.97361,1.55579],[124.96889,1.55997],[124.97107,1.55385],[124.96987,1.5518],[124.96671,1.55323],[124.96636,1.55223],[124.97082,1.547],[124.97285,1.54976],[124.97617,1.54986],[124.97702,1.54682],[124.98109,1.54493],[124.97562,1.54439],[124.96982,1.54046],[124.9685,1.54105],[124.96588,1.53733],[124.96288,1.53881],[124.96024,1.5515],[124.94994,1.55049],[124.94656,1.56126],[124.94908,1.57049],[124.95176,1.57422],[124.95128,1.57545],[124.94792,1.57482],[124.94613,1.58174],[124.94708,1.58461],[124.94866,1.58513],[124.95154,1.58236],[124.95529,1.58141],[124.95406,1.57952],[124.95791,1.57966],[124.95778,1.5764],[124.95482,1.57452],[124.95702,1.57452],[124.95633,1.57225],[124.95376,1.5709],[124.95384,1.56806],[124.94869,1.56564],[124.94945,1.56376],[124.95302,1.5633],[124.95476,1.56738],[124.95673,1.56459],[124.95853,1.56461],[124.95627,1.56838],[124.95932,1.56836],[124.95869,1.57111],[124.96543,1.58062],[124.96536,1.5842],[124.96898,1.58188],[124.9708,1.58424],[124.96916,1.58977],[124.97273,1.59179],[124.97018,1.59737],[124.97086,1.59976],[124.96766,1.60295],[124.96702,1.60616],[124.96272,1.60913],[124.97326,1.61407],[124.97512,1.61873],[124.9729,1.61944],[124.97416,1.62234],[124.96981,1.62207],[124.9708,1.62517],[124.96609,1.62277],[124.95955,1.62492],[124.96229,1.62565],[124.96096,1.63355],[124.96677,1.64037],[124.9748,1.63942],[124.98484,1.62944],[124.99236,1.6331],[124.99947,1.63427],[125.00616,1.62366],[125.008,1.59756],[124.9994,1.58006],[124.99542,1.56098],[124.9929,1.55662],[124.98727,1.55397],[124.98261,1.54823],[124.97972,1.5487],[124.97945,1.5518]]],[[[124.00724,0.42792],[123.99602,0.43008],[123.98821,0.42937],[123.97106,0.42399],[123.95719,0.41064],[123.93492,0.40166],[123.93248,0.40856],[123.92538,0.41751],[123.92489,0.42043],[123.92784,0.42545],[123.93917,0.43243],[123.9481,0.44245],[123.95825,0.44138],[123.96103,0.43954],[123.9685,0.4408],[123.97244,0.43975],[123.97948,0.44473],[123.99736,0.45095],[124.00643,0.45781],[124.00861,0.45568],[124.02136,0.46382],[124.02597,0.46452],[124.04349,0.47888],[124.04559,0.47837],[124.04897,0.48167],[124.05497,0.4831],[124.06589,0.49023],[124.07627,0.49166],[124.08585,0.49506],[124.07526,0.48468],[124.06619,0.47293],[124.06102,0.46506],[124.06155,0.46054],[124.08136,0.46495],[124.10494,0.47768],[124.13677,0.48296],[124.16751,0.49158],[124.19758,0.49313],[124.21049,0.50283],[124.21714,0.50316],[124.21017,0.47841],[124.20728,0.45162],[124.20144,0.44129],[124.19211,0.43467],[124.18967,0.43116],[124.18841,0.42181],[124.18121,0.40742],[124.18174,0.40297],[124.18418,0.39918],[124.18314,0.39775],[124.17468,0.39843],[124.16815,0.4023],[124.16645,0.40685],[124.16196,0.40985],[124.1557,0.41817],[124.15998,0.44611],[124.15211,0.45331],[124.1527,0.45608],[124.14756,0.45703],[124.1437,0.45361],[124.1427,0.45031],[124.14422,0.4501],[124.14457,0.44522],[124.14674,0.44431],[124.14324,0.44252],[124.14467,0.43878],[124.14212,0.43624],[124.13842,0.4356],[124.13796,0.43251],[124.13429,0.43588],[124.13353,0.43455],[124.1295,0.43428],[124.12987,0.43306],[124.12509,0.43299],[124.12419,0.43511],[124.12152,0.43416],[124.11431,0.43768],[124.10934,0.43726],[124.10792,0.44359],[124.10499,0.44676],[124.10566,0.44901],[124.10045,0.45243],[124.10215,0.46177],[124.0921,0.46592],[124.08444,0.45161],[124.07874,0.4533],[124.07671,0.44615],[124.06811,0.4433],[124.0687,0.43762],[124.06654,0.43357],[124.05859,0.43273],[124.05891,0.42851],[124.05392,0.42636],[124.05773,0.42095],[124.05788,0.41692],[124.05979,0.41524],[124.06295,0.41532],[124.06292,0.41193],[124.06517,0.41017],[124.06403,0.40563],[124.05727,0.41013],[124.05108,0.4095],[124.04138,0.4027],[124.0358,0.40327],[124.03639,0.40631],[124.04031,0.40912],[124.03849,0.41332],[124.03469,0.41722],[124.03312,0.41667],[124.03235,0.41927],[124.02354,0.41885],[124.00724,0.42792]]],[[[124.53915,0.92905],[124.53495,0.93263],[124.53899,0.93704],[124.54015,0.93668],[124.53915,0.92905]]],[[[124.56001,1.02349],[124.55995,1.01862],[124.56568,1.01725],[124.56455,1.01301],[124.55084,1.01338],[124.56001,1.02349]]],[[[125.08398,1.8658],[125.08669,1.87453],[125.08818,1.87372],[125.08809,1.87196],[125.08972,1.87121],[125.09001,1.86415],[125.08485,1.85046],[125.08457,1.84281],[125.07934,1.83597],[125.07012,1.83239],[125.06714,1.82872],[125.06845,1.82698],[125.0669,1.82265],[125.06422,1.82082],[125.06112,1.81275],[125.06005,1.81955],[125.05756,1.81946],[125.0554,1.8226],[125.05683,1.82487],[125.05395,1.82568],[125.05749,1.83459],[125.06106,1.83536],[125.07097,1.84665],[125.06862,1.8492],[125.06872,1.85149],[125.07163,1.85153],[125.07053,1.85568],[125.07639,1.85696],[125.07955,1.86387],[125.08398,1.8658]]],[[[125.12321,1.81433],[125.12403,1.81741],[125.12851,1.81464],[125.12873,1.81627],[125.13117,1.81528],[125.13282,1.80894],[125.13775,1.80676],[125.13557,1.80378],[125.14052,1.80244],[125.14124,1.79962],[125.14464,1.80046],[125.14748,1.80962],[125.1506,1.81432],[125.15407,1.81058],[125.15357,1.80702],[125.15588,1.80442],[125.15363,1.80185],[125.15317,1.7964],[125.15693,1.7957],[125.15694,1.79868],[125.15885,1.79565],[125.16268,1.79571],[125.16319,1.79863],[125.16597,1.79687],[125.16728,1.79368],[125.16527,1.79436],[125.1662,1.79236],[125.16263,1.79017],[125.15288,1.79153],[125.15028,1.787],[125.15049,1.78145],[125.14723,1.78059],[125.14485,1.77502],[125.13996,1.77645],[125.14428,1.77743],[125.14412,1.7831],[125.14189,1.78486],[125.13875,1.7846],[125.13924,1.78762],[125.13646,1.78723],[125.13759,1.78993],[125.13491,1.79642],[125.13558,1.79866],[125.13051,1.79978],[125.12873,1.80178],[125.12673,1.80572],[125.12857,1.80902],[125.12661,1.80962],[125.12321,1.81433]]],[[[126.79856,3.80864],[126.80104,3.8029],[126.80377,3.80416],[126.80563,3.80301],[126.80729,3.79859],[126.80058,3.78786],[126.80228,3.78599],[126.80234,3.78226],[126.80499,3.78148],[126.81035,3.77277],[126.8109,3.76109],[126.80833,3.75834],[126.8014,3.75901],[126.79982,3.76267],[126.79808,3.76154],[126.7918,3.76376],[126.7941,3.7689],[126.79364,3.77112],[126.79119,3.77198],[126.79259,3.775],[126.78335,3.77597],[126.7839,3.7802],[126.78261,3.7822],[126.78393,3.78366],[126.7828,3.78543],[126.77871,3.78483],[126.77577,3.78733],[126.77603,3.79062],[126.77787,3.79245],[126.77651,3.79597],[126.77718,3.80326],[126.7813,3.80543],[126.78151,3.80175],[126.77951,3.79832],[126.78084,3.79593],[126.78214,3.79886],[126.78481,3.79735],[126.7881,3.80045],[126.7886,3.80311],[126.78529,3.80529],[126.78949,3.80836],[126.79856,3.80864]]],[[[126.6729,3.94181],[126.67892,3.9389],[126.68123,3.94199],[126.67972,3.93837],[126.68061,3.93115],[126.68636,3.93035],[126.68623,3.93146],[126.68909,3.92964],[126.6901,3.92548],[126.68604,3.91699],[126.68885,3.91617],[126.68534,3.91217],[126.68267,3.9148],[126.67896,3.9132],[126.67472,3.91406],[126.67479,3.91898],[126.67688,3.91912],[126.67582,3.92178],[126.6772,3.92274],[126.67424,3.92413],[126.67725,3.92519],[126.67722,3.92673],[126.67336,3.93054],[126.67248,3.93716],[126.67364,3.93772],[126.67216,3.93894],[126.6729,3.94181]]],[[[126.66182,3.94778],[126.66316,3.94839],[126.66583,3.94787],[126.66674,3.94495],[126.67193,3.94234],[126.66746,3.94248],[126.6652,3.94544],[126.66303,3.94171],[126.66054,3.9413],[126.66182,3.94778]]],[[[126.62788,4.02035],[126.63231,4.01726],[126.62966,4.01517],[126.62947,4.01277],[126.63286,4.01193],[126.63537,4.00849],[126.63485,3.99775],[126.63729,3.99389],[126.63957,3.98413],[126.62976,3.99774],[126.62472,3.99708],[126.62663,4.00207],[126.6243,4.00068],[126.6233,4.00314],[126.625,4.00474],[126.62232,4.01028],[126.62423,4.01612],[126.62653,4.01638],[126.62474,4.01818],[126.62788,4.02035]]],[[[126.63524,4.01767],[126.63243,4.01724],[126.63212,4.01785],[126.63367,4.01954],[126.63524,4.01767]]],[[[124.41558,0.8563],[124.38379,0.87563],[124.37882,0.88194],[124.37967,0.88921],[124.39092,0.88154],[124.39692,0.87995],[124.39863,0.87553],[124.41579,0.86457],[124.41558,0.8563]]]]},"properties":{"fungsi":"HPT"}},{"type":"Feature","geometry":{"type":"MultiPolygon","coordinates":[[[[123.33843,0.68854],[123.34704,0.68523],[123.35085,0.67283],[123.36104,0.66377],[123.36161,0.65718],[123.36627,0.65245],[123.37027,0.65323],[123.37496,0.6513],[123.37697,0.65163],[123.37859,0.65435],[123.38539,0.65231],[123.43929,0.64524],[123.45418,0.64097],[123.46346,0.64578],[123.46683,0.6448],[123.46831,0.64328],[123.46599,0.64071],[123.46905,0.63594],[123.48516,0.63282],[123.48942,0.63067],[123.49414,0.63077],[123.50094,0.6241],[123.50682,0.62696],[123.50919,0.6254],[123.5165,0.62774],[123.52165,0.62644],[123.52168,0.61995],[123.51987,0.61642],[123.52424,0.61465],[123.52932,0.60642],[123.54957,0.60074],[123.55546,0.60382],[123.55928,0.60326],[123.57076,0.59103],[123.57139,0.58659],[123.57531,0.58494],[123.58106,0.5853],[123.58451,0.58894],[123.59296,0.59114],[123.59663,0.59147],[123.59901,0.58816],[123.60468,0.58743],[123.60779,0.59014],[123.61824,0.59027],[123.62319,0.59327],[123.62712,0.59044],[123.6329,0.59233],[123.63869,0.59133],[123.64128,0.59378],[123.64687,0.59409],[123.6547,0.59778],[123.65718,0.60018],[123.72564,0.61832],[123.73393,0.61147],[123.74354,0.61401],[123.75683,0.61424],[123.77764,0.62107],[123.78382,0.62105],[123.80375,0.6271],[123.81545,0.63143],[123.81783,0.63415],[123.81781,0.70647],[123.77792,0.70645],[123.77702,0.7787],[123.77752,0.79055],[123.78008,0.79341],[123.78227,0.79213],[123.7862,0.79441],[123.79583,0.78903],[123.80188,0.79788],[123.80505,0.7979],[123.80594,0.80233],[123.80729,0.8023],[123.81247,0.80068],[123.81387,0.79603],[123.8198,0.79286],[123.81923,0.79102],[123.82407,0.79161],[123.82813,0.78876],[123.83306,0.79141],[123.83844,0.78959],[123.84133,0.79196],[123.84503,0.78938],[123.8481,0.79138],[123.84792,0.79541],[123.84611,0.79684],[123.84721,0.79942],[123.85481,0.80287],[123.86918,0.79285],[123.86914,0.78262],[123.87146,0.78402],[123.87581,0.78129],[123.88045,0.78151],[123.88384,0.78412],[123.8889,0.7787],[123.89339,0.77942],[123.8971,0.77773],[123.90384,0.77974],[123.90431,0.77866],[123.90784,0.78172],[123.91184,0.77966],[123.91397,0.78098],[123.91657,0.77033],[123.92071,0.76742],[123.92221,0.76843],[123.91822,0.77068],[123.91976,0.77227],[123.92577,0.76815],[123.92663,0.77054],[123.93084,0.77252],[123.93002,0.77486],[123.92421,0.77223],[123.92107,0.77281],[123.92118,0.77755],[123.91932,0.78118],[123.91483,0.78469],[123.91679,0.78588],[123.91804,0.78473],[123.92054,0.78997],[123.92619,0.79323],[123.93296,0.79272],[123.9409,0.79526],[123.94455,0.7946],[123.94702,0.79944],[123.95306,0.80208],[123.95659,0.80183],[123.96524,0.80662],[123.97023,0.80636],[123.97159,0.79991],[123.9745,0.7971],[123.98138,0.79867],[123.98356,0.79699],[123.99723,0.79601],[124.00796,0.79708],[124.01029,0.79541],[124.01557,0.79624],[124.01894,0.79308],[124.02489,0.79176],[124.044,0.79032],[124.05705,0.78558],[124.06209,0.78666],[124.06587,0.78498],[124.08214,0.78531],[124.0857,0.78311],[124.08939,0.785],[124.09195,0.77973],[124.08962,0.77602],[124.09083,0.7737],[124.09561,0.7725],[124.08893,0.77096],[124.09341,0.76119],[124.09669,0.75724],[124.09826,0.75731],[124.10339,0.74546],[124.10438,0.73193],[124.10208,0.73092],[124.10384,0.72997],[124.1031,0.72608],[124.10567,0.72407],[124.10817,0.7185],[124.10823,0.70683],[124.11058,0.70676],[124.11454,0.70339],[124.11493,0.69832],[124.119,0.69627],[124.11326,0.69739],[124.11311,0.69254],[124.11126,0.69021],[124.10234,0.68914],[124.09656,0.68598],[124.09664,0.68415],[124.09428,0.68239],[124.09029,0.68145],[124.08889,0.67686],[124.0813,0.66957],[124.08194,0.66735],[124.07794,0.66433],[124.07684,0.65927],[124.07359,0.65568],[124.07227,0.65439],[124.0681,0.65708],[124.06057,0.64922],[124.06203,0.64416],[124.05034,0.64172],[124.04919,0.64262],[124.04845,0.64047],[124.04338,0.63989],[124.04227,0.62866],[124.03617,0.62557],[124.03256,0.62515],[124.03004,0.62719],[124.02726,0.62532],[124.02704,0.62004],[124.02669,0.62162],[124.01763,0.62374],[124.01435,0.61904],[124.01688,0.61739],[124.01795,0.61365],[124.01313,0.60974],[124.01238,0.59922],[124.00799,0.59413],[124.00582,0.59485],[123.99983,0.59097],[123.99601,0.59862],[123.98884,0.59801],[123.98635,0.59528],[123.98724,0.5886],[123.98588,0.58752],[123.97379,0.58264],[123.96345,0.58186],[123.9626,0.58017],[123.95935,0.58373],[123.95839,0.58861],[123.95586,0.58976],[123.95472,0.58598],[123.9523,0.58565],[123.95353,0.57382],[123.9503,0.5733],[123.94383,0.57608],[123.92857,0.57105],[123.91421,0.57599],[123.90674,0.57527],[123.9047,0.56493],[123.90726,0.55861],[123.90294,0.55478],[123.89866,0.55263],[123.89366,0.55349],[123.89171,0.55478],[123.89202,0.55791],[123.88772,0.56129],[123.88216,0.55812],[123.88182,0.55208],[123.88601,0.54673],[123.88478,0.54305],[123.8891,0.53827],[123.8914,0.53792],[123.89352,0.5326],[123.89773,0.53468],[123.89942,0.53206],[123.89912,0.5303],[123.896,0.52946],[123.89618,0.52605],[123.89928,0.52112],[123.9013,0.52093],[123.90078,0.52371],[123.90435,0.52371],[123.90815,0.52758],[123.91101,0.52366],[123.91253,0.5249],[123.91647,0.52165],[123.91942,0.5226],[123.9198,0.5247],[123.92161,0.52399],[123.92379,0.51987],[123.92147,0.51753],[123.92517,0.5171],[123.92684,0.51475],[123.92931,0.51667],[123.93136,0.51059],[123.93354,0.51528],[123.93454,0.51327],[123.94461,0.51474],[123.95465,0.5104],[123.95797,0.51071],[123.95659,0.50082],[123.95125,0.49997],[123.95934,0.48922],[123.96101,0.48913],[123.96145,0.48516],[123.96462,0.48298],[123.96961,0.47071],[123.97942,0.47435],[123.98411,0.47717],[123.9853,0.48392],[123.99235,0.49289],[123.99568,0.50172],[124.00915,0.5045],[124.01292,0.5039],[124.01274,0.5123],[124.0205,0.51437],[124.02083,0.52134],[124.01551,0.52556],[124.01762,0.52681],[124.02184,0.52711],[124.0271,0.52409],[124.03242,0.52879],[124.04321,0.52038],[124.04276,0.51688],[124.04556,0.51642],[124.04686,0.52142],[124.05171,0.52298],[124.05605,0.52714],[124.07025,0.5274],[124.07709,0.53347],[124.08154,0.53321],[124.08704,0.53841],[124.09308,0.53712],[124.09896,0.54086],[124.10348,0.5408],[124.10288,0.54379],[124.0989,0.54254],[124.08236,0.54361],[124.07744,0.53784],[124.07148,0.53612],[124.06993,0.53856],[124.06119,0.53558],[124.05242,0.53632],[124.05492,0.54096],[124.05941,0.54117],[124.06446,0.54484],[124.06476,0.54844],[124.06208,0.54891],[124.06107,0.55122],[124.06257,0.55485],[124.06502,0.55185],[124.06823,0.55092],[124.06618,0.55517],[124.0636,0.55648],[124.06948,0.55804],[124.06889,0.55956],[124.07168,0.55965],[124.07326,0.56178],[124.08496,0.56128],[124.08775,0.55942],[124.09039,0.56226],[124.09078,0.55996],[124.09567,0.55625],[124.09618,0.55276],[124.09995,0.55045],[124.10251,0.55088],[124.10346,0.55509],[124.10177,0.56068],[124.09903,0.56265],[124.09862,0.56722],[124.10422,0.56752],[124.10833,0.57009],[124.11062,0.56898],[124.11184,0.5741],[124.11599,0.57694],[124.116,0.57909],[124.11882,0.57962],[124.11843,0.58133],[124.12033,0.58303],[124.11739,0.58459],[124.1173,0.58524],[124.11762,0.58668],[124.1258,0.58907],[124.12707,0.58815],[124.12818,0.58962],[124.13011,0.5889],[124.13295,0.59121],[124.13126,0.59211],[124.13169,0.59364],[124.13513,0.59205],[124.13617,0.59592],[124.13938,0.59696],[124.13112,0.6111],[124.13583,0.61453],[124.13765,0.6143],[124.1383,0.61861],[124.14433,0.62401],[124.14519,0.62127],[124.1482,0.62034],[124.14926,0.61563],[124.15239,0.61557],[124.15345,0.60716],[124.15503,0.60678],[124.15369,0.6149],[124.15584,0.61956],[124.1538,0.61982],[124.15492,0.62248],[124.15762,0.62161],[124.15693,0.61655],[124.16281,0.60837],[124.16465,0.60866],[124.16252,0.61196],[124.16324,0.61502],[124.16178,0.616],[124.16324,0.61976],[124.16514,0.61736],[124.16781,0.61739],[124.17459,0.60918],[124.17671,0.61042],[124.17338,0.61404],[124.1726,0.61759],[124.1745,0.61976],[124.18044,0.61776],[124.17969,0.61998],[124.18193,0.62085],[124.17995,0.62429],[124.18311,0.62458],[124.18997,0.61972],[124.19367,0.62039],[124.20065,0.62605],[124.21452,0.63197],[124.21827,0.62533],[124.21592,0.62093],[124.21832,0.61611],[124.21744,0.61067],[124.2208,0.60816],[124.22066,0.60399],[124.21812,0.60109],[124.22061,0.59858],[124.22167,0.59363],[124.22337,0.59204],[124.22578,0.59259],[124.22718,0.59057],[124.2273,0.5845],[124.22237,0.58494],[124.22796,0.58242],[124.22546,0.57987],[124.22694,0.57843],[124.22602,0.57504],[124.23016,0.57061],[124.22433,0.56683],[124.21927,0.57015],[124.21949,0.56778],[124.21423,0.5621],[124.21485,0.54977],[124.22167,0.55124],[124.21732,0.5386],[124.21589,0.5261],[124.20827,0.51213],[124.18539,0.50393],[124.17701,0.50347],[124.17018,0.50529],[124.16395,0.50485],[124.16174,0.50631],[124.15913,0.50485],[124.14341,0.50751],[124.1239,0.5031],[124.10593,0.50254],[124.09355,0.49993],[124.07627,0.49166],[124.06404,0.48941],[124.05516,0.4832],[124.04897,0.48167],[124.04559,0.47837],[124.04349,0.47888],[124.02597,0.46452],[124.02136,0.46382],[124.00861,0.45568],[124.00643,0.45781],[123.99736,0.45095],[123.97948,0.44473],[123.97244,0.43975],[123.9685,0.4408],[123.96103,0.43954],[123.95072,0.44266],[123.92791,0.44264],[123.92713,0.43956],[123.91904,0.43973],[123.90882,0.43394],[123.87736,0.43347],[123.85459,0.43466],[123.84955,0.43795],[123.84353,0.43759],[123.83692,0.44005],[123.83657,0.43869],[123.83264,0.43867],[123.82931,0.44082],[123.81999,0.43996],[123.81579,0.43745],[123.79301,0.43848],[123.78469,0.43654],[123.78205,0.43424],[123.77089,0.4366],[123.74703,0.43458],[123.72938,0.43588],[123.70763,0.43358],[123.70069,0.43578],[123.68388,0.43717],[123.67237,0.43227],[123.6733,0.42808],[123.6702,0.42444],[123.66738,0.42449],[123.66659,0.42094],[123.66262,0.42123],[123.6584,0.41644],[123.65448,0.4159],[123.64973,0.41187],[123.63858,0.40869],[123.63478,0.40594],[123.62108,0.41094],[123.61249,0.41151],[123.61157,0.41378],[123.60502,0.4157],[123.60351,0.41414],[123.60057,0.41624],[123.59647,0.41588],[123.59543,0.41759],[123.59177,0.41573],[123.5874,0.42677],[123.58404,0.4292],[123.56785,0.43141],[123.56476,0.42995],[123.55628,0.43001],[123.54908,0.43247],[123.55021,0.43381],[123.54823,0.44233],[123.53779,0.44504],[123.52623,0.45297],[123.52301,0.46412],[123.52448,0.4671],[123.52276,0.49006],[123.54474,0.49584],[123.5523,0.51071],[123.54975,0.51418],[123.54732,0.52302],[123.53164,0.53352],[123.52611,0.54181],[123.53353,0.56533],[123.53317,0.57744],[123.5207,0.58432],[123.50911,0.58442],[123.5034,0.59144],[123.48751,0.60157],[123.4892,0.61191],[123.49219,0.61913],[123.491,0.62303],[123.48617,0.62651],[123.47688,0.6297],[123.46252,0.63217],[123.45914,0.63609],[123.45499,0.63548],[123.42997,0.64131],[123.42212,0.63929],[123.39912,0.64088],[123.38312,0.64007],[123.36475,0.65154],[123.35945,0.65137],[123.35526,0.6564],[123.35427,0.6631],[123.34279,0.67513],[123.34253,0.67887],[123.34012,0.68229],[123.32892,0.68893],[123.33843,0.68854]],[[123.96954,0.4569],[123.96844,0.45531],[123.96687,0.45618],[123.96743,0.45777],[123.96491,0.45812],[123.96259,0.46285],[123.9658,0.47464],[123.96152,0.48278],[123.9592,0.48308],[123.95885,0.48065],[123.95707,0.48104],[123.95531,0.47817],[123.94238,0.47737],[123.93727,0.47521],[123.93739,0.47321],[123.94405,0.46579],[123.94868,0.46585],[123.94978,0.46809],[123.95234,0.46516],[123.95412,0.46788],[123.95299,0.46297],[123.95546,0.46103],[123.96033,0.46067],[123.96,0.456],[123.96353,0.45333],[123.96241,0.45235],[123.9655,0.44933],[123.96681,0.44885],[123.96827,0.45316],[123.97379,0.45109],[123.97445,0.45208],[123.96954,0.4569]]],[[[124.77968,1.59973],[124.77251,1.60113],[124.76968,1.61386],[124.76389,1.62059],[124.75616,1.6208],[124.75026,1.61873],[124.74733,1.62018],[124.74137,1.6169],[124.73688,1.61693],[124.73633,1.62564],[124.73895,1.63084],[124.7442,1.63361],[124.75777,1.62718],[124.76779,1.6268],[124.77279,1.62882],[124.77561,1.62764],[124.7819,1.61301],[124.7806,1.60911],[124.78092,1.59808],[124.77968,1.59973]],[[124.74722,1.62227],[124.74605,1.62187],[124.74711,1.62039],[124.74722,1.62227]],[[124.76856,1.62259],[124.77144,1.62366],[124.77134,1.62474],[124.7684,1.62422],[124.76856,1.62259]],[[124.74569,1.62344],[124.74645,1.62466],[124.74223,1.62702],[124.74238,1.62521],[124.74569,1.62344]]],[[[124.7137,1.62605],[124.71369,1.62603],[124.71374,1.62624],[124.7137,1.62605]]],[[[124.70276,1.64752],[124.70356,1.64722],[124.70493,1.64752],[124.70416,1.64651],[124.71419,1.64215],[124.71515,1.64004],[124.71537,1.6389],[124.71534,1.63755],[124.71575,1.63481],[124.71477,1.63179],[124.7161,1.62957],[124.71596,1.63078],[124.71595,1.6317],[124.71625,1.62806],[124.70091,1.61824],[124.68781,1.61932],[124.68448,1.62192],[124.68134,1.63167],[124.68388,1.64193],[124.69181,1.64774],[124.70276,1.64752]],[[124.68205,1.63136],[124.68252,1.631],[124.68203,1.6337],[124.68205,1.63136]],[[124.7143,1.63836],[124.71468,1.63559],[124.71547,1.63561],[124.71507,1.63904],[124.7143,1.63836]]],[[[124.71068,1.64378],[124.70885,1.64564],[124.70616,1.64681],[124.70555,1.64762],[124.7028,1.64792],[124.70256,1.64846],[124.70586,1.64815],[124.71207,1.64328],[124.71068,1.64378]]],[[[124.77737,1.7023],[124.77556,1.70241],[124.77493,1.69833],[124.7783,1.69859],[124.77823,1.69572],[124.76847,1.69233],[124.76427,1.69288],[124.76444,1.69394],[124.74699,1.70158],[124.73361,1.71419],[124.73138,1.72836],[124.73404,1.7308],[124.7367,1.73029],[124.73563,1.73212],[124.73841,1.73331],[124.74025,1.72843],[124.7453,1.72254],[124.74788,1.72346],[124.75113,1.73467],[124.75588,1.73958],[124.76206,1.74204],[124.7653,1.74476],[124.76902,1.74036],[124.76825,1.73786],[124.76987,1.73725],[124.7679,1.73155],[124.76964,1.72848],[124.76812,1.7266],[124.77148,1.72349],[124.77073,1.72151],[124.77531,1.71633],[124.77525,1.71382],[124.777,1.71337],[124.77963,1.7077],[124.77967,1.69771],[124.77737,1.7023]],[[124.75528,1.6996],[124.75666,1.7024],[124.75395,1.70266],[124.7531,1.69914],[124.75528,1.6996]],[[124.75807,1.72802],[124.7587,1.73246],[124.76369,1.73154],[124.76248,1.73762],[124.76118,1.73796],[124.75716,1.73264],[124.75807,1.72802]],[[124.77625,1.70532],[124.77531,1.70854],[124.77645,1.71027],[124.77365,1.71201],[124.77295,1.70889],[124.77509,1.70497],[124.77625,1.70532]],[[124.77587,1.70876],[124.77597,1.70854],[124.77588,1.70887],[124.77587,1.70876]]],[[[124.73469,1.73305],[124.73607,1.73411],[124.73656,1.73304],[124.73469,1.73305]]],[[[124.7445,1.74669],[124.74411,1.74305],[124.74286,1.74278],[124.74441,1.74087],[124.7466,1.74173],[124.74924,1.73752],[124.74583,1.7284],[124.74118,1.73136],[124.73402,1.74466],[124.73438,1.74768],[124.73813,1.75231],[124.74147,1.75254],[124.7445,1.74669]]],[[[124.75823,1.74104],[124.75438,1.74518],[124.75749,1.75309],[124.76099,1.75055],[124.76368,1.74373],[124.75823,1.74104]]],[[[124.74607,1.74687],[124.74712,1.75046],[124.75096,1.74695],[124.74607,1.74687]]],[[[124.74583,1.7504],[124.74533,1.75],[124.74519,1.75064],[124.74583,1.7504]]],[[[124.74973,1.75194],[124.74977,1.7503],[124.74852,1.75108],[124.74973,1.75194]]],[[[124.79224,1.79473],[124.7978,1.79414],[124.79565,1.7866],[124.79803,1.77558],[124.78922,1.77792],[124.7909,1.78362],[124.78847,1.78691],[124.79224,1.79473]]],[[[124.82526,1.53879],[124.825,1.539],[124.82552,1.53881],[124.82558,1.53858],[124.82526,1.53879]]],[[[124.82385,1.54124],[124.82432,1.53997],[124.82341,1.53963],[124.82179,1.54226],[124.82385,1.54124]]],[[[124.82154,1.5433],[124.82158,1.54343],[124.82156,1.54322],[124.82154,1.5433]]],[[[124.8219,1.54456],[124.82159,1.54352],[124.82154,1.54393],[124.8219,1.54456]]],[[[124.81654,1.54687],[124.81624,1.55022],[124.81368,1.54988],[124.80867,1.55594],[124.81305,1.55285],[124.81559,1.55402],[124.81696,1.54847],[124.82117,1.54569],[124.82096,1.54428],[124.81654,1.54687]]],[[[124.80518,1.56257],[124.80283,1.56366],[124.80482,1.56558],[124.80331,1.56838],[124.80449,1.57094],[124.80952,1.56735],[124.80894,1.56486],[124.80699,1.56515],[124.80647,1.5635],[124.80842,1.55593],[124.80518,1.56257]]],[[[124.80449,1.57118],[124.80458,1.5713],[124.80463,1.57133],[124.80449,1.57118]]],[[[124.80649,1.57635],[124.81192,1.5782],[124.81262,1.57655],[124.80867,1.57566],[124.80475,1.57141],[124.80649,1.57635]]],[[[124.81435,1.57909],[124.81447,1.5784],[124.81292,1.578],[124.81289,1.57948],[124.81435,1.57909]]],[[[124.81461,1.57902],[124.81443,1.57907],[124.81466,1.57929],[124.81461,1.57902]]],[[[124.81724,1.58231],[124.82261,1.5836],[124.83204,1.59309],[124.83726,1.59412],[124.83801,1.5931],[124.83861,1.59515],[124.84227,1.59701],[124.84446,1.5962],[124.84638,1.59821],[124.84952,1.5973],[124.85082,1.59898],[124.85416,1.59811],[124.8587,1.59959],[124.84803,1.59387],[124.84592,1.59424],[124.84422,1.59178],[124.84236,1.59228],[124.84272,1.59115],[124.83737,1.59279],[124.83276,1.59078],[124.83282,1.58901],[124.83145,1.59026],[124.8289,1.58936],[124.82373,1.58248],[124.82163,1.5833],[124.8192,1.58193],[124.81973,1.58098],[124.81715,1.58128],[124.81711,1.57955],[124.8146,1.58014],[124.81724,1.58231]]],[[[124.80408,1.78401],[124.80377,1.78445],[124.80433,1.78499],[124.80408,1.78401]]]]},"properties":{"fungsi":"TN"}},{"type":"Feature","geometry":{"type":"MultiPolygon","coordinates":[[[[124.58774,1.37301],[124.58576,1.37577],[124.5867,1.37742],[124.59041,1.37856],[124.59359,1.37474],[124.59905,1.3773],[124.60531,1.37663],[124.60502,1.38576],[124.61174,1.38788],[124.61751,1.38448],[124.61582,1.37885],[124.62061,1.37584],[124.62314,1.37556],[124.62456,1.38078],[124.62939,1.38281],[124.63027,1.38492],[124.63291,1.38545],[124.63992,1.37963],[124.64215,1.38088],[124.6472,1.37582],[124.65388,1.37366],[124.65397,1.36586],[124.65716,1.36569],[124.65623,1.36082],[124.65962,1.36066],[124.66226,1.35761],[124.66212,1.35421],[124.66565,1.35213],[124.66829,1.34478],[124.67205,1.34109],[124.67075,1.33683],[124.66611,1.33859],[124.66356,1.33624],[124.66397,1.33366],[124.66677,1.33163],[124.66744,1.32725],[124.66393,1.32964],[124.65936,1.32999],[124.65783,1.32784],[124.65858,1.32364],[124.65602,1.31917],[124.65186,1.31888],[124.6498,1.31636],[124.65143,1.30981],[124.65018,1.3074],[124.64265,1.31372],[124.63589,1.31519],[124.62515,1.31442],[124.62173,1.30993],[124.62103,1.31317],[124.6189,1.31194],[124.61152,1.31619],[124.61286,1.31882],[124.61887,1.32132],[124.61615,1.32168],[124.61572,1.32336],[124.61022,1.32151],[124.60535,1.32217],[124.6009,1.32552],[124.59642,1.32499],[124.59527,1.32382],[124.59993,1.31619],[124.59849,1.31199],[124.59485,1.31283],[124.59262,1.3159],[124.58963,1.31608],[124.58173,1.32123],[124.58126,1.3183],[124.57909,1.32356],[124.58278,1.32905],[124.58603,1.32822],[124.58653,1.32987],[124.58374,1.33215],[124.58602,1.33614],[124.58407,1.33554],[124.58252,1.33757],[124.57881,1.3365],[124.57382,1.33758],[124.57264,1.34563],[124.57394,1.34799],[124.57806,1.34924],[124.57921,1.35208],[124.58268,1.35284],[124.58438,1.35676],[124.58216,1.35974],[124.58535,1.36273],[124.58632,1.36701],[124.58361,1.36914],[124.58608,1.36973],[124.58774,1.37301]]],[[[126.84134,4.45012],[126.84231,4.44856],[126.84124,4.44626],[126.83782,4.44605],[126.83828,4.44336],[126.83648,4.44038],[126.83394,4.43885],[126.82954,4.43925],[126.82566,4.43578],[126.82326,4.43697],[126.81997,4.43425],[126.81757,4.43797],[126.81034,4.42928],[126.80974,4.4224],[126.81124,4.42155],[126.81139,4.41399],[126.80753,4.40807],[126.80732,4.40057],[126.80316,4.39531],[126.80402,4.38722],[126.80545,4.38359],[126.81377,4.37642],[126.81374,4.37035],[126.82017,4.36756],[126.82493,4.36878],[126.82766,4.36613],[126.82877,4.36238],[126.82677,4.35875],[126.83228,4.35454],[126.83279,4.35132],[126.83552,4.34977],[126.83792,4.34411],[126.83357,4.34144],[126.8341,4.33797],[126.83707,4.33704],[126.84202,4.33923],[126.84535,4.33799],[126.8464,4.331],[126.84323,4.33276],[126.84026,4.33009],[126.83831,4.33164],[126.83645,4.32897],[126.83702,4.32058],[126.84302,4.31989],[126.84604,4.32267],[126.84832,4.32219],[126.8479,4.32024],[126.85144,4.31541],[126.8533,4.32122],[126.85663,4.32298],[126.85668,4.31948],[126.85836,4.32155],[126.85929,4.32038],[126.85337,4.31762],[126.85139,4.3137],[126.85639,4.31734],[126.85858,4.31727],[126.85879,4.31334],[126.85641,4.31182],[126.85574,4.30919],[126.8586,4.3065],[126.85953,4.30779],[126.86057,4.30701],[126.86112,4.30343],[126.86536,4.30232],[126.86764,4.29911],[126.87008,4.29921],[126.87019,4.29758],[126.87299,4.29753],[126.87034,4.29322],[126.87255,4.29626],[126.87206,4.2931],[126.87497,4.29539],[126.874,4.29015],[126.87558,4.28722],[126.87324,4.28326],[126.87314,4.27892],[126.86559,4.28295],[126.8595,4.27511],[126.85516,4.27591],[126.85263,4.27405],[126.84596,4.28292],[126.84792,4.28423],[126.84652,4.28512],[126.8432,4.28438],[126.84345,4.28103],[126.83923,4.2778],[126.83673,4.27665],[126.83249,4.27825],[126.82866,4.2705],[126.8267,4.26959],[126.82356,4.2711],[126.82148,4.26854],[126.81629,4.26824],[126.8144,4.26906],[126.81547,4.27258],[126.8132,4.27538],[126.81214,4.27085],[126.80884,4.27106],[126.80489,4.26889],[126.80502,4.26559],[126.79875,4.26637],[126.79727,4.26885],[126.78998,4.27338],[126.77944,4.27519],[126.77784,4.27897],[126.77206,4.27426],[126.76901,4.27495],[126.76866,4.27745],[126.75452,4.28183],[126.75181,4.2849],[126.75136,4.29353],[126.74691,4.29306],[126.74194,4.28951],[126.7382,4.29144],[126.74089,4.29603],[126.74603,4.2997],[126.7432,4.30488],[126.74527,4.30547],[126.74487,4.31],[126.74125,4.31349],[126.73501,4.31477],[126.73623,4.32104],[126.73372,4.32461],[126.73149,4.32328],[126.72946,4.32445],[126.72839,4.33281],[126.72629,4.33311],[126.72497,4.33121],[126.71956,4.33415],[126.72414,4.33596],[126.72097,4.33896],[126.72189,4.34021],[126.72016,4.34107],[126.71785,4.34871],[126.7198,4.35101],[126.71806,4.35492],[126.71877,4.36779],[126.72494,4.37159],[126.72803,4.37733],[126.73079,4.37691],[126.73313,4.37851],[126.72966,4.38256],[126.72935,4.37938],[126.72678,4.38154],[126.7225,4.37941],[126.72021,4.37605],[126.7189,4.37596],[126.71782,4.37868],[126.71546,4.37609],[126.71481,4.38418],[126.71205,4.38603],[126.71741,4.39351],[126.7222,4.39415],[126.72279,4.39549],[126.72358,4.3943],[126.72736,4.39504],[126.73101,4.39829],[126.72814,4.4042],[126.72112,4.40195],[126.72104,4.41209],[126.72679,4.41522],[126.72805,4.41857],[126.72566,4.42537],[126.73077,4.42991],[126.73649,4.42885],[126.74305,4.43182],[126.74922,4.4388],[126.75323,4.43459],[126.75536,4.43563],[126.76181,4.44525],[126.76554,4.44635],[126.763,4.44646],[126.76599,4.4502],[126.76379,4.45084],[126.76518,4.45412],[126.76397,4.45704],[126.76877,4.45847],[126.76654,4.46386],[126.77292,4.4675],[126.76241,4.46769],[126.76453,4.4744],[126.7603,4.48194],[126.76303,4.48422],[126.76784,4.48427],[126.77182,4.48006],[126.77526,4.48274],[126.78181,4.482],[126.78307,4.48308],[126.78082,4.48582],[126.78228,4.48898],[126.78194,4.49404],[126.78594,4.5003],[126.78966,4.49744],[126.79353,4.49857],[126.802,4.49181],[126.80519,4.49189],[126.80694,4.48528],[126.81235,4.47949],[126.81463,4.47893],[126.81427,4.47272],[126.81592,4.47312],[126.81694,4.47608],[126.82412,4.47375],[126.8246,4.46906],[126.82899,4.46765],[126.83421,4.46284],[126.82925,4.45801],[126.82568,4.45698],[126.83198,4.44706],[126.83548,4.44816],[126.83597,4.45052],[126.84134,4.45012]]],[[[126.78229,4.08459],[126.78077,4.08588],[126.78022,4.08433],[126.78171,4.0842],[126.77994,4.08238],[126.77921,4.08436],[126.77611,4.08442],[126.77595,4.08686],[126.76864,4.08745],[126.76723,4.08521],[126.77249,4.08221],[126.77027,4.07073],[126.76826,4.0686],[126.76621,4.06998],[126.76245,4.06886],[126.76175,4.06584],[126.75937,4.06469],[126.76525,4.06314],[126.75894,4.05481],[126.75604,4.05529],[126.75737,4.05367],[126.75946,4.05429],[126.76004,4.05179],[126.75663,4.0534],[126.75792,4.05002],[126.75305,4.04697],[126.75013,4.04256],[126.75239,4.04293],[126.75285,4.04494],[126.75695,4.0418],[126.75871,4.03741],[126.76165,4.03816],[126.76264,4.03724],[126.75714,4.03586],[126.75706,4.03918],[126.75317,4.04046],[126.7494,4.03866],[126.74951,4.0362],[126.75222,4.037],[126.75271,4.03535],[126.75675,4.03431],[126.75117,4.03524],[126.74566,4.03221],[126.74386,4.02918],[126.74603,4.02566],[126.74148,4.02373],[126.74114,4.02148],[126.74354,4.02066],[126.74322,4.01808],[126.74735,4.01617],[126.7468,4.01159],[126.75463,4.00644],[126.75165,4.00041],[126.7492,4.00069],[126.74804,4.0074],[126.74462,4.00797],[126.74285,4.01101],[126.74022,4.00799],[126.73969,4.0122],[126.73317,4.01514],[126.73186,4.02179],[126.73369,4.02479],[126.73178,4.02922],[126.73324,4.0304],[126.7315,4.03113],[126.73119,4.0295],[126.73112,4.03103],[126.72936,4.03061],[126.72828,4.03384],[126.72964,4.03496],[126.72805,4.03621],[126.72464,4.02844],[126.7226,4.03055],[126.72454,4.03169],[126.72476,4.03388],[126.71744,4.03062],[126.71243,4.03628],[126.7151,4.03968],[126.71431,4.04186],[126.71543,4.04324],[126.72144,4.04044],[126.7221,4.0445],[126.72508,4.04554],[126.72371,4.04891],[126.72662,4.04964],[126.72322,4.05145],[126.72533,4.05504],[126.72728,4.05496],[126.7271,4.05738],[126.72941,4.05801],[126.72872,4.06155],[126.73208,4.06402],[126.73119,4.06763],[126.73486,4.07291],[126.73349,4.07987],[126.73457,4.08173],[126.73785,4.08243],[126.73638,4.08416],[126.73858,4.08536],[126.74067,4.09004],[126.74422,4.09181],[126.75077,4.0881],[126.75323,4.09031],[126.75377,4.09358],[126.76137,4.10551],[126.76151,4.11122],[126.76908,4.11713],[126.77463,4.11402],[126.78203,4.11487],[126.78383,4.11842],[126.78195,4.12302],[126.78308,4.13085],[126.78576,4.13315],[126.7936,4.13092],[126.79161,4.12784],[126.79408,4.12657],[126.79666,4.12932],[126.79586,4.12675],[126.7998,4.12523],[126.80064,4.12226],[126.79933,4.12109],[126.80128,4.12111],[126.79813,4.11843],[126.80283,4.11623],[126.79737,4.11454],[126.80122,4.11306],[126.79744,4.1131],[126.79783,4.11074],[126.80014,4.11013],[126.79904,4.10908],[126.80122,4.10764],[126.79833,4.10486],[126.79189,4.10613],[126.78901,4.11097],[126.78483,4.11326],[126.78528,4.11173],[126.78199,4.11033],[126.78551,4.10153],[126.79139,4.10193],[126.79028,4.09909],[126.78619,4.09768],[126.7861,4.0952],[126.78797,4.09197],[126.78883,4.09387],[126.79478,4.09437],[126.79138,4.08877],[126.79618,4.08419],[126.79131,4.07969],[126.79297,4.07897],[126.79149,4.07654],[126.78718,4.0763],[126.7851,4.07851],[126.78476,4.08216],[126.78697,4.0833],[126.78534,4.08515],[126.78229,4.08459]]]]},"properties":{"fungsi":"SM"}},{"type":"Feature","geometry":{"type":"MultiPolygon","coordinates":[[[[124.48188,1.27983],[124.48225,1.39834],[124.55374,1.39825],[124.5544,1.44478],[124.65686,1.44431],[124.6561,1.394],[124.64671,1.40013],[124.63902,1.39877],[124.63526,1.4064],[124.62867,1.40958],[124.62794,1.41463],[124.62371,1.41876],[124.61498,1.41834],[124.60561,1.41243],[124.60534,1.40599],[124.60288,1.4041],[124.60367,1.4025],[124.60241,1.40097],[124.59941,1.39956],[124.59497,1.40101],[124.58839,1.39489],[124.58404,1.39647],[124.58385,1.3986],[124.58059,1.39826],[124.57382,1.39014],[124.57597,1.38542],[124.57353,1.38482],[124.57414,1.38272],[124.56793,1.38409],[124.56322,1.37665],[124.56297,1.37823],[124.55629,1.37852],[124.55242,1.37657],[124.55156,1.37437],[124.55122,1.37641],[124.55013,1.37417],[124.55206,1.37285],[124.54941,1.37229],[124.54406,1.36629],[124.54321,1.36266],[124.54116,1.36163],[124.54223,1.36036],[124.54021,1.36045],[124.54085,1.35924],[124.53215,1.35289],[124.52899,1.33549],[124.52025,1.33078],[124.52061,1.32947],[124.51765,1.32739],[124.51612,1.31937],[124.51213,1.31685],[124.51581,1.31227],[124.5142,1.30607],[124.51539,1.30017],[124.5169,1.30087],[124.52149,1.29653],[124.52507,1.29592],[124.53428,1.28165],[124.54,1.27975],[124.48188,1.27983]],[[124.50998,1.30542],[124.50619,1.30487],[124.50362,1.30174],[124.50371,1.2989],[124.50623,1.29616],[124.51132,1.29821],[124.50998,1.30542]],[[124.6039,1.40744],[124.60288,1.40688],[124.60314,1.40633],[124.6039,1.40744]],[[124.55048,1.37298],[124.551,1.373],[124.55078,1.37324],[124.55048,1.37298]],[[124.51272,1.31376],[124.51226,1.31322],[124.51295,1.3129],[124.51272,1.31376]],[[124.51245,1.31409],[124.51294,1.31423],[124.51279,1.31464],[124.51245,1.31409]],[[124.51161,1.30949],[124.51198,1.30891],[124.51226,1.30902],[124.51161,1.30949]],[[124.50859,1.30821],[124.50888,1.30829],[124.50877,1.30855],[124.50859,1.30821]]],[[[124.82377,1.53917],[124.83228,1.53566],[124.83561,1.53095],[124.79157,1.53122],[124.7916,1.57959],[124.65772,1.58023],[124.6591,1.82504],[124.85899,1.82411],[124.85816,1.59964],[124.85416,1.59811],[124.85082,1.59898],[124.84952,1.5973],[124.84638,1.59821],[124.84446,1.5962],[124.84227,1.59701],[124.83861,1.59515],[124.83801,1.5931],[124.83726,1.59412],[124.83204,1.59309],[124.82261,1.5836],[124.81724,1.58231],[124.81464,1.57906],[124.81265,1.57945],[124.8118,1.57767],[124.80642,1.57628],[124.80686,1.57451],[124.80332,1.56848],[124.80482,1.56554],[124.80284,1.56364],[124.80518,1.56256],[124.80936,1.55399],[124.81099,1.5539],[124.81369,1.54987],[124.81623,1.55022],[124.81648,1.54694],[124.821,1.54423],[124.82377,1.53917]],[[124.71013,1.6231],[124.71626,1.62807],[124.71419,1.64215],[124.7025,1.64935],[124.69181,1.64774],[124.68417,1.6424],[124.68135,1.63275],[124.68344,1.62161],[124.69229,1.6177],[124.69785,1.61646],[124.71013,1.6231]],[[124.7806,1.60909],[124.78188,1.61314],[124.77561,1.62764],[124.77279,1.62882],[124.76779,1.6268],[124.75777,1.62718],[124.7442,1.63361],[124.73895,1.63084],[124.73633,1.62564],[124.73688,1.61693],[124.74137,1.6169],[124.74733,1.62018],[124.75026,1.61873],[124.75616,1.6208],[124.76389,1.62059],[124.76968,1.61386],[124.77251,1.60113],[124.78061,1.59521],[124.78197,1.59606],[124.7806,1.60909]],[[124.80026,1.63646],[124.80104,1.63389],[124.79935,1.62972],[124.80126,1.62723],[124.80373,1.62684],[124.80559,1.63066],[124.80026,1.63646]],[[124.77967,1.69771],[124.78049,1.70002],[124.77963,1.7077],[124.777,1.71337],[124.77525,1.71382],[124.77531,1.71633],[124.77073,1.72151],[124.77148,1.72349],[124.76812,1.7266],[124.76964,1.72848],[124.7679,1.73155],[124.76987,1.73725],[124.76825,1.73786],[124.76902,1.74036],[124.7653,1.74476],[124.76206,1.74204],[124.75588,1.73958],[124.75113,1.73467],[124.74788,1.72346],[124.7453,1.72254],[124.74025,1.72843],[124.73841,1.73331],[124.73563,1.73212],[124.7367,1.73029],[124.73404,1.7308],[124.73138,1.72836],[124.73361,1.71419],[124.74699,1.70158],[124.76787,1.69235],[124.77823,1.69572],[124.7783,1.69859],[124.77967,1.69771]],[[124.78922,1.77792],[124.79803,1.77558],[124.79565,1.7866],[124.7978,1.79414],[124.79224,1.79473],[124.78882,1.78988],[124.78922,1.77792]],[[124.73621,1.73409],[124.73469,1.73305],[124.73566,1.73271],[124.73621,1.73409]],[[124.74147,1.75254],[124.73773,1.75204],[124.73438,1.74768],[124.73402,1.74466],[124.74118,1.73136],[124.74583,1.7284],[124.74924,1.73752],[124.7466,1.74173],[124.74441,1.74087],[124.74286,1.74278],[124.74411,1.74305],[124.74449,1.7473],[124.74147,1.75254]],[[124.76043,1.75133],[124.75749,1.75309],[124.75438,1.74518],[124.75838,1.74102],[124.76387,1.74424],[124.76043,1.75133]],[[124.74758,1.7505],[124.74611,1.74921],[124.74636,1.74663],[124.75095,1.74669],[124.74758,1.7505]],[[124.74539,1.74999],[124.74578,1.7509],[124.74536,1.75086],[124.74539,1.74999]],[[124.74882,1.75056],[124.7499,1.75039],[124.74965,1.75203],[124.74882,1.75056]],[[124.80377,1.78445],[124.80408,1.78401],[124.80468,1.78436],[124.80377,1.78445]],[[124.71631,1.63458],[124.71659,1.6353],[124.71582,1.63485],[124.71631,1.63458]]]]},"properties":{"fungsi":"TNL"}},{"type":"Feature","geometry":{"type":"MultiPolygon","coordinates":[[[[123.74522,0.84219],[123.74514,0.84198],[123.74403,0.84193],[123.74522,0.84219]]],[[[123.74543,0.84362],[123.74544,0.84275],[123.74522,0.84219],[123.74543,0.84362]]],[[[123.74627,0.84291],[123.74648,0.84314],[123.74613,0.84259],[123.74627,0.84291]]],[[[123.70255,0.85791],[123.70232,0.85819],[123.70251,0.85799],[123.70255,0.85791]]],[[[123.70263,0.85855],[123.70265,0.85847],[123.70258,0.85853],[123.70263,0.85855]]],[[[123.70504,0.85858],[123.70498,0.85861],[123.70516,0.85857],[123.70504,0.85858]]],[[[123.70522,0.8586],[123.70519,0.85874],[123.70527,0.85875],[123.70522,0.8586]]],[[[123.70452,0.85874],[123.70455,0.85879],[123.70458,0.85878],[123.70452,0.85874]]],[[[123.7016,0.8589],[123.70128,0.85918],[123.7015,0.85902],[123.70162,0.8589],[123.70182,0.85865],[123.7016,0.8589]]],[[[123.70307,0.85911],[123.70318,0.85908],[123.70336,0.85897],[123.70307,0.85911]]],[[[123.69709,0.86154],[123.69674,0.86207],[123.69698,0.862],[123.69709,0.86154]]],[[[123.69649,0.86233],[123.69627,0.86254],[123.69653,0.86236],[123.69649,0.86233]]],[[[123.69586,0.86401],[123.69606,0.86291],[123.69596,0.86266],[123.69522,0.86487],[123.69586,0.86401]]],[[[123.68811,0.8701],[123.68544,0.87239],[123.68676,0.87186],[123.69437,0.86566],[123.68811,0.8701]]],[[[123.68488,0.87261],[123.68523,0.87208],[123.68378,0.87347],[123.68341,0.8742],[123.68488,0.87261]]],[[[123.68205,0.87495],[123.68229,0.87467],[123.68197,0.87485],[123.68166,0.87561],[123.68205,0.87495]]],[[[123.67872,0.87593],[123.67872,0.87601],[123.67953,0.87571],[123.67872,0.87593]]],[[[123.79905,0.83426],[123.79913,0.83392],[123.79896,0.83408],[123.79905,0.83432],[123.79905,0.83426]]],[[[123.80202,0.83502],[123.80209,0.83494],[123.80197,0.83502],[123.80202,0.83502]]],[[[123.80246,0.83506],[123.80242,0.83534],[123.80272,0.83574],[123.80246,0.83506]]],[[[123.74682,0.84074],[123.74689,0.84074],[123.74696,0.8407],[123.74682,0.84074]]],[[[123.80313,0.84297],[123.80303,0.84322],[123.80307,0.84317],[123.80313,0.84297]]],[[[123.8029,0.84345],[123.80295,0.84333],[123.8029,0.84338],[123.8029,0.84345]]],[[[123.80266,0.84377],[123.80285,0.84352],[123.80267,0.84364],[123.80231,0.84442],[123.80266,0.84377]]],[[[123.80207,0.8446],[123.80202,0.84469],[123.8021,0.8446],[123.80207,0.8446]]],[[[123.80158,0.84531],[123.80195,0.84478],[123.80091,0.84572],[123.80158,0.84531]]],[[[123.80081,0.84572],[123.80026,0.84599],[123.80008,0.84612],[123.80081,0.84572]]],[[[123.79958,0.84661],[123.79928,0.84686],[123.79941,0.84678],[123.79958,0.84661]]],[[[123.79891,0.84718],[123.7986,0.84761],[123.79876,0.84743],[123.79891,0.84718]]],[[[123.79688,0.84898],[123.79649,0.84902],[123.7964,0.84905],[123.79635,0.84908],[123.79627,0.84917],[123.79685,0.84921],[123.79834,0.84814],[123.79844,0.84799],[123.79847,0.84785],[123.79688,0.84898]]],[[[123.79525,0.84961],[123.79497,0.85001],[123.79461,0.85202],[123.79525,0.84961]]],[[[123.79333,0.85281],[123.79274,0.85437],[123.79435,0.85206],[123.79333,0.85281]]],[[[123.7921,0.85411],[123.7924,0.85416],[123.79197,0.85401],[123.79163,0.85406],[123.7921,0.85411]]],[[[123.80381,0.83685],[123.80388,0.8368],[123.80381,0.8368],[123.80381,0.83685]]],[[[123.80427,0.83705],[123.8041,0.83684],[123.80392,0.83724],[123.80438,0.83805],[123.80427,0.83705]]],[[[123.80445,0.83882],[123.80438,0.83823],[123.80426,0.83848],[123.80434,0.83879],[123.80424,0.83909],[123.80425,0.83933],[123.80445,0.83882]]],[[[123.80418,0.84018],[123.80422,0.83957],[123.80408,0.8403],[123.80418,0.84018]]],[[[123.80428,0.84139],[123.80436,0.8412],[123.80405,0.84153],[123.80398,0.84187],[123.80428,0.84139]]],[[[123.8037,0.84248],[123.80378,0.84235],[123.8033,0.84291],[123.8037,0.84248]]],[[[125.03744,1.68109],[125.0378,1.6811],[125.03773,1.68065],[125.03744,1.68109]]],[[[124.95693,1.68554],[124.95676,1.68587],[124.9572,1.68597],[124.95693,1.68554]]],[[[124.94812,1.68648],[124.94827,1.68645],[124.94814,1.68631],[124.94812,1.68648]]],[[[124.94464,1.68835],[124.94485,1.68856],[124.94482,1.68847],[124.94464,1.68835]]],[[[124.94219,1.68875],[124.94187,1.68886],[124.9421,1.68942],[124.94219,1.68875]]],[[[124.95723,1.70107],[124.95758,1.70124],[124.95759,1.70105],[124.95723,1.70107]]],[[[124.95704,1.70159],[124.95728,1.7015],[124.95714,1.70119],[124.95704,1.70159]]],[[[124.9568,1.70213],[124.95708,1.70198],[124.95693,1.70174],[124.9568,1.70213]]],[[[124.951,1.70272],[124.95134,1.70347],[124.95187,1.70207],[124.951,1.70272]]],[[[125.0355,1.70838],[125.03582,1.70583],[125.03277,1.70678],[125.0355,1.70838]]],[[[125.03414,1.71215],[125.03288,1.71007],[125.03114,1.71214],[125.03128,1.71594],[125.03414,1.71215]]]]},"properties":{"fungsi":null}},{"type":"Feature","geometry":{"type":"MultiPolygon","coordinates":[[[[125.17639,1.55884],[125.17617,1.55048],[125.16315,1.54528],[125.15502,1.5472],[125.14511,1.55403],[125.14086,1.55416],[125.14424,1.55539],[125.14624,1.55979],[125.15515,1.56046],[125.15416,1.56558],[125.16094,1.57123],[125.16506,1.57068],[125.17211,1.56411],[125.17819,1.56156],[125.17639,1.55884]]],[[[124.43789,0.74456],[124.43929,0.74132],[124.44947,0.73999],[124.45316,0.73497],[124.45196,0.73162],[124.44566,0.73078],[124.44531,0.72827],[124.43948,0.72516],[124.43522,0.72539],[124.43332,0.72706],[124.41786,0.72534],[124.41159,0.72888],[124.4102,0.73423],[124.40845,0.73292],[124.408,0.73453],[124.40209,0.73361],[124.39807,0.73471],[124.39548,0.73852],[124.40664,0.73723],[124.40233,0.73932],[124.39039,0.75151],[124.39094,0.75729],[124.39672,0.76312],[124.39272,0.76815],[124.39286,0.77034],[124.39988,0.7767],[124.40508,0.77599],[124.40741,0.77372],[124.4115,0.77554],[124.41713,0.77255],[124.41475,0.77834],[124.41646,0.77796],[124.42298,0.7738],[124.43326,0.75835],[124.44068,0.75794],[124.44301,0.75587],[124.44399,0.75136],[124.43789,0.74456]]],[[[125.24208,1.51546],[125.24535,1.51462],[125.24517,1.51101],[125.24795,1.50838],[125.24232,1.50964],[125.24407,1.50921],[125.24647,1.5067],[125.24423,1.50834],[125.23775,1.50792],[125.21375,1.50357],[125.20949,1.50435],[125.20659,1.50778],[125.20768,1.51554],[125.21561,1.51958],[125.23772,1.52199],[125.24208,1.51546]]],[[[124.41078,0.84083],[124.40798,0.84348],[124.4025,0.85083],[124.40216,0.85468],[124.40549,0.85484],[124.40757,0.85061],[124.41542,0.84711],[124.41518,0.83992],[124.41078,0.84083]]],[[[125.24677,1.50773],[125.24682,1.50743],[125.24666,1.50744],[125.24677,1.50773]]],[[[125.24695,1.50788],[125.24699,1.50805],[125.24751,1.50747],[125.24695,1.50788]]]]},"properties":{"fungsi":"TWA"}},{"type":"Feature","geometry":{"type":"MultiPolygon","coordinates":[[[[123.77295,0.31704],[123.77513,0.31335],[123.76991,0.31594],[123.76337,0.31598],[123.76983,0.31771],[123.77165,0.31611],[123.77295,0.31704]]],[[[123.76218,0.31594],[123.76136,0.31633],[123.76301,0.31616],[123.76218,0.31594]]],[[[123.75445,0.31925],[123.75088,0.32003],[123.75195,0.32134],[123.75445,0.31925]]],[[[123.80138,0.32365],[123.79804,0.31709],[123.79682,0.31663],[123.80077,0.32317],[123.8008,0.32824],[123.80185,0.33076],[123.80138,0.32365]]],[[[123.85097,0.32972],[123.85254,0.33312],[123.85417,0.33343],[123.85698,0.33033],[123.85303,0.33041],[123.84931,0.32806],[123.84176,0.32818],[123.83808,0.32856],[123.83605,0.33033],[123.83568,0.33166],[123.83855,0.32915],[123.85097,0.32972]]],[[[123.87828,0.34322],[123.8793,0.34702],[123.88028,0.3458],[123.87955,0.342],[123.87828,0.34322]]],[[[123.92346,0.3488],[123.92169,0.34642],[123.91977,0.34529],[123.91671,0.34628],[123.91669,0.34784],[123.9212,0.34963],[123.92346,0.3488]]],[[[123.94491,0.35734],[123.94148,0.35459],[123.9393,0.3574],[123.94197,0.35734],[123.94379,0.35985],[123.94491,0.35734]]],[[[123.9362,0.35917],[123.93804,0.35794],[123.93684,0.35859],[123.93481,0.35859],[123.9362,0.35917]]],[[[123.96856,0.35765],[123.95902,0.3596],[123.95901,0.35999],[123.96856,0.35765]]],[[[123.95074,0.35939],[123.94924,0.36211],[123.94878,0.36136],[123.94823,0.3641],[123.95286,0.35911],[123.95074,0.35939]]],[[[124.03899,0.3702],[124.03528,0.3686],[124.03253,0.37432],[124.03447,0.37484],[124.03646,0.3704],[124.03813,0.37175],[124.03899,0.3702]]],[[[124.02881,0.37219],[124.02819,0.37181],[124.02874,0.37332],[124.02881,0.37219]]],[[[124.04129,0.37564],[124.03905,0.37353],[124.03849,0.3741],[124.04306,0.37804],[124.04455,0.37596],[124.04129,0.37564]]],[[[123.56476,0.42995],[123.56785,0.43141],[123.58404,0.4292],[123.5874,0.42677],[123.59177,0.41573],[123.59543,0.41759],[123.59647,0.41588],[123.60057,0.41624],[123.60351,0.41414],[123.60502,0.4157],[123.61157,0.41378],[123.61249,0.41151],[123.62108,0.41094],[123.63478,0.40594],[123.63858,0.40869],[123.64973,0.41187],[123.65448,0.4159],[123.6584,0.41644],[123.66262,0.42123],[123.66659,0.42094],[123.66738,0.42449],[123.6702,0.42444],[123.6733,0.42808],[123.67237,0.43227],[123.68388,0.43717],[123.70069,0.43578],[123.70763,0.43358],[123.72938,0.43588],[123.74703,0.43458],[123.77089,0.4366],[123.78205,0.43424],[123.78469,0.43654],[123.79301,0.43848],[123.81579,0.43745],[123.81999,0.43996],[123.82931,0.44082],[123.83264,0.43867],[123.83657,0.43869],[123.83692,0.44005],[123.84353,0.43759],[123.84955,0.43795],[123.85459,0.43466],[123.86391,0.43383],[123.90882,0.43394],[123.91904,0.43973],[123.92713,0.43956],[123.92775,0.44261],[123.9481,0.44245],[123.93917,0.43243],[123.92784,0.42545],[123.92489,0.42043],[123.92538,0.41751],[123.93248,0.40856],[123.93492,0.40166],[123.92909,0.39696],[123.91872,0.3932],[123.90461,0.39904],[123.89571,0.40813],[123.8855,0.41169],[123.85897,0.406],[123.84732,0.40503],[123.83311,0.4053],[123.81335,0.41224],[123.80032,0.40913],[123.79228,0.39784],[123.79091,0.38529],[123.79414,0.36157],[123.80032,0.34491],[123.80383,0.3425],[123.80343,0.33559],[123.80096,0.33412],[123.80193,0.3323],[123.7971,0.3289],[123.78886,0.32657],[123.7854,0.32687],[123.78369,0.33198],[123.78094,0.33343],[123.77467,0.32963],[123.76874,0.32885],[123.75168,0.33133],[123.74424,0.33832],[123.74248,0.34754],[123.73968,0.34974],[123.73602,0.34954],[123.72688,0.35608],[123.71968,0.35503],[123.74561,0.36977],[123.75895,0.36929],[123.76195,0.37638],[123.76055,0.38011],[123.75346,0.38281],[123.75463,0.38738],[123.75025,0.38837],[123.7483,0.39552],[123.74298,0.40064],[123.72742,0.4025],[123.72921,0.39629],[123.72867,0.38857],[123.72673,0.38541],[123.72107,0.38161],[123.71549,0.38258],[123.71411,0.37725],[123.70725,0.37498],[123.70182,0.3812],[123.69956,0.38702],[123.71603,0.39917],[123.71627,0.40327],[123.70456,0.40369],[123.69924,0.39856],[123.69709,0.39831],[123.69417,0.39984],[123.69231,0.40825],[123.68553,0.40566],[123.68538,0.40211],[123.68337,0.40135],[123.68092,0.39701],[123.68366,0.38899],[123.67874,0.38102],[123.67717,0.37484],[123.68753,0.37205],[123.68959,0.36697],[123.69216,0.36482],[123.69498,0.35759],[123.6925,0.34699],[123.68954,0.34566],[123.6864,0.35061],[123.68677,0.35912],[123.68315,0.35944],[123.68278,0.35439],[123.68006,0.35424],[123.67403,0.35698],[123.67104,0.36065],[123.66636,0.35967],[123.66215,0.36174],[123.65724,0.36081],[123.65718,0.36445],[123.65566,0.36551],[123.64811,0.36648],[123.64669,0.36942],[123.64363,0.37077],[123.64228,0.38118],[123.64338,0.38643],[123.64047,0.38761],[123.63993,0.39112],[123.63692,0.38825],[123.63738,0.3773],[123.63351,0.38517],[123.63204,0.3829],[123.634,0.38155],[123.63287,0.3705],[123.63493,0.37035],[123.63826,0.36633],[123.6351,0.363],[123.63287,0.35419],[123.63074,0.35271],[123.62775,0.35464],[123.62403,0.35442],[123.62364,0.35871],[123.62912,0.3648],[123.62895,0.36813],[123.62597,0.37326],[123.62241,0.36685],[123.61702,0.36322],[123.61317,0.35563],[123.60972,0.35459],[123.60516,0.3557],[123.60426,0.35994],[123.6023,0.3615],[123.59727,0.36105],[123.59617,0.35925],[123.59186,0.37141],[123.5857,0.3708],[123.57718,0.37393],[123.57836,0.37144],[123.57278,0.37087],[123.5729,0.36705],[123.57481,0.3648],[123.57351,0.36049],[123.56892,0.35904],[123.56529,0.35956],[123.55732,0.36718],[123.5369,0.37166],[123.53059,0.36956],[123.51944,0.35781],[123.51167,0.35946],[123.50373,0.3669],[123.49662,0.36274],[123.49214,0.36219],[123.49157,0.36565],[123.49673,0.37105],[123.4979,0.38213],[123.50933,0.39501],[123.52798,0.40603],[123.53283,0.41598],[123.54171,0.42802],[123.5501,0.43364],[123.54908,0.43247],[123.55625,0.43002],[123.56476,0.42995]]],[[[123.64687,0.59409],[123.64128,0.59378],[123.63869,0.59133],[123.6329,0.59233],[123.62712,0.59044],[123.62319,0.59327],[123.61904,0.59044],[123.60779,0.59014],[123.6039,0.58743],[123.59901,0.58816],[123.59663,0.59147],[123.58709,0.59017],[123.58045,0.58515],[123.57192,0.58606],[123.57076,0.59103],[123.5593,0.60325],[123.55546,0.60382],[123.54957,0.60074],[123.54813,0.60168],[123.55548,0.60917],[123.55355,0.61173],[123.55632,0.61729],[123.55291,0.61851],[123.55657,0.62361],[123.55149,0.6251],[123.55905,0.62988],[123.55308,0.63135],[123.55241,0.63276],[123.54594,0.6306],[123.5415,0.63115],[123.54393,0.63848],[123.53447,0.63969],[123.5335,0.64256],[123.54088,0.64687],[123.53847,0.65147],[123.53998,0.65259],[123.55164,0.65398],[123.55489,0.64927],[123.5577,0.64939],[123.55732,0.64651],[123.56064,0.64433],[123.56144,0.64081],[123.56789,0.64213],[123.5681,0.63904],[123.56985,0.63946],[123.57111,0.6369],[123.57632,0.6363],[123.57803,0.63958],[123.5748,0.64597],[123.57769,0.64693],[123.57786,0.64971],[123.57132,0.65589],[123.57592,0.65917],[123.57527,0.66357],[123.57811,0.66633],[123.58216,0.66336],[123.58545,0.66514],[123.58781,0.66286],[123.58672,0.65348],[123.59194,0.65576],[123.59538,0.65455],[123.5933,0.64415],[123.59958,0.64333],[123.59985,0.64139],[123.59734,0.63879],[123.59895,0.634],[123.59804,0.63107],[123.60407,0.6301],[123.6129,0.63333],[123.6159,0.64042],[123.61145,0.64419],[123.61347,0.64639],[123.61018,0.65016],[123.61438,0.65093],[123.61336,0.65669],[123.61975,0.66077],[123.62342,0.65598],[123.62553,0.65715],[123.62671,0.6525],[123.63048,0.65236],[123.6285,0.64403],[123.6334,0.64369],[123.63137,0.63779],[123.64246,0.63888],[123.65143,0.63624],[123.65195,0.63792],[123.64879,0.64221],[123.65233,0.64924],[123.6453,0.65178],[123.64574,0.6583],[123.64077,0.66048],[123.64083,0.66343],[123.63925,0.66473],[123.63645,0.66257],[123.6269,0.66672],[123.62535,0.67538],[123.62599,0.67718],[123.63271,0.67932],[123.63526,0.67446],[123.64039,0.6736],[123.64233,0.68141],[123.6492,0.68602],[123.65141,0.68302],[123.65182,0.67677],[123.65591,0.67869],[123.6593,0.67365],[123.66546,0.67139],[123.66335,0.66674],[123.66929,0.66599],[123.66946,0.66277],[123.67518,0.6626],[123.67383,0.65887],[123.6783,0.65785],[123.67857,0.65207],[123.68153,0.64876],[123.68401,0.64904],[123.68617,0.65306],[123.69121,0.65302],[123.68903,0.64808],[123.69135,0.64435],[123.68984,0.63964],[123.6949,0.64077],[123.69937,0.64414],[123.70305,0.64362],[123.70392,0.64213],[123.70308,0.63776],[123.69937,0.63493],[123.70086,0.6279],[123.69713,0.6279],[123.69488,0.62352],[123.6879,0.62578],[123.68469,0.62202],[123.6797,0.62599],[123.67512,0.62585],[123.67377,0.62089],[123.66561,0.61406],[123.66521,0.61159],[123.65903,0.60741],[123.65888,0.60569],[123.6651,0.60632],[123.66514,0.60167],[123.65816,0.60033],[123.64687,0.59409]]],[[[123.27711,0.74843],[123.28631,0.73983],[123.29763,0.73431],[123.30932,0.72614],[123.34158,0.71855],[123.36664,0.71716],[123.378,0.71456],[123.38678,0.70838],[123.39139,0.70281],[123.40871,0.69559],[123.41809,0.68747],[123.43641,0.6834],[123.44071,0.67614],[123.45209,0.66351],[123.46392,0.66062],[123.47315,0.66044],[123.48152,0.65744],[123.49201,0.64296],[123.50463,0.63402],[123.50918,0.62541],[123.50682,0.62696],[123.50094,0.6241],[123.49414,0.63077],[123.48942,0.63067],[123.48516,0.63282],[123.46905,0.63594],[123.46599,0.64071],[123.46816,0.64396],[123.46346,0.64578],[123.45418,0.64097],[123.43929,0.64524],[123.38539,0.65231],[123.37859,0.65435],[123.37697,0.65163],[123.37496,0.6513],[123.37027,0.65323],[123.36627,0.65245],[123.36161,0.65718],[123.36104,0.66377],[123.35085,0.67283],[123.34704,0.68523],[123.33279,0.68968],[123.32833,0.68891],[123.32205,0.69871],[123.30243,0.69803],[123.2976,0.69588],[123.28939,0.69562],[123.2822,0.69911],[123.27365,0.69816],[123.25205,0.71757],[123.24715,0.71697],[123.24939,0.72511],[123.24907,0.72903],[123.24615,0.73386],[123.24991,0.75074],[123.25331,0.75699],[123.25863,0.76118],[123.27711,0.74843]]],[[[123.47654,0.75928],[123.48576,0.75625],[123.48527,0.75323],[123.46711,0.74861],[123.45943,0.74852],[123.45678,0.75269],[123.45294,0.75095],[123.44715,0.75161],[123.44434,0.75413],[123.44788,0.76232],[123.44725,0.76918],[123.45008,0.78147],[123.4397,0.79369],[123.44541,0.79606],[123.44959,0.79586],[123.45594,0.799],[123.46122,0.79808],[123.47213,0.79227],[123.47384,0.79026],[123.46981,0.78297],[123.47766,0.77823],[123.48253,0.76526],[123.48194,0.76012],[123.47654,0.75928]]],[[[123.39479,0.77739],[123.39368,0.78514],[123.39396,0.8093],[123.3977,0.82839],[123.39605,0.83439],[123.40314,0.83845],[123.40681,0.83764],[123.40855,0.84302],[123.41161,0.84644],[123.41365,0.84564],[123.4215,0.83335],[123.4288,0.81305],[123.42895,0.77755],[123.4251,0.76904],[123.41567,0.76265],[123.41001,0.76375],[123.39995,0.77121],[123.39479,0.77739]]],[[[123.50626,0.84123],[123.51334,0.83773],[123.51996,0.83095],[123.52949,0.83155],[123.53209,0.82695],[123.52831,0.81928],[123.52491,0.81606],[123.51189,0.81239],[123.50693,0.81317],[123.49399,0.81141],[123.49241,0.8159],[123.48252,0.82235],[123.50626,0.84123]]],[[[123.77878,0.82905],[123.77997,0.83477],[123.78146,0.83187],[123.78375,0.83143],[123.7834,0.82958],[123.77878,0.82905]]],[[[123.76124,0.83282],[123.75867,0.83325],[123.7563,0.8306],[123.75279,0.82981],[123.75042,0.83024],[123.74907,0.83369],[123.74555,0.83523],[123.74727,0.83555],[123.75263,0.83094],[123.7534,0.83216],[123.75647,0.83142],[123.75959,0.8356],[123.76127,0.83376],[123.76305,0.83521],[123.76329,0.83853],[123.76574,0.83811],[123.76124,0.83282]]],[[[123.80241,0.8349],[123.80421,0.83696],[123.80441,0.841],[123.79684,0.84922],[123.80378,0.84437],[123.80633,0.84051],[123.80603,0.83593],[123.80401,0.83345],[123.80036,0.83271],[123.79956,0.83497],[123.80241,0.8349]]],[[[123.74607,0.84386],[123.74711,0.84052],[123.74489,0.84052],[123.74379,0.84162],[123.74607,0.84386]]],[[[123.73687,0.84941],[123.74086,0.85127],[123.74114,0.8539],[123.74221,0.85221],[123.74019,0.84999],[123.73668,0.84882],[123.73451,0.85097],[123.73021,0.85111],[123.73192,0.85353],[123.73694,0.85242],[123.73687,0.84941]]],[[[123.79171,0.85409],[123.79433,0.85428],[123.79677,0.84925],[123.79171,0.85409]]],[[[123.70661,0.86065],[123.70706,0.86108],[123.70744,0.85998],[123.70691,0.85899],[123.70661,0.86065]]],[[[123.71819,0.86706],[123.72628,0.86638],[123.72584,0.86407],[123.73077,0.86233],[123.73291,0.86551],[123.73277,0.86291],[123.73108,0.86244],[123.73115,0.85859],[123.72775,0.86193],[123.7266,0.85996],[123.72231,0.86551],[123.71934,0.86467],[123.7163,0.86617],[123.71542,0.87332],[123.71819,0.86706]]],[[[123.7055,0.85858],[123.70303,0.8566],[123.69718,0.85776],[123.68496,0.86806],[123.67872,0.87593],[123.68155,0.87572],[123.69415,0.8659],[123.69917,0.86075],[123.69949,0.8583],[123.7055,0.85858]],[[123.69982,0.85739],[123.7,0.85723],[123.70014,0.85735],[123.69982,0.85739]],[[123.70033,0.85776],[123.70045,0.85779],[123.70041,0.85793],[123.70033,0.85776]],[[123.69787,0.85831],[123.69797,0.85849],[123.69765,0.8587],[123.69787,0.85831]],[[123.69822,0.85839],[123.6984,0.85866],[123.69737,0.85936],[123.69822,0.85839]],[[123.69683,0.85946],[123.69693,0.85964],[123.69651,0.85999],[123.69683,0.85946]],[[123.69404,0.86172],[123.69414,0.86163],[123.69432,0.86174],[123.69404,0.86172]],[[123.69462,0.86157],[123.69489,0.86191],[123.69467,0.86208],[123.69462,0.86157]],[[123.68093,0.87529],[123.68132,0.87506],[123.68153,0.87524],[123.68093,0.87529]]],[[[123.9808,0.87275],[123.97802,0.87094],[123.97713,0.87287],[123.97353,0.87017],[123.97854,0.86913],[123.97629,0.86942],[123.97648,0.86572],[123.97436,0.8654],[123.9736,0.86857],[123.97129,0.86647],[123.96867,0.86691],[123.97115,0.8713],[123.97888,0.87797],[123.98095,0.87562],[123.9808,0.87275]]],[[[123.62181,0.88457],[123.62149,0.88755],[123.62315,0.88704],[123.62738,0.89107],[123.62513,0.88726],[123.62958,0.88287],[123.6277,0.8845],[123.62152,0.88219],[123.61931,0.88326],[123.62181,0.88457]]],[[[123.61218,0.8892],[123.6106,0.8886],[123.60913,0.89023],[123.60731,0.89769],[123.60416,0.89874],[123.60416,0.90023],[123.60728,0.90044],[123.60966,0.89787],[123.61474,0.89754],[123.62507,0.89337],[123.61638,0.89554],[123.61554,0.88605],[123.61342,0.88539],[123.61218,0.8892]]],[[[123.42823,0.89231],[123.42612,0.89379],[123.42689,0.89236],[123.4255,0.89179],[123.42772,0.89208],[123.42894,0.88908],[123.42764,0.88724],[123.42421,0.88962],[123.42258,0.88748],[123.42119,0.88946],[123.42244,0.89317],[123.41934,0.89052],[123.41672,0.89018],[123.41012,0.89248],[123.41255,0.88974],[123.41033,0.88997],[123.40756,0.89283],[123.40914,0.89384],[123.41146,0.89221],[123.41253,0.8926],[123.41009,0.89433],[123.40759,0.90014],[123.40804,0.90326],[123.40994,0.90513],[123.40923,0.89918],[123.41378,0.89519],[123.41511,0.89176],[123.41787,0.89112],[123.42674,0.89553],[123.43108,0.89413],[123.42823,0.89231]]],[[[123.35762,0.90301],[123.36149,0.89424],[123.35693,0.892],[123.3516,0.89192],[123.35107,0.89551],[123.35514,0.9011],[123.35652,0.9005],[123.356,0.90218],[123.35762,0.90301]]],[[[123.40488,0.8926],[123.39843,0.89302],[123.39594,0.89483],[123.39822,0.89674],[123.3933,0.89751],[123.39139,0.89681],[123.39289,0.89598],[123.3917,0.89332],[123.38954,0.89632],[123.38756,0.89553],[123.38478,0.90237],[123.37649,0.90852],[123.37699,0.91026],[123.3829,0.90767],[123.38404,0.90434],[123.38667,0.90429],[123.38871,0.90027],[123.39572,0.89874],[123.39729,0.89934],[123.39776,0.90236],[123.40228,0.89947],[123.40488,0.8926]]],[[[123.43062,0.89964],[123.42908,0.90059],[123.42733,0.89896],[123.4232,0.89947],[123.42516,0.90216],[123.42798,0.90125],[123.43568,0.904],[123.44526,0.90507],[123.44987,0.90402],[123.44646,0.90215],[123.43062,0.89964]]],[[[123.19857,0.90089],[123.19673,0.90163],[123.1973,0.9029],[123.19245,0.90325],[123.1923,0.90492],[123.1971,0.90834],[123.1957,0.90419],[123.19781,0.90427],[123.19934,0.90199],[123.204,0.8995],[123.20226,0.89711],[123.19985,0.90034],[123.19824,0.89825],[123.19671,0.89739],[123.19857,0.90089]]],[[[123.35508,0.90393],[123.35504,0.90304],[123.35434,0.9037],[123.35447,0.90518],[123.35508,0.90393]]],[[[123.28543,0.90266],[123.28521,0.90522],[123.28308,0.90474],[123.28072,0.90616],[123.2833,0.90833],[123.2868,0.9081],[123.28666,0.91053],[123.28996,0.90871],[123.28782,0.90513],[123.28863,0.90209],[123.28543,0.90266]],[[123.28361,0.90535],[123.28357,0.90501],[123.28395,0.90509],[123.28361,0.90535]],[[123.28462,0.90573],[123.28426,0.90585],[123.28433,0.90547],[123.28462,0.90573]],[[123.28278,0.90553],[123.28355,0.90552],[123.28354,0.90582],[123.28278,0.90553]],[[123.28586,0.90515],[123.28583,0.90473],[123.28603,0.90471],[123.28586,0.90515]],[[123.28518,0.90541],[123.28534,0.90538],[123.28538,0.90556],[123.28518,0.90541]],[[123.28517,0.9068],[123.28488,0.90644],[123.28784,0.90599],[123.28517,0.9068]]],[[[123.1989,0.91204],[123.19837,0.91019],[123.20333,0.90989],[123.20253,0.90546],[123.20487,0.90238],[123.20416,0.89991],[123.19781,0.90469],[123.19625,0.90448],[123.19795,0.90682],[123.19573,0.91643],[123.1989,0.91204]]],[[[123.25405,0.91655],[123.25293,0.91477],[123.25704,0.91382],[123.2565,0.91083],[123.25293,0.90882],[123.25294,0.90634],[123.25871,0.90151],[123.25759,0.89924],[123.25626,0.90063],[123.25362,0.89977],[123.25645,0.89711],[123.25236,0.8936],[123.24893,0.89728],[123.25076,0.90355],[123.2487,0.90552],[123.25067,0.90652],[123.25022,0.90727],[123.25012,0.9087],[123.25021,0.90906],[123.25239,0.90998],[123.24815,0.91282],[123.25181,0.91792],[123.24832,0.92072],[123.25438,0.92519],[123.25405,0.91655]],[[123.25321,0.90482],[123.25326,0.90518],[123.25293,0.90521],[123.25321,0.90482]]],[[[123.34637,0.90792],[123.34355,0.90416],[123.33782,0.90467],[123.33723,0.91441],[123.33794,0.91529],[123.33906,0.91405],[123.34121,0.9082],[123.34353,0.90758],[123.34683,0.91022],[123.34898,0.9194],[123.35061,0.9205],[123.35219,0.91855],[123.35006,0.91614],[123.35135,0.91445],[123.34877,0.91334],[123.35009,0.91224],[123.34894,0.90862],[123.35044,0.9048],[123.353,0.90546],[123.34924,0.90278],[123.34637,0.90792]]],[[[123.2666,0.91639],[123.26423,0.91668],[123.2666,0.91362],[123.26296,0.9155],[123.26759,0.92384],[123.26965,0.91926],[123.2666,0.91639]]],[[[123.20019,0.91744],[123.19704,0.91792],[123.19888,0.91999],[123.19687,0.92196],[123.2,0.92154],[123.20019,0.91744]]],[[[123.25566,0.92231],[123.25624,0.92278],[123.25742,0.91906],[123.25566,0.92231]]],[[[123.26485,0.92353],[123.26458,0.92064],[123.2635,0.92124],[123.26485,0.92353]]],[[[123.26266,0.9213],[123.26012,0.92068],[123.25882,0.9269],[123.26182,0.92682],[123.26266,0.9213]]],[[[123.18228,0.93303],[123.17801,0.93131],[123.17611,0.93169],[123.17894,0.93428],[123.18079,0.93318],[123.18267,0.93509],[123.18555,0.93514],[123.18662,0.93117],[123.19576,0.92665],[123.1965,0.92229],[123.19381,0.92404],[123.19265,0.92748],[123.1887,0.92639],[123.18228,0.93303]]],[[[123.25864,0.93262],[123.25751,0.93316],[123.25965,0.93424],[123.25864,0.93262]]],[[[123.21602,0.9426],[123.21447,0.94254],[123.21599,0.94391],[123.21602,0.9426]]],[[[123.24795,0.94454],[123.24441,0.94092],[123.24219,0.94015],[123.23763,0.94196],[123.24317,0.94634],[123.24176,0.94785],[123.24269,0.95064],[123.2439,0.95095],[123.24514,0.94733],[123.24795,0.94454]]],[[[123.24863,0.94224],[123.24851,0.9461],[123.25044,0.94768],[123.25024,0.95098],[123.25318,0.9518],[123.25092,0.95008],[123.25251,0.9439],[123.24863,0.94224]]],[[[124.05448,0.37207],[124.06098,0.3706],[124.06012,0.37342],[124.05683,0.37485],[124.0568,0.37838],[124.0631,0.3762],[124.0639,0.37961],[124.06836,0.38049],[124.06628,0.37551],[124.06353,0.37464],[124.06541,0.37067],[124.0615,0.36881],[124.05636,0.36984],[124.05255,0.36543],[124.05472,0.36191],[124.05025,0.36056],[124.04935,0.36687],[124.04584,0.37037],[124.04644,0.3715],[124.04878,0.37062],[124.04966,0.3683],[124.05448,0.37207]]],[[[124.04972,0.37443],[124.04802,0.37363],[124.04604,0.37524],[124.04729,0.37669],[124.04972,0.37443]]],[[[124.07026,0.38128],[124.07103,0.38232],[124.07288,0.38203],[124.073,0.38033],[124.07026,0.38128]]],[[[124.28143,0.41336],[124.28131,0.40998],[124.27932,0.41323],[124.28143,0.41336]]],[[[124.28219,0.41333],[124.28366,0.4176],[124.28666,0.41406],[124.28572,0.40922],[124.28219,0.41333]]],[[[124.31474,0.41469],[124.31445,0.41038],[124.31269,0.41088],[124.31011,0.41392],[124.31332,0.41363],[124.31819,0.4184],[124.31474,0.41469]]],[[[124.27932,0.4148],[124.2786,0.41533],[124.27827,0.41636],[124.27932,0.4148]]],[[[124.27239,0.42638],[124.27478,0.42106],[124.27298,0.42164],[124.27239,0.42638]]],[[[124.28463,0.42077],[124.28229,0.42487],[124.27947,0.42442],[124.27756,0.42905],[124.27395,0.42819],[124.2721,0.42927],[124.26989,0.42789],[124.26899,0.43139],[124.27111,0.43178],[124.27327,0.42934],[124.27737,0.43072],[124.28067,0.42607],[124.28257,0.42708],[124.28304,0.42436],[124.28494,0.42444],[124.28463,0.42077]]],[[[124.32252,0.43454],[124.32155,0.42647],[124.32028,0.4276],[124.32139,0.43307],[124.32219,0.43473],[124.32355,0.43579],[124.32252,0.43454]]],[[[124.2858,0.42421],[124.28367,0.42809],[124.28634,0.42704],[124.2901,0.4339],[124.29039,0.43826],[124.29406,0.44113],[124.29709,0.42817],[124.28991,0.42727],[124.2858,0.42421]]],[[[124.35686,0.4349],[124.35617,0.4345],[124.35567,0.4379],[124.35745,0.43708],[124.35686,0.4349]]],[[[124.36145,0.43439],[124.35952,0.4453],[124.36151,0.44594],[124.36252,0.44531],[124.3604,0.44049],[124.36263,0.43567],[124.36056,0.43165],[124.35874,0.43482],[124.35966,0.43841],[124.35804,0.43837],[124.35955,0.43898],[124.36059,0.4379],[124.35922,0.43587],[124.36056,0.43291],[124.36145,0.43439]]],[[[124.33854,0.44763],[124.34118,0.44795],[124.34034,0.44611],[124.34318,0.44207],[124.34042,0.43954],[124.33931,0.4417],[124.33912,0.4389],[124.33692,0.44093],[124.33657,0.44382],[124.33854,0.44763]]],[[[124.37608,0.44585],[124.37847,0.44689],[124.37962,0.44583],[124.38265,0.44754],[124.38255,0.44369],[124.37667,0.44533],[124.37476,0.44403],[124.37494,0.44231],[124.37234,0.44251],[124.3716,0.4412],[124.36717,0.44283],[124.36889,0.44431],[124.37109,0.44342],[124.37271,0.44739],[124.37547,0.44751],[124.37608,0.44585]]],[[[124.34813,0.44686],[124.34824,0.44363],[124.34416,0.44549],[124.34494,0.44666],[124.34715,0.44444],[124.34825,0.44853],[124.3497,0.44862],[124.34813,0.44686]]],[[[124.34656,0.44994],[124.34563,0.4506],[124.34761,0.45033],[124.34656,0.44994]]],[[[124.35753,0.45076],[124.35574,0.45332],[124.355,0.45014],[124.35479,0.45301],[124.35709,0.45473],[124.35753,0.45076]]],[[[124.19758,0.49313],[124.16751,0.49158],[124.13677,0.48296],[124.10494,0.47768],[124.08136,0.46495],[124.06131,0.46097],[124.06102,0.46506],[124.07399,0.48324],[124.08585,0.49506],[124.0849,0.49554],[124.09355,0.49993],[124.10593,0.50254],[124.1239,0.5031],[124.14341,0.50751],[124.15913,0.50485],[124.16174,0.50631],[124.16395,0.50485],[124.17018,0.50529],[124.17701,0.50347],[124.18539,0.50393],[124.19963,0.50919],[124.20644,0.5098],[124.21564,0.51557],[124.21933,0.51616],[124.26134,0.53752],[124.25236,0.52684],[124.25089,0.52052],[124.24449,0.51383],[124.21912,0.50762],[124.20636,0.50029],[124.19758,0.49313]]],[[[124.46018,0.54982],[124.46735,0.54326],[124.46919,0.54016],[124.46836,0.53932],[124.46505,0.5364],[124.42948,0.52346],[124.42292,0.52212],[124.41643,0.52292],[124.41015,0.52861],[124.4063,0.52954],[124.38792,0.51652],[124.38346,0.51743],[124.37764,0.52248],[124.37532,0.53249],[124.37599,0.53753],[124.38112,0.54405],[124.39007,0.55074],[124.41276,0.55011],[124.43058,0.55614],[124.43805,0.56274],[124.44203,0.56261],[124.45256,0.55711],[124.46519,0.55966],[124.46018,0.54982]]],[[[124.34884,0.66106],[124.34729,0.66295],[124.3498,0.66448],[124.35247,0.66527],[124.35782,0.66235],[124.36152,0.65759],[124.36425,0.65654],[124.36649,0.65898],[124.37224,0.66106],[124.37307,0.66541],[124.37082,0.66559],[124.37374,0.67015],[124.38993,0.66745],[124.39631,0.66172],[124.41224,0.64196],[124.43604,0.63898],[124.4456,0.63431],[124.45198,0.62751],[124.45453,0.62198],[124.45622,0.61539],[124.45559,0.60775],[124.44985,0.59648],[124.43965,0.58777],[124.40396,0.57842],[124.39471,0.57737],[124.37001,0.58225],[124.35595,0.58112],[124.35628,0.58515],[124.35059,0.58862],[124.3543,0.58802],[124.35438,0.58922],[124.35408,0.59202],[124.35025,0.5965],[124.35102,0.60434],[124.34853,0.60335],[124.34232,0.60869],[124.3412,0.60456],[124.33641,0.60415],[124.33456,0.59872],[124.32449,0.59548],[124.32071,0.58852],[124.32154,0.60031],[124.31942,0.60626],[124.32112,0.61115],[124.34598,0.62369],[124.36106,0.63813],[124.3617,0.64387],[124.34393,0.64616],[124.34203,0.65304],[124.34884,0.66106]]],[[[124.42338,0.72498],[124.43332,0.72706],[124.43522,0.72539],[124.43948,0.72516],[124.44282,0.72756],[124.44531,0.72827],[124.44566,0.73078],[124.45196,0.73162],[124.45292,0.73664],[124.44947,0.73999],[124.4427,0.74012],[124.43929,0.74132],[124.43789,0.74456],[124.43941,0.74554],[124.44419,0.74023],[124.44761,0.74313],[124.45332,0.74394],[124.45617,0.73924],[124.45513,0.73416],[124.45738,0.73434],[124.45629,0.73069],[124.44336,0.72737],[124.44222,0.72317],[124.42338,0.72498]]],[[[124.13212,0.74822],[124.13039,0.761],[124.13461,0.76598],[124.14242,0.76748],[124.14601,0.76544],[124.15214,0.75777],[124.15605,0.745],[124.15632,0.73497],[124.15363,0.73139],[124.14304,0.72711],[124.13992,0.72768],[124.13212,0.74822]]],[[[124.42278,0.77952],[124.42391,0.77533],[124.4275,0.77233],[124.43077,0.76204],[124.44084,0.75968],[124.44181,0.75742],[124.43326,0.75835],[124.42963,0.76214],[124.42298,0.7738],[124.41475,0.77834],[124.41409,0.78094],[124.41826,0.78119],[124.42278,0.77952]]],[[[124.14043,0.78806],[124.14325,0.78831],[124.14181,0.78991],[124.14542,0.7928],[124.16042,0.79538],[124.16736,0.79359],[124.18071,0.78292],[124.18421,0.77731],[124.18711,0.76442],[124.18612,0.75246],[124.18395,0.74773],[124.17849,0.74683],[124.16933,0.75246],[124.14852,0.77606],[124.14587,0.78077],[124.14679,0.78271],[124.14479,0.78252],[124.14473,0.7851],[124.14043,0.78806]]],[[[124.29763,0.82779],[124.29422,0.82689],[124.2963,0.82394],[124.29541,0.81983],[124.28986,0.81831],[124.28922,0.81686],[124.27741,0.81601],[124.2778,0.81077],[124.27344,0.81167],[124.27075,0.80917],[124.27215,0.80251],[124.26761,0.80368],[124.26642,0.81456],[124.26498,0.81238],[124.26498,0.80279],[124.26277,0.80334],[124.26201,0.80599],[124.25965,0.80644],[124.25612,0.80395],[124.25268,0.80711],[124.24861,0.80677],[124.24797,0.80872],[124.2464,0.80838],[124.2477,0.82034],[124.25302,0.8309],[124.2529,0.83568],[124.2556,0.83637],[124.25775,0.84193],[124.26092,0.84152],[124.26397,0.84331],[124.26625,0.84167],[124.27008,0.84384],[124.27167,0.84168],[124.27364,0.84431],[124.2777,0.84276],[124.28176,0.84558],[124.28434,0.84539],[124.28897,0.84092],[124.29755,0.84101],[124.2962,0.83914],[124.29216,0.83857],[124.29482,0.83639],[124.29763,0.82779]]],[[[124.0956,0.86908],[124.09391,0.86687],[124.09475,0.86482],[124.09836,0.86601],[124.09952,0.86358],[124.09431,0.86064],[124.09384,0.85823],[124.09267,0.85881],[124.09217,0.85364],[124.08803,0.85432],[124.08774,0.85105],[124.08532,0.84897],[124.08667,0.84481],[124.084,0.84067],[124.08964,0.83817],[124.09043,0.83348],[124.08351,0.83453],[124.08669,0.8303],[124.08572,0.82889],[124.07968,0.83269],[124.07683,0.84028],[124.07968,0.84057],[124.07809,0.84629],[124.08121,0.85086],[124.07669,0.85866],[124.07602,0.86816],[124.0774,0.86741],[124.08227,0.87082],[124.08293,0.86654],[124.08675,0.86537],[124.09029,0.86904],[124.08897,0.87068],[124.09195,0.87208],[124.0956,0.86908]]],[[[124.20973,0.85096],[124.20945,0.85346],[124.20763,0.85272],[124.19764,0.84262],[124.19478,0.84225],[124.19106,0.84726],[124.1849,0.84594],[124.17692,0.84891],[124.17583,0.84768],[124.17537,0.85129],[124.17066,0.85442],[124.16913,0.85943],[124.1821,0.86677],[124.18549,0.86561],[124.18876,0.86835],[124.18939,0.8728],[124.19517,0.87149],[124.19881,0.87537],[124.20374,0.87758],[124.20936,0.87332],[124.21723,0.87311],[124.2142,0.86925],[124.21696,0.86447],[124.21598,0.86148],[124.21928,0.85791],[124.21903,0.85615],[124.22287,0.8531],[124.20973,0.85096]]],[[[124.07351,0.91749],[124.07572,0.91734],[124.07565,0.91394],[124.07037,0.90704],[124.07338,0.90511],[124.07351,0.90214],[124.0754,0.9004],[124.07972,0.90272],[124.07722,0.89492],[124.07851,0.89605],[124.08276,0.88956],[124.07943,0.89163],[124.07739,0.89026],[124.07247,0.8942],[124.06971,0.89366],[124.06918,0.89202],[124.07141,0.8897],[124.06967,0.88944],[124.07184,0.88612],[124.06864,0.88356],[124.06648,0.88456],[124.06989,0.88196],[124.06681,0.87803],[124.06255,0.8761],[124.05624,0.87833],[124.05493,0.88089],[124.05728,0.88378],[124.06245,0.88143],[124.0648,0.88654],[124.06035,0.88588],[124.06098,0.8918],[124.05642,0.89395],[124.05798,0.89547],[124.0582,0.89985],[124.04966,0.90825],[124.07411,0.92133],[124.07351,0.91749]]],[[[124.46654,0.96823],[124.4689,0.96323],[124.47451,0.96337],[124.47778,0.95985],[124.48369,0.96105],[124.48715,0.96574],[124.48957,0.9621],[124.48845,0.9586],[124.48357,0.95362],[124.48222,0.94923],[124.48022,0.94907],[124.48078,0.94599],[124.4779,0.94712],[124.4761,0.9442],[124.47332,0.94657],[124.47186,0.94512],[124.47099,0.94734],[124.4674,0.94321],[124.4651,0.94416],[124.46715,0.93964],[124.46556,0.93749],[124.45901,0.93983],[124.46244,0.94714],[124.46034,0.9501],[124.46201,0.95255],[124.45999,0.95205],[124.46055,0.954],[124.45891,0.95445],[124.46122,0.95565],[124.45877,0.95642],[124.46022,0.95756],[124.45878,0.95846],[124.459,0.96088],[124.46421,0.9614],[124.46654,0.96823]]],[[[124.30858,1.03456],[124.30982,1.03685],[124.30966,1.03535],[124.30858,1.03456]]],[[[124.31625,1.04988],[124.31622,1.04882],[124.31359,1.05263],[124.31391,1.0549],[124.31615,1.05497],[124.31625,1.04988]]],[[[124.3224,1.06801],[124.32066,1.07502],[124.32221,1.0703],[124.3224,1.06801]]],[[[124.43535,1.09528],[124.43774,1.08919],[124.44309,1.0893],[124.44765,1.08032],[124.44433,1.07817],[124.44501,1.07472],[124.43978,1.07788],[124.43899,1.06693],[124.43676,1.06669],[124.43665,1.06272],[124.43186,1.05884],[124.42853,1.05956],[124.42929,1.06377],[124.42347,1.06411],[124.4247,1.06117],[124.42347,1.05703],[124.42164,1.05715],[124.4223,1.05512],[124.41992,1.05624],[124.4165,1.05356],[124.4132,1.05418],[124.41191,1.05758],[124.40552,1.05921],[124.40735,1.06185],[124.40538,1.06539],[124.40761,1.06515],[124.40764,1.06945],[124.40961,1.07292],[124.40795,1.07524],[124.41428,1.07813],[124.41306,1.07986],[124.41355,1.0848],[124.41827,1.08584],[124.41927,1.08895],[124.42781,1.08952],[124.42959,1.08768],[124.43535,1.09528]]],[[[124.32098,1.07528],[124.321,1.07664],[124.32232,1.07844],[124.32467,1.07781],[124.32098,1.07528]]],[[[124.3927,1.11793],[124.39386,1.11505],[124.39183,1.11075],[124.38538,1.10758],[124.38271,1.10325],[124.38015,1.10456],[124.37459,1.10202],[124.37186,1.10618],[124.37332,1.10923],[124.37079,1.11076],[124.36666,1.10903],[124.36381,1.11456],[124.36741,1.11528],[124.37535,1.12072],[124.38117,1.11841],[124.38652,1.12101],[124.3927,1.11793]]],[[[124.33953,1.11795],[124.34021,1.11861],[124.33992,1.11892],[124.34081,1.12003],[124.34041,1.1151],[124.33953,1.11795]]],[[[124.3449,1.12253],[124.3479,1.12444],[124.34539,1.12236],[124.34096,1.12017],[124.3449,1.12253]]],[[[124.34884,1.12635],[124.34934,1.12662],[124.34895,1.1256],[124.34796,1.12477],[124.34884,1.12635]]],[[[124.35305,1.13941],[124.35313,1.14074],[124.35426,1.14001],[124.35493,1.13756],[124.35305,1.13941]]],[[[124.35234,1.14242],[124.35114,1.14414],[124.35107,1.14453],[124.35328,1.1416],[124.35234,1.14242]]],[[[124.34943,1.14596],[124.34936,1.14619],[124.35062,1.14569],[124.34943,1.14596]]],[[[124.34789,1.14757],[124.34606,1.1499],[124.34695,1.14953],[124.34909,1.14722],[124.34789,1.14757]]],[[[124.34347,1.15501],[124.34583,1.14994],[124.3429,1.1541],[124.34413,1.15736],[124.35418,1.16512],[124.35636,1.16473],[124.35094,1.16219],[124.34347,1.15501]]],[[[124.36217,1.16815],[124.36536,1.17023],[124.36525,1.16932],[124.36199,1.16681],[124.36217,1.16815]]],[[[124.45579,1.18584],[124.45189,1.18604],[124.45091,1.18746],[124.44397,1.18834],[124.44866,1.18822],[124.45472,1.18625],[124.46489,1.18951],[124.47065,1.18655],[124.45579,1.18584]]],[[[124.43266,1.18843],[124.42853,1.18797],[124.4348,1.18875],[124.43984,1.188],[124.43266,1.18843]]],[[[124.49752,1.19095],[124.49571,1.18988],[124.49353,1.18702],[124.49082,1.18453],[124.49031,1.18448],[124.49726,1.19194],[124.50392,1.18877],[124.49752,1.19095]]],[[[124.50888,1.30829],[124.50859,1.30821],[124.50852,1.30846],[124.50888,1.30829]]],[[[124.51206,1.30963],[124.51224,1.30896],[124.5119,1.30895],[124.51206,1.30963]]],[[[124.51245,1.31409],[124.51221,1.31461],[124.51279,1.31464],[124.51245,1.31409]]],[[[124.5264,0.57401],[124.52289,0.57203],[124.5208,0.5762],[124.51936,0.57593],[124.5191,0.57274],[124.51743,0.57549],[124.52107,0.5797],[124.52476,0.5804],[124.5264,0.57401]]],[[[124.53757,0.59384],[124.53944,0.59503],[124.54607,0.59331],[124.54823,0.59577],[124.55386,0.59587],[124.55802,0.59222],[124.54557,0.5904],[124.53605,0.58682],[124.53512,0.5883],[124.53645,0.59231],[124.53328,0.59576],[124.53564,0.59697],[124.53757,0.59384]]],[[[124.5627,0.65915],[124.56103,0.66516],[124.5569,0.66816],[124.55894,0.67064],[124.55832,0.67321],[124.56277,0.67569],[124.56866,0.66817],[124.56441,0.66465],[124.5627,0.65915]]],[[[124.57787,0.6814],[124.57684,0.68265],[124.57666,0.68504],[124.57787,0.6814]]],[[[124.57759,0.68771],[124.57644,0.68573],[124.57531,0.68765],[124.57813,0.68939],[124.5802,0.68726],[124.57759,0.68771]]],[[[124.62302,0.70567],[124.62206,0.70397],[124.62003,0.70957],[124.62349,0.71443],[124.62302,0.70567]]],[[[124.62354,0.71239],[124.6236,0.71216],[124.62357,0.71218],[124.62354,0.71239]]],[[[124.6295,0.7154],[124.62684,0.71708],[124.62867,0.71835],[124.63085,0.71535],[124.63001,0.71308],[124.62566,0.71053],[124.62492,0.71262],[124.62431,0.71124],[124.62366,0.71208],[124.62443,0.71353],[124.62684,0.71144],[124.6295,0.7154]]],[[[124.64018,0.80082],[124.64533,0.79897],[124.64489,0.80107],[124.64737,0.80282],[124.64741,0.80524],[124.65239,0.80387],[124.64066,0.79334],[124.63511,0.80023],[124.64018,0.80082]]],[[[124.66492,0.81942],[124.66392,0.81788],[124.66418,0.82009],[124.66599,0.81969],[124.66492,0.81942]]],[[[124.66798,0.82261],[124.66678,0.82087],[124.66633,0.82247],[124.66798,0.82261]]],[[[124.66648,0.82873],[124.66989,0.82855],[124.66882,0.83032],[124.67022,0.83101],[124.67554,0.83046],[124.67672,0.83309],[124.68168,0.82988],[124.68062,0.82834],[124.67745,0.82989],[124.67058,0.82901],[124.67085,0.82742],[124.66824,0.82604],[124.66912,0.82523],[124.6665,0.82528],[124.66648,0.82873]]],[[[124.59137,0.87384],[124.58636,0.87138],[124.57691,0.87111],[124.56797,0.86394],[124.56799,0.85125],[124.5732,0.84845],[124.57854,0.85556],[124.58124,0.85586],[124.58743,0.86175],[124.6006,0.86403],[124.60299,0.86241],[124.59704,0.85684],[124.59778,0.85123],[124.59599,0.84847],[124.59628,0.84558],[124.60491,0.84286],[124.60717,0.84508],[124.60757,0.84282],[124.6196,0.83682],[124.61628,0.83612],[124.61574,0.83122],[124.61929,0.82605],[124.61448,0.82054],[124.61102,0.82213],[124.60212,0.82031],[124.59957,0.82232],[124.59902,0.81953],[124.59332,0.82091],[124.59379,0.81352],[124.59101,0.81423],[124.58976,0.8198],[124.58643,0.82139],[124.5826,0.81802],[124.57996,0.81856],[124.57867,0.81601],[124.57392,0.81613],[124.57074,0.81217],[124.57039,0.81387],[124.56367,0.81719],[124.55273,0.81677],[124.55279,0.80576],[124.54938,0.80494],[124.55062,0.80329],[124.55885,0.80691],[124.56033,0.80235],[124.56617,0.79858],[124.56343,0.79571],[124.56801,0.7851],[124.56097,0.77756],[124.56626,0.76883],[124.56019,0.77159],[124.55808,0.76916],[124.55386,0.76884],[124.55142,0.76278],[124.54506,0.76225],[124.54076,0.75915],[124.53325,0.75864],[124.52722,0.76483],[124.5245,0.7748],[124.52669,0.78037],[124.52087,0.78274],[124.52245,0.79017],[124.5185,0.79215],[124.51617,0.79884],[124.51708,0.80239],[124.51193,0.80446],[124.50459,0.8018],[124.49479,0.80201],[124.49084,0.80933],[124.48781,0.80676],[124.48562,0.80724],[124.48546,0.80399],[124.48206,0.80391],[124.48498,0.79915],[124.47566,0.79442],[124.4693,0.79557],[124.46871,0.79814],[124.46559,0.799],[124.46757,0.80152],[124.4651,0.80392],[124.46955,0.8071],[124.46351,0.80968],[124.466,0.81244],[124.46297,0.81506],[124.46698,0.81841],[124.46757,0.82134],[124.46089,0.82134],[124.46053,0.82452],[124.45897,0.8213],[124.45543,0.82094],[124.45687,0.82462],[124.45352,0.82571],[124.45259,0.83126],[124.44976,0.82684],[124.4485,0.82663],[124.44894,0.82879],[124.44296,0.83563],[124.44666,0.84051],[124.44407,0.84614],[124.44736,0.84727],[124.44991,0.85129],[124.45223,0.8515],[124.4564,0.85548],[124.46022,0.85077],[124.4583,0.84977],[124.45792,0.84744],[124.46795,0.84994],[124.46365,0.84583],[124.46574,0.84286],[124.47139,0.84665],[124.47982,0.84383],[124.48204,0.8468],[124.48642,0.8434],[124.49589,0.84683],[124.49807,0.85006],[124.49978,0.85008],[124.49927,0.85194],[124.50134,0.85406],[124.50425,0.8545],[124.50501,0.86011],[124.50106,0.86662],[124.50686,0.87251],[124.50536,0.87665],[124.51578,0.87827],[124.51773,0.88045],[124.51857,0.8862],[124.52244,0.88884],[124.52877,0.88753],[124.53024,0.89282],[124.53627,0.89191],[124.53338,0.8963],[124.53976,0.90278],[124.54645,0.90364],[124.55586,0.89749],[124.5664,0.89469],[124.5701,0.88876],[124.57036,0.88552],[124.58139,0.88471],[124.58728,0.88167],[124.59422,0.88411],[124.59931,0.88359],[124.59851,0.87969],[124.59399,0.87904],[124.59137,0.87384]],[[124.53253,0.79214],[124.52956,0.79365],[124.52839,0.78977],[124.52323,0.7884],[124.52873,0.7856],[124.53448,0.78692],[124.53349,0.78831],[124.53585,0.78831],[124.5361,0.78965],[124.53395,0.7926],[124.53563,0.79287],[124.53257,0.79448],[124.53253,0.79214]]],[[[124.68531,0.83353],[124.68532,0.83416],[124.68841,0.83464],[124.68735,0.83278],[124.68531,0.83353]]],[[[124.70635,0.86765],[124.70724,0.85754],[124.70619,0.85759],[124.7085,0.84818],[124.70673,0.847],[124.70232,0.84707],[124.70158,0.84919],[124.70135,0.86068],[124.70635,0.86765]]],[[[124.73838,0.85937],[124.73823,0.85915],[124.7374,0.86044],[124.73838,0.85937]]],[[[124.73913,0.86109],[124.74192,0.86245],[124.74146,0.86118],[124.73913,0.86109]]],[[[124.74761,0.86365],[124.74734,0.86292],[124.74706,0.86352],[124.74761,0.86365]]],[[[124.74585,0.86417],[124.74627,0.86401],[124.7444,0.8633],[124.74585,0.86417]]],[[[124.76434,0.87856],[124.76623,0.877],[124.76389,0.87363],[124.76213,0.8744],[124.76434,0.87856]]],[[[124.61811,0.88005],[124.62211,0.87472],[124.61599,0.87193],[124.61614,0.88619],[124.61965,0.88323],[124.61811,0.88005]]],[[[124.73473,0.88224],[124.73803,0.88435],[124.74006,0.88387],[124.72801,0.87937],[124.7287,0.88307],[124.73415,0.88341],[124.73473,0.88224]]],[[[124.7185,0.89305],[124.71262,0.87738],[124.71187,0.88102],[124.71681,0.8942],[124.7185,0.89305]]],[[[124.72953,0.89041],[124.72946,0.8904],[124.72941,0.89042],[124.72953,0.89041]]],[[[124.72907,0.89064],[124.72927,0.89047],[124.7292,0.8905],[124.72907,0.89064]]],[[[124.73156,0.89717],[124.73261,0.89327],[124.73662,0.88948],[124.74335,0.89371],[124.744,0.89587],[124.74751,0.8954],[124.74188,0.88974],[124.73254,0.88492],[124.73346,0.89045],[124.72826,0.89152],[124.72911,0.89399],[124.72835,0.89501],[124.73041,0.89616],[124.72707,0.89703],[124.72101,0.89486],[124.71661,0.89649],[124.71911,0.89898],[124.73156,0.89717]]],[[[124.75343,0.89369],[124.7583,0.89714],[124.76727,0.89467],[124.7682,0.89214],[124.76055,0.88795],[124.76008,0.89302],[124.75815,0.89442],[124.75301,0.89318],[124.75212,0.89666],[124.75075,0.89688],[124.75307,0.89679],[124.75343,0.89369]]],[[[124.72833,0.89387],[124.72847,0.89384],[124.72842,0.89382],[124.72833,0.89387]]],[[[124.81194,1.11691],[124.81599,1.11965],[124.81916,1.11773],[124.81879,1.11412],[124.82314,1.11516],[124.82817,1.11915],[124.82951,1.12214],[124.83766,1.12548],[124.8409,1.13003],[124.84212,1.12582],[124.84045,1.12282],[124.84302,1.12224],[124.84259,1.12419],[124.84541,1.12464],[124.84647,1.11977],[124.84865,1.12324],[124.85029,1.12161],[124.8512,1.12018],[124.84963,1.119],[124.85279,1.11699],[124.85435,1.11154],[124.85414,1.1101],[124.85131,1.10943],[124.85383,1.10486],[124.85658,1.10462],[124.85725,1.10009],[124.86228,1.09737],[124.85841,1.09416],[124.85534,1.09639],[124.85328,1.10195],[124.85062,1.10255],[124.85213,1.09506],[124.85548,1.09096],[124.85473,1.08774],[124.8499,1.09616],[124.84796,1.09599],[124.84683,1.09867],[124.84059,1.10334],[124.83455,1.10239],[124.82743,1.1053],[124.8265,1.10039],[124.82044,1.10254],[124.8186,1.09876],[124.81743,1.10151],[124.81465,1.10147],[124.81235,1.10355],[124.81083,1.10841],[124.80306,1.11496],[124.81194,1.11691]],[[124.85476,1.10209],[124.8544,1.10224],[124.854,1.10172],[124.85476,1.10209]],[[124.85187,1.1142],[124.85316,1.11366],[124.85309,1.11412],[124.85187,1.1142]],[[124.8103,1.11443],[124.81128,1.11606],[124.80955,1.11614],[124.8103,1.11443]],[[124.84802,1.1181],[124.84753,1.11753],[124.84835,1.11675],[124.84802,1.1181]],[[124.83273,1.12109],[124.8352,1.12052],[124.83526,1.1226],[124.83273,1.12109]]],[[[124.73463,1.17474],[124.73365,1.17249],[124.73871,1.17198],[124.73853,1.16698],[124.74211,1.16347],[124.74614,1.16251],[124.74776,1.16477],[124.75159,1.16086],[124.75259,1.16259],[124.75466,1.16191],[124.75479,1.16516],[124.75876,1.1581],[124.76022,1.16085],[124.7622,1.15956],[124.76269,1.16373],[124.76685,1.1664],[124.76866,1.16104],[124.76758,1.15954],[124.76539,1.15978],[124.76548,1.15593],[124.76919,1.15718],[124.76917,1.15404],[124.77299,1.1572],[124.77357,1.15539],[124.77582,1.1559],[124.77746,1.1526],[124.77498,1.14869],[124.76806,1.14697],[124.76469,1.14446],[124.76964,1.142],[124.76792,1.13801],[124.77308,1.13378],[124.77204,1.13112],[124.77792,1.13113],[124.77265,1.1263],[124.77588,1.11291],[124.7707,1.11438],[124.7701,1.11313],[124.7698,1.10911],[124.77238,1.10348],[124.77673,1.10203],[124.77819,1.10253],[124.77841,1.10494],[124.7816,1.10362],[124.78415,1.10879],[124.78622,1.11036],[124.78956,1.10988],[124.7917,1.1129],[124.79835,1.11349],[124.80528,1.10738],[124.8042,1.10621],[124.80547,1.10119],[124.80303,1.10251],[124.80318,1.09854],[124.80019,1.09819],[124.7999,1.09049],[124.80241,1.08618],[124.79975,1.08616],[124.79952,1.08368],[124.79621,1.08284],[124.79595,1.07971],[124.79034,1.07789],[124.79182,1.07532],[124.78877,1.076],[124.78811,1.07399],[124.78096,1.07079],[124.77572,1.07169],[124.76766,1.06479],[124.76181,1.06472],[124.75684,1.06178],[124.75413,1.06224],[124.74572,1.05637],[124.74465,1.05675],[124.74472,1.06371],[124.73726,1.06596],[124.73409,1.07466],[124.73105,1.07829],[124.72819,1.07971],[124.72194,1.07698],[124.71974,1.08534],[124.71534,1.08929],[124.71421,1.09325],[124.71144,1.09295],[124.70674,1.09575],[124.70612,1.09405],[124.70247,1.09389],[124.70057,1.09505],[124.70083,1.09979],[124.69881,1.10174],[124.69105,1.10265],[124.68004,1.10668],[124.6791,1.10876],[124.67291,1.11026],[124.67425,1.11092],[124.67296,1.11373],[124.67367,1.11776],[124.67652,1.1228],[124.67371,1.12756],[124.67448,1.13448],[124.66729,1.13833],[124.64918,1.13844],[124.64949,1.14202],[124.65196,1.14309],[124.64241,1.14633],[124.64097,1.15455],[124.6436,1.15744],[124.64207,1.1598],[124.64411,1.16268],[124.64345,1.16532],[124.64497,1.16856],[124.64714,1.16791],[124.6457,1.1704],[124.64682,1.17003],[124.64635,1.17117],[124.64933,1.17394],[124.6504,1.17144],[124.65213,1.17151],[124.65114,1.17475],[124.64851,1.17585],[124.64952,1.17838],[124.6544,1.17579],[124.65309,1.18246],[124.65991,1.18471],[124.66419,1.18248],[124.66654,1.1788],[124.66981,1.17951],[124.67255,1.17746],[124.67376,1.17917],[124.67571,1.17813],[124.6802,1.18019],[124.68931,1.17979],[124.69244,1.18677],[124.70065,1.18636],[124.70244,1.18984],[124.70738,1.18762],[124.7089,1.18503],[124.70684,1.18382],[124.70749,1.18253],[124.71832,1.17272],[124.71373,1.17339],[124.70834,1.17138],[124.70788,1.17031],[124.71326,1.16668],[124.72036,1.1652],[124.72181,1.16894],[124.71895,1.17036],[124.71861,1.17178],[124.72892,1.17054],[124.72964,1.17382],[124.73463,1.17474]]],[[[124.5414,1.21236],[124.54221,1.21349],[124.5467,1.21024],[124.54837,1.20848],[124.54853,1.2082],[124.54864,1.20774],[124.54866,1.20747],[124.54222,1.21136],[124.52428,1.21248],[124.52,1.20966],[124.51749,1.2044],[124.51871,1.1966],[124.51643,1.20376],[124.52042,1.21247],[124.52644,1.2153],[124.53461,1.21255],[124.5414,1.21236]]],[[[124.81835,1.23953],[124.81524,1.2333],[124.80856,1.23809],[124.81492,1.24184],[124.81835,1.23953]]],[[[124.59851,1.2616],[124.59912,1.26299],[124.60107,1.26165],[124.60364,1.2626],[124.60751,1.25687],[124.60417,1.25712],[124.59401,1.26391],[124.59494,1.26497],[124.59851,1.2616]]],[[[124.59121,1.26497],[124.59071,1.26764],[124.59361,1.26524],[124.59121,1.26497]]],[[[124.55878,1.27107],[124.5612,1.27105],[124.56091,1.27066],[124.55878,1.27107]]],[[[124.57632,1.2706],[124.57327,1.27069],[124.57346,1.27144],[124.57632,1.2706]]],[[[124.58699,1.26988],[124.58778,1.27529],[124.59077,1.27683],[124.59188,1.27027],[124.59013,1.2676],[124.57844,1.27056],[124.58386,1.27146],[124.58699,1.26988]]],[[[124.56283,1.28055],[124.5598,1.27893],[124.5587,1.28084],[124.56234,1.2851],[124.56537,1.28384],[124.56847,1.28474],[124.56804,1.28252],[124.56982,1.28585],[124.57549,1.28703],[124.5752,1.28384],[124.57085,1.27911],[124.57322,1.27167],[124.56972,1.2784],[124.5713,1.2819],[124.56459,1.2781],[124.56338,1.27239],[124.56192,1.27207],[124.56216,1.27477],[124.56063,1.27561],[124.56283,1.28055]]],[[[124.5211,1.3061],[124.52377,1.30203],[124.52595,1.30248],[124.52369,1.29783],[124.53439,1.28633],[124.53597,1.28248],[124.53853,1.2805],[124.54132,1.28286],[124.54263,1.28202],[124.54,1.27975],[124.5348,1.28115],[124.52508,1.29592],[124.52149,1.29653],[124.5169,1.30087],[124.51539,1.30017],[124.5159,1.30707],[124.5211,1.3061]]],[[[124.5142,1.30604],[124.51445,1.30705],[124.51477,1.30613],[124.5148,1.30392],[124.5142,1.30604]]],[[[124.51741,1.31696],[124.51864,1.31281],[124.51485,1.30793],[124.51574,1.31254],[124.51227,1.31747],[124.51507,1.31438],[124.51741,1.31696]]],[[[124.51315,1.3137],[124.51323,1.31316],[124.51245,1.31297],[124.51315,1.3137]]],[[[124.51697,1.32163],[124.51683,1.32218],[124.51762,1.32479],[124.51763,1.32734],[124.5184,1.32837],[124.51954,1.32728],[124.51888,1.32427],[124.51697,1.32163]]],[[[124.52034,1.33086],[124.52195,1.3313],[124.52114,1.33081],[124.52034,1.33086]]],[[[124.55671,1.37666],[124.56027,1.37332],[124.55717,1.37399],[124.55615,1.37165],[124.55742,1.36934],[124.55474,1.36617],[124.55308,1.36654],[124.55267,1.36516],[124.54946,1.36769],[124.5478,1.36713],[124.54625,1.36319],[124.54918,1.35899],[124.54749,1.3564],[124.54495,1.35704],[124.54398,1.35226],[124.54132,1.35203],[124.53823,1.35518],[124.53477,1.35301],[124.53561,1.34195],[124.53305,1.34084],[124.53506,1.33585],[124.53237,1.3291],[124.52709,1.32865],[124.52196,1.33131],[124.52713,1.33405],[124.526,1.33492],[124.52899,1.33549],[124.53215,1.35289],[124.54085,1.35924],[124.54021,1.36045],[124.54223,1.36036],[124.54116,1.36163],[124.54321,1.36266],[124.54406,1.36629],[124.54941,1.37229],[124.55206,1.37285],[124.55013,1.37417],[124.55121,1.3764],[124.55158,1.37437],[124.55373,1.37691],[124.55671,1.37666]]],[[[124.55088,1.37319],[124.551,1.373],[124.55044,1.373],[124.55088,1.37319]]],[[[124.57783,1.38543],[124.57847,1.38301],[124.57577,1.3829],[124.57419,1.38084],[124.57261,1.38113],[124.57293,1.38301],[124.56659,1.37806],[124.56663,1.3802],[124.57153,1.3824],[124.57033,1.38355],[124.56628,1.38069],[124.56777,1.384],[124.57076,1.38435],[124.57414,1.38272],[124.57353,1.38482],[124.57597,1.38542],[124.57369,1.38806],[124.57414,1.39067],[124.58027,1.39807],[124.58377,1.39862],[124.58403,1.39648],[124.58813,1.39448],[124.5855,1.39105],[124.57783,1.38543]]],[[[124.63921,1.39997],[124.63879,1.39924],[124.63851,1.4014],[124.63921,1.39997]]],[[[124.63525,1.40641],[124.63601,1.40476],[124.63361,1.40614],[124.6332,1.40823],[124.63525,1.40641]]],[[[124.61741,1.41745],[124.61393,1.41371],[124.6152,1.41614],[124.60972,1.41435],[124.61039,1.4127],[124.6078,1.41093],[124.60955,1.40887],[124.60814,1.40746],[124.61117,1.40604],[124.60695,1.40322],[124.60801,1.40124],[124.60579,1.40045],[124.60404,1.39698],[124.59402,1.39509],[124.591,1.39631],[124.59164,1.39867],[124.5936,1.3987],[124.59497,1.40101],[124.59942,1.39956],[124.60298,1.40145],[124.60287,1.40407],[124.60527,1.40584],[124.60601,1.40896],[124.60502,1.4115],[124.6099,1.41607],[124.6181,1.41886],[124.62254,1.41904],[124.62371,1.41876],[124.62473,1.41778],[124.61741,1.41745]]],[[[124.62794,1.41462],[124.62759,1.4123],[124.62478,1.41535],[124.62488,1.41762],[124.62794,1.41462]]],[[[124.83357,1.53362],[124.8399,1.52828],[124.83683,1.52937],[124.83324,1.53339],[124.83247,1.53552],[124.82561,1.53855],[124.8326,1.5356],[124.83357,1.53362]]],[[[124.82392,1.53907],[124.82327,1.53993],[124.82432,1.53997],[124.82392,1.53907]]],[[[124.91712,0.97733],[124.91866,0.976],[124.91606,0.97384],[124.91635,0.97121],[124.91247,0.96981],[124.90878,0.97187],[124.90276,0.97079],[124.89626,0.97608],[124.90365,0.97835],[124.90802,0.97635],[124.91712,0.97733]]],[[[124.89443,0.98112],[124.88855,0.9848],[124.88749,0.99082],[124.8865,0.98923],[124.88484,0.98961],[124.88671,0.98788],[124.88646,0.98515],[124.88499,0.985],[124.88457,0.98671],[124.88378,0.9848],[124.88431,0.98045],[124.88595,0.97911],[124.88285,0.97513],[124.88695,0.97559],[124.88669,0.9735],[124.87453,0.96995],[124.85974,0.96924],[124.85839,0.97049],[124.86049,0.97382],[124.8649,0.97188],[124.86492,0.97359],[124.86911,0.97507],[124.87481,0.98129],[124.87684,0.98069],[124.87804,0.98198],[124.87729,0.98698],[124.88236,0.99207],[124.88576,0.99142],[124.88544,0.99519],[124.88813,0.99817],[124.89165,0.9987],[124.89443,0.98112]]],[[[124.8927,1.15999],[124.89703,1.15846],[124.89911,1.15478],[124.89881,1.15332],[124.89644,1.15371],[124.89828,1.15083],[124.89545,1.1488],[124.89709,1.14796],[124.89691,1.14542],[124.89888,1.14356],[124.89783,1.14159],[124.90125,1.13714],[124.89955,1.13684],[124.89881,1.13893],[124.89554,1.14007],[124.89488,1.13726],[124.89328,1.14022],[124.89055,1.14105],[124.88915,1.1404],[124.89087,1.13693],[124.88944,1.13586],[124.89045,1.13328],[124.88157,1.13568],[124.87845,1.13996],[124.87988,1.14265],[124.87724,1.1431],[124.87765,1.14475],[124.88517,1.14444],[124.88547,1.14588],[124.88388,1.14637],[124.88479,1.14779],[124.87863,1.14686],[124.87504,1.1481],[124.88173,1.15207],[124.88458,1.15081],[124.88678,1.15237],[124.88694,1.15029],[124.88907,1.15009],[124.88809,1.15326],[124.89058,1.15413],[124.88869,1.16062],[124.89309,1.16301],[124.8927,1.15999]]],[[[124.85325,1.2685],[124.85622,1.26672],[124.85673,1.26409],[124.85066,1.2636],[124.84901,1.26621],[124.85325,1.2685]]],[[[124.96979,1.323],[124.9684,1.32656],[124.9664,1.32682],[124.96745,1.33029],[124.97171,1.32797],[124.98019,1.32794],[124.98269,1.33088],[124.98273,1.33846],[124.99236,1.34369],[124.99521,1.35009],[125.00183,1.35173],[125.0028,1.34967],[125.00591,1.34911],[125.00697,1.34751],[125.0058,1.34546],[125.00214,1.3433],[125.01047,1.33952],[125.01235,1.33959],[125.015,1.34347],[125.01603,1.33943],[125.01502,1.33745],[125.01699,1.33886],[125.01754,1.34606],[125.0205,1.34584],[125.01914,1.33565],[125.0147,1.3331],[125.01022,1.33385],[125.00862,1.33149],[125.0101,1.32872],[125.00885,1.32336],[125.00446,1.31794],[125.00186,1.32456],[124.99906,1.32535],[124.99502,1.32969],[124.99133,1.33077],[124.98862,1.32798],[124.98764,1.32174],[124.9844,1.31773],[124.98435,1.30754],[124.99274,1.3033],[124.99737,1.30543],[125.00014,1.30367],[124.9948,1.2992],[124.99539,1.29277],[124.99291,1.29041],[124.98891,1.29154],[124.98885,1.28859],[124.98736,1.28889],[124.98633,1.28692],[124.98019,1.28901],[124.97881,1.28814],[124.97832,1.28521],[124.98265,1.28178],[124.98402,1.27876],[124.98295,1.27558],[124.98496,1.27257],[124.98069,1.26983],[124.98121,1.26795],[124.97842,1.26385],[124.9762,1.26333],[124.97702,1.26003],[124.97464,1.25948],[124.97386,1.25607],[124.97118,1.25649],[124.97126,1.25487],[124.96726,1.25246],[124.96939,1.24711],[124.96361,1.24552],[124.96262,1.25122],[124.9569,1.25569],[124.95501,1.25891],[124.95686,1.26047],[124.95325,1.26139],[124.95246,1.26374],[124.95558,1.2673],[124.95451,1.27344],[124.95731,1.27576],[124.95666,1.27787],[124.95929,1.2776],[124.96229,1.2733],[124.9615,1.27948],[124.9663,1.28217],[124.96835,1.27938],[124.96969,1.28769],[124.97079,1.28668],[124.97014,1.30827],[124.96754,1.30926],[124.97018,1.31068],[124.96993,1.31322],[124.96724,1.31509],[124.96701,1.31888],[124.9654,1.32036],[124.96979,1.323]]],[[[124.86401,1.32867],[124.86736,1.33103],[124.86813,1.32913],[124.86395,1.32597],[124.86709,1.325],[124.8694,1.32845],[124.86917,1.32677],[124.87295,1.32802],[124.87473,1.32521],[124.87013,1.32034],[124.86517,1.31886],[124.86213,1.32232],[124.85985,1.32164],[124.85977,1.32552],[124.85683,1.32693],[124.85665,1.32882],[124.86008,1.33285],[124.86121,1.32997],[124.86401,1.32867]]],[[[124.86618,1.35061],[124.86564,1.34846],[124.86856,1.34799],[124.86947,1.34547],[124.86925,1.34265],[124.86704,1.34097],[124.86302,1.34584],[124.85916,1.34556],[124.85678,1.35288],[124.8594,1.35573],[124.86536,1.3576],[124.86606,1.35941],[124.86389,1.36505],[124.86126,1.36612],[124.86182,1.37607],[124.86564,1.37565],[124.86972,1.37869],[124.8691,1.37653],[124.87093,1.37364],[124.86977,1.37189],[124.87235,1.36951],[124.87614,1.37251],[124.87839,1.37272],[124.87964,1.37092],[124.88111,1.37521],[124.88592,1.37851],[124.88356,1.3665],[124.88046,1.36185],[124.87596,1.3598],[124.8756,1.35509],[124.86618,1.35061]]],[[[125.06834,1.49137],[125.0672,1.48908],[125.06913,1.48829],[125.06976,1.48954],[125.07371,1.48717],[125.07333,1.47848],[125.07875,1.47699],[125.07915,1.47106],[125.08286,1.46116],[125.08206,1.45909],[125.07721,1.45973],[125.07358,1.45754],[125.0742,1.44909],[125.07202,1.44581],[125.0659,1.4431],[125.05932,1.4434],[125.05804,1.43645],[125.04408,1.43284],[125.04405,1.42881],[125.03884,1.43345],[125.03513,1.42998],[125.03394,1.43467],[125.02212,1.43569],[125.02075,1.43532],[125.01874,1.42817],[125.01669,1.42674],[125.01393,1.42738],[125.00981,1.43157],[125.00926,1.43519],[125.00519,1.43471],[125.00122,1.43849],[125.00118,1.44048],[124.99785,1.44049],[124.99415,1.44357],[124.99764,1.44579],[124.99484,1.44752],[124.9927,1.45164],[124.98949,1.45057],[124.9889,1.45628],[124.98462,1.45661],[124.97978,1.45357],[124.98605,1.4596],[124.99348,1.45762],[124.99503,1.46094],[124.99726,1.46241],[124.99862,1.4616],[125.00022,1.47102],[125.00338,1.46965],[125.00528,1.47053],[125.00639,1.47547],[125.00507,1.48203],[125.00959,1.4884],[125.01082,1.49414],[125.01351,1.49587],[125.01876,1.49291],[125.0228,1.49443],[125.02629,1.49373],[125.02333,1.50089],[125.02501,1.50197],[125.02734,1.50212],[125.02924,1.4999],[125.03284,1.50046],[125.03278,1.49681],[125.04977,1.49716],[125.05715,1.49967],[125.06255,1.49419],[125.06586,1.49438],[125.06834,1.49137]]],[[[124.97342,1.54998],[124.97082,1.547],[124.96636,1.55223],[124.96671,1.55323],[124.96987,1.5518],[124.97107,1.55385],[124.96889,1.55997],[124.97361,1.55579],[124.975,1.55696],[124.97168,1.56116],[124.97518,1.56208],[124.97477,1.56382],[124.97907,1.56979],[124.9824,1.56509],[124.9793,1.56227],[124.98,1.55853],[124.97763,1.55859],[124.98124,1.5542],[124.97945,1.5518],[124.97964,1.54856],[124.97342,1.54998]]],[[[124.85925,1.60012],[124.85879,1.60043],[124.86228,1.60317],[124.86246,1.6001],[124.85925,1.60012]]],[[[124.96609,1.62277],[124.97061,1.6252],[124.96981,1.62207],[124.97416,1.62234],[124.9729,1.61944],[124.97512,1.61873],[124.97326,1.61407],[124.96272,1.60913],[124.96702,1.60616],[124.96766,1.60295],[124.97046,1.60094],[124.97018,1.59737],[124.97273,1.59179],[124.96926,1.59015],[124.97096,1.5853],[124.97017,1.58273],[124.96898,1.58188],[124.96536,1.5842],[124.96543,1.58062],[124.95869,1.57111],[124.95932,1.56836],[124.95627,1.56838],[124.95843,1.56444],[124.95476,1.56738],[124.95302,1.5633],[124.94945,1.56376],[124.94869,1.56564],[124.95367,1.56783],[124.95376,1.5709],[124.95669,1.57282],[124.95702,1.57452],[124.95482,1.57452],[124.95778,1.5764],[124.95791,1.57966],[124.95406,1.57952],[124.95529,1.58141],[124.95154,1.58236],[124.94866,1.58513],[124.94708,1.58461],[124.94613,1.58174],[124.9484,1.57594],[124.94714,1.57387],[124.94719,1.57582],[124.94317,1.57886],[124.94093,1.58727],[124.94711,1.59311],[124.95167,1.59426],[124.95263,1.59718],[124.95495,1.59846],[124.9542,1.60118],[124.95625,1.6062],[124.94969,1.60901],[124.95236,1.61439],[124.95401,1.61436],[124.95307,1.61302],[124.9574,1.61345],[124.96215,1.61169],[124.96269,1.61357],[124.96012,1.61483],[124.96285,1.61627],[124.96058,1.61747],[124.95883,1.61647],[124.95942,1.61534],[124.95446,1.61478],[124.95296,1.61697],[124.95001,1.6164],[124.9501,1.61864],[124.94451,1.62192],[124.9437,1.62448],[124.94059,1.62487],[124.93942,1.62736],[124.93644,1.62837],[124.93416,1.62673],[124.93019,1.63069],[124.93295,1.62879],[124.93554,1.63065],[124.93917,1.63016],[124.94055,1.63626],[124.94011,1.63082],[124.94367,1.63011],[124.9466,1.6329],[124.94561,1.63479],[124.94343,1.6338],[124.94388,1.63751],[124.94266,1.63834],[124.9461,1.64141],[124.9462,1.6393],[124.95133,1.63964],[124.95104,1.63439],[124.95325,1.62907],[124.95886,1.62633],[124.96027,1.62393],[124.96609,1.62277]]],[[[124.86831,1.61451],[124.86943,1.61501],[124.86861,1.60523],[124.86756,1.60735],[124.86831,1.61451]]],[[[124.88184,1.63153],[124.88565,1.63247],[124.88519,1.63365],[124.88732,1.63347],[124.89112,1.63703],[124.89353,1.63653],[124.89694,1.64081],[124.90001,1.64151],[124.89799,1.64005],[124.89873,1.63306],[124.8953,1.63332],[124.89464,1.63614],[124.89103,1.63547],[124.88607,1.63095],[124.88402,1.63159],[124.87842,1.62446],[124.87644,1.62526],[124.87539,1.62283],[124.87205,1.61953],[124.87327,1.6227],[124.88184,1.63153]]],[[[124.94675,1.68046],[124.94579,1.67956],[124.94666,1.68144],[124.9455,1.68353],[124.94538,1.68172],[124.94357,1.68138],[124.94416,1.67681],[124.94246,1.67828],[124.93968,1.67748],[124.9381,1.67967],[124.93591,1.67329],[124.9336,1.67337],[124.93778,1.65647],[124.93611,1.65423],[124.93266,1.65455],[124.93351,1.65241],[124.92813,1.65439],[124.92819,1.65143],[124.93003,1.65206],[124.93106,1.65034],[124.92929,1.64769],[124.92382,1.64665],[124.92286,1.6495],[124.92098,1.64748],[124.92254,1.64669],[124.92273,1.64334],[124.91977,1.6443],[124.91958,1.64678],[124.91817,1.6457],[124.91746,1.64798],[124.91851,1.64217],[124.91651,1.64189],[124.91533,1.64555],[124.91299,1.64561],[124.91279,1.64433],[124.91175,1.64645],[124.90916,1.64477],[124.91095,1.64843],[124.90994,1.6491],[124.90664,1.64469],[124.90396,1.64364],[124.90275,1.64629],[124.90105,1.64524],[124.89937,1.64177],[124.89879,1.64187],[124.90255,1.64886],[124.91092,1.65375],[124.91181,1.65281],[124.91228,1.65651],[124.91451,1.65671],[124.91936,1.66351],[124.92148,1.66232],[124.9224,1.66335],[124.91977,1.65905],[124.9222,1.65943],[124.92218,1.65806],[124.92454,1.66229],[124.92846,1.66036],[124.92882,1.66198],[124.92977,1.6608],[124.93214,1.66209],[124.92872,1.66322],[124.93008,1.66579],[124.92511,1.66521],[124.92383,1.6722],[124.92583,1.67306],[124.92672,1.67714],[124.93098,1.67479],[124.93151,1.67627],[124.93307,1.67569],[124.93017,1.67749],[124.93125,1.68358],[124.9318,1.68269],[124.93245,1.68547],[124.938,1.68878],[124.93858,1.69205],[124.94105,1.69415],[124.9406,1.68582],[124.93905,1.68398],[124.94156,1.68488],[124.94055,1.68289],[124.94053,1.6823],[124.94083,1.68217],[124.94395,1.68463],[124.94312,1.68667],[124.94541,1.68701],[124.94544,1.68443],[124.94823,1.68418],[124.94979,1.68256],[124.94804,1.68217],[124.94898,1.67951],[124.9479,1.67886],[124.94675,1.68046]]],[[[125.04587,1.67626],[125.04704,1.67395],[125.04528,1.67216],[125.04332,1.67216],[125.04221,1.67475],[125.04249,1.67264],[125.04177,1.6745],[125.04064,1.67403],[125.04387,1.67074],[125.04269,1.66979],[125.0395,1.67352],[125.03633,1.67256],[125.03307,1.6759],[125.03226,1.67435],[125.02893,1.67537],[125.02736,1.67247],[125.02304,1.67428],[125.02753,1.67751],[125.02551,1.6801],[125.02343,1.67935],[125.02269,1.6768],[125.01762,1.6755],[125.01525,1.67806],[125.01287,1.67055],[125.01268,1.67953],[125.01062,1.67901],[125.00798,1.67458],[125.00631,1.67489],[125.01015,1.68262],[125.01044,1.69085],[125.01228,1.68948],[125.01298,1.69153],[125.01172,1.69388],[125.01213,1.69449],[125.01517,1.68791],[125.02105,1.68596],[125.02463,1.68617],[125.02969,1.6833],[125.03027,1.68116],[125.03816,1.67991],[125.0395,1.67722],[125.03997,1.68376],[125.0469,1.68513],[125.05082,1.68309],[125.0561,1.67693],[125.05251,1.67392],[125.04587,1.67626]]],[[[124.97392,1.69644],[124.97665,1.69202],[124.97498,1.69071],[124.97232,1.69165],[124.97214,1.68947],[124.96901,1.68999],[124.97048,1.68935],[124.96928,1.68886],[124.97017,1.68719],[124.96699,1.68151],[124.96995,1.67704],[124.96951,1.67192],[124.97185,1.66961],[124.97026,1.66934],[124.96926,1.66459],[124.96756,1.6654],[124.96365,1.66258],[124.96406,1.66901],[124.96666,1.67055],[124.96356,1.67354],[124.96144,1.67323],[124.96141,1.6753],[124.95972,1.67369],[124.95981,1.67085],[124.95733,1.67029],[124.95537,1.67275],[124.95737,1.67477],[124.95745,1.67653],[124.95574,1.67418],[124.95391,1.6758],[124.95453,1.68173],[124.95042,1.68195],[124.95113,1.67969],[124.94991,1.68334],[124.95344,1.68344],[124.95384,1.68196],[124.95683,1.68335],[124.95873,1.67941],[124.96085,1.67883],[124.96015,1.67752],[124.96164,1.67863],[124.96126,1.68492],[124.96521,1.67923],[124.96436,1.67629],[124.9672,1.67669],[124.96448,1.68441],[124.96723,1.68371],[124.96571,1.68644],[124.96754,1.68758],[124.96708,1.68935],[124.96896,1.68915],[124.96736,1.69016],[124.96341,1.6873],[124.95715,1.69893],[124.95953,1.70002],[124.96044,1.69772],[124.96216,1.70061],[124.96308,1.69701],[124.9648,1.69986],[124.97002,1.69778],[124.9707,1.69896],[124.96878,1.70115],[124.97071,1.70302],[124.97425,1.70209],[124.97392,1.69644]],[[124.97108,1.70027],[124.97264,1.69959],[124.97106,1.69875],[124.97351,1.69809],[124.97168,1.70234],[124.97108,1.70027]]],[[[124.95413,1.68298],[124.95403,1.68329],[124.95446,1.68349],[124.95413,1.68298]]],[[[125.05496,1.68448],[125.05623,1.68255],[125.05526,1.68265],[125.05496,1.68448]]],[[[124.95575,1.68517],[124.95577,1.68541],[124.9561,1.68525],[124.95575,1.68517]]],[[[124.95498,1.68508],[124.95453,1.68554],[124.95485,1.68613],[124.95498,1.68508]]],[[[125.03861,1.68859],[125.03953,1.68815],[125.03666,1.68621],[125.03861,1.68859]]],[[[125.02226,1.68922],[125.02425,1.68816],[125.02306,1.68657],[125.01992,1.68766],[125.02226,1.68922]]],[[[125.0263,1.68922],[125.02595,1.6894],[125.02615,1.69011],[125.0263,1.68922]]],[[[124.95021,1.69225],[124.94834,1.69164],[124.95015,1.70116],[124.95172,1.69955],[124.95331,1.69954],[124.9564,1.6893],[124.95385,1.68681],[124.95021,1.69225]]],[[[125.01368,1.696],[125.01249,1.69505],[125.01364,1.69649],[125.01378,1.69748],[125.01415,1.69769],[125.01368,1.696]]],[[[125.02517,1.69286],[125.0184,1.69223],[125.01725,1.69591],[125.01754,1.69779],[125.0207,1.69908],[125.01836,1.70016],[125.02164,1.70452],[125.02571,1.70649],[125.02897,1.70402],[125.02788,1.70341],[125.02937,1.70174],[125.02872,1.69913],[125.03165,1.69739],[125.02961,1.69521],[125.03163,1.69379],[125.03054,1.68854],[125.02956,1.68754],[125.02517,1.69286]]],[[[124.95274,1.69965],[124.95262,1.69982],[124.953,1.70017],[124.95274,1.69965]]],[[[124.95216,1.70078],[124.95231,1.70124],[124.95259,1.69958],[124.95216,1.70078]]],[[[125.01375,1.69837],[125.01476,1.70432],[125.0157,1.70652],[125.01375,1.69837]]],[[[124.96902,1.70286],[124.96897,1.70295],[124.96924,1.70325],[124.96902,1.70286]]],[[[124.95944,1.7077],[124.95914,1.70808],[124.9596,1.70844],[124.95944,1.7077]]],[[[124.9589,1.70878],[124.95917,1.70842],[124.9585,1.70833],[124.9589,1.70878]]],[[[124.9694,1.70555],[124.97208,1.70873],[124.97324,1.7083],[124.97455,1.71311],[124.97292,1.71393],[124.97527,1.71311],[124.97521,1.71496],[124.97668,1.71531],[124.9753,1.70503],[124.97336,1.70514],[124.97456,1.70331],[124.96807,1.7039],[124.9662,1.70234],[124.96256,1.70505],[124.96521,1.70635],[124.96752,1.70452],[124.96516,1.7135],[124.96705,1.70993],[124.96899,1.70974],[124.9694,1.70555]]],[[[124.95725,1.71129],[124.95828,1.7109],[124.95825,1.70934],[124.95692,1.70853],[124.95725,1.71129]]],[[[125.01671,1.70784],[125.01721,1.71248],[125.01798,1.71073],[125.01671,1.70784]]],[[[124.95646,1.71145],[124.95661,1.71199],[124.95706,1.71183],[124.95646,1.71145]]],[[[124.95698,1.71279],[124.95679,1.71394],[124.95695,1.71401],[124.95697,1.71402],[124.95706,1.71402],[124.95756,1.71354],[124.95698,1.71279]]],[[[125.01722,1.7128],[125.01744,1.71447],[125.01753,1.71458],[125.01722,1.7128]]],[[[124.96528,1.71391],[124.96532,1.71396],[124.96527,1.71363],[124.96528,1.71391]]],[[[124.95532,1.71532],[124.95555,1.71567],[124.95594,1.71526],[124.95532,1.71532]]],[[[125.01866,1.71616],[125.01785,1.71507],[125.01818,1.71576],[125.01866,1.71616]]],[[[125.01974,1.71678],[125.01902,1.71639],[125.01924,1.71718],[125.01974,1.71678]]],[[[125.02001,1.71921],[125.01981,1.71766],[125.01931,1.71812],[125.02001,1.71921]]],[[[125.02068,1.72085],[125.01969,1.72045],[125.0198,1.72115],[125.02068,1.72085]]],[[[124.96302,1.72861],[124.96457,1.71953],[124.96686,1.72033],[124.96514,1.71873],[124.96604,1.71622],[124.96536,1.71416],[124.96258,1.72326],[124.96302,1.72861]]],[[[125.0211,1.72186],[125.02036,1.72155],[125.0201,1.72182],[125.0211,1.72186]]],[[[125.02146,1.72252],[125.0205,1.72236],[125.0215,1.72315],[125.02146,1.72252]]],[[[125.02608,1.72455],[125.02193,1.72276],[125.02398,1.72623],[125.02564,1.72675],[125.02608,1.72455]]],[[[124.97238,1.73162],[124.97417,1.72594],[124.97684,1.7231],[124.98047,1.72171],[124.98028,1.71977],[124.9839,1.71938],[124.98344,1.72356],[124.98691,1.72435],[124.98615,1.72703],[124.98092,1.7263],[124.97701,1.73325],[124.98062,1.73653],[124.98314,1.73461],[124.98134,1.73824],[124.98531,1.73812],[124.98466,1.73495],[124.98596,1.73657],[124.98831,1.73393],[124.98415,1.73354],[124.98588,1.73278],[124.98401,1.73235],[124.98687,1.73151],[124.98631,1.7306],[124.98848,1.73143],[124.98852,1.72609],[124.9922,1.7221],[124.99227,1.71551],[124.99143,1.71823],[124.98745,1.71929],[124.98533,1.71379],[124.98413,1.71798],[124.98214,1.71695],[124.97879,1.71989],[124.97729,1.71813],[124.97583,1.71896],[124.97662,1.72108],[124.97457,1.71912],[124.97378,1.72051],[124.97467,1.71994],[124.97548,1.72186],[124.97372,1.72158],[124.97461,1.72295],[124.9728,1.72464],[124.97434,1.72547],[124.97256,1.72637],[124.97284,1.72896],[124.97193,1.72768],[124.96996,1.7284],[124.97074,1.73172],[124.97238,1.73162]]],[[[125.02577,1.72762],[125.02567,1.72745],[125.02538,1.72791],[125.02577,1.72762]]],[[[125.02553,1.72829],[125.02529,1.72818],[125.02522,1.7284],[125.02553,1.72829]]],[[[125.02171,1.73158],[125.01846,1.73136],[125.01535,1.73362],[125.01574,1.73088],[125.01357,1.73057],[125.00974,1.72597],[125.0076,1.72772],[125.00802,1.73257],[125.00983,1.72855],[125.01222,1.73508],[125.01357,1.73422],[125.01509,1.73583],[125.02579,1.73045],[125.02261,1.72775],[125.02171,1.73158]]],[[[124.98404,1.73889],[124.98162,1.73966],[124.9825,1.74353],[124.98477,1.74211],[124.98404,1.73889]]],[[[125.06264,1.28725],[125.06265,1.28699],[125.06119,1.28743],[125.06264,1.28725]]],[[[125.24411,1.42357],[125.24239,1.42449],[125.23971,1.42324],[125.23356,1.42549],[125.22661,1.41923],[125.22384,1.41932],[125.22542,1.42497],[125.23371,1.42789],[125.23471,1.43103],[125.24416,1.43258],[125.24397,1.43563],[125.24634,1.43692],[125.24939,1.44276],[125.25057,1.45035],[125.2488,1.45396],[125.25083,1.4572],[125.25021,1.46162],[125.25252,1.46621],[125.25444,1.46662],[125.25727,1.4594],[125.25228,1.44532],[125.25438,1.442],[125.24411,1.42357]]],[[[125.27002,1.48308],[125.26464,1.47795],[125.26402,1.47202],[125.26083,1.47058],[125.25653,1.47104],[125.25632,1.47468],[125.26487,1.48945],[125.26984,1.49284],[125.27103,1.49246],[125.27002,1.48308]]],[[[125.13736,1.52108],[125.13783,1.5147],[125.13654,1.51524],[125.13262,1.51181],[125.1295,1.51462],[125.12763,1.51217],[125.12202,1.51299],[125.12297,1.50983],[125.12071,1.50631],[125.1202,1.50172],[125.11766,1.50163],[125.11675,1.49828],[125.10734,1.49626],[125.10437,1.49745],[125.10298,1.50793],[125.09961,1.51176],[125.09326,1.51239],[125.09309,1.50921],[125.07969,1.50999],[125.07669,1.50657],[125.0726,1.5109],[125.06975,1.51043],[125.06643,1.51603],[125.06201,1.5156],[125.06065,1.51407],[125.0572,1.51472],[125.05789,1.52085],[125.05574,1.52099],[125.05491,1.52386],[125.0531,1.5241],[125.05093,1.52768],[125.04569,1.52913],[125.04172,1.52789],[125.04181,1.52586],[125.03872,1.52601],[125.03865,1.52254],[125.03499,1.52111],[125.03521,1.51954],[125.03246,1.517],[125.02877,1.5172],[125.02953,1.5142],[125.02544,1.5118],[125.02588,1.51695],[125.02374,1.51664],[125.028,1.52315],[125.02234,1.52518],[125.02548,1.52662],[125.02357,1.52871],[125.02831,1.53181],[125.02744,1.53284],[125.02518,1.53112],[125.02197,1.53188],[125.02428,1.53427],[125.02347,1.53602],[125.02875,1.53535],[125.02632,1.5391],[125.02447,1.53923],[125.02604,1.54037],[125.02474,1.54243],[125.02813,1.5431],[125.02756,1.54427],[125.02985,1.54286],[125.03028,1.5474],[125.03299,1.54539],[125.03515,1.54716],[125.04583,1.54789],[125.04695,1.55533],[125.05009,1.55946],[125.05515,1.55841],[125.06032,1.56242],[125.06011,1.56706],[125.05685,1.56931],[125.05633,1.57288],[125.05783,1.57491],[125.05479,1.57826],[125.05494,1.58539],[125.05668,1.58716],[125.05516,1.58896],[125.05602,1.5909],[125.05853,1.59126],[125.06522,1.5825],[125.06598,1.57303],[125.06741,1.57122],[125.07188,1.57092],[125.0733,1.56575],[125.07727,1.56475],[125.07737,1.55996],[125.08875,1.5585],[125.09201,1.55607],[125.09158,1.55095],[125.09462,1.5416],[125.09827,1.53972],[125.10204,1.54518],[125.11453,1.53164],[125.12589,1.53116],[125.13037,1.52696],[125.13194,1.52726],[125.13736,1.52108]]],[[[125.13977,1.62018],[125.14126,1.61436],[125.13939,1.61237],[125.1385,1.61529],[125.13585,1.61484],[125.13561,1.62071],[125.13726,1.6233],[125.14096,1.62239],[125.13977,1.62018]]],[[[125.12121,1.65253],[125.11615,1.65339],[125.12062,1.65513],[125.12121,1.65253]]],[[[125.16638,1.66701],[125.16677,1.66645],[125.16468,1.6659],[125.16638,1.66701]]],[[[125.07349,1.67311],[125.07472,1.6715],[125.07569,1.67309],[125.07719,1.67254],[125.07596,1.67099],[125.07818,1.66894],[125.08116,1.66876],[125.08211,1.66613],[125.07974,1.66392],[125.07558,1.66435],[125.0782,1.6675],[125.0741,1.66872],[125.07349,1.67311]]],[[[125.16312,1.66816],[125.15554,1.67059],[125.15464,1.67448],[125.15664,1.67323],[125.15682,1.67499],[125.16312,1.66816]]],[[[125.08579,1.67132],[125.08648,1.66876],[125.08499,1.66847],[125.08122,1.67158],[125.0815,1.67322],[125.07658,1.67526],[125.07741,1.67851],[125.08429,1.67565],[125.09102,1.67623],[125.09665,1.67138],[125.08579,1.67132]]],[[[125.16596,1.69016],[125.16743,1.68772],[125.1753,1.68438],[125.1769,1.67783],[125.17561,1.67645],[125.17385,1.6776],[125.17301,1.67136],[125.16911,1.66696],[125.16715,1.66885],[125.16873,1.67276],[125.16482,1.68317],[125.16596,1.69016]]],[[[125.16335,1.68673],[125.16359,1.68546],[125.16271,1.68503],[125.16198,1.68661],[125.16335,1.68673]]],[[[125.14504,1.7466],[125.14818,1.747],[125.14671,1.75077],[125.14805,1.75223],[125.1493,1.74936],[125.15292,1.74906],[125.1549,1.74819],[125.14878,1.74703],[125.15035,1.7399],[125.14504,1.7466]]],[[[125.13426,1.75857],[125.13387,1.75735],[125.13352,1.75858],[125.13426,1.75857]]],[[[125.14362,1.7599],[125.14534,1.76119],[125.1462,1.75637],[125.14388,1.75623],[125.14362,1.7599]]],[[[125.13283,1.76216],[125.1334,1.75983],[125.13314,1.76068],[125.13283,1.76216]]],[[[125.15575,1.76788],[125.15972,1.76979],[125.15488,1.76655],[125.15319,1.76245],[125.15027,1.75937],[125.15475,1.76668],[125.15575,1.76788]]],[[[125.13171,1.77349],[125.13436,1.77164],[125.13115,1.76731],[125.13171,1.77349]]],[[[125.13164,1.77468],[125.13213,1.77509],[125.13174,1.77394],[125.13164,1.77468]]],[[[125.11912,1.81715],[125.12173,1.81638],[125.12517,1.81949],[125.13569,1.82222],[125.13612,1.82355],[125.13779,1.82208],[125.13545,1.82029],[125.12463,1.81842],[125.12195,1.81602],[125.11786,1.81507],[125.1159,1.81599],[125.11852,1.81534],[125.11912,1.81715]]],[[[125.14751,1.82234],[125.14856,1.82246],[125.14951,1.8213],[125.14585,1.82269],[125.14649,1.82365],[125.14751,1.82234]]],[[[125.13488,1.82352],[125.13387,1.82382],[125.13441,1.82378],[125.13488,1.82352]]],[[[125.12806,1.82518],[125.12845,1.82516],[125.12837,1.82515],[125.12806,1.82518]]],[[[125.12682,1.82573],[125.12687,1.82543],[125.12671,1.82559],[125.12682,1.82573]]],[[[125.13283,1.82469],[125.13383,1.82383],[125.12938,1.82501],[125.13352,1.82893],[125.13452,1.82703],[125.13283,1.82469]]],[[[125.12612,1.82689],[125.1261,1.8275],[125.12689,1.8267],[125.12612,1.82689]]],[[[125.14457,1.82754],[125.14561,1.8305],[125.14579,1.82926],[125.14457,1.82754]]],[[[125.12627,1.82985],[125.12605,1.83102],[125.12679,1.82945],[125.12569,1.82858],[125.12627,1.82985]]],[[[125.12751,1.83293],[125.129,1.83241],[125.12585,1.83215],[125.12604,1.83104],[125.1253,1.83248],[125.12751,1.83293]]],[[[125.34876,2.10029],[125.34866,2.09709],[125.34709,2.0944],[125.34789,2.09942],[125.3499,2.10253],[125.35227,2.09969],[125.35435,2.10235],[125.35499,2.09983],[125.35296,2.09878],[125.34876,2.10029]]],[[[125.36454,2.10553],[125.36487,2.10403],[125.36225,2.10144],[125.35393,2.10665],[125.35271,2.10507],[125.35455,2.10328],[125.35448,2.10294],[125.35228,2.10465],[125.35456,2.10915],[125.35845,2.1067],[125.36005,2.10364],[125.36274,2.10357],[125.36434,2.10555],[125.36079,2.10931],[125.36201,2.11341],[125.36309,2.1122],[125.36163,2.109],[125.36454,2.10553]]],[[[125.36129,2.11407],[125.36133,2.11385],[125.36096,2.11445],[125.36129,2.11407]]],[[[125.35673,2.11502],[125.35909,2.11547],[125.3594,2.11539],[125.35673,2.11502]]],[[[125.35401,2.11944],[125.35538,2.12057],[125.35539,2.11431],[125.35426,2.11652],[125.35509,2.11991],[125.35338,2.11863],[125.3538,2.12603],[125.36012,2.12799],[125.3583,2.12539],[125.35458,2.12393],[125.35401,2.11944]]],[[[125.3519,2.30657],[125.35308,2.31123],[125.3638,2.3212],[125.36564,2.32197],[125.36976,2.31476],[125.3733,2.3138],[125.37534,2.31051],[125.3786,2.31125],[125.37798,2.30753],[125.37615,2.30636],[125.37747,2.30552],[125.3773,2.3007],[125.3715,2.29455],[125.36027,2.29382],[125.35372,2.30038],[125.3519,2.30657]]],[[[125.43013,2.3509],[125.43363,2.34853],[125.44621,2.34875],[125.44153,2.34188],[125.43493,2.3433],[125.43086,2.33984],[125.42957,2.33556],[125.42285,2.33312],[125.41284,2.33637],[125.40615,2.33465],[125.4011,2.3392],[125.39767,2.34522],[125.39943,2.34967],[125.40284,2.34972],[125.40583,2.34075],[125.40853,2.33922],[125.41344,2.34115],[125.419,2.34066],[125.4281,2.34516],[125.43013,2.3509]]],[[[125.41182,2.36605],[125.42106,2.36385],[125.41927,2.35824],[125.42086,2.35097],[125.41791,2.34724],[125.41118,2.34546],[125.40485,2.3475],[125.40303,2.35229],[125.40483,2.35375],[125.4039,2.35557],[125.40539,2.35832],[125.40831,2.36068],[125.40813,2.36334],[125.41182,2.36605]]],[[[125.30251,2.36063],[125.30432,2.35931],[125.30336,2.35477],[125.30829,2.35111],[125.30227,2.34853],[125.29689,2.35122],[125.29463,2.35676],[125.29969,2.36461],[125.30204,2.36425],[125.30251,2.36063]]],[[[125.36914,2.3623],[125.37272,2.37101],[125.37619,2.3736],[125.37807,2.37788],[125.38343,2.38123],[125.38254,2.37833],[125.37397,2.37085],[125.37059,2.36287],[125.37037,2.35644],[125.37263,2.35497],[125.37348,2.35151],[125.3701,2.35558],[125.36914,2.3623]]],[[[125.415,2.63552],[125.41517,2.63604],[125.41596,2.63646],[125.41636,2.63533],[125.415,2.63552]]],[[[125.39829,2.63722],[125.3976,2.63824],[125.39945,2.63742],[125.39951,2.63681],[125.39829,2.63722]]],[[[125.42111,2.63644],[125.42001,2.63672],[125.42185,2.63867],[125.42111,2.63644]]],[[[125.39667,2.63802],[125.39614,2.63991],[125.39581,2.63966],[125.3945,2.63983],[125.39625,2.63997],[125.39667,2.63802]]],[[[125.39377,2.63964],[125.39305,2.63997],[125.39285,2.64024],[125.39377,2.63964]]],[[[125.39251,2.64024],[125.39236,2.6404],[125.39251,2.64059],[125.39251,2.64024]]],[[[125.42424,2.64011],[125.42308,2.63948],[125.42338,2.64153],[125.42424,2.64011]]],[[[125.42525,2.6424],[125.42439,2.6422],[125.42576,2.64374],[125.42525,2.6424]]],[[[125.38765,2.64367],[125.38814,2.64345],[125.38786,2.64339],[125.38765,2.64367]]],[[[125.42708,2.6437],[125.42641,2.64388],[125.42703,2.64524],[125.42879,2.64538],[125.42708,2.6437]]],[[[125.42496,2.65984],[125.43013,2.6559],[125.43161,2.64948],[125.42922,2.64699],[125.42773,2.65489],[125.42496,2.65984]]],[[[125.37752,2.69523],[125.37829,2.69343],[125.38227,2.6925],[125.38775,2.69476],[125.39068,2.6923],[125.3885,2.67772],[125.39529,2.67418],[125.39708,2.66729],[125.39459,2.66552],[125.39824,2.66532],[125.39136,2.65771],[125.39002,2.65876],[125.38366,2.65656],[125.38314,2.65859],[125.37885,2.66123],[125.37951,2.66287],[125.3769,2.66644],[125.37661,2.67099],[125.37864,2.67579],[125.3755,2.6781],[125.37569,2.6811],[125.37375,2.68012],[125.3734,2.68379],[125.37,2.68816],[125.37032,2.69115],[125.37752,2.69523]],[[125.382,2.6829],[125.37766,2.68073],[125.38059,2.67778],[125.382,2.6829]]],[[[125.38075,2.74192],[125.38502,2.73751],[125.38939,2.73846],[125.39265,2.73392],[125.39525,2.7339],[125.39381,2.73121],[125.39629,2.73371],[125.39753,2.7329],[125.39975,2.7295],[125.39701,2.72888],[125.39786,2.72459],[125.40083,2.71991],[125.39779,2.71904],[125.39797,2.71617],[125.38938,2.71574],[125.3883,2.71314],[125.38595,2.71336],[125.3866,2.70833],[125.38461,2.70941],[125.38316,2.71429],[125.3801,2.71585],[125.37914,2.71065],[125.37479,2.7077],[125.37403,2.71162],[125.36888,2.70998],[125.36702,2.71534],[125.365,2.7163],[125.36415,2.72069],[125.36528,2.72431],[125.3634,2.72483],[125.36446,2.72772],[125.36289,2.73391],[125.36852,2.73659],[125.3649,2.73971],[125.37084,2.73602],[125.37408,2.73972],[125.38026,2.73707],[125.37937,2.74096],[125.38075,2.74192]]],[[[125.41907,3.72621],[125.42745,3.72041],[125.43485,3.71806],[125.43687,3.71519],[125.4419,3.71712],[125.44201,3.71278],[125.445,3.70948],[125.45838,3.70424],[125.46913,3.69683],[125.47125,3.70917],[125.47916,3.70855],[125.47884,3.71121],[125.47679,3.71098],[125.47856,3.71699],[125.48133,3.71844],[125.48037,3.71584],[125.48547,3.71018],[125.48481,3.70756],[125.48855,3.70398],[125.49174,3.70532],[125.49343,3.7043],[125.4961,3.70043],[125.49413,3.69757],[125.49074,3.69779],[125.49566,3.67162],[125.492,3.67097],[125.49098,3.669],[125.48432,3.66971],[125.46516,3.66073],[125.46859,3.65265],[125.46271,3.65413],[125.46137,3.65611],[125.45459,3.6569],[125.45387,3.65443],[125.45553,3.65215],[125.44445,3.64731],[125.4398,3.65578],[125.43608,3.65585],[125.4346,3.6578],[125.42991,3.65324],[125.42226,3.65245],[125.41665,3.65779],[125.41666,3.6608],[125.41194,3.66267],[125.4134,3.6653],[125.41037,3.66551],[125.41476,3.67193],[125.41938,3.67527],[125.4116,3.68165],[125.41384,3.68485],[125.41149,3.68479],[125.41644,3.68693],[125.4074,3.68989],[125.40565,3.69255],[125.40166,3.69131],[125.40443,3.69393],[125.40549,3.69895],[125.40184,3.70342],[125.40351,3.70541],[125.40908,3.7068],[125.40645,3.7124],[125.41651,3.71587],[125.41589,3.72144],[125.41907,3.72621]],[[125.41026,3.71086],[125.40971,3.71327],[125.40929,3.71193],[125.41026,3.71086]]],[[[125.46035,2.65619],[125.45911,2.65739],[125.45953,2.6591],[125.45549,2.66027],[125.456,2.66189],[125.45969,2.65911],[125.46122,2.65607],[125.46108,2.65478],[125.4568,2.65479],[125.46035,2.65619]]],[[[125.45829,2.6665],[125.45517,2.66565],[125.45368,2.66898],[125.45006,2.66929],[125.45396,2.66345],[125.44908,2.67006],[125.45272,2.67063],[125.45587,2.66704],[125.45824,2.67119],[125.46246,2.67354],[125.46318,2.67121],[125.46183,2.67219],[125.4618,2.67076],[125.45926,2.66984],[125.45829,2.6665]]],[[[125.45466,2.67741],[125.45397,2.67746],[125.45427,2.67775],[125.45541,2.67708],[125.45466,2.67741]]],[[[125.45339,2.67836],[125.45297,2.67706],[125.45181,2.67749],[125.45257,2.67944],[125.45339,2.67836]]],[[[125.44905,2.68041],[125.44849,2.68024],[125.44872,2.68127],[125.44905,2.68041]]],[[[125.63881,3.37448],[125.63859,3.37375],[125.63648,3.37571],[125.63881,3.37448]]],[[[125.63756,3.37615],[125.6377,3.37603],[125.63761,3.37608],[125.63756,3.37615]]],[[[125.63829,3.3776],[125.63755,3.37616],[125.63732,3.37673],[125.63829,3.3776]]],[[[125.64185,3.38103],[125.63632,3.38105],[125.63585,3.38194],[125.64059,3.38174],[125.64198,3.38408],[125.64185,3.38103]]],[[[125.62985,3.38626],[125.63019,3.38572],[125.62847,3.38742],[125.62858,3.38843],[125.62985,3.38626]]],[[[125.63753,3.38924],[125.6407,3.38904],[125.63535,3.38576],[125.63753,3.38924]]],[[[125.63435,3.39066],[125.63257,3.39009],[125.63263,3.39124],[125.63435,3.39066]]],[[[125.57876,3.39823],[125.57481,3.40252],[125.57411,3.40494],[125.56756,3.40739],[125.56755,3.40926],[125.5747,3.40585],[125.57954,3.39835],[125.57984,3.39324],[125.57879,3.3956],[125.57743,3.39347],[125.57622,3.39479],[125.57876,3.39823]]],[[[125.5862,3.40494],[125.58124,3.40717],[125.57894,3.41132],[125.57544,3.41234],[125.57578,3.41533],[125.57945,3.41457],[125.57744,3.41192],[125.57938,3.41233],[125.58232,3.40696],[125.58424,3.40752],[125.59035,3.40088],[125.58962,3.3983],[125.58692,3.39771],[125.5862,3.40494]]],[[[125.56776,3.40957],[125.56807,3.41398],[125.56889,3.41332],[125.56776,3.40957]]],[[[125.57458,3.41641],[125.5752,3.41612],[125.57504,3.41576],[125.57458,3.41641]]],[[[125.57323,3.41613],[125.57376,3.41664],[125.57353,3.4159],[125.57323,3.41613]]],[[[125.56432,3.42917],[125.56831,3.4288],[125.56327,3.42753],[125.56157,3.42877],[125.56432,3.42917]]],[[[125.5726,3.43382],[125.57019,3.43633],[125.57127,3.43773],[125.57514,3.43731],[125.57754,3.43971],[125.58188,3.44016],[125.58134,3.43698],[125.58476,3.44036],[125.5843,3.44153],[125.58539,3.44033],[125.58532,3.43594],[125.58936,3.43385],[125.58713,3.43215],[125.58908,3.42779],[125.58729,3.42484],[125.58492,3.42568],[125.58363,3.4307],[125.5808,3.43318],[125.58061,3.42775],[125.57894,3.42733],[125.57791,3.43003],[125.57637,3.42898],[125.57487,3.43342],[125.57311,3.43402],[125.572,3.4306],[125.56998,3.43485],[125.5726,3.43382]]],[[[125.56961,3.43783],[125.56778,3.4373],[125.56919,3.44],[125.56961,3.43783]]],[[[125.66234,3.46918],[125.66344,3.46572],[125.66139,3.46641],[125.66174,3.46783],[125.6597,3.46724],[125.65801,3.46509],[125.65879,3.46338],[125.65653,3.4625],[125.65546,3.46372],[125.65636,3.4676],[125.65537,3.46599],[125.65436,3.46813],[125.66163,3.47044],[125.66094,3.47149],[125.66353,3.47093],[125.66234,3.46918]]],[[[125.66095,3.4828],[125.66584,3.48265],[125.66439,3.47958],[125.6622,3.48144],[125.65779,3.4776],[125.65837,3.47977],[125.65696,3.48007],[125.66183,3.48179],[125.65861,3.48256],[125.65811,3.48683],[125.65967,3.48711],[125.66095,3.4828]]],[[[125.65713,3.48744],[125.65386,3.48877],[125.65535,3.49088],[125.65713,3.48744]]],[[[125.64084,3.49297],[125.64491,3.48933],[125.64048,3.48867],[125.64084,3.49297]]],[[[125.6594,3.491],[125.65807,3.49463],[125.65998,3.49418],[125.66064,3.49182],[125.66197,3.49334],[125.66282,3.49183],[125.66155,3.49051],[125.66362,3.49143],[125.66363,3.48993],[125.66166,3.4892],[125.6594,3.491]]],[[[125.64748,3.49396],[125.65142,3.49376],[125.64957,3.49016],[125.6459,3.49209],[125.64748,3.49396]]],[[[125.65579,3.49165],[125.65429,3.49336],[125.65516,3.4937],[125.65579,3.49165]]],[[[125.63913,3.5001],[125.63857,3.49819],[125.63807,3.5],[125.63913,3.5001]]],[[[125.54393,3.54055],[125.54655,3.54126],[125.54964,3.53985],[125.55062,3.54119],[125.55371,3.53942],[125.55523,3.5404],[125.55683,3.53535],[125.56111,3.53426],[125.56068,3.53121],[125.56389,3.53099],[125.5636,3.53309],[125.56755,3.53021],[125.562,3.52335],[125.5651,3.51622],[125.56995,3.51508],[125.568,3.50925],[125.57156,3.50712],[125.57072,3.50371],[125.56539,3.50215],[125.56476,3.49906],[125.56758,3.49912],[125.56695,3.4952],[125.57129,3.49454],[125.57512,3.49121],[125.58449,3.49202],[125.58019,3.48569],[125.58179,3.48251],[125.57622,3.4781],[125.57524,3.48086],[125.57251,3.48222],[125.57149,3.47968],[125.56821,3.47837],[125.56587,3.47022],[125.56001,3.47176],[125.55831,3.4691],[125.55644,3.47093],[125.55593,3.46875],[125.54808,3.4694],[125.54278,3.46598],[125.53618,3.46755],[125.53535,3.46949],[125.53706,3.47508],[125.54385,3.4771],[125.5441,3.48191],[125.5472,3.48399],[125.5501,3.48989],[125.54785,3.49391],[125.54903,3.50249],[125.54525,3.51141],[125.53608,3.5113],[125.53027,3.51578],[125.52768,3.51504],[125.52243,3.50961],[125.51701,3.50936],[125.51712,3.50664],[125.51251,3.50444],[125.51351,3.4897],[125.51139,3.49024],[125.50985,3.48875],[125.50467,3.48996],[125.50184,3.48734],[125.50065,3.48791],[125.50227,3.49239],[125.50064,3.49422],[125.50326,3.49541],[125.50363,3.50079],[125.50028,3.50429],[125.50383,3.50992],[125.50181,3.52154],[125.50437,3.52297],[125.5059,3.52143],[125.50688,3.52383],[125.5092,3.52421],[125.51302,3.5282],[125.51467,3.53388],[125.51785,3.53414],[125.52027,3.53876],[125.52518,3.53941],[125.5278,3.53749],[125.52933,3.53311],[125.53414,3.5332],[125.53672,3.53516],[125.53494,3.53977],[125.53991,3.53844],[125.54364,3.54304],[125.54393,3.54055]]],[[[125.55945,3.57784],[125.5693,3.57913],[125.56878,3.57683],[125.56748,3.57565],[125.56323,3.57715],[125.55841,3.57463],[125.5537,3.57611],[125.55891,3.58007],[125.55906,3.58244],[125.56192,3.58745],[125.5608,3.59003],[125.56499,3.59127],[125.56591,3.59144],[125.56603,3.59136],[125.5656,3.58964],[125.5624,3.59003],[125.56251,3.58767],[125.55945,3.57784]]],[[[125.57198,3.58899],[125.57073,3.58778],[125.56628,3.59117],[125.56633,3.59392],[125.57198,3.58899]]],[[[125.5748,3.60354],[125.57788,3.60153],[125.57508,3.601],[125.57013,3.60503],[125.57334,3.6075],[125.57506,3.60617],[125.5748,3.60354]]],[[[125.58658,3.60839],[125.58465,3.60743],[125.5826,3.60981],[125.58658,3.60839]]],[[[125.58481,3.61772],[125.58686,3.61648],[125.58904,3.6115],[125.58169,3.62029],[125.58476,3.62197],[125.58481,3.61772]]],[[[125.52247,3.62962],[125.52122,3.62729],[125.52375,3.62974],[125.52393,3.62738],[125.52717,3.6256],[125.52418,3.62325],[125.5273,3.61894],[125.53054,3.6196],[125.53609,3.61469],[125.53457,3.61394],[125.53604,3.61062],[125.52307,3.6036],[125.51901,3.60689],[125.52348,3.613],[125.52055,3.61477],[125.52168,3.61752],[125.51504,3.61685],[125.51409,3.61797],[125.51457,3.62064],[125.52125,3.62372],[125.51858,3.63137],[125.52247,3.62962]]],[[[126.68399,3.9927],[126.6792,3.99445],[126.68782,3.99562],[126.68399,3.9927]]],[[[126.68958,3.99661],[126.68867,3.99623],[126.69067,3.99814],[126.68958,3.99661]]],[[[126.6667,4.02616],[126.66675,4.03158],[126.67017,4.01951],[126.66896,4.01422],[126.66898,4.02033],[126.6667,4.02616]]],[[[126.66763,4.03922],[126.66823,4.03505],[126.66691,4.03902],[126.66787,4.04087],[126.66763,4.03922]]],[[[126.68537,4.07333],[126.68748,4.07537],[126.68152,4.06133],[126.67829,4.05872],[126.68161,4.0629],[126.68537,4.07333]]],[[[126.70664,4.08605],[126.69769,4.07959],[126.69881,4.08196],[126.70664,4.08605]]],[[[126.70852,4.2734],[126.71023,4.27651],[126.71538,4.27409],[126.71609,4.26959],[126.71111,4.27369],[126.70852,4.2734]]],[[[126.71085,4.2831],[126.7116,4.28358],[126.71246,4.28305],[126.71083,4.27976],[126.71085,4.2831]]],[[[126.71393,4.28978],[126.71667,4.28688],[126.71171,4.28866],[126.71273,4.29363],[126.71393,4.28978]]],[[[126.71616,4.31244],[126.71226,4.30769],[126.7108,4.30848],[126.71097,4.31297],[126.71334,4.31161],[126.71616,4.31244]]],[[[126.70602,4.31371],[126.7084,4.317],[126.70651,4.31986],[126.70722,4.32111],[126.70975,4.31831],[126.70848,4.31433],[126.70958,4.30819],[126.70695,4.30784],[126.70602,4.31371]]],[[[126.68999,4.32784],[126.68715,4.32848],[126.69107,4.32993],[126.68999,4.32784]]],[[[126.69683,4.33034],[126.6956,4.33059],[126.70005,4.33344],[126.70115,4.33124],[126.69683,4.33034]]],[[[126.68608,4.35349],[126.69026,4.35535],[126.69005,4.35444],[126.68859,4.35211],[126.68608,4.35349]]],[[[126.70537,4.38315],[126.70487,4.3818],[126.70343,4.38309],[126.6984,4.38225],[126.70066,4.38621],[126.70537,4.38315]]],[[[126.6981,4.39162],[126.70137,4.39209],[126.70125,4.3902],[126.6981,4.39162]]],[[[126.7028,4.40913],[126.7037,4.41556],[126.70496,4.41431],[126.7028,4.40913]]],[[[126.74865,3.99363],[126.7499,3.99381],[126.75209,3.99396],[126.74736,3.993],[126.7453,3.99331],[126.74865,3.99363]]],[[[126.75293,3.99404],[126.75216,3.99396],[126.75299,3.99405],[126.75293,3.99404]]],[[[126.73256,3.9955],[126.74429,3.99307],[126.74197,3.99296],[126.73256,3.9955]]],[[[126.75696,3.99412],[126.7554,3.99468],[126.76292,3.99502],[126.75696,3.99412]]],[[[126.73074,3.99537],[126.72845,3.99705],[126.72584,3.99743],[126.72356,3.99845],[126.72874,3.99707],[126.73074,3.99537]]],[[[126.76615,3.99856],[126.76613,3.99904],[126.76632,3.99873],[126.76615,3.99856]]],[[[126.71881,3.99906],[126.7174,3.99957],[126.72117,3.99899],[126.72202,3.99854],[126.71881,3.99906]]],[[[126.76757,4.00055],[126.76939,4.00035],[126.76857,4.00021],[126.76757,4.00055]]],[[[126.71588,4.00037],[126.71506,4.00146],[126.71628,4.00035],[126.7173,3.99961],[126.71588,4.00037]]],[[[126.77122,4.00126],[126.77105,4.00114],[126.77124,4.0013],[126.77122,4.00126]]],[[[126.77202,4.00264],[126.77144,4.00156],[126.77222,4.00651],[126.77202,4.00264]]],[[[126.77484,4.00952],[126.77208,4.00735],[126.77396,4.00929],[126.77484,4.00952]]],[[[126.7841,4.0156],[126.78424,4.01415],[126.78346,4.01164],[126.78008,4.00709],[126.77774,4.00671],[126.7763,4.00891],[126.78131,4.00876],[126.7841,4.0156]]],[[[126.7868,4.01757],[126.7886,4.01655],[126.78813,4.01653],[126.7868,4.01757]]],[[[126.73326,4.00795],[126.72992,4.01236],[126.72961,4.0154],[126.7238,4.01913],[126.72227,4.02326],[126.71597,4.01696],[126.71458,4.01846],[126.71434,4.02389],[126.71675,4.02544],[126.71772,4.0288],[126.71502,4.02977],[126.71465,4.03264],[126.71775,4.03052],[126.72476,4.03388],[126.72454,4.03169],[126.7226,4.03055],[126.72464,4.02844],[126.72805,4.03621],[126.72964,4.03496],[126.72828,4.03384],[126.72936,4.03061],[126.73112,4.03103],[126.73119,4.0295],[126.7315,4.03113],[126.73324,4.0304],[126.73178,4.02922],[126.73369,4.02479],[126.73186,4.02179],[126.73317,4.01514],[126.73969,4.0122],[126.74022,4.00799],[126.74285,4.01101],[126.74462,4.00797],[126.74861,4.00651],[126.74766,4.00374],[126.74137,4.00299],[126.73326,4.00795]]],[[[126.75744,4.0193],[126.75573,4.01837],[126.7582,4.01381],[126.75555,4.01231],[126.74915,4.01348],[126.74612,4.0174],[126.74322,4.01808],[126.74332,4.02092],[126.74114,4.02148],[126.74148,4.02373],[126.74603,4.02566],[126.74389,4.03055],[126.75117,4.03524],[126.75683,4.03476],[126.75556,4.02865],[126.75744,4.0193]]],[[[126.79259,4.02827],[126.79252,4.02906],[126.79307,4.03163],[126.79646,4.034],[126.80146,4.03412],[126.80449,4.03109],[126.80797,4.03255],[126.80503,4.03024],[126.80051,4.0335],[126.79442,4.03197],[126.7929,4.02827],[126.7943,4.02707],[126.79494,4.02421],[126.79094,4.01773],[126.79008,4.017],[126.78882,4.01658],[126.7942,4.02463],[126.79259,4.02827]]],[[[126.75561,4.04334],[126.75285,4.04494],[126.75239,4.04293],[126.75016,4.04286],[126.75305,4.04697],[126.75792,4.05002],[126.75663,4.0534],[126.76004,4.05179],[126.75946,4.05429],[126.75737,4.05367],[126.75604,4.05529],[126.75894,4.05481],[126.76525,4.06314],[126.75937,4.06469],[126.76175,4.06584],[126.76245,4.06886],[126.76621,4.06998],[126.76826,4.0686],[126.77027,4.07073],[126.7729,4.08014],[126.77249,4.08221],[126.76738,4.08555],[126.76864,4.08745],[126.77595,4.08686],[126.77611,4.08442],[126.77921,4.08436],[126.77994,4.08238],[126.78171,4.0842],[126.78022,4.08433],[126.78077,4.08588],[126.78229,4.08459],[126.78534,4.08515],[126.78329,4.08114],[126.78352,4.06796],[126.77944,4.05323],[126.78929,4.05037],[126.78536,4.04708],[126.78003,4.04583],[126.77564,4.04665],[126.77268,4.03939],[126.77118,4.03949],[126.77066,4.04237],[126.77258,4.04816],[126.77034,4.04981],[126.76392,4.03895],[126.75887,4.0373],[126.75561,4.04334]]],[[[126.71609,4.09163],[126.71398,4.08749],[126.71522,4.0915],[126.7182,4.093],[126.71609,4.09163]]],[[[126.72149,4.10148],[126.72664,4.1033],[126.73217,4.10792],[126.7293,4.10303],[126.72248,4.09882],[126.72367,4.09463],[126.72182,4.09455],[126.72149,4.10148]]],[[[126.73613,4.12461],[126.73535,4.12695],[126.74185,4.13319],[126.74284,4.13705],[126.74538,4.13794],[126.7374,4.12555],[126.73391,4.11498],[126.73273,4.11647],[126.73613,4.12461]]],[[[126.74958,4.15553],[126.75066,4.15543],[126.74969,4.15072],[126.74958,4.15553]]],[[[126.80709,4.16063],[126.80732,4.16107],[126.80708,4.15991],[126.80415,4.15866],[126.80709,4.16063]]],[[[126.75373,4.16391],[126.75437,4.16373],[126.75291,4.1604],[126.75373,4.16391]]],[[[126.80662,4.16253],[126.80661,4.16255],[126.80674,4.16238],[126.80709,4.16177],[126.80662,4.16253]]],[[[126.81052,4.1677],[126.80941,4.16749],[126.81339,4.16935],[126.81597,4.16923],[126.81052,4.1677]]],[[[126.81942,4.17239],[126.81867,4.17171],[126.82149,4.1766],[126.8232,4.1781],[126.81942,4.17239]]],[[[126.79786,4.12664],[126.79586,4.12675],[126.79666,4.12932],[126.79408,4.12657],[126.79201,4.12732],[126.7936,4.13092],[126.78048,4.13365],[126.77898,4.13662],[126.77663,4.13889],[126.77317,4.13936],[126.77138,4.14257],[126.76937,4.15007],[126.77166,4.15703],[126.77113,4.16546],[126.77305,4.17101],[126.76797,4.17112],[126.77045,4.18011],[126.77872,4.18717],[126.78688,4.18882],[126.78663,4.19296],[126.79031,4.19457],[126.79141,4.19834],[126.79788,4.20015],[126.79613,4.20408],[126.80181,4.20791],[126.8014,4.21233],[126.80802,4.20641],[126.81003,4.20661],[126.81291,4.21073],[126.81358,4.21885],[126.8171,4.22551],[126.82501,4.22571],[126.83194,4.23262],[126.83712,4.22885],[126.84874,4.23091],[126.83999,4.21413],[126.83517,4.21237],[126.82434,4.19902],[126.8217,4.1994],[126.82048,4.20161],[126.8189,4.19944],[126.81638,4.19341],[126.81948,4.18965],[126.81623,4.18161],[126.81153,4.17979],[126.80826,4.18171],[126.80121,4.16707],[126.79742,4.16742],[126.79557,4.16356],[126.79236,4.16509],[126.78998,4.15716],[126.78602,4.15334],[126.78271,4.15339],[126.78204,4.15088],[126.77868,4.14932],[126.7817,4.14294],[126.77988,4.14025],[126.78152,4.13988],[126.78326,4.13468],[126.78948,4.13272],[126.79416,4.1334],[126.79643,4.13179],[126.79628,4.13011],[126.7989,4.12984],[126.8018,4.12411],[126.80011,4.12054],[126.80018,4.12389],[126.79786,4.12664]]],[[[126.75922,4.18259],[126.76175,4.1827],[126.75735,4.17181],[126.75607,4.17234],[126.75922,4.18259]]],[[[126.82399,4.17952],[126.82372,4.17901],[126.82383,4.17932],[126.82399,4.17952]]],[[[126.83559,4.19227],[126.83785,4.19259],[126.83194,4.18999],[126.83559,4.19227]]],[[[126.7742,4.19743],[126.7706,4.19482],[126.77215,4.19727],[126.7742,4.19743]]],[[[126.84378,4.19692],[126.84628,4.1987],[126.84832,4.19856],[126.84378,4.19692]]],[[[126.7903,4.21125],[126.78964,4.22421],[126.79171,4.21956],[126.79033,4.20978],[126.78148,4.20169],[126.77753,4.19924],[126.77551,4.19977],[126.7903,4.21125]]],[[[126.8633,4.23423],[126.86704,4.23444],[126.86926,4.23155],[126.87126,4.22203],[126.87046,4.21789],[126.86697,4.23079],[126.8633,4.23423]]],[[[126.77754,4.25028],[126.77219,4.25246],[126.77873,4.2513],[126.78033,4.2478],[126.77754,4.25028]]],[[[126.76709,4.25106],[126.76816,4.25312],[126.76988,4.2538],[126.76746,4.24935],[126.75866,4.24711],[126.75426,4.25102],[126.75837,4.24893],[126.76709,4.25106]]],[[[126.773,4.25034],[126.77218,4.25044],[126.77273,4.25123],[126.773,4.25034]]],[[[126.87817,4.25756],[126.87929,4.2607],[126.88602,4.26091],[126.88638,4.26039],[126.88117,4.26058],[126.87524,4.2533],[126.87229,4.25362],[126.86798,4.25087],[126.86376,4.25127],[126.87436,4.2548],[126.87817,4.25756]]],[[[126.74865,4.26096],[126.74575,4.26381],[126.74952,4.26081],[126.75126,4.25695],[126.74865,4.26096]]],[[[126.73819,4.26463],[126.73734,4.26518],[126.73891,4.26513],[126.74013,4.26292],[126.73819,4.26463]]],[[[126.71784,4.26471],[126.71588,4.26552],[126.71637,4.2692],[126.7194,4.26638],[126.72603,4.26765],[126.71784,4.26471]]],[[[126.7382,4.29144],[126.74194,4.28951],[126.74691,4.29306],[126.75136,4.29353],[126.75181,4.2849],[126.75452,4.28183],[126.75938,4.27947],[126.76533,4.2789],[126.76928,4.277],[126.76901,4.27495],[126.77206,4.27426],[126.77784,4.27897],[126.77944,4.27519],[126.78998,4.27338],[126.79727,4.26885],[126.79875,4.26637],[126.80595,4.26603],[126.80489,4.26889],[126.80884,4.27106],[126.81214,4.27085],[126.8132,4.27538],[126.81547,4.27258],[126.8144,4.26906],[126.81629,4.26824],[126.82148,4.26854],[126.82356,4.2711],[126.8267,4.26959],[126.83034,4.27245],[126.83249,4.27825],[126.83673,4.27665],[126.83923,4.2778],[126.84345,4.28103],[126.8432,4.28438],[126.84652,4.28512],[126.84792,4.28423],[126.84596,4.28292],[126.85263,4.27405],[126.85516,4.27591],[126.8595,4.27511],[126.86559,4.28295],[126.87314,4.27892],[126.87324,4.28326],[126.87558,4.28722],[126.874,4.29015],[126.87497,4.29539],[126.87206,4.2931],[126.87255,4.29626],[126.87034,4.29322],[126.87299,4.29753],[126.87019,4.29758],[126.87008,4.29921],[126.86764,4.29911],[126.86536,4.30232],[126.86112,4.30343],[126.86057,4.30701],[126.85953,4.30779],[126.8586,4.3065],[126.85574,4.30919],[126.85641,4.31182],[126.85879,4.31334],[126.85858,4.31727],[126.85639,4.31734],[126.85296,4.31375],[126.85139,4.3137],[126.85337,4.31762],[126.85929,4.32038],[126.85836,4.32155],[126.85668,4.31948],[126.85663,4.32298],[126.8533,4.32122],[126.85144,4.31541],[126.8479,4.32024],[126.84832,4.32219],[126.84604,4.32267],[126.84302,4.31989],[126.83702,4.32058],[126.83645,4.32897],[126.83831,4.33164],[126.84026,4.33009],[126.84323,4.33276],[126.8464,4.331],[126.84535,4.33799],[126.84202,4.33923],[126.83707,4.33704],[126.8341,4.33797],[126.83357,4.34144],[126.83792,4.34411],[126.83552,4.34977],[126.83279,4.35132],[126.83228,4.35454],[126.82677,4.35875],[126.82877,4.36238],[126.82766,4.36613],[126.82493,4.36878],[126.82017,4.36756],[126.81374,4.37035],[126.81377,4.37642],[126.80545,4.38359],[126.80402,4.38722],[126.80316,4.39531],[126.80732,4.40057],[126.80753,4.40807],[126.81139,4.41399],[126.81124,4.42155],[126.80974,4.4224],[126.81034,4.42928],[126.81757,4.43797],[126.81997,4.43425],[126.82326,4.43697],[126.82702,4.43647],[126.82954,4.43925],[126.83421,4.43916],[126.83317,4.42913],[126.82661,4.40953],[126.82939,4.39452],[126.83483,4.37665],[126.84195,4.36443],[126.85087,4.33708],[126.88397,4.29339],[126.88397,4.28269],[126.87842,4.26944],[126.87165,4.26541],[126.85375,4.26531],[126.84348,4.25567],[126.84101,4.25649],[126.83574,4.26262],[126.8281,4.2496],[126.82429,4.24698],[126.82194,4.24848],[126.81582,4.24472],[126.81275,4.24472],[126.81023,4.24915],[126.80516,4.24986],[126.80459,4.25293],[126.80207,4.25379],[126.80252,4.25664],[126.79924,4.26019],[126.78437,4.26366],[126.77956,4.26759],[126.77642,4.26652],[126.77556,4.26904],[126.76376,4.2698],[126.75692,4.27388],[126.74925,4.28432],[126.74612,4.28625],[126.7386,4.28729],[126.73901,4.28893],[126.73779,4.29116],[126.73794,4.29627],[126.74541,4.30123],[126.74555,4.2991],[126.74144,4.2965],[126.7382,4.29144]]],[[[126.72192,4.44122],[126.72197,4.43759],[126.7198,4.43873],[126.71726,4.43582],[126.71827,4.44149],[126.72192,4.44122]]],[[[126.82568,4.45698],[126.83311,4.4609],[126.83548,4.44816],[126.83198,4.44706],[126.82568,4.45698]]],[[[126.73439,4.46132],[126.73525,4.4614],[126.73664,4.45941],[126.73442,4.45762],[126.73439,4.46132]]],[[[126.73519,4.47255],[126.73529,4.47108],[126.73259,4.4687],[126.73048,4.47354],[126.73519,4.47255]]],[[[126.72158,4.47712],[126.72419,4.47648],[126.72192,4.47475],[126.72158,4.47712]]],[[[126.72803,4.4884],[126.72887,4.48834],[126.72929,4.48791],[126.72904,4.48676],[126.72803,4.4884]]]]},"properties":{"fungsi":"HL"}},{"type":"Feature","geometry":{"type":"MultiPolygon","coordinates":[[[[125.21718,1.51998],[125.20768,1.51554],[125.20678,1.50726],[125.21211,1.50372],[125.23588,1.50774],[125.2439,1.50765],[125.24122,1.50338],[125.23696,1.50509],[125.23545,1.50346],[125.23211,1.50394],[125.23502,1.50304],[125.23497,1.50074],[125.22841,1.49762],[125.2263,1.4933],[125.21796,1.49008],[125.21614,1.49122],[125.21344,1.4898],[125.21174,1.49258],[125.20969,1.4912],[125.1997,1.49847],[125.18856,1.50265],[125.18021,1.50042],[125.18062,1.49773],[125.17826,1.49448],[125.18174,1.48914],[125.18783,1.48888],[125.18789,1.48752],[125.1856,1.48721],[125.18622,1.48421],[125.18797,1.48348],[125.18682,1.48329],[125.187,1.48099],[125.18484,1.48051],[125.18618,1.47615],[125.18331,1.47521],[125.18351,1.47328],[125.18138,1.47351],[125.18177,1.46985],[125.1805,1.47026],[125.17745,1.46467],[125.17403,1.46303],[125.16788,1.466],[125.1594,1.46478],[125.15257,1.4668],[125.14906,1.46991],[125.14686,1.476],[125.14194,1.47929],[125.13985,1.4873],[125.14525,1.49837],[125.14441,1.50304],[125.14579,1.50342],[125.14391,1.50693],[125.14486,1.51037],[125.13811,1.51218],[125.13654,1.51524],[125.13846,1.51555],[125.13736,1.52108],[125.12884,1.52997],[125.13359,1.53484],[125.1339,1.54884],[125.14077,1.55192],[125.14086,1.55416],[125.14511,1.55403],[125.15502,1.5472],[125.16315,1.54528],[125.17617,1.55048],[125.17639,1.55884],[125.17829,1.56172],[125.18461,1.55757],[125.19564,1.55558],[125.19842,1.5529],[125.20299,1.55284],[125.20623,1.55009],[125.20775,1.55055],[125.21455,1.54347],[125.21739,1.54282],[125.21836,1.53909],[125.22353,1.5372],[125.23513,1.52906],[125.2357,1.52417],[125.23772,1.52199],[125.21718,1.51998]]],[[[124.33696,0.81543],[124.33809,0.81848],[124.34151,0.81875],[124.34322,0.82109],[124.34054,0.82375],[124.34285,0.8233],[124.3437,0.82881],[124.34203,0.84404],[124.34425,0.84652],[124.34809,0.84751],[124.35041,0.85355],[124.35044,0.86407],[124.34674,0.86891],[124.34504,0.86767],[124.34349,0.87075],[124.34408,0.8814],[124.3456,0.88716],[124.35815,0.90123],[124.34879,0.90847],[124.34552,0.91598],[124.34906,0.91902],[124.3561,0.93449],[124.36286,0.94085],[124.37864,0.94853],[124.4019,0.94797],[124.41148,0.94375],[124.42388,0.93331],[124.42963,0.92572],[124.43111,0.9212],[124.42997,0.91612],[124.42597,0.91495],[124.41698,0.89862],[124.41579,0.86457],[124.39863,0.87553],[124.39692,0.87995],[124.39092,0.88154],[124.38369,0.88729],[124.37967,0.88921],[124.37829,0.88492],[124.3806,0.87846],[124.38379,0.87563],[124.41558,0.8563],[124.41542,0.84711],[124.40757,0.85061],[124.40549,0.85484],[124.40216,0.85468],[124.4025,0.85083],[124.41078,0.84083],[124.41518,0.83992],[124.41496,0.83202],[124.41819,0.82768],[124.41902,0.81946],[124.41103,0.81511],[124.40437,0.8173],[124.4033,0.81225],[124.39798,0.81045],[124.39658,0.80408],[124.39355,0.80073],[124.38995,0.80253],[124.38968,0.80491],[124.38458,0.80555],[124.3789,0.81007],[124.37313,0.80071],[124.37763,0.79914],[124.38032,0.79194],[124.38319,0.79151],[124.38579,0.79359],[124.39616,0.79194],[124.3999,0.78685],[124.40079,0.78275],[124.40843,0.77748],[124.41409,0.78094],[124.41713,0.77255],[124.4115,0.77554],[124.40741,0.77372],[124.40508,0.77599],[124.39988,0.7767],[124.39286,0.77034],[124.39272,0.76815],[124.39672,0.76312],[124.39094,0.75729],[124.39039,0.75151],[124.40233,0.73932],[124.40664,0.73723],[124.39908,0.73732],[124.39353,0.74055],[124.38676,0.74171],[124.38091,0.73691],[124.38215,0.73981],[124.37841,0.74235],[124.3571,0.74292],[124.35003,0.74915],[124.34367,0.74867],[124.34227,0.74981],[124.34004,0.75328],[124.33996,0.75923],[124.34837,0.76279],[124.35297,0.76742],[124.35199,0.77167],[124.34898,0.77425],[124.35155,0.77681],[124.35785,0.77592],[124.35111,0.77966],[124.35717,0.78615],[124.35298,0.78893],[124.35257,0.79077],[124.35542,0.79476],[124.35218,0.79327],[124.34945,0.78747],[124.34559,0.78951],[124.34395,0.79474],[124.34267,0.79459],[124.34386,0.79561],[124.34119,0.79854],[124.34324,0.80186],[124.3417,0.80324],[124.34377,0.8056],[124.33953,0.80989],[124.34087,0.81122],[124.33888,0.81323],[124.33986,0.81521],[124.33436,0.81411],[124.33696,0.81543]]],[[[124.78832,1.36302],[124.78324,1.36928],[124.79088,1.37556],[124.79711,1.37661],[124.80146,1.38051],[124.80598,1.37459],[124.8083,1.37545],[124.81106,1.37177],[124.80737,1.36361],[124.8084,1.35956],[124.80723,1.35673],[124.80926,1.35516],[124.80573,1.3493],[124.80337,1.34973],[124.79665,1.34485],[124.78953,1.34699],[124.78528,1.35355],[124.78548,1.35805],[124.78832,1.36302]]]]},"properties":{"fungsi":"KSA/KPA"}},{"type":"Feature","geometry":{"type":"Polygon","coordinates":[[[124.83593,1.57376],[124.84037,1.57566],[124.84011,1.57219],[124.84226,1.56968],[124.84616,1.56851],[124.8464,1.56662],[124.8513,1.56694],[124.85117,1.55771],[124.8463,1.55684],[124.84513,1.56006],[124.84303,1.56105],[124.83791,1.56118],[124.83634,1.56327],[124.83298,1.56269],[124.83593,1.57376]]]},"properties":{"fungsi":"TAHURA"}},{"type":"Feature","geometry":{"type":"MultiPolygon","coordinates":[[[[123.7113,0.35377],[123.70411,0.34714],[123.6986,0.34473],[123.69704,0.34117],[123.69833,0.33779],[123.69689,0.32013],[123.69474,0.31678],[123.69068,0.31652],[123.67956,0.32784],[123.66138,0.3308],[123.65311,0.34097],[123.64985,0.33967],[123.64544,0.3279],[123.64261,0.32542],[123.64056,0.32547],[123.63474,0.33018],[123.62285,0.33281],[123.61513,0.34047],[123.60208,0.34335],[123.59937,0.34611],[123.59619,0.3553],[123.59061,0.36034],[123.5859,0.36845],[123.57351,0.36049],[123.57481,0.3648],[123.5729,0.36705],[123.57278,0.37087],[123.57836,0.37144],[123.57718,0.37393],[123.5857,0.3708],[123.591,0.37186],[123.59433,0.36724],[123.59617,0.35925],[123.59727,0.36105],[123.6023,0.3615],[123.60426,0.35994],[123.60516,0.3557],[123.60972,0.35459],[123.61317,0.35563],[123.61702,0.36322],[123.62241,0.36685],[123.62597,0.37326],[123.62895,0.36813],[123.62912,0.3648],[123.62364,0.35871],[123.62403,0.35442],[123.62775,0.35464],[123.63074,0.35271],[123.63287,0.35419],[123.6351,0.363],[123.63826,0.36633],[123.63493,0.37035],[123.63287,0.3705],[123.634,0.38155],[123.63204,0.3829],[123.63351,0.38517],[123.63738,0.3773],[123.63692,0.38825],[123.63993,0.39112],[123.64047,0.38761],[123.64338,0.38643],[123.64228,0.38118],[123.64363,0.37077],[123.64669,0.36942],[123.64811,0.36648],[123.65566,0.36551],[123.65718,0.36445],[123.65724,0.36081],[123.66215,0.36174],[123.66636,0.35967],[123.67104,0.36065],[123.67403,0.35698],[123.68006,0.35424],[123.68278,0.35439],[123.68315,0.35944],[123.68677,0.35912],[123.6864,0.35061],[123.68954,0.34566],[123.6925,0.34699],[123.69498,0.35759],[123.69216,0.36482],[123.68959,0.36697],[123.68753,0.37205],[123.67722,0.37387],[123.67874,0.38102],[123.68366,0.38899],[123.68053,0.396],[123.68337,0.40135],[123.68538,0.40211],[123.68553,0.40566],[123.69231,0.40825],[123.69417,0.39984],[123.69785,0.39819],[123.70456,0.40369],[123.71627,0.40327],[123.71603,0.39917],[123.69956,0.38702],[123.70182,0.3812],[123.70725,0.37498],[123.71411,0.37725],[123.71549,0.38258],[123.72107,0.38161],[123.72673,0.38541],[123.72867,0.38857],[123.72921,0.39629],[123.72742,0.4025],[123.74136,0.4016],[123.7483,0.39552],[123.75025,0.38837],[123.75463,0.38738],[123.75346,0.38281],[123.76055,0.38011],[123.76195,0.37638],[123.75895,0.36929],[123.74561,0.36977],[123.72196,0.35728],[123.71791,0.35334],[123.7113,0.35377]]],[[[123.79311,0.3665],[123.79096,0.39125],[123.79409,0.40129],[123.7982,0.40736],[123.80243,0.41034],[123.81335,0.41224],[123.83311,0.4053],[123.84732,0.40503],[123.85897,0.406],[123.88174,0.41174],[123.88825,0.41129],[123.89571,0.40813],[123.90461,0.39904],[123.91872,0.3932],[123.92909,0.39696],[123.93542,0.40195],[123.95719,0.41064],[123.97106,0.42399],[123.98821,0.42937],[123.99602,0.43008],[124.00724,0.42792],[124.02354,0.41885],[124.01697,0.41167],[124.00525,0.40853],[123.9849,0.41598],[123.98282,0.41908],[123.97625,0.41448],[123.97388,0.42149],[123.97312,0.41771],[123.97491,0.41367],[123.97663,0.41307],[123.98249,0.41656],[123.98274,0.41552],[123.97722,0.40538],[123.97878,0.40162],[123.97631,0.39862],[123.97307,0.40366],[123.96791,0.40112],[123.96695,0.4026],[123.96803,0.40319],[123.9646,0.40768],[123.96381,0.40623],[123.96223,0.40753],[123.96063,0.40428],[123.95782,0.40325],[123.95994,0.40148],[123.95966,0.39966],[123.9567,0.40141],[123.96157,0.3965],[123.95754,0.3965],[123.95992,0.3939],[123.95765,0.39076],[123.95872,0.38801],[123.94235,0.39046],[123.93969,0.38784],[123.93877,0.38163],[123.95321,0.37547],[123.94978,0.37269],[123.92916,0.37479],[123.91986,0.3695],[123.90995,0.36626],[123.90096,0.35852],[123.88832,0.36101],[123.87726,0.35465],[123.87514,0.35509],[123.87592,0.35424],[123.87425,0.35332],[123.85833,0.35216],[123.84898,0.34834],[123.83561,0.35087],[123.82715,0.35725],[123.80893,0.34939],[123.80373,0.34257],[123.79982,0.34615],[123.79311,0.3665]]],[[[123.72292,0.70942],[123.7218,0.70563],[123.72099,0.70426],[123.71484,0.70294],[123.70648,0.70571],[123.70157,0.71167],[123.69625,0.72352],[123.69529,0.74043],[123.69666,0.74454],[123.703,0.74626],[123.70971,0.74349],[123.71526,0.73657],[123.72252,0.73181],[123.72485,0.7225],[123.72292,0.70942]]],[[[124.14056,0.78455],[124.13079,0.77761],[124.11617,0.77406],[124.11976,0.77545],[124.12013,0.77808],[124.1134,0.78312],[124.11176,0.7851],[124.11263,0.78705],[124.10867,0.78861],[124.11145,0.79267],[124.11125,0.79777],[124.10483,0.79779],[124.10419,0.79666],[124.09614,0.80095],[124.09403,0.80026],[124.09539,0.80871],[124.09856,0.80834],[124.10244,0.80355],[124.10585,0.80648],[124.10516,0.80925],[124.10088,0.81151],[124.10179,0.8187],[124.10018,0.8223],[124.10146,0.82507],[124.10555,0.82425],[124.11064,0.82827],[124.11231,0.8334],[124.1133,0.83303],[124.11343,0.82876],[124.11557,0.82726],[124.11989,0.81701],[124.12673,0.81279],[124.12705,0.81017],[124.12942,0.80872],[124.13174,0.80086],[124.12897,0.79807],[124.13023,0.7971],[124.13326,0.80075],[124.13537,0.80026],[124.13556,0.80406],[124.1316,0.8158],[124.12939,0.8171],[124.12813,0.82379],[124.13347,0.8262],[124.13674,0.82344],[124.13862,0.82451],[124.14287,0.82236],[124.14086,0.81887],[124.14218,0.81463],[124.14731,0.81444],[124.1463,0.81905],[124.15106,0.82209],[124.15372,0.81777],[124.15873,0.81631],[124.16448,0.81028],[124.16927,0.81403],[124.17214,0.8143],[124.1727,0.81608],[124.17519,0.81013],[124.18056,0.80979],[124.18179,0.807],[124.1846,0.80642],[124.1849,0.80439],[124.19114,0.80582],[124.19329,0.80472],[124.19602,0.80653],[124.1978,0.80535],[124.20245,0.7962],[124.20837,0.79205],[124.20895,0.78693],[124.20565,0.78227],[124.20651,0.78046],[124.21641,0.78078],[124.21437,0.77446],[124.21205,0.77331],[124.20479,0.7749],[124.2014,0.77091],[124.19543,0.7728],[124.19406,0.77171],[124.19572,0.76939],[124.19241,0.76243],[124.19535,0.75915],[124.20874,0.7534],[124.2099,0.75056],[124.20764,0.7485],[124.21035,0.74393],[124.21508,0.74626],[124.22891,0.74554],[124.22748,0.7409],[124.2294,0.73855],[124.22864,0.73588],[124.22315,0.73834],[124.21918,0.73344],[124.21657,0.73221],[124.21203,0.73375],[124.20682,0.73167],[124.20679,0.7301],[124.21055,0.72926],[124.20991,0.7262],[124.21275,0.72532],[124.21634,0.72131],[124.21942,0.7245],[124.21742,0.72777],[124.22193,0.7266],[124.22209,0.73123],[124.22583,0.73348],[124.22999,0.73396],[124.23308,0.72863],[124.22985,0.72508],[124.23039,0.72032],[124.23214,0.71872],[124.23077,0.70901],[124.2322,0.70561],[124.22412,0.69455],[124.21913,0.69043],[124.21435,0.70043],[124.20512,0.70021],[124.20393,0.70228],[124.19831,0.72312],[124.19129,0.7401],[124.18387,0.74769],[124.18612,0.75246],[124.18711,0.76442],[124.18421,0.77731],[124.18071,0.78292],[124.16736,0.79359],[124.15953,0.79545],[124.14334,0.79176],[124.14181,0.78991],[124.14325,0.78831],[124.14021,0.78744],[124.1443,0.78562],[124.14394,0.7833],[124.14056,0.78455]]],[[[124.10125,0.77509],[124.10118,0.77683],[124.10413,0.77817],[124.10695,0.77604],[124.10848,0.77849],[124.11111,0.779],[124.11138,0.77747],[124.11369,0.78004],[124.11486,0.77397],[124.10717,0.77356],[124.10125,0.77509]]],[[[123.67805,0.79129],[123.68002,0.79427],[123.69536,0.79866],[123.69878,0.80143],[123.70074,0.80903],[123.70038,0.81863],[123.69915,0.82311],[123.69503,0.82789],[123.68039,0.83062],[123.6797,0.83866],[123.69387,0.84027],[123.69787,0.83766],[123.70525,0.83845],[123.70571,0.83746],[123.69822,0.83291],[123.70089,0.83035],[123.70428,0.83017],[123.70497,0.82595],[123.70881,0.82244],[123.71264,0.82518],[123.71359,0.82324],[123.72124,0.81938],[123.7229,0.81331],[123.72665,0.81149],[123.73125,0.803],[123.73081,0.80003],[123.72558,0.7981],[123.73344,0.79393],[123.73295,0.79673],[123.73439,0.79635],[123.73399,0.79911],[123.73769,0.80279],[123.73673,0.80341],[123.7387,0.80838],[123.73125,0.80888],[123.72622,0.81277],[123.72746,0.81531],[123.72579,0.81609],[123.72531,0.81922],[123.71901,0.82505],[123.72048,0.82774],[123.71886,0.82831],[123.72157,0.82915],[123.72314,0.82753],[123.72529,0.83143],[123.71545,0.84226],[123.71742,0.84252],[123.71799,0.84116],[123.72137,0.84349],[123.72682,0.84023],[123.73224,0.83019],[123.73343,0.82465],[123.739,0.81892],[123.74124,0.81982],[123.75019,0.81134],[123.75602,0.80947],[123.75855,0.80638],[123.76271,0.80929],[123.76551,0.80795],[123.77422,0.81013],[123.77839,0.80632],[123.78246,0.79555],[123.78561,0.79632],[123.78892,0.79424],[123.79198,0.79487],[123.79014,0.80284],[123.79305,0.80587],[123.80215,0.80284],[123.80534,0.80548],[123.80947,0.80418],[123.81244,0.80522],[123.81768,0.81497],[123.81554,0.82018],[123.81604,0.82428],[123.82431,0.8302],[123.82749,0.83026],[123.82657,0.82666],[123.82761,0.82509],[123.82609,0.82306],[123.8283,0.8186],[123.83677,0.81929],[123.83309,0.81637],[123.82666,0.81673],[123.82181,0.81007],[123.82619,0.80638],[123.82993,0.80691],[123.83246,0.8037],[123.83023,0.80055],[123.82984,0.79341],[123.83071,0.79157],[123.83309,0.79145],[123.83083,0.7894],[123.82737,0.78879],[123.82407,0.79161],[123.81923,0.79102],[123.8198,0.79286],[123.81387,0.79603],[123.81176,0.80132],[123.80594,0.80233],[123.80505,0.7979],[123.80188,0.79788],[123.79583,0.78903],[123.7862,0.79441],[123.78227,0.79213],[123.78008,0.79341],[123.77752,0.79055],[123.75771,0.78523],[123.75498,0.78715],[123.74054,0.78493],[123.71469,0.76288],[123.7023,0.75944],[123.69186,0.75944],[123.68897,0.75998],[123.68902,0.76357],[123.67805,0.79129]]],[[[123.4882,0.83036],[123.48688,0.82551],[123.48457,0.82521],[123.485,0.82657],[123.48262,0.82737],[123.48038,0.83308],[123.48027,0.83761],[123.48614,0.8411],[123.49006,0.84037],[123.4933,0.84348],[123.49388,0.84621],[123.49695,0.84599],[123.4989,0.84844],[123.49886,0.85153],[123.50143,0.85358],[123.5026,0.85146],[123.50876,0.85336],[123.5102,0.84984],[123.50876,0.84477],[123.50819,0.84561],[123.49468,0.83039],[123.49105,0.83154],[123.4882,0.83036]]],[[[123.48513,0.8679],[123.48953,0.86761],[123.49026,0.8663],[123.4899,0.85971],[123.49308,0.85518],[123.49299,0.85054],[123.49146,0.84935],[123.48792,0.84951],[123.48669,0.85764],[123.48779,0.86131],[123.48693,0.86289],[123.48408,0.86232],[123.48513,0.8679]]],[[[123.47909,0.85905],[123.47301,0.85483],[123.46957,0.85513],[123.47082,0.85563],[123.46917,0.86118],[123.47343,0.86576],[123.47621,0.86614],[123.47909,0.85905]]],[[[123.45766,0.87319],[123.46058,0.87053],[123.46696,0.86952],[123.46505,0.86558],[123.46206,0.86604],[123.45761,0.86021],[123.45346,0.85852],[123.44993,0.86403],[123.45307,0.87133],[123.45766,0.87319]]],[[[123.23225,0.8996],[123.23161,0.90207],[123.22662,0.90375],[123.22571,0.90647],[123.21557,0.90779],[123.21532,0.91325],[123.20721,0.91627],[123.20738,0.91856],[123.20172,0.92194],[123.19927,0.92542],[123.20234,0.93125],[123.21214,0.93608],[123.21478,0.93453],[123.21784,0.93699],[123.22315,0.93278],[123.22331,0.92984],[123.22412,0.9322],[123.22721,0.933],[123.23332,0.93208],[123.23463,0.92837],[123.23984,0.92548],[123.24129,0.92193],[123.2392,0.91909],[123.2343,0.91782],[123.23984,0.91818],[123.24215,0.91593],[123.23901,0.91284],[123.23558,0.91363],[123.23755,0.91083],[123.23461,0.90802],[123.23608,0.90805],[123.23732,0.90458],[123.23399,0.90324],[123.23394,0.90065],[123.23225,0.8996]]],[[[124.23123,0.51153],[124.24252,0.51279],[124.25089,0.52052],[124.25062,0.51145],[124.23634,0.49717],[124.23202,0.48678],[124.23172,0.47213],[124.23843,0.45676],[124.23613,0.44795],[124.23143,0.44275],[124.21243,0.43225],[124.20265,0.43211],[124.20038,0.42856],[124.19282,0.42779],[124.1915,0.42562],[124.1896,0.42631],[124.19044,0.43278],[124.20151,0.44138],[124.20776,0.4533],[124.21017,0.47841],[124.21714,0.50316],[124.21157,0.50322],[124.23123,0.51153]]],[[[124.49732,0.50023],[124.48901,0.49962],[124.48379,0.49476],[124.47887,0.49261],[124.46847,0.49518],[124.45881,0.4908],[124.45734,0.49172],[124.45703,0.49555],[124.45095,0.49438],[124.44686,0.48783],[124.44338,0.48838],[124.44042,0.49133],[124.43618,0.49906],[124.42976,0.50398],[124.42559,0.5098],[124.44419,0.51248],[124.46845,0.51906],[124.47461,0.52178],[124.47726,0.52619],[124.47631,0.52946],[124.48752,0.52576],[124.48977,0.5235],[124.49185,0.51439],[124.49631,0.50823],[124.50072,0.50715],[124.50142,0.50598],[124.49981,0.50413],[124.50183,0.50247],[124.49732,0.50023]]],[[[124.22556,0.68101],[124.23054,0.68086],[124.22973,0.67776],[124.23594,0.67884],[124.23988,0.67752],[124.23764,0.67576],[124.23743,0.67092],[124.23327,0.66968],[124.23688,0.66609],[124.22777,0.66835],[124.22875,0.66317],[124.22675,0.65623],[124.22466,0.65792],[124.2244,0.65636],[124.223,0.6573],[124.22072,0.65597],[124.22028,0.65884],[124.21799,0.6584],[124.21746,0.66257],[124.21971,0.66225],[124.21947,0.66545],[124.21613,0.66383],[124.21404,0.66474],[124.21872,0.6757],[124.21973,0.68821],[124.22556,0.68101]]],[[[124.58293,0.76668],[124.58595,0.75652],[124.58634,0.75059],[124.58298,0.74511],[124.58342,0.73693],[124.57231,0.72937],[124.56086,0.71741],[124.55273,0.70163],[124.55116,0.6996],[124.54982,0.70006],[124.54314,0.70372],[124.55325,0.72673],[124.57311,0.76299],[124.57518,0.7718],[124.58293,0.76668]]],[[[124.58743,0.86175],[124.58124,0.85586],[124.57854,0.85556],[124.5732,0.84845],[124.56799,0.85125],[124.56797,0.86394],[124.57189,0.86768],[124.57691,0.87111],[124.58636,0.87138],[124.59137,0.87384],[124.59399,0.87904],[124.59872,0.87994],[124.59931,0.88359],[124.60095,0.88145],[124.60158,0.88279],[124.61214,0.88482],[124.61521,0.88692],[124.61599,0.87193],[124.60934,0.87398],[124.60634,0.87113],[124.60234,0.87115],[124.60097,0.8693],[124.60296,0.86277],[124.6006,0.86403],[124.58743,0.86175]]],[[[124.41698,0.89862],[124.42597,0.91495],[124.42997,0.91612],[124.4243,0.90784],[124.42434,0.90284],[124.42175,0.89515],[124.42208,0.89317],[124.4251,0.89108],[124.42441,0.88597],[124.42743,0.88359],[124.42745,0.87893],[124.43351,0.88278],[124.4356,0.87971],[124.44702,0.88679],[124.45412,0.88624],[124.45557,0.85936],[124.44976,0.85431],[124.44616,0.84727],[124.44291,0.84713],[124.44103,0.85206],[124.43894,0.85043],[124.43262,0.85191],[124.4237,0.84479],[124.41801,0.84413],[124.41496,0.83202],[124.41698,0.89862]]],[[[124.13825,0.87667],[124.13036,0.88547],[124.1246,0.88713],[124.12012,0.89622],[124.11437,0.89926],[124.11275,0.89689],[124.10644,0.90101],[124.10658,0.90294],[124.10282,0.90608],[124.10308,0.90739],[124.09847,0.9093],[124.09854,0.91151],[124.0958,0.91265],[124.09007,0.92029],[124.09295,0.92029],[124.0935,0.91724],[124.09725,0.91781],[124.09949,0.91617],[124.09918,0.91417],[124.10182,0.91051],[124.10511,0.90961],[124.10651,0.91272],[124.11624,0.9059],[124.12,0.90598],[124.12212,0.90368],[124.12536,0.90409],[124.12472,0.90549],[124.12672,0.90535],[124.12695,0.90706],[124.12962,0.90704],[124.13318,0.90121],[124.13568,0.91318],[124.1348,0.91558],[124.13801,0.91765],[124.13773,0.91936],[124.14536,0.91545],[124.14686,0.91587],[124.14567,0.91703],[124.14942,0.91632],[124.14996,0.91798],[124.15274,0.91596],[124.15579,0.91573],[124.15749,0.9165],[124.15652,0.91803],[124.16092,0.91841],[124.16761,0.91662],[124.1685,0.91789],[124.15883,0.92661],[124.16445,0.92779],[124.16763,0.92648],[124.17322,0.93051],[124.17588,0.93651],[124.18287,0.93484],[124.183,0.93122],[124.18446,0.93053],[124.18328,0.92915],[124.18518,0.92838],[124.18251,0.92512],[124.18623,0.92706],[124.18653,0.92874],[124.18901,0.92098],[124.19043,0.92336],[124.18844,0.92566],[124.18782,0.9318],[124.19021,0.9356],[124.194,0.9319],[124.19565,0.92613],[124.19188,0.92102],[124.19245,0.91585],[124.19414,0.9138],[124.19362,0.91067],[124.1972,0.9121],[124.19639,0.91746],[124.19767,0.92025],[124.19956,0.92077],[124.20356,0.91237],[124.20753,0.91098],[124.21006,0.90641],[124.21211,0.90799],[124.21511,0.90583],[124.21647,0.90819],[124.21352,0.91418],[124.21184,0.91451],[124.21198,0.92117],[124.21683,0.92553],[124.21848,0.92986],[124.22221,0.93196],[124.22436,0.92482],[124.21985,0.92134],[124.21857,0.91583],[124.22096,0.9171],[124.22139,0.91239],[124.2227,0.91168],[124.22846,0.91384],[124.23086,0.91245],[124.22887,0.90848],[124.22887,0.90191],[124.23428,0.90877],[124.23861,0.90982],[124.23457,0.91157],[124.233,0.91073],[124.23224,0.91724],[124.2339,0.91896],[124.23291,0.92184],[124.23427,0.9256],[124.23315,0.92676],[124.23491,0.92868],[124.23734,0.93904],[124.24001,0.93857],[124.2409,0.93519],[124.24877,0.93998],[124.2624,0.9341],[124.26367,0.93703],[124.26263,0.9423],[124.26662,0.94487],[124.27045,0.94466],[124.27193,0.94214],[124.27734,0.93921],[124.27779,0.94148],[124.27609,0.9437],[124.28721,0.94133],[124.28775,0.94322],[124.28092,0.94797],[124.29268,0.95295],[124.29149,0.95587],[124.29406,0.95759],[124.29925,0.9574],[124.29813,0.95872],[124.30699,0.96199],[124.30916,0.96445],[124.31149,0.96373],[124.30632,0.96004],[124.30892,0.95247],[124.30686,0.95173],[124.30826,0.9501],[124.30995,0.95182],[124.31581,0.95173],[124.31752,0.94787],[124.32061,0.9489],[124.32595,0.945],[124.33024,0.94509],[124.33216,0.94592],[124.32834,0.94757],[124.33124,0.94997],[124.3286,0.95249],[124.33056,0.95317],[124.32924,0.95414],[124.33074,0.95686],[124.32921,0.95776],[124.33113,0.95859],[124.3306,0.96182],[124.33445,0.96699],[124.33342,0.97643],[124.34216,0.97962],[124.3443,0.97912],[124.34369,0.97538],[124.34162,0.97387],[124.3444,0.96833],[124.34421,0.96336],[124.34709,0.96096],[124.34219,0.95795],[124.34319,0.95661],[124.34107,0.95153],[124.33726,0.94945],[124.33802,0.94605],[124.34304,0.94624],[124.3434,0.94492],[124.34024,0.94248],[124.34266,0.94263],[124.34405,0.94076],[124.34929,0.94316],[124.35136,0.94086],[124.36085,0.93954],[124.35975,0.94241],[124.3637,0.94792],[124.36579,0.95627],[124.36496,0.96034],[124.35815,0.96608],[124.35866,0.96848],[124.35682,0.97177],[124.35875,0.97267],[124.35753,0.97438],[124.36017,0.97588],[124.36423,0.98741],[124.36236,0.99443],[124.36431,1.00191],[124.36236,1.00612],[124.36051,1.00649],[124.35922,1.01153],[124.35426,1.01527],[124.33559,1.01138],[124.33579,1.016],[124.34149,1.02148],[124.33722,1.02707],[124.33945,1.03038],[124.3351,1.03371],[124.33611,1.03765],[124.33418,1.03944],[124.33529,1.04169],[124.33141,1.04935],[124.33356,1.05344],[124.33644,1.05355],[124.33912,1.05588],[124.33869,1.05883],[124.34315,1.06001],[124.3434,1.06302],[124.34765,1.06054],[124.35068,1.06259],[124.35478,1.05799],[124.35827,1.05818],[124.35806,1.06158],[124.35535,1.06402],[124.35488,1.06683],[124.35812,1.06988],[124.36108,1.06766],[124.36048,1.07268],[124.36422,1.07038],[124.36606,1.06465],[124.36818,1.06494],[124.36806,1.06002],[124.36406,1.05623],[124.36344,1.0541],[124.36516,1.05197],[124.36078,1.04675],[124.36094,1.04334],[124.35743,1.0391],[124.36017,1.0379],[124.36102,1.03389],[124.36076,1.01739],[124.36667,1.01286],[124.36821,1.00828],[124.36681,1.00296],[124.36883,1.00107],[124.38022,1.00574],[124.38117,1.00295],[124.38342,1.00355],[124.38402,1.00047],[124.38283,0.99796],[124.37843,0.99709],[124.37935,0.99225],[124.38422,0.99159],[124.3849,0.99027],[124.38999,0.99147],[124.39308,0.98539],[124.39634,0.98733],[124.3995,0.98667],[124.39923,0.98177],[124.40738,0.9798],[124.41088,0.98472],[124.40906,0.9854],[124.4118,0.99064],[124.42168,0.98873],[124.42031,0.99244],[124.41538,0.99649],[124.42012,0.9981],[124.41895,1.00298],[124.42055,1.00349],[124.41987,1.00431],[124.42548,1.01195],[124.4444,1.0146],[124.44201,1.01035],[124.44225,1.00733],[124.43302,1.00293],[124.43247,0.99928],[124.43425,0.99598],[124.43082,0.99343],[124.4333,0.99245],[124.4342,0.99018],[124.43983,0.98851],[124.43848,0.98733],[124.44029,0.98557],[124.44579,0.99098],[124.45349,0.99296],[124.45753,0.98784],[124.45567,0.98199],[124.45874,0.97774],[124.45657,0.97009],[124.45974,0.96536],[124.46185,0.96659],[124.46457,0.96534],[124.46421,0.9614],[124.45898,0.96079],[124.45878,0.95846],[124.46022,0.95756],[124.45877,0.95642],[124.46122,0.95565],[124.45891,0.95445],[124.46055,0.954],[124.45999,0.95205],[124.46201,0.95255],[124.46034,0.9501],[124.46209,0.94753],[124.45971,0.94843],[124.45707,0.9433],[124.45001,0.94219],[124.44216,0.93673],[124.43503,0.93997],[124.4309,0.93796],[124.43104,0.93545],[124.42875,0.93415],[124.43274,0.92624],[124.4316,0.92394],[124.43278,0.91998],[124.43067,0.9161],[124.42963,0.92572],[124.41484,0.94166],[124.40276,0.94782],[124.37864,0.94853],[124.36286,0.94085],[124.35754,0.93544],[124.33631,0.94061],[124.33009,0.93689],[124.32346,0.93587],[124.31634,0.93251],[124.30887,0.93825],[124.28765,0.91535],[124.22229,0.898],[124.21029,0.8965],[124.20623,0.89747],[124.18611,0.91399],[124.18164,0.91368],[124.17192,0.90061],[124.16538,0.89458],[124.15746,0.8897],[124.15103,0.88765],[124.14678,0.88826],[124.14475,0.88252],[124.14566,0.87779],[124.14449,0.87572],[124.13825,0.87667]]],[[[124.54211,1.00689],[124.54332,0.99664],[124.53449,0.97609],[124.53042,0.96124],[124.53083,0.94185],[124.52227,0.93934],[124.52304,0.93455],[124.52493,0.93408],[124.52692,0.93756],[124.52871,0.93561],[124.52606,0.93044],[124.52689,0.92376],[124.52529,0.9222],[124.51632,0.92506],[124.50522,0.92499],[124.50555,0.93169],[124.50321,0.93872],[124.50414,0.94706],[124.50629,0.95139],[124.50847,0.95254],[124.51468,0.95025],[124.51833,0.95139],[124.51948,0.95586],[124.51493,0.97186],[124.51195,0.97407],[124.50634,0.97456],[124.50547,0.97848],[124.51324,0.99709],[124.51564,0.99345],[124.52061,0.99159],[124.5223,0.99197],[124.52046,0.99506],[124.52513,0.99768],[124.52333,0.99888],[124.51914,0.99666],[124.51766,0.99782],[124.51419,1.00239],[124.51479,1.00611],[124.51762,1.01151],[124.5248,1.01715],[124.52577,1.01976],[124.52847,1.03881],[124.5267,1.05895],[124.54311,1.08991],[124.54433,1.09931],[124.54264,1.12711],[124.54417,1.13332],[124.54765,1.13523],[124.5512,1.13457],[124.55654,1.12465],[124.56041,1.12073],[124.55894,1.11244],[124.56005,1.10871],[124.5678,1.10511],[124.57232,1.09836],[124.57905,1.0931],[124.57921,1.08508],[124.58431,1.07808],[124.59066,1.06405],[124.59289,1.05484],[124.59019,1.04263],[124.58307,1.04113],[124.57333,1.03607],[124.55084,1.01338],[124.54507,1.01049],[124.54211,1.00689]]],[[[124.9814,1.54485],[124.9793,1.54516],[124.97702,1.54682],[124.97657,1.54966],[124.98278,1.5479],[124.9814,1.54485]]],[[[125.09662,1.55103],[125.10204,1.54518],[125.09827,1.53972],[125.09462,1.5416],[125.09304,1.54433],[125.09201,1.55607],[125.08875,1.5585],[125.07737,1.55996],[125.07727,1.56475],[125.0733,1.56575],[125.07188,1.57092],[125.06741,1.57122],[125.06598,1.57303],[125.06522,1.5825],[125.06128,1.58631],[125.06553,1.58865],[125.07093,1.58854],[125.07589,1.59214],[125.07584,1.59447],[125.07964,1.59526],[125.08082,1.59094],[125.08502,1.58684],[125.08134,1.58465],[125.08024,1.57725],[125.0833,1.57478],[125.08446,1.57079],[125.08673,1.57057],[125.08643,1.57379],[125.08879,1.57607],[125.08608,1.58114],[125.08862,1.58365],[125.08849,1.57999],[125.09089,1.5755],[125.08949,1.57048],[125.09549,1.56767],[125.09641,1.56427],[125.0903,1.56337],[125.08874,1.56134],[125.09099,1.55975],[125.09723,1.56179],[125.09662,1.55103]]],[[[124.95634,1.60577],[124.9542,1.60118],[124.95495,1.59846],[124.95263,1.59718],[124.95167,1.59426],[124.94711,1.59311],[124.94093,1.58727],[124.94231,1.58966],[124.94093,1.59171],[124.93969,1.5925],[124.93743,1.59021],[124.93884,1.59531],[124.93769,1.59833],[124.94453,1.60111],[124.94195,1.60388],[124.94494,1.60351],[124.94969,1.60901],[124.95634,1.60577]]]]},"properties":{"fungsi":"HP"}}]}