{"type":"FeatureCollection","features":[{"type":"Feature","geometry":{"type":"MultiPolygon","coordinates":[[[[121.35373,0.35353],[121.35429,0.35408],[121.35434,0.35378],[121.35373,0.35353]]],[[[121.42555,0.41428],[121.42507,0.41222],[121.41958,0.41278],[121.42142,0.41471],[121.42555,0.41428]]],[[[121.446,0.4193],[121.4475,0.41818],[121.4425,0.41528],[121.44155,0.41752],[121.446,0.4193]]],[[[121.50354,0.43578],[121.5027,0.43459],[121.4994,0.43583],[121.50016,0.43728],[121.50354,0.43578]]],[[[121.52032,0.43929],[121.52116,0.43725],[121.51564,0.43483],[121.5151,0.43728],[121.52032,0.43929]]],[[[121.66877,0.45707],[121.66855,0.45589],[121.66667,0.45534],[121.66612,0.45881],[121.66877,0.45707]]],[[[121.55987,0.46191],[121.5589,0.45927],[121.55648,0.46223],[121.55741,0.4636],[121.55987,0.46191]]],[[[121.43779,0.4731],[121.43524,0.47071],[121.43757,0.47397],[121.43875,0.47274],[121.43742,0.47021],[121.43779,0.4731]]],[[[121.70134,0.47945],[121.70144,0.47914],[121.70077,0.47904],[121.70134,0.47945]]],[[[121.56219,0.48131],[121.56214,0.47736],[121.56004,0.47369],[121.55934,0.47724],[121.562,0.4809],[121.5586,0.4843],[121.55893,0.48581],[121.56348,0.48545],[121.56219,0.48131]]],[[[121.63428,0.48211],[121.63336,0.48519],[121.63805,0.48543],[121.63704,0.48255],[121.63428,0.48211]]],[[[121.41264,0.48435],[121.41338,0.48377],[121.41296,0.48354],[121.41264,0.48435]]],[[[121.63396,0.49045],[121.63419,0.49144],[121.63802,0.49029],[121.63617,0.48857],[121.63396,0.49045]]],[[[121.66818,0.49085],[121.66756,0.49366],[121.6688,0.493],[121.67023,0.49033],[121.66818,0.49085]]],[[[121.70709,0.49895],[121.7071,0.49355],[121.70964,0.48866],[121.70692,0.48452],[121.69497,0.4849],[121.69001,0.48676],[121.68085,0.49671],[121.68021,0.50187],[121.68474,0.51048],[121.69104,0.51277],[121.69574,0.51249],[121.70204,0.50692],[121.70709,0.49895]]],[[[121.58445,0.49812],[121.57936,0.49725],[121.57963,0.50079],[121.58374,0.50052],[121.58445,0.49812]]],[[[121.65465,0.50084],[121.65696,0.50341],[121.65969,0.49998],[121.65465,0.50084]]],[[[121.67021,0.50482],[121.66878,0.50478],[121.66832,0.50602],[121.67021,0.50482]]],[[[121.62756,0.50817],[121.62994,0.50905],[121.6336,0.5063],[121.62878,0.50415],[121.62756,0.50817]]],[[[121.63847,0.50858],[121.63916,0.51028],[121.64255,0.50809],[121.64211,0.50593],[121.63847,0.50858]]],[[[121.64535,0.50612],[121.64373,0.51052],[121.64695,0.51069],[121.64892,0.50712],[121.64816,0.50483],[121.64535,0.50612]]],[[[121.57428,0.50757],[121.57311,0.5082],[121.57531,0.5087],[121.57428,0.50757]]],[[[121.66234,0.50778],[121.66097,0.50741],[121.65882,0.50844],[121.65724,0.51201],[121.65925,0.5125],[121.66206,0.51015],[121.66234,0.50778]]],[[[121.71422,0.51064],[121.7143,0.51025],[121.71385,0.51008],[121.71422,0.51064]]],[[[121.67429,0.51451],[121.67694,0.51557],[121.68059,0.51395],[121.68209,0.51034],[121.68128,0.50825],[121.67604,0.50627],[121.67343,0.50798],[121.67429,0.51451]]],[[[121.62146,0.51411],[121.62139,0.51218],[121.61762,0.51261],[121.61648,0.5162],[121.62146,0.51411]]],[[[121.66329,0.51482],[121.66217,0.51389],[121.66032,0.5154],[121.66329,0.51482]]],[[[121.55553,0.51408],[121.55138,0.51399],[121.55447,0.51679],[121.55654,0.51592],[121.55553,0.51408]]],[[[121.54795,0.528],[121.54744,0.52703],[121.54691,0.52729],[121.54795,0.528]]],[[[121.53255,0.53253],[121.53303,0.53234],[121.53271,0.53191],[121.53255,0.53253]]],[[[121.65305,0.53654],[121.6528,0.53775],[121.65351,0.53751],[121.65305,0.53654]]],[[[121.64001,0.54026],[121.64122,0.53993],[121.64015,0.53872],[121.64001,0.54026]]],[[[121.52809,0.54342],[121.52589,0.54421],[121.52629,0.54437],[121.52809,0.54342]]],[[[121.3313,0.52274],[121.33427,0.52395],[121.33538,0.52642],[121.34298,0.52719],[121.34564,0.53353],[121.37706,0.53369],[121.39136,0.53766],[121.40285,0.53892],[121.40372,0.54136],[121.40563,0.53978],[121.40851,0.54175],[121.40935,0.53929],[121.42715,0.53718],[121.43505,0.53928],[121.43246,0.54328],[121.43613,0.54527],[121.43732,0.54808],[121.44382,0.54946],[121.44635,0.55316],[121.44602,0.55678],[121.44785,0.56064],[121.44626,0.56206],[121.44757,0.56486],[121.45042,0.56556],[121.45179,0.56937],[121.4565,0.57255],[121.45978,0.57756],[121.46003,0.58049],[121.45685,0.58454],[121.45765,0.58672],[121.45275,0.58815],[121.45557,0.58982],[121.46133,0.58713],[121.4638,0.5878],[121.46412,0.58415],[121.4658,0.58363],[121.46854,0.56894],[121.46381,0.5607],[121.46439,0.55857],[121.46772,0.55713],[121.47128,0.56465],[121.47673,0.56824],[121.48817,0.56725],[121.49286,0.56896],[121.49376,0.57564],[121.49254,0.57918],[121.49751,0.57859],[121.50029,0.58264],[121.5025,0.58258],[121.50513,0.58573],[121.50831,0.58439],[121.50915,0.5812],[121.51453,0.58098],[121.51283,0.57799],[121.51685,0.57671],[121.51755,0.57418],[121.51556,0.57307],[121.51252,0.57407],[121.50963,0.5707],[121.51139,0.56358],[121.51704,0.55719],[121.51585,0.54918],[121.52052,0.55789],[121.52418,0.56185],[121.52728,0.56167],[121.52862,0.56491],[121.53314,0.56742],[121.53537,0.56563],[121.53777,0.56887],[121.54699,0.5674],[121.54685,0.5693],[121.54461,0.57052],[121.54662,0.57577],[121.5381,0.57881],[121.53585,0.58116],[121.53851,0.58573],[121.54181,0.58395],[121.5482,0.58697],[121.55095,0.58426],[121.55602,0.58428],[121.56399,0.58047],[121.56857,0.57337],[121.56896,0.58291],[121.56465,0.58728],[121.56552,0.59056],[121.56318,0.59356],[121.56489,0.59674],[121.56379,0.59937],[121.56558,0.5994],[121.56817,0.60587],[121.57022,0.6027],[121.57059,0.5913],[121.57458,0.58663],[121.57616,0.57851],[121.5761,0.58341],[121.57137,0.59575],[121.57322,0.60135],[121.57678,0.60052],[121.58105,0.59475],[121.58152,0.5765],[121.5869,0.56757],[121.58788,0.56244],[121.59011,0.56279],[121.59108,0.56687],[121.59714,0.56622],[121.59706,0.56879],[121.60046,0.56948],[121.59961,0.5715],[121.60365,0.57465],[121.601,0.58029],[121.6081,0.5875],[121.61,0.58697],[121.60942,0.58439],[121.61271,0.58194],[121.61471,0.5857],[121.61945,0.5866],[121.62138,0.58484],[121.62276,0.58959],[121.62451,0.58862],[121.62454,0.58511],[121.63068,0.58536],[121.65345,0.57358],[121.66424,0.5659],[121.6677,0.561],[121.67639,0.56192],[121.69398,0.57006],[121.69925,0.5702],[121.70288,0.57233],[121.7032,0.57431],[121.70831,0.57051],[121.7107,0.57599],[121.71411,0.57548],[121.71515,0.5722],[121.71396,0.56932],[121.71768,0.56499],[121.71686,0.56275],[121.72074,0.56168],[121.71991,0.55725],[121.72096,0.55414],[121.72493,0.55313],[121.72435,0.55025],[121.73113,0.54968],[121.73248,0.55705],[121.7369,0.56174],[121.73577,0.56512],[121.73719,0.56617],[121.73859,0.5645],[121.74437,0.56322],[121.74676,0.56554],[121.74964,0.56461],[121.75065,0.55731],[121.75775,0.55809],[121.76476,0.5562],[121.77017,0.55954],[121.77167,0.56362],[121.78011,0.56598],[121.78148,0.5677],[121.78649,0.56858],[121.79172,0.56352],[121.79432,0.5634],[121.79127,0.56534],[121.79118,0.56863],[121.79672,0.56681],[121.7993,0.56791],[121.80208,0.56534],[121.79872,0.57333],[121.79604,0.57431],[121.79503,0.57708],[121.79548,0.57918],[121.79949,0.58116],[121.80012,0.58466],[121.79214,0.58922],[121.79061,0.59328],[121.78598,0.59026],[121.78438,0.59241],[121.7886,0.59301],[121.78758,0.59528],[121.7909,0.59662],[121.79442,0.60449],[121.79501,0.60322],[121.79774,0.60369],[121.79231,0.60893],[121.78865,0.60985],[121.78835,0.61419],[121.7858,0.60813],[121.77848,0.61195],[121.77253,0.61236],[121.77209,0.61391],[121.76918,0.61161],[121.76925,0.60959],[121.7661,0.60869],[121.76317,0.61252],[121.75965,0.61244],[121.75984,0.61617],[121.75466,0.61768],[121.75373,0.61393],[121.7556,0.61174],[121.75449,0.60929],[121.75295,0.60932],[121.74852,0.61646],[121.74733,0.61578],[121.74073,0.6189],[121.73681,0.61733],[121.73932,0.61077],[121.73828,0.60721],[121.74039,0.60485],[121.73429,0.60246],[121.73565,0.59901],[121.7319,0.59399],[121.73002,0.59369],[121.73047,0.59691],[121.72657,0.60081],[121.72297,0.60119],[121.72087,0.59729],[121.72244,0.59541],[121.71689,0.59609],[121.71719,0.59361],[121.71389,0.59256],[121.71539,0.59091],[121.71367,0.58956],[121.70699,0.58909],[121.70362,0.59189],[121.70301,0.59516],[121.70084,0.59601],[121.69814,0.59331],[121.69267,0.59294],[121.69702,0.60059],[121.70069,0.60044],[121.70302,0.59849],[121.70744,0.59931],[121.70909,0.59976],[121.70827,0.60141],[121.70962,0.60284],[121.71404,0.60104],[121.71352,0.60382],[121.71562,0.60464],[121.71614,0.60741],[121.71995,0.60437],[121.72192,0.60576],[121.72424,0.60501],[121.72738,0.60739],[121.72597,0.60996],[121.72297,0.61064],[121.71863,0.60877],[121.71765,0.61194],[121.72012,0.61259],[121.71868,0.61646],[121.72304,0.61961],[121.72987,0.61777],[121.73175,0.62024],[121.72904,0.62339],[121.72897,0.62632],[121.72477,0.62557],[121.72169,0.62729],[121.71697,0.62459],[121.71584,0.62789],[121.72259,0.62992],[121.72334,0.63344],[121.73347,0.62947],[121.73932,0.63022],[121.73985,0.62714],[121.74547,0.62557],[121.74451,0.63143],[121.74788,0.63143],[121.74625,0.63727],[121.74409,0.637],[121.74363,0.63356],[121.74156,0.63329],[121.74029,0.63402],[121.73975,0.63944],[121.73397,0.64215],[121.73887,0.64313],[121.73632,0.64603],[121.74336,0.6445],[121.74528,0.64869],[121.74897,0.64955],[121.75031,0.65179],[121.75218,0.65065],[121.75017,0.65568],[121.74349,0.66399],[121.74184,0.67012],[121.74439,0.67313],[121.75868,0.68021],[121.76202,0.67686],[121.76505,0.66805],[121.7739,0.66833],[121.77664,0.66704],[121.7743,0.65316],[121.78105,0.65539],[121.786,0.65439],[121.78865,0.64977],[121.79407,0.64846],[121.79825,0.64885],[121.80533,0.6526],[121.8034,0.65398],[121.80584,0.65771],[121.80965,0.6597],[121.80779,0.66093],[121.80904,0.66329],[121.81272,0.66197],[121.81547,0.66465],[121.84599,0.68034],[121.84878,0.68081],[121.85194,0.67821],[121.85654,0.66814],[121.86091,0.66812],[121.86082,0.67262],[121.8689,0.67276],[121.86988,0.66969],[121.8716,0.66932],[121.87306,0.66256],[121.88212,0.66755],[121.88681,0.67346],[121.89373,0.67407],[121.89402,0.6666],[121.88879,0.6585],[121.88879,0.65236],[121.89299,0.65086],[121.89525,0.65404],[121.89563,0.65055],[121.89246,0.64993],[121.8895,0.64519],[121.88344,0.64512],[121.88073,0.64143],[121.88098,0.63817],[121.88295,0.63894],[121.88518,0.63614],[121.88012,0.6338],[121.8768,0.63552],[121.87546,0.63412],[121.85766,0.63108],[121.85605,0.62899],[121.85232,0.62941],[121.85166,0.62556],[121.84471,0.61808],[121.84524,0.6103],[121.84914,0.60607],[121.84544,0.60353],[121.84197,0.60542],[121.83702,0.60471],[121.83314,0.6011],[121.83117,0.6011],[121.83225,0.59604],[121.82862,0.59327],[121.81888,0.5904],[121.82155,0.58571],[121.81915,0.57911],[121.82413,0.57701],[121.83006,0.57902],[121.83847,0.5686],[121.84048,0.56276],[121.84,0.55875],[121.84296,0.55674],[121.84583,0.55942],[121.84899,0.55674],[121.84985,0.54632],[121.85415,0.5469],[121.85339,0.54968],[121.8575,0.55474],[121.85683,0.56286],[121.86151,0.56372],[121.86438,0.55732],[121.86839,0.55904],[121.88092,0.55837],[121.88714,0.56276],[121.89268,0.56191],[121.89144,0.5665],[121.89402,0.56946],[121.89574,0.57662],[121.90409,0.56263],[121.90832,0.56309],[121.9079,0.56012],[121.90976,0.5593],[121.9115,0.56144],[121.91273,0.55995],[121.91252,0.55842],[121.90822,0.55762],[121.91285,0.55349],[121.91561,0.54048],[121.91889,0.54234],[121.92039,0.53955],[121.92472,0.54073],[121.92727,0.53903],[121.9285,0.54206],[121.9306,0.54224],[121.92954,0.54374],[121.93171,0.54395],[121.93338,0.54696],[121.93675,0.54357],[121.93284,0.54112],[121.93308,0.53515],[121.94775,0.53255],[121.9489,0.52395],[121.95413,0.52476],[121.9554,0.51879],[121.95837,0.52318],[121.9592,0.5309],[121.95665,0.53171],[121.95615,0.52884],[121.95261,0.52842],[121.95498,0.53605],[121.96667,0.53359],[121.97032,0.5387],[121.97687,0.53464],[121.98514,0.53418],[121.99938,0.53016],[122.00799,0.53074],[122.00799,0.52765],[122.00359,0.525],[121.96678,0.52615],[121.96152,0.52337],[121.96477,0.51783],[121.97108,0.51601],[121.96569,0.51125],[121.96974,0.50597],[121.97692,0.50167],[121.97597,0.49552],[121.97108,0.49211],[121.96879,0.47519],[121.96506,0.46859],[121.96477,0.45798],[121.96266,0.4521],[121.94323,0.44823],[121.93684,0.44364],[121.93137,0.44717],[121.92478,0.44478],[121.92204,0.44798],[121.91984,0.44807],[121.91404,0.44265],[121.90339,0.44482],[121.89575,0.44344],[121.89058,0.44053],[121.89053,0.44253],[121.88281,0.43961],[121.88177,0.44019],[121.88254,0.44785],[121.87735,0.45273],[121.87775,0.45659],[121.87619,0.45984],[121.87224,0.45793],[121.86938,0.45317],[121.86586,0.45436],[121.86805,0.46004],[121.86661,0.46517],[121.86118,0.46042],[121.86169,0.45705],[121.85863,0.45591],[121.85917,0.45352],[121.86258,0.45063],[121.85886,0.45068],[121.8552,0.45299],[121.85575,0.4473],[121.85104,0.45217],[121.85294,0.45865],[121.85175,0.46227],[121.84755,0.46589],[121.84604,0.46525],[121.84831,0.45705],[121.84704,0.45654],[121.84417,0.45847],[121.84255,0.46362],[121.84001,0.46354],[121.83843,0.45939],[121.84205,0.45602],[121.83447,0.45192],[121.83802,0.44607],[121.83543,0.44332],[121.83364,0.44392],[121.83212,0.44835],[121.82765,0.44594],[121.82438,0.448],[121.82514,0.4515],[121.82963,0.45464],[121.83086,0.45997],[121.8175,0.45995],[121.8174,0.45558],[121.8136,0.45384],[121.81118,0.4427],[121.81254,0.44066],[121.81242,0.43466],[121.80907,0.42963],[121.80741,0.42277],[121.81089,0.42477],[121.80353,0.41753],[121.80597,0.41464],[121.8058,0.41397],[121.80299,0.41749],[121.79991,0.41865],[121.80432,0.42134],[121.805,0.42452],[121.80179,0.42835],[121.80606,0.4323],[121.80447,0.43384],[121.8011,0.43292],[121.79628,0.43801],[121.80091,0.44121],[121.79782,0.44513],[121.79962,0.44863],[121.79607,0.44747],[121.78968,0.45385],[121.78979,0.46403],[121.79541,0.46975],[121.79356,0.46967],[121.79429,0.47158],[121.7922,0.47351],[121.78054,0.47259],[121.78166,0.47711],[121.77885,0.48157],[121.78066,0.4857],[121.7844,0.4854],[121.78431,0.4919],[121.78272,0.49325],[121.78032,0.49178],[121.77906,0.49383],[121.7761,0.49324],[121.77294,0.49707],[121.76911,0.49677],[121.76848,0.49549],[121.7635,0.49846],[121.7619,0.50389],[121.76742,0.50411],[121.76336,0.51046],[121.76129,0.51136],[121.76229,0.51344],[121.75897,0.52051],[121.75225,0.51908],[121.75116,0.5169],[121.75305,0.51353],[121.75251,0.51152],[121.74626,0.51299],[121.74278,0.51587],[121.74357,0.51713],[121.73392,0.52168],[121.7347,0.52416],[121.73241,0.53163],[121.71807,0.52642],[121.71536,0.5305],[121.71209,0.52874],[121.70487,0.53048],[121.704,0.5257],[121.69771,0.52057],[121.69382,0.51993],[121.68948,0.51466],[121.68614,0.51472],[121.68507,0.51331],[121.68387,0.515],[121.68608,0.51831],[121.68574,0.52092],[121.68411,0.52029],[121.67857,0.52275],[121.67192,0.52244],[121.67036,0.52542],[121.66749,0.52673],[121.66711,0.52325],[121.66606,0.52739],[121.6678,0.52993],[121.66036,0.5344],[121.66195,0.53763],[121.65686,0.53663],[121.65517,0.5413],[121.65252,0.53996],[121.65144,0.53299],[121.64831,0.53464],[121.64739,0.53831],[121.64536,0.53514],[121.64111,0.5368],[121.64145,0.54123],[121.63846,0.54228],[121.63696,0.54496],[121.63416,0.54473],[121.63374,0.54709],[121.63032,0.54953],[121.63069,0.54458],[121.62464,0.54501],[121.62556,0.54224],[121.62361,0.54228],[121.62195,0.54569],[121.62409,0.54682],[121.62357,0.54906],[121.62232,0.54973],[121.62176,0.55512],[121.62016,0.55572],[121.61602,0.55583],[121.61245,0.55189],[121.6065,0.55021],[121.6055,0.54837],[121.60277,0.55269],[121.60053,0.54747],[121.59294,0.54531],[121.59228,0.53747],[121.58965,0.53602],[121.58695,0.53711],[121.58684,0.53957],[121.58213,0.53902],[121.58178,0.53844],[121.58343,0.53658],[121.58351,0.53551],[121.57884,0.53988],[121.57607,0.53879],[121.57566,0.53498],[121.57049,0.53278],[121.57078,0.53661],[121.56835,0.53603],[121.56657,0.53846],[121.56309,0.5387],[121.56079,0.5369],[121.55753,0.53916],[121.56012,0.54172],[121.56332,0.54002],[121.56633,0.54162],[121.55853,0.54454],[121.55769,0.54843],[121.5531,0.54941],[121.55341,0.55313],[121.55178,0.55362],[121.55229,0.54869],[121.55669,0.54541],[121.5556,0.54392],[121.55214,0.54491],[121.54911,0.54237],[121.54499,0.54511],[121.5475,0.54736],[121.54637,0.54983],[121.54793,0.5514],[121.54677,0.55382],[121.54807,0.5544],[121.5435,0.55568],[121.53968,0.5542],[121.53953,0.55535],[121.53819,0.55434],[121.53904,0.55296],[121.53638,0.55138],[121.53745,0.55445],[121.53118,0.5578],[121.52888,0.55599],[121.52806,0.55264],[121.5255,0.5524],[121.52385,0.55405],[121.52412,0.55186],[121.52028,0.54909],[121.52157,0.54706],[121.51852,0.54345],[121.51894,0.53692],[121.51543,0.53601],[121.51578,0.53474],[121.50763,0.52814],[121.50936,0.52313],[121.51575,0.51729],[121.5128,0.51553],[121.51149,0.51685],[121.50944,0.51486],[121.51422,0.50965],[121.51482,0.50614],[121.50861,0.49683],[121.50783,0.49979],[121.5043,0.49733],[121.50562,0.49576],[121.50471,0.49396],[121.50298,0.49567],[121.50139,0.4941],[121.4979,0.49581],[121.49611,0.49464],[121.49577,0.48641],[121.49179,0.48582],[121.49121,0.48794],[121.48977,0.48822],[121.49115,0.48422],[121.48781,0.48504],[121.48745,0.4871],[121.48428,0.48558],[121.48423,0.48414],[121.47133,0.48317],[121.47114,0.48559],[121.46916,0.48649],[121.46865,0.48368],[121.46356,0.48476],[121.46408,0.48088],[121.46256,0.48315],[121.4601,0.47979],[121.45681,0.48064],[121.45674,0.47507],[121.45109,0.47114],[121.44879,0.47554],[121.44529,0.47251],[121.44354,0.47271],[121.44099,0.47654],[121.44244,0.47943],[121.43794,0.48253],[121.44071,0.4934],[121.44265,0.4944],[121.44674,0.50256],[121.44235,0.49989],[121.44112,0.50119],[121.44367,0.5045],[121.44069,0.50362],[121.44005,0.50177],[121.43957,0.50304],[121.43539,0.5002],[121.43351,0.50058],[121.4344,0.49734],[121.433,0.4978],[121.4329,0.49463],[121.42764,0.49354],[121.42438,0.48998],[121.42615,0.48944],[121.42591,0.48668],[121.42332,0.4858],[121.41191,0.48587],[121.4114,0.48754],[121.40411,0.48848],[121.39798,0.48839],[121.3975,0.48595],[121.39629,0.48766],[121.40188,0.49411],[121.39947,0.49572],[121.39433,0.49221],[121.38849,0.49277],[121.38649,0.49625],[121.383,0.49779],[121.3813,0.49654],[121.38322,0.49485],[121.38218,0.4944],[121.38341,0.4912],[121.37951,0.48974],[121.38594,0.49124],[121.39017,0.48904],[121.38735,0.48537],[121.38781,0.48359],[121.38925,0.48364],[121.38221,0.47925],[121.37416,0.47936],[121.374,0.4779],[121.3633,0.47546],[121.36031,0.47146],[121.34877,0.47597],[121.34507,0.47546],[121.34285,0.47327],[121.33992,0.47446],[121.33735,0.47318],[121.33799,0.4767],[121.34182,0.47856],[121.34298,0.48397],[121.3506,0.48881],[121.35163,0.4926],[121.3446,0.49686],[121.34522,0.49917],[121.34295,0.50137],[121.34459,0.50258],[121.34435,0.50575],[121.33898,0.50577],[121.33446,0.50938],[121.33557,0.51131],[121.33326,0.51103],[121.33316,0.52168],[121.3313,0.52274]],[[121.82047,0.47538],[121.81796,0.4762],[121.81901,0.47806],[121.82091,0.47638],[121.82153,0.48042],[121.82284,0.4795],[121.82536,0.48235],[121.82452,0.48396],[121.82592,0.48629],[121.82467,0.48668],[121.82707,0.48881],[121.82365,0.48875],[121.82621,0.49014],[121.82408,0.49106],[121.82377,0.49298],[121.81294,0.46897],[121.81832,0.46634],[121.82194,0.46856],[121.82047,0.47538]],[[121.79063,0.59339],[121.79076,0.59613],[121.78922,0.59497],[121.78879,0.59366],[121.79063,0.59339]],[[121.59832,0.55045],[121.59808,0.55149],[121.59471,0.55037],[121.59319,0.54769],[121.59654,0.54806],[121.59832,0.55045]],[[121.5911,0.55782],[121.59604,0.55426],[121.59503,0.55876],[121.5911,0.55782]]],[[[121.6352,0.75204],[121.63236,0.73752],[121.62705,0.73362],[121.60297,0.7315],[121.59589,0.72265],[121.59483,0.71769],[121.59624,0.71238],[121.60474,0.706],[121.60616,0.69821],[121.61183,0.6975],[121.62988,0.69963],[121.63484,0.6975],[121.6398,0.69007],[121.64086,0.68263],[121.63626,0.67378],[121.62988,0.67236],[121.62564,0.67555],[121.62634,0.67945],[121.62417,0.68569],[121.60794,0.68421],[121.60474,0.68617],[121.58421,0.68794],[121.58173,0.68901],[121.5796,0.69396],[121.57606,0.69432],[121.5619,0.6883],[121.55871,0.68122],[121.55269,0.67413],[121.55198,0.66387],[121.54667,0.66493],[121.54242,0.66989],[121.53463,0.67166],[121.52649,0.68192],[121.52153,0.68192],[121.51869,0.67803],[121.51799,0.67059],[121.51338,0.65926],[121.49639,0.66032],[121.49253,0.65889],[121.48621,0.66357],[121.48119,0.65755],[121.47972,0.65148],[121.47408,0.6543],[121.46841,0.65395],[121.46133,0.65147],[121.45779,0.64581],[121.45354,0.64333],[121.44557,0.64386],[121.44026,0.64846],[121.43459,0.65696],[121.42858,0.65873],[121.42078,0.6559],[121.40485,0.63359],[121.39883,0.63288],[121.38219,0.65023],[121.36979,0.64598],[121.36023,0.64952],[121.34819,0.65873],[121.33297,0.64881],[121.32907,0.64881],[121.33084,0.66227],[121.32872,0.66263],[121.32022,0.65696],[121.31703,0.66404],[121.3065,0.66896],[121.30578,0.67691],[121.30906,0.68157],[121.30942,0.68724],[121.30765,0.69255],[121.30375,0.69396],[121.29596,0.69078],[121.28321,0.68334],[121.28109,0.67874],[121.27507,0.67661],[121.26409,0.66705],[121.2602,0.66563],[121.25604,0.66997],[121.25428,0.69366],[121.24901,0.6963],[121.23583,0.68312],[121.2266,0.68312],[121.21078,0.69498],[121.1976,0.70817],[121.1976,0.71762],[121.20246,0.7174],[121.20186,0.7203],[121.20597,0.72609],[121.21176,0.72593],[121.21481,0.72913],[121.21618,0.73431],[121.22182,0.73561],[121.22204,0.73835],[121.22555,0.74033],[121.22052,0.74521],[121.21999,0.7481],[121.22357,0.74841],[121.2302,0.74491],[121.23027,0.74765],[121.22524,0.7513],[121.22814,0.7555],[121.22304,0.76129],[121.22334,0.76327],[121.22921,0.76601],[121.22959,0.76997],[121.23492,0.77035],[121.23515,0.77279],[121.23225,0.77485],[121.23545,0.77477],[121.23896,0.77911],[121.24467,0.78018],[121.24391,0.78178],[121.26174,0.77591],[121.27629,0.77515],[121.27789,0.7737],[121.29259,0.77192],[121.29632,0.76939],[121.30326,0.76037],[121.3111,0.759],[121.3162,0.76147],[121.31849,0.759],[121.32303,0.7594],[121.32394,0.74885],[121.33704,0.7531],[121.34908,0.75097],[121.35687,0.74743],[121.3643,0.73327],[121.36537,0.72619],[121.36997,0.72442],[121.38378,0.72583],[121.38838,0.72442],[121.37422,0.7145],[121.38204,0.70229],[121.39932,0.70743],[121.40766,0.70721],[121.41175,0.70919],[121.4199,0.70954],[121.42592,0.71379],[121.43371,0.71663],[121.43973,0.71309],[121.44788,0.71663],[121.44964,0.72371],[121.45212,0.72654],[121.4778,0.72743],[121.4785,0.72282],[121.48169,0.7207],[121.49161,0.72424],[121.49373,0.72141],[121.49373,0.7168],[121.49763,0.71397],[121.50435,0.71362],[121.50506,0.71008],[121.51427,0.70264],[121.51765,0.69689],[121.52849,0.69522],[121.53162,0.71432],[121.53799,0.71503],[121.5426,0.70795],[121.54472,0.7083],[121.54702,0.73059],[121.55271,0.73528],[121.55889,0.75363],[121.5557,0.76284],[121.54358,0.76795],[121.54143,0.771],[121.53856,0.76368],[121.53928,0.76218],[121.54321,0.76396],[121.54357,0.76032],[121.53928,0.76002],[121.53749,0.75508],[121.53268,0.75938],[121.53039,0.75486],[121.52608,0.75644],[121.52228,0.75522],[121.5159,0.74346],[121.51368,0.74367],[121.50471,0.75185],[121.50055,0.7583],[121.50063,0.76232],[121.49711,0.76576],[121.49317,0.76167],[121.49109,0.76382],[121.48384,0.76203],[121.48554,0.75898],[121.47691,0.74965],[121.4693,0.74933],[121.46115,0.75525],[121.45347,0.75258],[121.44941,0.74611],[121.44591,0.7459],[121.44333,0.74324],[121.44221,0.73845],[121.42751,0.7377],[121.41903,0.74161],[121.41188,0.73734],[121.40875,0.73734],[121.40379,0.74088],[121.40343,0.75717],[121.40839,0.77027],[121.41795,0.78337],[121.41921,0.78798],[121.43356,0.79385],[121.45729,0.79517],[121.47838,0.80176],[121.49947,0.81626],[121.5026,0.81361],[121.521,0.81914],[121.53516,0.82622],[121.54614,0.82268],[121.55216,0.82374],[121.55531,0.82154],[121.55747,0.81595],[121.57482,0.8195],[121.58226,0.81241],[121.58704,0.81153],[121.58911,0.81266],[121.58911,0.81494],[121.59586,0.81989],[121.60687,0.81967],[121.6097,0.81684],[121.61572,0.81684],[121.62847,0.80763],[121.63343,0.81188],[121.6398,0.83136],[121.64511,0.83702],[121.65821,0.8395],[121.66813,0.83596],[121.67557,0.8303],[121.68513,0.80622],[121.68442,0.8009],[121.68088,0.79595],[121.6745,0.79276],[121.65875,0.7786],[121.6598,0.77308],[121.6637,0.76674],[121.65991,0.75095],[121.64759,0.75452],[121.6398,0.75416],[121.6352,0.75204]],[[121.57426,0.73321],[121.57166,0.73497],[121.56548,0.73007],[121.5652,0.72903],[121.56579,0.72785],[121.56512,0.72804],[121.56275,0.72657],[121.55864,0.72326],[121.55816,0.7217],[121.55878,0.71404],[121.55683,0.71155],[121.55574,0.70768],[121.55607,0.70372],[121.55183,0.70075],[121.55215,0.69565],[121.54865,0.69203],[121.54544,0.68743],[121.53762,0.68812],[121.52915,0.68707],[121.52098,0.69113],[121.51764,0.69196],[121.50952,0.69753],[121.50673,0.69691],[121.50463,0.69958],[121.50151,0.70038],[121.50063,0.69921],[121.50373,0.69951],[121.50674,0.69653],[121.50941,0.6971],[121.51591,0.69245],[121.52904,0.6867],[121.54552,0.68706],[121.55244,0.69543],[121.55219,0.70053],[121.55636,0.70346],[121.5561,0.7076],[121.55924,0.71479],[121.55941,0.72371],[121.56605,0.72737],[121.56575,0.72982],[121.57165,0.73462],[121.57399,0.7329],[121.57612,0.73272],[121.57956,0.73773],[121.5784,0.73899],[121.58323,0.73955],[121.58435,0.74053],[121.58443,0.74225],[121.58965,0.74169],[121.59217,0.74534],[121.5926,0.74773],[121.58943,0.7421],[121.58534,0.7428],[121.58414,0.74249],[121.58295,0.73991],[121.57799,0.73923],[121.57916,0.73773],[121.57426,0.73321]]],[[[122.11928,0.40842],[122.12137,0.40532],[122.1174,0.4055],[122.11928,0.40842]]],[[[121.95387,0.41619],[121.95257,0.41686],[121.95364,0.41756],[121.95387,0.41619]]],[[[121.71785,0.43127],[121.71808,0.43118],[121.71798,0.43015],[121.71663,0.4306],[121.71785,0.43127]]],[[[122.22899,0.43003],[122.22517,0.43223],[122.22641,0.43417],[122.23333,0.43288],[122.22899,0.43003]]],[[[121.96616,0.44323],[121.96562,0.44482],[121.97097,0.44713],[121.97197,0.44467],[121.97076,0.44325],[121.96616,0.44323]]],[[[121.98349,0.44398],[121.98181,0.44441],[121.98083,0.44829],[121.98422,0.44773],[121.98349,0.44398]]],[[[122.29329,0.45119],[122.29246,0.44909],[122.29113,0.44982],[122.29329,0.45119]]],[[[122.30188,0.4529],[122.3015,0.45637],[122.30396,0.45328],[122.30188,0.4529]]],[[[122.33263,0.45604],[122.33109,0.45433],[122.32829,0.45947],[122.33065,0.46276],[122.33304,0.46025],[122.33187,0.45883],[122.33263,0.45604]]],[[[122.34801,0.46384],[122.34657,0.46621],[122.34948,0.46794],[122.35126,0.46505],[122.34801,0.46384]]],[[[122.11287,0.47562],[122.11302,0.47275],[122.11086,0.47391],[122.10607,0.47212],[122.10568,0.4737],[122.10153,0.47412],[122.10355,0.47871],[122.11287,0.47562]]],[[[122.34691,0.47754],[122.34594,0.47681],[122.34581,0.47712],[122.34691,0.47754]]],[[[122.13289,0.47827],[122.13269,0.47933],[122.13345,0.47944],[122.13289,0.47827]]],[[[122.12594,0.47709],[122.12512,0.48172],[122.13147,0.47967],[122.12594,0.47709]]],[[[122.11505,0.4826],[122.11467,0.48201],[122.11437,0.48204],[122.11505,0.4826]]],[[[122.112,0.48264],[122.11193,0.48238],[122.1114,0.48272],[122.112,0.48264]]],[[[122.1114,0.48347],[122.1113,0.4833],[122.11096,0.48402],[122.1114,0.48347]]],[[[122.32621,0.48492],[122.32638,0.48467],[122.32604,0.48454],[122.32621,0.48492]]],[[[122.34319,0.48542],[122.34457,0.48574],[122.34451,0.48503],[122.34319,0.48542]]],[[[121.71551,0.48645],[121.71459,0.48707],[121.71599,0.48776],[121.71551,0.48645]]],[[[122.11654,0.48629],[122.11957,0.4903],[122.12244,0.48748],[122.11654,0.48629]]],[[[122.32591,0.48835],[122.32679,0.48864],[122.32572,0.48717],[122.32591,0.48835]]],[[[122.31074,0.49053],[122.31076,0.4901],[122.31043,0.49023],[122.31074,0.49053]]],[[[122.34813,0.49066],[122.34896,0.49115],[122.34851,0.48972],[122.34813,0.49066]]],[[[122.34885,0.4963],[122.34904,0.49638],[122.3491,0.49625],[122.34885,0.4963]]],[[[122.34866,0.49614],[122.34857,0.49613],[122.34871,0.49649],[122.34866,0.49614]]],[[[121.73105,0.50167],[121.73182,0.50178],[121.73131,0.50103],[121.73105,0.50167]]],[[[121.71983,0.52057],[121.72085,0.51994],[121.71926,0.51853],[121.71983,0.52057]]],[[[122.11429,0.59793],[122.11309,0.5881],[122.10732,0.59364],[122.11429,0.59793]]],[[[122.28308,0.72768],[122.28956,0.72865],[122.29167,0.73413],[122.29064,0.73722],[122.29359,0.74261],[122.29675,0.73804],[122.30208,0.73634],[122.30169,0.73478],[122.29376,0.73622],[122.29246,0.73399],[122.29336,0.72658],[122.28778,0.7176],[122.28887,0.71403],[122.28602,0.71233],[122.289,0.70843],[122.28588,0.70674],[122.28316,0.71039],[122.28068,0.70505],[122.28223,0.70309],[122.28042,0.70101],[122.2812,0.69958],[122.28952,0.69386],[122.28407,0.69282],[122.27988,0.69413],[122.27947,0.69766],[122.27514,0.69887],[122.27323,0.7028],[122.26919,0.70553],[122.26878,0.70835],[122.26615,0.7082],[122.26687,0.70472],[122.26153,0.70473],[122.26323,0.71078],[122.25981,0.70816],[122.26,0.71338],[122.25506,0.71371],[122.25214,0.71612],[122.25466,0.71844],[122.25728,0.71602],[122.26253,0.71653],[122.26222,0.71966],[122.26768,0.71986],[122.2709,0.72359],[122.28308,0.72768]]],[[[122.24713,0.72618],[122.24869,0.72314],[122.25234,0.72157],[122.25254,0.71905],[122.2479,0.72268],[122.24493,0.72221],[122.24713,0.72618]]],[[[122.28818,1.03006],[122.28814,1.03021],[122.28848,1.03027],[122.28818,1.03006]]],[[[122.20552,1.05461],[122.20533,1.05355],[122.20429,1.05489],[122.20552,1.05461]]],[[[122.36508,0.47145],[122.35953,0.46757],[122.35555,0.46779],[122.3558,0.4697],[122.35912,0.47043],[122.36189,0.47466],[122.36537,0.47521],[122.36508,0.47145]]],[[[122.53591,0.49611],[122.53519,0.49284],[122.53038,0.48844],[122.52514,0.49073],[122.5213,0.49611],[122.52268,0.4982],[122.52474,0.49645],[122.52464,0.49886],[122.52624,0.4982],[122.5297,0.50089],[122.53591,0.49611]]],[[[122.45226,0.49686],[122.44867,0.494],[122.44368,0.49456],[122.4397,0.49965],[122.44346,0.50163],[122.44682,0.50028],[122.44955,0.50183],[122.45226,0.49686]]],[[[122.62019,0.49803],[122.62015,0.498],[122.62038,0.49835],[122.62019,0.49803]]],[[[122.38556,0.50075],[122.38698,0.50029],[122.38646,0.4988],[122.38495,0.49962],[122.38556,0.50075]]],[[[122.43842,0.501],[122.43918,0.5011],[122.43879,0.50029],[122.43842,0.501]]],[[[122.5507,0.50846],[122.55001,0.50895],[122.55017,0.50927],[122.5507,0.50846]]],[[[122.39473,0.51876],[122.39487,0.51838],[122.39467,0.51829],[122.39473,0.51876]]],[[[122.39769,0.51927],[122.39773,0.51971],[122.39809,0.51987],[122.39769,0.51927]]],[[[122.39707,0.51958],[122.39699,0.51959],[122.39691,0.51989],[122.39707,0.51958]]],[[[122.62072,0.55299],[122.62359,0.55333],[122.62535,0.55158],[122.62518,0.54837],[122.62159,0.54881],[122.6192,0.55101],[122.62072,0.55299]]],[[[122.5712,0.59042],[122.57017,0.59475],[122.57214,0.59412],[122.57404,0.59556],[122.57052,0.59567],[122.56958,0.5971],[122.57793,0.59592],[122.57937,0.59786],[122.58043,0.59719],[122.58085,0.59543],[122.5712,0.59042]]],[[[121.99122,0.4811],[121.99279,0.4859],[121.99908,0.48324],[122.00223,0.47824],[122.00846,0.47861],[122.00693,0.47925],[122.00819,0.47985],[122.01225,0.47884],[122.01564,0.48303],[122.02376,0.48245],[122.03144,0.48628],[122.03245,0.4961],[122.03478,0.48984],[122.0386,0.48519],[122.04029,0.48777],[122.03973,0.49364],[122.04487,0.49278],[122.04573,0.49804],[122.04907,0.49623],[122.0515,0.49219],[122.0523,0.4989],[122.05472,0.49674],[122.05673,0.49771],[122.06528,0.50481],[122.0655,0.50797],[122.07001,0.50869],[122.0718,0.5126],[122.07894,0.51817],[122.0791,0.51987],[122.08261,0.52103],[122.0845,0.52353],[122.08158,0.52792],[122.08832,0.5381],[122.08735,0.54221],[122.08869,0.55894],[122.09806,0.57472],[122.09767,0.58141],[122.10088,0.5879],[122.10866,0.5815],[122.1128,0.58576],[122.11056,0.57024],[122.12929,0.56815],[122.13001,0.55735],[122.12699,0.54328],[122.12295,0.53738],[122.12374,0.53298],[122.12111,0.53074],[122.11925,0.53136],[122.11873,0.52702],[122.11526,0.52457],[122.10919,0.52519],[122.10938,0.52061],[122.11621,0.51958],[122.11787,0.52439],[122.12023,0.5206],[122.11894,0.51787],[122.12251,0.52031],[122.12556,0.51727],[122.12735,0.51783],[122.12479,0.52019],[122.12523,0.52314],[122.12372,0.52477],[122.12503,0.52539],[122.1259,0.53121],[122.12825,0.52713],[122.12987,0.5277],[122.13666,0.5468],[122.13995,0.55166],[122.15382,0.54998],[122.14994,0.55476],[122.15061,0.56183],[122.1461,0.56445],[122.14534,0.5703],[122.16143,0.56916],[122.15822,0.56617],[122.15864,0.56056],[122.15746,0.55899],[122.16215,0.54258],[122.16536,0.54837],[122.16865,0.54543],[122.1704,0.54619],[122.17279,0.54272],[122.17618,0.54451],[122.17628,0.53949],[122.17209,0.53686],[122.17096,0.53358],[122.17095,0.52605],[122.17942,0.5256],[122.18185,0.52976],[122.18935,0.53141],[122.18927,0.5327],[122.19148,0.53307],[122.19308,0.53937],[122.1945,0.53851],[122.19723,0.54603],[122.19893,0.54663],[122.2032,0.5449],[122.20363,0.5415],[122.20721,0.54532],[122.21143,0.5395],[122.21483,0.53791],[122.22081,0.52124],[122.23022,0.522],[122.23321,0.5198],[122.24011,0.52102],[122.24297,0.52422],[122.2435,0.51961],[122.24543,0.51856],[122.24828,0.52226],[122.25288,0.51873],[122.25693,0.52155],[122.25943,0.52669],[122.26832,0.52171],[122.27388,0.52067],[122.27524,0.5229],[122.27358,0.52752],[122.27698,0.52676],[122.27661,0.52495],[122.27956,0.52471],[122.2881,0.54033],[122.29877,0.54731],[122.30378,0.54876],[122.30509,0.55305],[122.30697,0.55356],[122.30471,0.55612],[122.30569,0.55737],[122.30888,0.55783],[122.31248,0.55301],[122.3169,0.55432],[122.31923,0.55838],[122.3248,0.5603],[122.32858,0.56366],[122.3333,0.56385],[122.33687,0.5661],[122.33946,0.56516],[122.34062,0.56794],[122.33865,0.57512],[122.32671,0.5836],[122.32006,0.59533],[122.32947,0.59682],[122.33579,0.5947],[122.3403,0.59038],[122.3394,0.58407],[122.34826,0.57925],[122.3518,0.57893],[122.35392,0.58327],[122.35444,0.57843],[122.36635,0.57942],[122.37016,0.57494],[122.37369,0.57711],[122.37552,0.57499],[122.38192,0.57503],[122.38066,0.57683],[122.38279,0.579],[122.37566,0.58455],[122.37909,0.58967],[122.37539,0.59011],[122.37559,0.59187],[122.37124,0.5889],[122.36873,0.59078],[122.36847,0.59719],[122.36571,0.5982],[122.36319,0.6026],[122.36532,0.60512],[122.36155,0.60914],[122.36331,0.61368],[122.36557,0.61568],[122.36947,0.61518],[122.37364,0.61785],[122.37558,0.62171],[122.36879,0.62883],[122.37167,0.63549],[122.37092,0.64399],[122.37358,0.64493],[122.37335,0.64688],[122.37254,0.64827],[122.36837,0.64782],[122.3649,0.64933],[122.3642,0.65129],[122.36616,0.65535],[122.36485,0.65914],[122.36218,0.66056],[122.3589,0.65886],[122.35833,0.66139],[122.35983,0.66273],[122.35824,0.66472],[122.37222,0.66993],[122.37045,0.67508],[122.36677,0.67591],[122.36744,0.67314],[122.36609,0.67578],[122.3653,0.67398],[122.36402,0.67453],[122.36558,0.67861],[122.36167,0.6825],[122.37059,0.68439],[122.37062,0.69042],[122.36656,0.694],[122.3697,0.69639],[122.36834,0.69835],[122.36947,0.70239],[122.37142,0.70036],[122.3728,0.70101],[122.37387,0.70891],[122.37063,0.71112],[122.37276,0.71731],[122.36913,0.71975],[122.37514,0.72349],[122.37132,0.72802],[122.37685,0.72865],[122.3743,0.73193],[122.37276,0.73911],[122.36671,0.74184],[122.37242,0.7426],[122.37538,0.75004],[122.38391,0.74845],[122.38881,0.75439],[122.39301,0.75389],[122.39847,0.75705],[122.39319,0.75898],[122.38584,0.75586],[122.36656,0.75167],[122.34362,0.75006],[122.33527,0.7559],[122.31615,0.76087],[122.30494,0.76785],[122.29894,0.76293],[122.28805,0.76156],[122.2504,0.77043],[122.24528,0.77282],[122.24593,0.78468],[122.24858,0.78653],[122.25441,0.77985],[122.26639,0.78309],[122.27762,0.78078],[122.28153,0.78209],[122.28273,0.77964],[122.28419,0.78511],[122.29372,0.787],[122.29702,0.78583],[122.30301,0.7867],[122.30071,0.79003],[122.30557,0.79653],[122.32092,0.80363],[122.32632,0.80238],[122.32758,0.80525],[122.33249,0.80603],[122.33635,0.80197],[122.3469,0.80549],[122.35347,0.8028],[122.35318,0.79954],[122.35615,0.79836],[122.35928,0.80174],[122.36363,0.80082],[122.37945,0.80378],[122.3839,0.80775],[122.38414,0.80317],[122.37462,0.79432],[122.37852,0.79525],[122.38104,0.79348],[122.38717,0.79277],[122.38932,0.79059],[122.39136,0.79113],[122.39157,0.78879],[122.3944,0.78496],[122.39461,0.78808],[122.39232,0.78969],[122.39642,0.78727],[122.39583,0.78523],[122.39737,0.78614],[122.40207,0.78394],[122.4042,0.78439],[122.40316,0.78795],[122.40717,0.78845],[122.4091,0.79253],[122.41025,0.78964],[122.41216,0.79345],[122.41847,0.78097],[122.42118,0.78247],[122.42247,0.78585],[122.42514,0.78567],[122.42389,0.7886],[122.425,0.79011],[122.42865,0.79025],[122.43055,0.79228],[122.43823,0.78983],[122.44264,0.79186],[122.44366,0.79927],[122.44759,0.80404],[122.44712,0.80606],[122.44888,0.80298],[122.44583,0.8016],[122.4453,0.7986],[122.44836,0.79046],[122.45535,0.78514],[122.45808,0.78473],[122.46055,0.78155],[122.46563,0.79585],[122.4615,0.79643],[122.46147,0.79782],[122.46449,0.79838],[122.46064,0.80233],[122.46422,0.8034],[122.46337,0.8079],[122.46497,0.81281],[122.46284,0.81443],[122.46684,0.81598],[122.46833,0.81379],[122.46419,0.80958],[122.46736,0.80735],[122.46595,0.80186],[122.46802,0.80172],[122.46732,0.80017],[122.47042,0.8004],[122.47099,0.79733],[122.47315,0.79869],[122.47423,0.79683],[122.46869,0.79626],[122.46935,0.79424],[122.4717,0.79199],[122.47725,0.79042],[122.47735,0.78845],[122.47999,0.78902],[122.48112,0.79227],[122.48542,0.78865],[122.48835,0.79004],[122.49039,0.78766],[122.49322,0.7884],[122.49346,0.78568],[122.49715,0.78701],[122.50002,0.79085],[122.49937,0.78775],[122.50167,0.78135],[122.50334,0.78038],[122.50468,0.78314],[122.50702,0.78356],[122.50721,0.78671],[122.51063,0.78722],[122.51303,0.78512],[122.5163,0.78888],[122.51752,0.78751],[122.51974,0.78927],[122.52682,0.78591],[122.52587,0.78374],[122.52726,0.78098],[122.53484,0.78407],[122.53501,0.78036],[122.53943,0.78257],[122.54008,0.7808],[122.54378,0.78162],[122.54698,0.77911],[122.55003,0.77986],[122.54914,0.77678],[122.55037,0.77537],[122.55673,0.77937],[122.5603,0.78616],[122.56826,0.78425],[122.56853,0.78619],[122.5701,0.78641],[122.56711,0.79269],[122.56946,0.79336],[122.56991,0.78867],[122.57424,0.78506],[122.57804,0.78507],[122.58024,0.78311],[122.58276,0.78548],[122.5832,0.78945],[122.58432,0.78915],[122.58962,0.78371],[122.59742,0.78244],[122.60229,0.77847],[122.60689,0.78073],[122.60707,0.77586],[122.60905,0.77514],[122.60842,0.77261],[122.61095,0.77081],[122.61419,0.77279],[122.61735,0.77216],[122.62288,0.7677],[122.62485,0.76995],[122.62709,0.75854],[122.62925,0.75728],[122.63487,0.75912],[122.64125,0.75025],[122.64686,0.75078],[122.64853,0.74805],[122.65153,0.75196],[122.65658,0.74835],[122.65739,0.75016],[122.65335,0.75464],[122.65426,0.75755],[122.65622,0.75818],[122.65293,0.76267],[122.65424,0.76869],[122.66344,0.76215],[122.66452,0.759],[122.66361,0.75214],[122.66668,0.74997],[122.67046,0.75052],[122.67155,0.75376],[122.67768,0.75124],[122.67885,0.7544],[122.67218,0.75791],[122.67289,0.75916],[122.6752,0.75732],[122.6784,0.75775],[122.68287,0.74997],[122.68017,0.74436],[122.6837,0.74121],[122.68303,0.73764],[122.68484,0.73579],[122.68259,0.73295],[122.68772,0.73103],[122.68821,0.72717],[122.69264,0.72689],[122.69144,0.72143],[122.69381,0.72104],[122.69842,0.71397],[122.69599,0.71242],[122.70503,0.71268],[122.70631,0.71056],[122.7115,0.70931],[122.71393,0.70352],[122.7192,0.69893],[122.72088,0.69866],[122.72349,0.70197],[122.72692,0.69345],[122.72192,0.69185],[122.72183,0.68875],[122.72892,0.68636],[122.7356,0.68853],[122.73453,0.69826],[122.74032,0.69668],[122.74116,0.69355],[122.74646,0.6899],[122.74872,0.68565],[122.75167,0.68725],[122.75746,0.68565],[122.76096,0.68641],[122.76334,0.69301],[122.77242,0.69713],[122.7699,0.69852],[122.76539,0.70668],[122.76216,0.70802],[122.76334,0.70954],[122.76218,0.71176],[122.75395,0.71705],[122.75791,0.71715],[122.75934,0.72196],[122.76151,0.7217],[122.76415,0.71614],[122.76755,0.71331],[122.76878,0.70818],[122.77035,0.70777],[122.77102,0.71261],[122.78184,0.70648],[122.78328,0.70726],[122.78182,0.71038],[122.78374,0.71158],[122.78288,0.71435],[122.78586,0.71486],[122.79407,0.72114],[122.79252,0.72301],[122.79476,0.72539],[122.79541,0.7318],[122.79983,0.73198],[122.80058,0.73327],[122.80233,0.73218],[122.80942,0.73284],[122.81894,0.7274],[122.81792,0.73194],[122.82033,0.73556],[122.82483,0.7343],[122.82571,0.73541],[122.81851,0.74138],[122.8187,0.7426],[122.817,0.74296],[122.81493,0.74536],[122.81387,0.74762],[122.81407,0.74899],[122.81087,0.75087],[122.80927,0.75359],[122.80979,0.75412],[122.81487,0.74875],[122.81502,0.74598],[122.81938,0.74261],[122.81875,0.74142],[122.8238,0.73893],[122.8236,0.73721],[122.82664,0.73516],[122.8306,0.73677],[122.83443,0.73221],[122.83622,0.73673],[122.83322,0.74368],[122.82776,0.74577],[122.82655,0.74996],[122.82146,0.75552],[122.81383,0.7588],[122.81083,0.76439],[122.81169,0.7671],[122.80961,0.7728],[122.80221,0.77755],[122.80251,0.78249],[122.80024,0.78435],[122.80057,0.7883],[122.79888,0.79072],[122.79972,0.79198],[122.80286,0.7918],[122.80482,0.79432],[122.80122,0.79796],[122.79519,0.80073],[122.79456,0.80268],[122.7853,0.80268],[122.78403,0.80631],[122.79021,0.81112],[122.79073,0.81338],[122.78034,0.81664],[122.7767,0.82036],[122.77213,0.82074],[122.76694,0.81803],[122.76322,0.82167],[122.76089,0.82074],[122.76167,0.82353],[122.75899,0.8242],[122.75909,0.823],[122.75748,0.82555],[122.75214,0.82315],[122.75121,0.82493],[122.74865,0.82485],[122.74718,0.82214],[122.74486,0.82624],[122.74152,0.82834],[122.74207,0.82965],[122.73928,0.82911],[122.73935,0.82702],[122.73563,0.82702],[122.73006,0.82315],[122.7299,0.82555],[122.73308,0.82989],[122.7306,0.83066],[122.72742,0.82927],[122.7268,0.8264],[122.72448,0.82679],[122.72404,0.83048],[122.72224,0.83182],[122.7248,0.83408],[122.72278,0.83433],[122.71972,0.84147],[122.71786,0.83969],[122.71399,0.84387],[122.71121,0.84291],[122.70998,0.84415],[122.7098,0.84108],[122.70096,0.84453],[122.69832,0.84287],[122.69474,0.84392],[122.69324,0.84274],[122.69573,0.83885],[122.7015,0.83531],[122.6998,0.82901],[122.69772,0.82744],[122.69762,0.82306],[122.69274,0.82748],[122.691,0.83489],[122.69478,0.83532],[122.68527,0.84118],[122.6837,0.84039],[122.6838,0.84211],[122.68608,0.84181],[122.68624,0.84389],[122.68351,0.84691],[122.67997,0.84792],[122.67661,0.84397],[122.67243,0.85089],[122.66829,0.85216],[122.66295,0.85668],[122.65943,0.8567],[122.65276,0.85338],[122.65247,0.86133],[122.6606,0.87898],[122.66634,0.88217],[122.66841,0.8891],[122.66753,0.89542],[122.67049,0.89697],[122.66837,0.89777],[122.66432,0.89613],[122.65919,0.89984],[122.6559,0.89781],[122.65409,0.89885],[122.65296,0.90067],[122.6543,0.90554],[122.64895,0.90914],[122.64777,0.91243],[122.64491,0.91417],[122.64514,0.91664],[122.64315,0.91775],[122.63936,0.91691],[122.64256,0.91134],[122.64187,0.90818],[122.63455,0.91407],[122.63261,0.90829],[122.63214,0.91122],[122.62663,0.91255],[122.62583,0.9133],[122.62998,0.91898],[122.63659,0.92371],[122.63722,0.92889],[122.63691,0.93105],[122.63581,0.93032],[122.63394,0.93224],[122.63212,0.93092],[122.63198,0.92672],[122.63125,0.92884],[122.62855,0.92754],[122.6281,0.92905],[122.63127,0.93356],[122.62867,0.93543],[122.62326,0.93064],[122.61762,0.93261],[122.61603,0.9348],[122.61137,0.93201],[122.60665,0.9369],[122.61208,0.93707],[122.61358,0.93543],[122.61764,0.9359],[122.61797,0.93731],[122.611,0.93852],[122.61053,0.94045],[122.60475,0.94009],[122.60318,0.94181],[122.60153,0.94021],[122.60386,0.93558],[122.60241,0.93321],[122.60397,0.93209],[122.60122,0.93231],[122.60135,0.93346],[122.59751,0.93042],[122.59671,0.93269],[122.59085,0.93645],[122.58895,0.93465],[122.58882,0.92681],[122.58691,0.92499],[122.5853,0.92516],[122.57907,0.93425],[122.57381,0.93596],[122.56755,0.93224],[122.56754,0.92968],[122.56227,0.92903],[122.55292,0.93336],[122.54398,0.94252],[122.54134,0.94333],[122.53302,0.94069],[122.52532,0.94231],[122.52369,0.94536],[122.52755,0.9553],[122.52511,0.95997],[122.51715,0.95939],[122.51436,0.95327],[122.50198,0.9557],[122.49894,0.95712],[122.49671,0.95976],[122.4961,0.96443],[122.49062,0.96751],[122.48941,0.97051],[122.48596,0.97275],[122.48271,0.97275],[122.47176,0.97133],[122.46364,0.95936],[122.4608,0.95854],[122.45333,0.96282],[122.45495,0.95954],[122.4529,0.95663],[122.4548,0.95403],[122.45324,0.95241],[122.45192,0.95364],[122.44544,0.95133],[122.44312,0.95248],[122.44094,0.95095],[122.43348,0.95113],[122.43686,0.94454],[122.43078,0.93263],[122.42978,0.93834],[122.42715,0.93801],[122.42755,0.9409],[122.42387,0.94514],[122.41959,0.94379],[122.41507,0.94534],[122.41416,0.94303],[122.41398,0.94722],[122.41275,0.94543],[122.41086,0.94682],[122.41478,0.95086],[122.41333,0.95382],[122.40761,0.95112],[122.40562,0.95335],[122.4101,0.95557],[122.39905,0.96016],[122.39956,0.96297],[122.40787,0.96216],[122.41284,0.96497],[122.41364,0.9675],[122.41099,0.96766],[122.41222,0.9666],[122.41001,0.96539],[122.40796,0.96797],[122.41281,0.97385],[122.40829,0.97474],[122.40566,0.97064],[122.40078,0.9688],[122.40152,0.97236],[122.39909,0.97409],[122.39505,0.97369],[122.39283,0.97654],[122.39269,0.98008],[122.3887,0.97842],[122.38431,0.98342],[122.3812,0.98228],[122.37674,0.9834],[122.3768,0.98156],[122.37456,0.98021],[122.36874,0.9853],[122.36672,0.98439],[122.36836,0.98181],[122.36663,0.97938],[122.36899,0.97797],[122.36759,0.97694],[122.36431,0.97978],[122.36559,0.97957],[122.3669,0.9835],[122.36425,0.98054],[122.36262,0.98075],[122.36413,0.986],[122.35978,0.98605],[122.36188,0.98847],[122.35951,0.98686],[122.35784,0.98791],[122.35726,0.98632],[122.35558,0.98788],[122.35879,0.99119],[122.35701,0.99492],[122.35846,0.99511],[122.35453,0.9972],[122.35343,1.0008],[122.34857,0.99845],[122.34613,0.99882],[122.34463,1.00164],[122.34041,1.0009],[122.3391,0.99576],[122.33637,0.99393],[122.33489,0.99432],[122.3344,0.99183],[122.33199,0.9902],[122.32806,0.99254],[122.3261,0.99159],[122.32481,0.9947],[122.31978,0.99603],[122.31796,0.99536],[122.31873,0.99128],[122.31279,0.9913],[122.31141,0.99339],[122.30904,0.99235],[122.31249,0.9908],[122.31306,0.98902],[122.30939,0.98966],[122.31067,0.98594],[122.306,0.98295],[122.30436,0.98526],[122.30302,0.98328],[122.30164,0.984],[122.30299,0.98234],[122.3004,0.98047],[122.29749,0.98873],[122.29505,0.98733],[122.29525,0.98585],[122.28964,0.98356],[122.28625,0.97878],[122.28703,0.97743],[122.28545,0.97501],[122.28697,0.97183],[122.28552,0.97151],[122.27846,0.95828],[122.27667,0.96282],[122.27901,0.96825],[122.27833,0.97176],[122.27614,0.97422],[122.26517,0.97732],[122.25631,0.97563],[122.25352,0.97698],[122.25405,0.97568],[122.25051,0.97117],[122.25018,0.96538],[122.2426,0.96253],[122.23926,0.95778],[122.22937,0.95757],[122.22879,0.96167],[122.22588,0.96101],[122.22753,0.95873],[122.22433,0.95861],[122.22617,0.95566],[122.22138,0.9583],[122.22293,0.96299],[122.22033,0.96282],[122.2149,0.96711],[122.21456,0.96595],[122.21638,0.96553],[122.2111,0.96586],[122.21052,0.9641],[122.20951,0.9634],[122.20293,0.96389],[122.2015,0.96235],[122.20267,0.96119],[122.19988,0.95887],[122.19693,0.96313],[122.18857,0.96166],[122.18624,0.95771],[122.17897,0.95539],[122.17423,0.95926],[122.17539,0.96243],[122.17415,0.96538],[122.17569,0.96739],[122.16413,0.96131],[122.17023,0.9702],[122.1684,0.97414],[122.17051,0.97443],[122.17069,0.9732],[122.17515,0.97472],[122.18379,0.97465],[122.18913,0.98032],[122.18768,0.98405],[122.19112,0.98548],[122.19337,0.98468],[122.19274,0.98661],[122.19437,0.98901],[122.19693,0.98785],[122.19918,0.98986],[122.20205,0.98963],[122.2022,0.99474],[122.21258,0.99761],[122.21289,1.00203],[122.21111,1.00358],[122.21173,1.00133],[122.20143,0.99916],[122.19926,0.9956],[122.19267,0.99374],[122.1905,0.99031],[122.18926,0.99219],[122.18391,0.9918],[122.18159,0.99583],[122.17934,0.99421],[122.17392,0.99436],[122.17417,0.98962],[122.17164,0.98831],[122.15256,0.99372],[122.1492,0.9877],[122.14144,0.98879],[122.14157,0.98439],[122.12766,0.98788],[122.12421,0.9828],[122.12307,0.98514],[122.11982,0.98387],[122.12209,0.98178],[122.11995,0.97942],[122.11378,0.97996],[122.1079,0.9782],[122.10253,0.98099],[122.10005,0.97954],[122.08858,0.98213],[122.08724,0.98099],[122.08858,0.97593],[122.08243,0.97302],[122.07789,0.97178],[122.07265,0.97509],[122.06755,0.97426],[122.06232,0.96985],[122.06315,0.96517],[122.05985,0.96085],[122.04955,0.95821],[122.04724,0.9537],[122.04462,0.95263],[122.04831,0.94799],[122.04676,0.94442],[122.05093,0.94192],[122.05175,0.93978],[122.04985,0.93621],[122.05021,0.92919],[122.04557,0.92288],[122.04057,0.92324],[122.03927,0.92781],[122.04212,0.93371],[122.0382,0.94882],[122.03854,0.95305],[122.03765,0.95249],[122.0376,0.95933],[122.03945,0.96164],[122.03413,0.95706],[122.03173,0.95992],[122.03252,0.96508],[122.03824,0.97362],[122.03754,0.97532],[122.03423,0.97401],[122.04199,0.98628],[122.04195,0.98848],[122.04565,0.98904],[122.05769,0.99692],[122.0653,0.9991],[122.07098,1.00409],[122.07895,1.00227],[122.08436,0.99858],[122.08892,0.9983],[122.09975,1.0034],[122.11294,1.01298],[122.12303,1.0123],[122.12564,1.01823],[122.13746,1.02012],[122.142,1.01829],[122.15258,1.0234],[122.1542,1.02569],[122.15693,1.02545],[122.1586,1.03145],[122.171,1.029],[122.17439,1.03159],[122.17589,1.03679],[122.18811,1.03827],[122.18941,1.03967],[122.19201,1.03803],[122.19571,1.03863],[122.19569,1.03739],[122.1935,1.03726],[122.1929,1.0336],[122.19503,1.03334],[122.2017,1.02552],[122.21015,1.02003],[122.21328,1.01917],[122.21807,1.02047],[122.22092,1.02321],[122.22048,1.02485],[122.22258,1.02501],[122.22821,1.01665],[122.22846,1.01325],[122.22435,1.01109],[122.21996,1.01617],[122.2169,1.01303],[122.22096,1.00706],[122.21942,0.99961],[122.22087,0.9956],[122.22351,0.99672],[122.22735,0.99321],[122.23811,0.99348],[122.23371,0.99142],[122.23369,0.98891],[122.23702,0.98901],[122.23655,0.98245],[122.2421,0.98485],[122.24333,0.98879],[122.24091,0.9915],[122.24316,1.00934],[122.24743,1.00777],[122.24851,1.00358],[122.25232,1.0018],[122.25572,1.00319],[122.25617,1.00582],[122.26049,1.00864],[122.26196,1.0122],[122.2685,1.01301],[122.2697,1.01],[122.27778,1.00481],[122.28939,1.00432],[122.2925,1.00587],[122.29215,1.00803],[122.29948,1.00613],[122.29953,1.00336],[122.30234,1.00255],[122.30474,1.00313],[122.30473,1.0051],[122.31017,1.00706],[122.31336,1.00508],[122.31554,1.00602],[122.31779,1.01306],[122.3226,1.01553],[122.32487,1.02003],[122.32738,1.01938],[122.33075,1.02144],[122.32799,1.02649],[122.33004,1.02992],[122.32829,1.03383],[122.32896,1.03674],[122.33393,1.04056],[122.33757,1.04005],[122.33556,1.03758],[122.33561,1.0322],[122.33851,1.02704],[122.34502,1.02157],[122.35058,1.02092],[122.34989,1.0143],[122.35942,1.01008],[122.36036,1.00746],[122.3588,1.00556],[122.36244,1.00157],[122.36211,0.99642],[122.37117,0.99293],[122.37444,0.99422],[122.3785,0.99946],[122.37946,0.99556],[122.38528,0.99155],[122.39175,0.99376],[122.39509,0.99868],[122.38736,1.00302],[122.39039,1.004],[122.38975,1.00759],[122.39325,1.01387],[122.4007,1.00898],[122.40022,1.0061],[122.40203,1.00362],[122.40555,1.00376],[122.40622,1.00633],[122.40741,1.00601],[122.40623,1.00058],[122.41038,0.99927],[122.41113,0.99378],[122.41567,0.99144],[122.4241,0.99197],[122.4293,0.99598],[122.42917,0.99367],[122.43355,0.99345],[122.44025,0.99825],[122.44424,0.99807],[122.44441,1.0023],[122.44236,1.00354],[122.44387,1.00614],[122.4408,1.01297],[122.44528,1.01798],[122.43981,1.02118],[122.44511,1.02616],[122.44637,1.02941],[122.45223,1.03161],[122.46425,1.02307],[122.46117,1.01778],[122.4674,1.01468],[122.47042,1.01474],[122.47164,1.01675],[122.46977,1.01036],[122.47433,1.00166],[122.47784,0.99846],[122.4838,0.99953],[122.48704,0.99508],[122.48725,0.99113],[122.49198,0.98778],[122.50392,0.98547],[122.51203,0.97996],[122.51819,0.97887],[122.5386,0.96969],[122.54226,0.96963],[122.54346,0.97143],[122.55029,0.97033],[122.55185,0.97153],[122.55031,0.96928],[122.55072,0.96645],[122.55317,0.9637],[122.55635,0.96377],[122.55789,0.96124],[122.56401,0.95886],[122.57506,0.95861],[122.58701,0.95213],[122.59362,0.95313],[122.59543,0.95207],[122.59712,0.95329],[122.60221,0.9519],[122.60169,0.94953],[122.60702,0.94808],[122.6099,0.94414],[122.61451,0.9451],[122.61639,0.95172],[122.61509,0.95655],[122.61897,0.96121],[122.62426,0.96388],[122.6262,0.96194],[122.62132,0.95694],[122.622,0.95443],[122.62595,0.95325],[122.62922,0.95521],[122.62856,0.95354],[122.63479,0.94875],[122.6386,0.9422],[122.64205,0.94174],[122.64987,0.9486],[122.65226,0.94388],[122.65517,0.94455],[122.65679,0.94198],[122.65683,0.9352],[122.6581,0.93371],[122.66051,0.93276],[122.66418,0.93493],[122.66721,0.92781],[122.67121,0.92314],[122.67414,0.91458],[122.67914,0.91209],[122.68217,0.90008],[122.68801,0.89388],[122.6901,0.89437],[122.69115,0.89753],[122.69439,0.89604],[122.69109,0.89364],[122.69163,0.88988],[122.69452,0.89281],[122.69901,0.88913],[122.70334,0.88967],[122.7021,0.88728],[122.69957,0.88676],[122.70069,0.88456],[122.70274,0.88552],[122.70146,0.88275],[122.70284,0.88092],[122.70396,0.8832],[122.70611,0.88351],[122.70561,0.88564],[122.70811,0.88532],[122.70887,0.88323],[122.71141,0.88552],[122.71589,0.88488],[122.71586,0.8826],[122.71309,0.88171],[122.71244,0.87888],[122.70584,0.87829],[122.71067,0.8746],[122.70619,0.87249],[122.70771,0.86824],[122.71395,0.86569],[122.71757,0.86595],[122.72513,0.86167],[122.72565,0.86383],[122.72313,0.86995],[122.72591,0.87164],[122.72772,0.86941],[122.72519,0.86808],[122.72542,0.86618],[122.72783,0.86548],[122.72968,0.8626],[122.72976,0.86481],[122.73236,0.86562],[122.7309,0.86844],[122.73426,0.87059],[122.73814,0.86967],[122.73291,0.8726],[122.73351,0.87484],[122.73728,0.87439],[122.73734,0.87637],[122.73938,0.87599],[122.73834,0.87798],[122.74039,0.87861],[122.74659,0.875],[122.74659,0.87351],[122.75167,0.87308],[122.74979,0.86984],[122.74569,0.86839],[122.74794,0.86249],[122.74991,0.86227],[122.74894,0.85968],[122.75163,0.85951],[122.75125,0.85835],[122.75215,0.85963],[122.75717,0.85932],[122.75903,0.86221],[122.75985,0.85579],[122.76562,0.85624],[122.77186,0.85947],[122.76686,0.8725],[122.77255,0.87613],[122.77134,0.87836],[122.77407,0.87803],[122.77509,0.87692],[122.77309,0.87648],[122.77419,0.87396],[122.77864,0.87249],[122.78348,0.86618],[122.78385,0.86996],[122.78895,0.86504],[122.78793,0.8602],[122.79389,0.85995],[122.79464,0.85708],[122.80096,0.8519],[122.80378,0.84722],[122.80066,0.84512],[122.79233,0.8502],[122.78837,0.85148],[122.79077,0.84999],[122.78527,0.84923],[122.78872,0.84912],[122.7912,0.84666],[122.78913,0.83822],[122.794,0.8404],[122.79545,0.83849],[122.79378,0.83441],[122.79493,0.83174],[122.80052,0.83062],[122.79976,0.83408],[122.80142,0.83232],[122.80567,0.83295],[122.80758,0.83002],[122.80776,0.83297],[122.80947,0.82686],[122.80903,0.82965],[122.81335,0.83256],[122.81661,0.82808],[122.81312,0.82583],[122.8155,0.82487],[122.81933,0.82762],[122.82657,0.82072],[122.82504,0.81949],[122.82672,0.81742],[122.826,0.8173],[122.82545,0.81688],[122.82533,0.81595],[122.82596,0.81715],[122.83071,0.81731],[122.83055,0.81913],[122.83357,0.8134],[122.83514,0.81358],[122.83544,0.81553],[122.837,0.8143],[122.84043,0.81751],[122.84172,0.81703],[122.84073,0.81607],[122.84239,0.81419],[122.83832,0.81364],[122.83796,0.81105],[122.84019,0.80913],[122.84283,0.8011],[122.84656,0.79866],[122.84865,0.79814],[122.84872,0.79942],[122.85081,0.79657],[122.85325,0.79741],[122.85165,0.79168],[122.85354,0.78984],[122.8557,0.79164],[122.85426,0.79505],[122.85563,0.79958],[122.85235,0.80457],[122.85433,0.80608],[122.85317,0.80803],[122.85764,0.80555],[122.86378,0.8056],[122.86143,0.80767],[122.86161,0.80987],[122.86371,0.81071],[122.86062,0.81471],[122.86139,0.81681],[122.85874,0.82162],[122.86053,0.82288],[122.86276,0.82106],[122.8634,0.82326],[122.86035,0.82571],[122.87084,0.82561],[122.86983,0.82174],[122.87088,0.81939],[122.8682,0.81706],[122.87145,0.8162],[122.87583,0.81893],[122.8759,0.82204],[122.87863,0.82319],[122.88211,0.82116],[122.88196,0.82537],[122.88336,0.82721],[122.88086,0.83034],[122.88336,0.8344],[122.88737,0.83525],[122.88707,0.83653],[122.88541,0.83623],[122.88574,0.83748],[122.8932,0.83898],[122.89476,0.8366],[122.89684,0.8391],[122.89714,0.83645],[122.90099,0.83756],[122.9018,0.83326],[122.90336,0.83389],[122.90827,0.84057],[122.90505,0.84397],[122.90577,0.84688],[122.89823,0.85167],[122.89928,0.85201],[122.89901,0.8525],[122.89649,0.85167],[122.89743,0.85371],[122.9048,0.85232],[122.91068,0.85583],[122.91431,0.85142],[122.91637,0.85492],[122.9147,0.85809],[122.92192,0.86116],[122.92335,0.86524],[122.92204,0.86727],[122.92732,0.86592],[122.92699,0.87076],[122.92859,0.87226],[122.92603,0.87515],[122.92713,0.87787],[122.93211,0.88368],[122.93433,0.88065],[122.93657,0.8882],[122.94961,0.88179],[122.95158,0.88443],[122.94757,0.88998],[122.94957,0.89065],[122.9482,0.89436],[122.952,0.89252],[122.95436,0.89338],[122.94822,0.90175],[122.95088,0.90859],[122.94793,0.90964],[122.94929,0.90863],[122.94806,0.90844],[122.94599,0.91307],[122.95071,0.91677],[122.94994,0.92035],[122.9524,0.92076],[122.95364,0.91817],[122.95915,0.91843],[122.95749,0.91955],[122.96007,0.924],[122.96468,0.92441],[122.9663,0.92944],[122.97285,0.93164],[122.9719,0.93415],[122.97735,0.93504],[122.98706,0.93998],[122.9826,0.94425],[122.97038,0.94139],[122.96968,0.93923],[122.96525,0.93915],[122.96297,0.93737],[122.95923,0.9382],[122.95567,0.93611],[122.94914,0.93928],[122.94637,0.93753],[122.94593,0.94122],[122.94056,0.94287],[122.94147,0.94354],[122.93996,0.94505],[122.94308,0.95178],[122.94017,0.95451],[122.9392,0.95824],[122.94498,0.96417],[122.95532,0.96315],[122.96896,0.96669],[122.97639,0.96545],[122.98609,0.96795],[122.99045,0.96377],[122.99715,0.96116],[122.99531,0.9596],[122.99632,0.9577],[123.00272,0.95627],[123.00058,0.95608],[122.99757,0.94868],[122.99493,0.94687],[122.9974,0.94387],[123.00431,0.94272],[123.00791,0.94449],[123.01227,0.94403],[123.01433,0.93862],[123.01963,0.9335],[123.03819,0.93245],[123.04134,0.93478],[123.04238,0.93209],[123.04099,0.92749],[123.0458,0.92676],[123.04638,0.92495],[123.04486,0.92431],[123.04682,0.92177],[123.04824,0.92321],[123.04719,0.92845],[123.04509,0.92929],[123.0435,0.93432],[123.04103,0.93648],[123.04187,0.93874],[123.0468,0.93947],[123.04848,0.9383],[123.04809,0.93545],[123.04971,0.93304],[123.05352,0.93413],[123.05315,0.92921],[123.05668,0.92535],[123.05633,0.92196],[123.05884,0.91871],[123.06357,0.92262],[123.06596,0.91524],[123.07242,0.91521],[123.07307,0.91405],[123.07577,0.91572],[123.07821,0.90995],[123.08001,0.91166],[123.07836,0.91355],[123.08158,0.91148],[123.08332,0.91268],[123.08491,0.9108],[123.08341,0.90908],[123.08533,0.90851],[123.08529,0.90707],[123.08652,0.90818],[123.08643,0.90683],[123.09043,0.90654],[123.09101,0.90467],[123.0943,0.90388],[123.09475,0.90645],[123.0929,0.9087],[123.09777,0.91163],[123.09757,0.91465],[123.10248,0.91301],[123.10321,0.91403],[123.10012,0.91628],[123.10117,0.92101],[123.09117,0.92471],[123.09201,0.92543],[123.09402,0.9272],[123.09277,0.92865],[123.09444,0.92954],[123.0947,0.93024],[123.09963,0.92714],[123.11438,0.9261],[123.11573,0.92435],[123.11295,0.92173],[123.11469,0.92122],[123.11386,0.92002],[123.11544,0.91857],[123.11227,0.9154],[123.11566,0.91066],[123.11429,0.90785],[123.11525,0.90453],[123.11632,0.90616],[123.11768,0.90428],[123.12008,0.90412],[123.11983,0.90019],[123.11826,0.89884],[123.1202,0.89824],[123.11886,0.8953],[123.12297,0.89268],[123.12165,0.8887],[123.1259,0.89162],[123.12861,0.88957],[123.12688,0.88775],[123.12871,0.88726],[123.13004,0.88356],[123.13195,0.88529],[123.13337,0.88363],[123.13245,0.88215],[123.13433,0.88256],[123.13775,0.87888],[123.14087,0.87988],[123.14147,0.87635],[123.14379,0.87507],[123.14921,0.87775],[123.15057,0.87232],[123.15268,0.87023],[123.15577,0.87164],[123.15884,0.87066],[123.1647,0.87441],[123.16721,0.8695],[123.17498,0.86952],[123.17682,0.8658],[123.17558,0.86386],[123.17928,0.86131],[123.18924,0.86189],[123.19061,0.8606],[123.19202,0.86284],[123.19938,0.85577],[123.20602,0.8573],[123.21246,0.84822],[123.21878,0.84803],[123.22411,0.84369],[123.22679,0.84423],[123.22771,0.83785],[123.23138,0.83376],[123.23534,0.83242],[123.23116,0.83047],[123.21782,0.83048],[123.19552,0.85199],[123.19426,0.85119],[123.18866,0.85454],[123.18734,0.85134],[123.18127,0.8562],[123.19104,0.85765],[123.18863,0.85885],[123.17816,0.85865],[123.16788,0.85589],[123.16905,0.86009],[123.16707,0.85819],[123.1651,0.86122],[123.16835,0.86157],[123.16516,0.86164],[123.16457,0.8632],[123.16099,0.8634],[123.15409,0.86],[123.15423,0.85359],[123.15261,0.85233],[123.15122,0.85619],[123.14753,0.85619],[123.14584,0.86076],[123.14357,0.86028],[123.14296,0.86334],[123.13291,0.86056],[123.12245,0.86362],[123.12023,0.86111],[123.11784,0.86085],[123.11212,0.8625],[123.11178,0.85768],[123.10936,0.85499],[123.10765,0.86061],[123.1047,0.86094],[123.10262,0.86884],[123.1046,0.87027],[123.10496,0.8736],[123.10793,0.86933],[123.11205,0.87114],[123.11527,0.87726],[123.10226,0.87512],[123.09876,0.88032],[123.08788,0.88598],[123.08954,0.8806],[123.08034,0.87253],[123.07879,0.87404],[123.08525,0.88203],[123.078,0.88966],[123.07741,0.89347],[123.06951,0.89902],[123.06773,0.9025],[123.06326,0.90028],[123.05902,0.90083],[123.05856,0.89888],[123.05303,0.89768],[123.04906,0.89118],[123.05035,0.88626],[123.04868,0.88394],[123.04233,0.88116],[123.04039,0.87633],[123.03744,0.8767],[123.03523,0.8794],[123.02887,0.87707],[123.02518,0.87763],[123.02352,0.87086],[123.01799,0.8703],[123.0155,0.86417],[123.01172,0.86724],[123.01264,0.8703],[123.01086,0.87226],[123.00809,0.87153],[123.00713,0.87422],[123.00213,0.87513],[123.0009,0.87954],[122.99434,0.8825],[122.99522,0.88513],[122.99946,0.88805],[123.00938,0.89418],[123.01552,0.89576],[123.01554,0.89858],[123.01233,0.89961],[123.01364,0.90706],[123.00595,0.91555],[122.99964,0.91206],[122.99475,0.91188],[122.99543,0.91387],[122.99302,0.91467],[122.99348,0.91566],[122.9802,0.92153],[122.97815,0.92413],[122.97613,0.92218],[122.97715,0.91921],[122.97595,0.91847],[122.97632,0.91299],[122.97442,0.90548],[122.98132,0.9078],[122.9856,0.90158],[122.98747,0.90223],[122.99134,0.89592],[122.98692,0.8884],[122.98738,0.88487],[122.98299,0.88294],[122.98019,0.87949],[122.97881,0.87253],[122.97318,0.86835],[122.97429,0.86593],[122.97327,0.86306],[122.9706,0.8639],[122.9682,0.86074],[122.96958,0.85387],[122.96504,0.85085],[122.95511,0.8483],[122.95258,0.84133],[122.94851,0.84614],[122.94615,0.8464],[122.94005,0.84177],[122.94306,0.83795],[122.94411,0.82895],[122.94744,0.82992],[122.94839,0.82867],[122.94784,0.82458],[122.94502,0.82075],[122.94639,0.81657],[122.95001,0.81497],[122.94884,0.80283],[122.95084,0.79302],[122.94945,0.7932],[122.9502,0.78942],[122.94729,0.78461],[122.94908,0.78331],[122.94828,0.78034],[122.95062,0.77603],[122.9446,0.77684],[122.93464,0.78566],[122.9231,0.78733],[122.90745,0.77879],[122.9033,0.77387],[122.8974,0.76366],[122.8924,0.74912],[122.8858,0.74916],[122.88153,0.75473],[122.87641,0.75244],[122.87626,0.74871],[122.88404,0.74698],[122.88166,0.73275],[122.87992,0.73314],[122.87909,0.73549],[122.87691,0.73426],[122.87495,0.7366],[122.87438,0.74231],[122.87018,0.74177],[122.86956,0.7385],[122.86389,0.73757],[122.86215,0.74139],[122.85887,0.74257],[122.85593,0.74138],[122.85822,0.73863],[122.85792,0.73446],[122.86358,0.73154],[122.86275,0.72759],[122.87073,0.72694],[122.8734,0.73171],[122.88499,0.72883],[122.88346,0.7122],[122.87826,0.71167],[122.87954,0.71615],[122.87527,0.71753],[122.87559,0.71882],[122.88242,0.7186],[122.87603,0.72445],[122.86995,0.72067],[122.86916,0.71835],[122.87108,0.71393],[122.87039,0.71139],[122.87698,0.70834],[122.88063,0.70348],[122.87456,0.69635],[122.87093,0.69549],[122.87263,0.69763],[122.87063,0.69811],[122.87055,0.70144],[122.87547,0.70522],[122.87317,0.70618],[122.87004,0.70407],[122.86775,0.69415],[122.86588,0.69467],[122.86071,0.69196],[122.85737,0.6856],[122.85886,0.68934],[122.85653,0.68739],[122.85415,0.68817],[122.85196,0.68579],[122.85043,0.68684],[122.84958,0.68979],[122.85196,0.68917],[122.85053,0.69319],[122.85279,0.69367],[122.85002,0.69433],[122.84841,0.68893],[122.84529,0.6873],[122.85294,0.68131],[122.83146,0.67483],[122.82884,0.67206],[122.82922,0.66678],[122.83298,0.66745],[122.83252,0.66961],[122.83593,0.67103],[122.84176,0.66853],[122.84176,0.67086],[122.84512,0.67138],[122.84505,0.66975],[122.84984,0.6697],[122.85181,0.66779],[122.8548,0.66985],[122.8542,0.67279],[122.85713,0.67023],[122.85661,0.6686],[122.86463,0.6677],[122.87514,0.66128],[122.87622,0.66422],[122.8783,0.66289],[122.88243,0.67086],[122.88566,0.66877],[122.885,0.66676],[122.88792,0.66825],[122.88444,0.66464],[122.88552,0.66367],[122.88653,0.66562],[122.88964,0.66345],[122.88775,0.65888],[122.89738,0.65636],[122.89965,0.6578],[122.90776,0.65621],[122.91013,0.6589],[122.90639,0.66539],[122.90569,0.67093],[122.90707,0.67304],[122.90891,0.67214],[122.90329,0.67929],[122.90642,0.6854],[122.91561,0.68795],[122.91955,0.68508],[122.92146,0.68744],[122.92483,0.68466],[122.9283,0.68567],[122.93048,0.6898],[122.92871,0.69334],[122.9327,0.69539],[122.93579,0.69105],[122.9399,0.68951],[122.93981,0.68492],[122.94257,0.6852],[122.944,0.68804],[122.95499,0.68265],[122.96016,0.68237],[122.96585,0.68598],[122.96724,0.69112],[122.9773,0.6916],[122.9813,0.69393],[122.98629,0.70271],[122.99147,0.70483],[122.99195,0.70733],[122.98943,0.70884],[122.9904,0.71221],[122.99397,0.71376],[122.99469,0.71578],[122.99215,0.71737],[122.9938,0.72239],[122.99754,0.71851],[122.99968,0.71923],[122.99718,0.72672],[123.0023,0.73005],[123.00266,0.7335],[123.00029,0.73407],[123.00238,0.7397],[123.00611,0.74076],[123.00474,0.75105],[123.01182,0.75135],[123.01812,0.74909],[123.01955,0.74647],[123.02288,0.74647],[123.02503,0.73826],[123.02324,0.73718],[123.02683,0.73539],[123.02919,0.73053],[123.02955,0.7247],[123.02776,0.72125],[123.01905,0.72104],[123.01859,0.71897],[123.02286,0.7163],[123.0172,0.70856],[123.01399,0.70691],[123.01968,0.70538],[123.02135,0.70311],[123.02957,0.70844],[123.03164,0.71259],[123.03081,0.71379],[123.03426,0.71305],[123.04021,0.7171],[123.04117,0.72116],[123.04392,0.72415],[123.04344,0.73324],[123.0474,0.73706],[123.04988,0.73716],[123.04932,0.74222],[123.05335,0.74953],[123.05765,0.74908],[123.06435,0.74328],[123.06577,0.74668],[123.07658,0.74689],[123.07461,0.74316],[123.07625,0.737],[123.07868,0.73641],[123.08011,0.73405],[123.08514,0.72024],[123.08757,0.70941],[123.08646,0.70594],[123.09125,0.69872],[123.09163,0.69417],[123.10565,0.69339],[123.09691,0.68685],[123.09142,0.68043],[123.09291,0.67723],[123.09666,0.6754],[123.09722,0.67016],[123.10103,0.66696],[123.10287,0.66845],[123.10166,0.66936],[123.10513,0.66769],[123.1093,0.67377],[123.11131,0.67255],[123.11308,0.67494],[123.1145,0.67377],[123.11711,0.67529],[123.1195,0.68043],[123.12328,0.68029],[123.12446,0.6822],[123.12189,0.68546],[123.12394,0.68754],[123.13043,0.6872],[123.13158,0.68449],[123.1337,0.68758],[123.13661,0.68789],[123.1338,0.69719],[123.13665,0.69716],[123.139,0.69928],[123.14313,0.69861],[123.14421,0.70078],[123.14213,0.70371],[123.14706,0.70777],[123.15022,0.70841],[123.15578,0.70395],[123.1584,0.7041],[123.15956,0.70611],[123.1628,0.70395],[123.1645,0.70488],[123.16604,0.70426],[123.16612,0.70179],[123.1706,0.70403],[123.17424,0.70108],[123.17556,0.69667],[123.17438,0.69258],[123.15969,0.67825],[123.15971,0.67591],[123.15781,0.67587],[123.15896,0.67086],[123.15611,0.6693],[123.14902,0.67001],[123.14589,0.66433],[123.15271,0.65807],[123.15094,0.65415],[123.1576,0.65338],[123.15801,0.65091],[123.15954,0.65047],[123.16194,0.65353],[123.16534,0.65477],[123.16478,0.6585],[123.16602,0.6597],[123.16901,0.6575],[123.17718,0.65947],[123.18113,0.66555],[123.18468,0.6653],[123.18954,0.67095],[123.19128,0.66761],[123.1896,0.66536],[123.19116,0.66131],[123.18781,0.65691],[123.18867,0.65563],[123.19329,0.6561],[123.1969,0.6596],[123.19859,0.65606],[123.19784,0.6536],[123.19074,0.65308],[123.18824,0.64914],[123.18968,0.64482],[123.19213,0.64292],[123.19572,0.64368],[123.19562,0.64045],[123.19128,0.63979],[123.18732,0.64463],[123.18553,0.64254],[123.18402,0.64501],[123.17818,0.64596],[123.17355,0.64368],[123.17002,0.64568],[123.16823,0.64069],[123.16402,0.64506],[123.15853,0.6427],[123.15572,0.64558],[123.15498,0.64342],[123.15313,0.64567],[123.14906,0.64558],[123.1479,0.65036],[123.14583,0.64773],[123.14172,0.64955],[123.14233,0.64732],[123.13998,0.64847],[123.14079,0.64361],[123.13938,0.64279],[123.14058,0.64081],[123.13812,0.63901],[123.14065,0.63805],[123.14224,0.63521],[123.14592,0.6354],[123.14528,0.63691],[123.14913,0.6349],[123.14932,0.63315],[123.14752,0.63298],[123.14811,0.6285],[123.1464,0.62841],[123.1479,0.62707],[123.14664,0.62417],[123.1493,0.62149],[123.14775,0.61989],[123.14157,0.61972],[123.14236,0.61694],[123.13558,0.61211],[123.13753,0.61084],[123.13439,0.60873],[123.13353,0.60308],[123.13173,0.60373],[123.1298,0.60014],[123.14057,0.59932],[123.14297,0.59777],[123.14252,0.59169],[123.14438,0.59054],[123.14785,0.59176],[123.1474,0.59047],[123.15058,0.58918],[123.14809,0.58443],[123.15025,0.58403],[123.14744,0.58116],[123.14875,0.57904],[123.14702,0.5757],[123.14407,0.5752],[123.14628,0.57297],[123.14433,0.57002],[123.14766,0.56823],[123.14904,0.57089],[123.1522,0.56916],[123.15427,0.57187],[123.15924,0.57357],[123.1585,0.57081],[123.1526,0.56452],[123.1575,0.56064],[123.15622,0.55401],[123.15772,0.55265],[123.16169,0.55475],[123.16107,0.55037],[123.16414,0.54757],[123.16685,0.55478],[123.17496,0.55394],[123.18503,0.54538],[123.19004,0.54572],[123.19023,0.54222],[123.1996,0.53901],[123.19879,0.5359],[123.20131,0.53399],[123.20562,0.53511],[123.21074,0.53318],[123.21283,0.53002],[123.22143,0.52518],[123.22332,0.52549],[123.22276,0.52772],[123.22537,0.52997],[123.22553,0.52648],[123.22842,0.52243],[123.23253,0.52141],[123.23181,0.52527],[123.2341,0.52153],[123.23417,0.52356],[123.23606,0.52383],[123.238,0.52152],[123.23825,0.52328],[123.24181,0.51903],[123.24538,0.51872],[123.24672,0.51572],[123.24825,0.51798],[123.24906,0.51346],[123.25216,0.51566],[123.25417,0.51485],[123.25477,0.51065],[123.25557,0.51194],[123.25831,0.50996],[123.27004,0.50873],[123.26945,0.50466],[123.27025,0.50542],[123.27277,0.50207],[123.26998,0.49568],[123.2772,0.49165],[123.27976,0.49175],[123.27833,0.49061],[123.28057,0.49013],[123.27997,0.48545],[123.28321,0.48322],[123.28863,0.48581],[123.2889,0.48048],[123.28423,0.47976],[123.2831,0.47666],[123.28083,0.4767],[123.28344,0.47298],[123.28729,0.47455],[123.29096,0.46983],[123.29555,0.47091],[123.29685,0.47302],[123.30922,0.47437],[123.31756,0.47282],[123.30852,0.47245],[123.30931,0.46915],[123.30359,0.46907],[123.30367,0.46587],[123.30031,0.46582],[123.30021,0.46773],[123.2992,0.4655],[123.30033,0.46323],[123.29864,0.46515],[123.29682,0.46409],[123.29845,0.46757],[123.29477,0.4648],[123.29415,0.46664],[123.29255,0.46227],[123.28972,0.46194],[123.28904,0.46028],[123.28456,0.46198],[123.28528,0.46409],[123.28004,0.46184],[123.28182,0.46471],[123.27972,0.46631],[123.27733,0.47422],[123.27485,0.47563],[123.27493,0.47742],[123.27028,0.47571],[123.26926,0.47772],[123.26282,0.47882],[123.26096,0.48886],[123.25922,0.48768],[123.25699,0.49009],[123.25647,0.49591],[123.25233,0.49241],[123.24939,0.49603],[123.24434,0.49797],[123.24212,0.4934],[123.23854,0.49413],[123.23299,0.50172],[123.22752,0.50215],[123.22335,0.50542],[123.21782,0.50339],[123.2228,0.50003],[123.22266,0.49408],[123.22621,0.49017],[123.22391,0.48805],[123.22298,0.48275],[123.22556,0.47925],[123.22847,0.47975],[123.22865,0.47727],[123.22262,0.47727],[123.22142,0.47888],[123.21981,0.48224],[123.22013,0.48961],[123.21727,0.49049],[123.2158,0.4939],[123.21785,0.49875],[123.21599,0.50115],[123.21512,0.49984],[123.20879,0.49908],[123.21162,0.49416],[123.20748,0.49],[123.20419,0.49279],[123.20421,0.49461],[123.20152,0.49472],[123.20229,0.49731],[123.20058,0.4956],[123.19802,0.49865],[123.19415,0.49802],[123.19356,0.50009],[123.18895,0.50203],[123.18788,0.50497],[123.17904,0.50324],[123.17861,0.50472],[123.17815,0.50205],[123.1757,0.50047],[123.17389,0.50259],[123.17219,0.50145],[123.17176,0.50317],[123.16915,0.50205],[123.16874,0.50611],[123.16672,0.50488],[123.16554,0.50734],[123.16491,0.50549],[123.16381,0.50516],[123.16474,0.50695],[123.16362,0.50845],[123.16252,0.50449],[123.15837,0.50535],[123.15569,0.50422],[123.15401,0.50775],[123.15013,0.50863],[123.15006,0.51127],[123.14386,0.51348],[123.14239,0.51637],[123.14263,0.50998],[123.14153,0.50937],[123.1446,0.50427],[123.1441,0.50243],[123.14263,0.50126],[123.14,0.50206],[123.14043,0.50003],[123.13748,0.50101],[123.13711,0.49911],[123.12759,0.5017],[123.12906,0.5045],[123.12772,0.50586],[123.12295,0.50674],[123.1207,0.50501],[123.11955,0.50993],[123.11741,0.50674],[123.11511,0.50746],[123.11527,0.50918],[123.11277,0.50662],[123.11091,0.50899],[123.11067,0.51303],[123.10878,0.51163],[123.10833,0.51476],[123.10442,0.51168],[123.10332,0.51505],[123.10169,0.51424],[123.09224,0.51886],[123.08922,0.51547],[123.08944,0.51778],[123.08557,0.51657],[123.0838,0.51862],[123.08283,0.51759],[123.08103,0.51861],[123.0799,0.51707],[123.07717,0.51916],[123.07224,0.51741],[123.06545,0.52059],[123.06358,0.51056],[123.06507,0.51098],[123.06493,0.50979],[123.06854,0.51228],[123.0678,0.50908],[123.07032,0.50975],[123.07018,0.5069],[123.07669,0.50891],[123.07716,0.50663],[123.07516,0.50331],[123.07945,0.50289],[123.08191,0.50049],[123.08394,0.50453],[123.08618,0.5022],[123.08772,0.50343],[123.09004,0.50077],[123.08778,0.49752],[123.0922,0.4985],[123.09806,0.49581],[123.09971,0.49707],[123.10245,0.48983],[123.1064,0.48874],[123.10596,0.48514],[123.11191,0.48701],[123.11282,0.48942],[123.11409,0.48566],[123.11812,0.48931],[123.12533,0.48808],[123.12615,0.49048],[123.12418,0.49271],[123.12775,0.49322],[123.12851,0.49023],[123.1392,0.48654],[123.13926,0.4845],[123.13755,0.48405],[123.13787,0.48036],[123.13597,0.4832],[123.1336,0.48354],[123.13061,0.47986],[123.13217,0.47996],[123.13148,0.47633],[123.13283,0.47533],[123.13507,0.47885],[123.13666,0.47712],[123.13912,0.47806],[123.13754,0.47306],[123.14134,0.47406],[123.14096,0.47156],[123.14878,0.47774],[123.15015,0.47617],[123.15286,0.47692],[123.15249,0.47534],[123.15478,0.47448],[123.15261,0.47242],[123.15071,0.47281],[123.15207,0.46845],[123.14921,0.46822],[123.14993,0.46607],[123.14838,0.46553],[123.15027,0.46331],[123.1487,0.45995],[123.15224,0.46084],[123.15253,0.45894],[123.15687,0.45784],[123.15693,0.45588],[123.16204,0.45585],[123.16153,0.45226],[123.16441,0.45135],[123.16204,0.44876],[123.16264,0.44749],[123.16013,0.44732],[123.15832,0.44162],[123.16574,0.44183],[123.16436,0.4382],[123.1668,0.43531],[123.1777,0.43747],[123.18279,0.44186],[123.1826,0.44479],[123.18108,0.44549],[123.17433,0.44466],[123.17471,0.44778],[123.17821,0.4481],[123.18108,0.453],[123.1812,0.46242],[123.18394,0.46299],[123.18801,0.46108],[123.19209,0.46267],[123.1926,0.46082],[123.19044,0.45834],[123.19336,0.45612],[123.1882,0.4523],[123.18865,0.44861],[123.19514,0.44027],[123.19922,0.44161],[123.2021,0.43787],[123.20208,0.43401],[123.19782,0.43111],[123.19145,0.43155],[123.18941,0.42894],[123.18612,0.43072],[123.18874,0.42664],[123.19081,0.42655],[123.19368,0.42335],[123.19864,0.42595],[123.19788,0.42283],[123.20889,0.42176],[123.22732,0.41323],[123.22853,0.41133],[123.23211,0.41797],[123.23141,0.42199],[123.23613,0.42577],[123.23613,0.43829],[123.23826,0.44183],[123.24133,0.44349],[123.24747,0.44113],[123.24865,0.43688],[123.24322,0.42742],[123.24345,0.42435],[123.24818,0.42412],[123.2522,0.43002],[123.25503,0.43121],[123.25881,0.42908],[123.25778,0.42291],[123.26427,0.42681],[123.2664,0.42654],[123.26957,0.42415],[123.26246,0.41534],[123.26104,0.40784],[123.26376,0.4055],[123.27112,0.40378],[123.28064,0.39746],[123.2767,0.39685],[123.27521,0.39111],[123.27244,0.38828],[123.27425,0.38673],[123.27051,0.37842],[123.26896,0.3694],[123.27219,0.36921],[123.2785,0.36148],[123.28829,0.36444],[123.28732,0.35903],[123.2881,0.3609],[123.29055,0.3609],[123.29576,0.35587],[123.29889,0.35912],[123.29769,0.3609],[123.29936,0.36353],[123.30253,0.3607],[123.30511,0.36219],[123.30762,0.35781],[123.30569,0.35375],[123.30884,0.35214],[123.31174,0.35471],[123.312,0.358],[123.3102,0.35787],[123.30962,0.3598],[123.31548,0.36087],[123.31586,0.35701],[123.31915,0.35507],[123.32089,0.35024],[123.31895,0.34722],[123.32186,0.34509],[123.32115,0.34277],[123.32437,0.33942],[123.32598,0.34258],[123.3312,0.34006],[123.33603,0.34097],[123.33828,0.34354],[123.34286,0.34341],[123.34524,0.33981],[123.34891,0.34226],[123.35523,0.3324],[123.35568,0.33504],[123.36006,0.33929],[123.3636,0.33987],[123.36425,0.34213],[123.37024,0.34361],[123.37247,0.34589],[123.37728,0.33368],[123.38157,0.33574],[123.39566,0.33642],[123.40183,0.33446],[123.39794,0.34372],[123.4055,0.34793],[123.4069,0.34585],[123.40487,0.34285],[123.40811,0.34407],[123.4106,0.35455],[123.40983,0.36108],[123.42194,0.36066],[123.4283,0.35877],[123.43517,0.36469],[123.4362,0.37569],[123.45101,0.37396],[123.45148,0.37551],[123.45379,0.37573],[123.46274,0.37065],[123.46382,0.3714],[123.46331,0.37833],[123.46701,0.37902],[123.47288,0.37584],[123.47379,0.37354],[123.47189,0.36949],[123.47347,0.36676],[123.47273,0.36438],[123.47934,0.36348],[123.48192,0.35894],[123.48279,0.35529],[123.48034,0.35374],[123.48005,0.34687],[123.48366,0.33971],[123.48083,0.33628],[123.48288,0.32539],[123.48078,0.32072],[123.47365,0.32026],[123.4713,0.32204],[123.47211,0.32381],[123.46927,0.32291],[123.46381,0.32944],[123.46365,0.33423],[123.45825,0.33756],[123.45587,0.33414],[123.44387,0.32756],[123.43843,0.31897],[123.43463,0.31658],[123.42823,0.316],[123.4158,0.3118],[123.39968,0.31543],[123.3811,0.31163],[123.36874,0.31336],[123.36742,0.31212],[123.35866,0.31447],[123.35476,0.30982],[123.34524,0.30628],[123.33405,0.31087],[123.32975,0.31116],[123.32686,0.31335],[123.3146,0.31341],[123.30088,0.31605],[123.29595,0.32038],[123.29383,0.31946],[123.29231,0.31578],[123.28671,0.31802],[123.28337,0.31747],[123.27871,0.31906],[123.27982,0.32153],[123.27852,0.32402],[123.26751,0.32238],[123.26637,0.32725],[123.26166,0.33082],[123.25366,0.33373],[123.25204,0.33715],[123.24872,0.33786],[123.24624,0.34202],[123.23662,0.34547],[123.23503,0.34891],[123.23277,0.34702],[123.22804,0.34879],[123.22179,0.36414],[123.21591,0.36523],[123.21658,0.37217],[123.20823,0.37699],[123.19463,0.39366],[123.19083,0.39371],[123.18674,0.39646],[123.17729,0.39908],[123.17186,0.39854],[123.16505,0.40073],[123.16203,0.39942],[123.15647,0.40373],[123.15567,0.40648],[123.15231,0.40815],[123.15303,0.41314],[123.14453,0.41558],[123.1462,0.42291],[123.14076,0.42272],[123.13852,0.42439],[123.13723,0.42921],[123.1325,0.43431],[123.13184,0.44093],[123.12581,0.44275],[123.12639,0.4468],[123.12475,0.44983],[123.12176,0.45094],[123.12158,0.45651],[123.11717,0.45837],[123.11624,0.46186],[123.11385,0.46162],[123.11283,0.46374],[123.10641,0.46708],[123.10436,0.46924],[123.10454,0.47133],[123.09979,0.4758],[123.09588,0.47587],[123.09103,0.47848],[123.08685,0.47808],[123.08564,0.48671],[123.07904,0.48865],[123.0779,0.49223],[123.07375,0.49345],[123.0629,0.50562],[123.05907,0.50765],[123.04914,0.50226],[123.04943,0.49434],[123.0468,0.49025],[123.04512,0.49136],[123.04415,0.49576],[123.03562,0.49796],[123.0294,0.49517],[123.02756,0.49142],[123.02354,0.49256],[123.02164,0.49581],[123.01761,0.49656],[123.01358,0.49394],[123.01019,0.48907],[123.00565,0.49113],[123.00332,0.48955],[123.00248,0.49356],[123.00029,0.49547],[122.98903,0.48475],[122.98096,0.48667],[122.97908,0.48858],[122.97626,0.48651],[122.97382,0.49035],[122.96613,0.49253],[122.96384,0.49168],[122.9615,0.49329],[122.95756,0.4911],[122.94541,0.49021],[122.94167,0.4884],[122.93991,0.48935],[122.93567,0.48675],[122.92915,0.48594],[122.91797,0.49245],[122.91581,0.4913],[122.91589,0.48699],[122.91344,0.48639],[122.90729,0.49232],[122.90369,0.49292],[122.89598,0.49085],[122.88803,0.48577],[122.88281,0.4886],[122.86629,0.49082],[122.86399,0.49247],[122.84698,0.49211],[122.83217,0.49545],[122.82363,0.49478],[122.82223,0.49807],[122.82218,0.49439],[122.8155,0.48891],[122.8044,0.49457],[122.78611,0.4946],[122.77491,0.48821],[122.77042,0.48345],[122.7635,0.48484],[122.75965,0.48311],[122.75006,0.48489],[122.74348,0.48051],[122.73734,0.48638],[122.73362,0.48546],[122.73264,0.48364],[122.72971,0.48454],[122.72648,0.48256],[122.72463,0.4848],[122.72195,0.48511],[122.7191,0.48294],[122.7099,0.48161],[122.70627,0.47877],[122.70097,0.48137],[122.69681,0.47858],[122.69676,0.47572],[122.69219,0.47331],[122.69092,0.49034],[122.68518,0.5039],[122.68038,0.50671],[122.67741,0.50647],[122.67608,0.50796],[122.67707,0.51066],[122.67639,0.51104],[122.67493,0.51128],[122.67382,0.51174],[122.6771,0.51109],[122.68027,0.50937],[122.72215,0.502],[122.73446,0.50435],[122.76222,0.50612],[122.76829,0.50771],[122.77953,0.51527],[122.80187,0.51692],[122.81936,0.51312],[122.8246,0.51023],[122.83368,0.50054],[122.84592,0.49696],[122.87182,0.49877],[122.8833,0.49703],[122.89009,0.49844],[122.89003,0.50056],[122.89099,0.50176],[122.89271,0.49935],[122.90171,0.49877],[122.91862,0.50679],[122.92488,0.50704],[122.93626,0.50441],[122.94522,0.50486],[122.95833,0.51036],[122.96371,0.51042],[122.97117,0.50765],[122.9898,0.50978],[122.99924,0.50847],[122.99942,0.52523],[122.99084,0.52399],[122.98693,0.52112],[122.98718,0.52222],[122.96671,0.52496],[122.95378,0.53116],[122.93907,0.53452],[122.92748,0.53514],[122.91238,0.54042],[122.90264,0.53906],[122.89364,0.53506],[122.88575,0.52927],[122.87059,0.52826],[122.86177,0.53443],[122.87748,0.54551],[122.87485,0.54592],[122.87424,0.5444],[122.87067,0.5489],[122.87443,0.5484],[122.87131,0.55066],[122.86696,0.54319],[122.8654,0.54532],[122.86848,0.54804],[122.86708,0.55003],[122.87016,0.55046],[122.87005,0.55227],[122.84188,0.54321],[122.84048,0.54148],[122.84194,0.54133],[122.83661,0.53714],[122.8393,0.54093],[122.83663,0.542],[122.82419,0.5408],[122.80328,0.54551],[122.78839,0.56098],[122.78554,0.56218],[122.77582,0.5519],[122.77121,0.55043],[122.76824,0.54454],[122.76526,0.54409],[122.76398,0.54686],[122.77035,0.55875],[122.76824,0.56133],[122.76372,0.56166],[122.76067,0.55336],[122.75449,0.55422],[122.74761,0.55099],[122.7473,0.54943],[122.75098,0.54887],[122.7536,0.54595],[122.74963,0.54445],[122.7516,0.5418],[122.74954,0.54077],[122.75139,0.53497],[122.74752,0.53432],[122.74687,0.53661],[122.74438,0.53581],[122.74462,0.53926],[122.74296,0.53991],[122.7443,0.54099],[122.73795,0.54333],[122.73973,0.54643],[122.73879,0.54912],[122.74014,0.54843],[122.74171,0.55149],[122.74551,0.55109],[122.74797,0.55384],[122.75137,0.56761],[122.7483,0.56163],[122.74663,0.56159],[122.7472,0.56595],[122.74444,0.5664],[122.74582,0.56776],[122.74353,0.5719],[122.74589,0.57333],[122.74644,0.56976],[122.74872,0.56854],[122.75229,0.57111],[122.75131,0.5767],[122.74863,0.57433],[122.74062,0.5761],[122.74077,0.57434],[122.73661,0.57457],[122.72966,0.56753],[122.72765,0.57001],[122.72043,0.57044],[122.71639,0.57553],[122.70938,0.58021],[122.70789,0.58403],[122.70886,0.5857],[122.71225,0.58496],[122.71321,0.58887],[122.71755,0.59122],[122.71306,0.59313],[122.71249,0.59485],[122.70906,0.59439],[122.7092,0.59692],[122.70687,0.59877],[122.69796,0.60265],[122.69436,0.60202],[122.69431,0.59744],[122.69662,0.59655],[122.6932,0.5918],[122.6918,0.59357],[122.68962,0.59062],[122.68358,0.59261],[122.67824,0.5903],[122.66931,0.59421],[122.65339,0.58649],[122.64949,0.59531],[122.63915,0.59486],[122.63758,0.59926],[122.63286,0.60162],[122.63065,0.60052],[122.63428,0.5917],[122.63286,0.58508],[122.635,0.57845],[122.63822,0.57906],[122.63821,0.57628],[122.64039,0.57871],[122.6415,0.57543],[122.6436,0.57673],[122.64407,0.57534],[122.64397,0.57411],[122.64281,0.57542],[122.63867,0.57525],[122.63942,0.56269],[122.63279,0.55709],[122.63531,0.5493],[122.63337,0.545],[122.63553,0.53909],[122.64105,0.5346],[122.65382,0.53064],[122.6595,0.51949],[122.66064,0.51844],[122.66268,0.51967],[122.66344,0.51542],[122.67215,0.51206],[122.66362,0.5128],[122.65977,0.51531],[122.64719,0.51499],[122.65016,0.50836],[122.65057,0.50182],[122.65552,0.49447],[122.6533,0.48564],[122.64342,0.47613],[122.63584,0.48561],[122.63003,0.48733],[122.62476,0.4865],[122.62357,0.48881],[122.61896,0.49116],[122.62206,0.49713],[122.61999,0.50006],[122.61589,0.49453],[122.60757,0.48866],[122.60122,0.49432],[122.5922,0.49554],[122.59192,0.49836],[122.5989,0.50308],[122.60786,0.50392],[122.6074,0.50741],[122.60248,0.50737],[122.59982,0.51295],[122.5978,0.50909],[122.5966,0.50994],[122.59505,0.50803],[122.58617,0.51115],[122.58152,0.51019],[122.58416,0.50887],[122.58411,0.50743],[122.59343,0.50375],[122.58946,0.4996],[122.59036,0.49884],[122.58967,0.4963],[122.57214,0.49695],[122.56278,0.49812],[122.56114,0.50071],[122.56649,0.50632],[122.56535,0.50706],[122.56974,0.50871],[122.56633,0.51401],[122.55776,0.51194],[122.55667,0.5144],[122.55199,0.51386],[122.55015,0.51651],[122.54816,0.5141],[122.55015,0.51185],[122.54855,0.50879],[122.54907,0.50547],[122.55641,0.50437],[122.5579,0.50031],[122.55676,0.49759],[122.5426,0.49273],[122.54134,0.49576],[122.54764,0.50582],[122.54432,0.51014],[122.5363,0.50339],[122.53564,0.50439],[122.53407,0.50136],[122.5341,0.50471],[122.53303,0.5017],[122.53254,0.50523],[122.52944,0.5074],[122.52672,0.50724],[122.52546,0.5052],[122.52309,0.50669],[122.51866,0.50403],[122.51597,0.51433],[122.51299,0.51575],[122.50746,0.51381],[122.50108,0.50828],[122.49178,0.50927],[122.48997,0.50552],[122.49152,0.50477],[122.49337,0.50788],[122.4944,0.50377],[122.49227,0.5026],[122.4889,0.50393],[122.48887,0.5018],[122.49066,0.502],[122.48703,0.50093],[122.48337,0.50581],[122.48262,0.50438],[122.48078,0.50487],[122.48026,0.50804],[122.45961,0.50588],[122.45813,0.50615],[122.45801,0.50793],[122.45701,0.50679],[122.44977,0.50784],[122.44867,0.50944],[122.45056,0.50963],[122.449,0.51129],[122.4509,0.51196],[122.44839,0.51498],[122.44909,0.51844],[122.44646,0.51812],[122.44117,0.5164],[122.43701,0.50695],[122.43412,0.50854],[122.42523,0.5089],[122.41444,0.50222],[122.4185,0.50956],[122.41833,0.51461],[122.41304,0.5147],[122.4124,0.51254],[122.41039,0.51304],[122.41028,0.51111],[122.4068,0.51194],[122.4055,0.51326],[122.40737,0.51597],[122.41138,0.51856],[122.40707,0.52047],[122.40274,0.51793],[122.40707,0.52164],[122.4038,0.52377],[122.40145,0.5216],[122.39616,0.5216],[122.395,0.51897],[122.39425,0.5209],[122.39407,0.51886],[122.39262,0.52062],[122.3898,0.52022],[122.38854,0.52317],[122.38716,0.5195],[122.38822,0.51791],[122.38599,0.51629],[122.38266,0.51907],[122.38175,0.51606],[122.38098,0.51954],[122.37871,0.52092],[122.37604,0.51591],[122.37283,0.51625],[122.36801,0.51103],[122.36943,0.50896],[122.36828,0.50685],[122.36711,0.50768],[122.36652,0.50481],[122.36292,0.50806],[122.35947,0.50686],[122.35554,0.51036],[122.34789,0.50335],[122.34805,0.50101],[122.35072,0.49996],[122.34945,0.49988],[122.35002,0.49798],[122.35294,0.49555],[122.35252,0.49321],[122.35115,0.4946],[122.34954,0.49243],[122.34985,0.49628],[122.34873,0.49553],[122.34945,0.4969],[122.34642,0.50132],[122.34469,0.49965],[122.34509,0.49591],[122.34368,0.49897],[122.34116,0.49466],[122.3415,0.49928],[122.33765,0.49514],[122.33957,0.49962],[122.33946,0.50069],[122.33722,0.5003],[122.3422,0.50378],[122.3405,0.50698],[122.33963,0.50486],[122.33694,0.51046],[122.33818,0.50593],[122.33589,0.50712],[122.33651,0.50418],[122.3349,0.50429],[122.33473,0.51236],[122.33286,0.51119],[122.32929,0.51275],[122.33261,0.50562],[122.33125,0.50457],[122.33046,0.5078],[122.32904,0.50468],[122.3272,0.50585],[122.32638,0.49478],[122.32369,0.49514],[122.32349,0.50106],[122.32083,0.49982],[122.3199,0.50163],[122.31927,0.50335],[122.32261,0.50531],[122.32174,0.50652],[122.31831,0.50916],[122.31494,0.50904],[122.31423,0.50426],[122.31701,0.49509],[122.31605,0.49469],[122.3152,0.49755],[122.31251,0.4956],[122.3122,0.49854],[122.30931,0.49823],[122.31132,0.49376],[122.31068,0.49102],[122.30508,0.49093],[122.30087,0.48708],[122.30134,0.48414],[122.29813,0.4866],[122.29773,0.48409],[122.29162,0.48847],[122.291,0.48691],[122.28695,0.48728],[122.28471,0.48988],[122.28321,0.4881],[122.28565,0.48695],[122.28475,0.48601],[122.28611,0.48458],[122.29364,0.48096],[122.28896,0.48102],[122.28751,0.47975],[122.28904,0.47879],[122.28538,0.4801],[122.28373,0.48217],[122.28185,0.47961],[122.28138,0.48232],[122.27858,0.48264],[122.2779,0.48049],[122.28174,0.47722],[122.28142,0.47678],[122.27885,0.47869],[122.27796,0.47777],[122.27508,0.48279],[122.27494,0.47676],[122.27283,0.48081],[122.27056,0.47827],[122.26801,0.47835],[122.27011,0.48351],[122.26833,0.48351],[122.26764,0.48139],[122.26588,0.48241],[122.26304,0.48084],[122.26333,0.47869],[122.26081,0.48084],[122.26096,0.48351],[122.25758,0.48397],[122.2565,0.4878],[122.25347,0.48558],[122.24881,0.48553],[122.24752,0.48267],[122.24409,0.48545],[122.2383,0.4831],[122.23895,0.48601],[122.23395,0.48733],[122.22758,0.4863],[122.22741,0.48496],[122.22898,0.48473],[122.22814,0.47984],[122.22751,0.48186],[122.225,0.4821],[122.22485,0.48417],[122.21938,0.48413],[122.20209,0.47404],[122.19841,0.47469],[122.19128,0.47984],[122.18789,0.47787],[122.18414,0.47796],[122.18323,0.47519],[122.18223,0.47665],[122.18787,0.48183],[122.18641,0.48421],[122.18378,0.48414],[122.17898,0.47746],[122.17678,0.47879],[122.17094,0.47712],[122.16858,0.47222],[122.16407,0.47387],[122.15816,0.47208],[122.15525,0.47322],[122.15249,0.47163],[122.15176,0.46913],[122.14652,0.47549],[122.14836,0.47788],[122.14646,0.48189],[122.13297,0.48865],[122.13,0.49538],[122.12536,0.49493],[122.12387,0.4977],[122.12069,0.49662],[122.11896,0.50095],[122.11576,0.50087],[122.11492,0.5033],[122.10587,0.50021],[122.09999,0.49951],[122.10257,0.49879],[122.10224,0.4968],[122.10375,0.49572],[122.10584,0.49689],[122.10502,0.49271],[122.09992,0.49273],[122.10056,0.49448],[122.09758,0.49373],[122.0974,0.49171],[122.10049,0.49011],[122.10483,0.49186],[122.10774,0.48978],[122.11462,0.49048],[122.11561,0.48814],[122.11051,0.48554],[122.10304,0.48773],[122.09835,0.48435],[122.09185,0.48457],[122.08072,0.47671],[122.0653,0.47957],[122.04887,0.47736],[122.02825,0.4677],[122.01873,0.46824],[122.01079,0.46448],[122.00347,0.46384],[121.99998,0.45956],[121.99605,0.45983],[121.9926,0.47127],[121.99661,0.47719],[121.99122,0.4811]],[[123.09213,0.9254],[123.09207,0.92542],[123.09201,0.92543],[123.09213,0.9254]],[[123.08807,0.90633],[123.08822,0.90631],[123.08835,0.90632],[123.08807,0.90633]],[[122.10933,0.50325],[122.10633,0.50443],[122.10259,0.50092],[122.10804,0.50162],[122.10933,0.50325]],[[122.09706,0.50651],[122.10043,0.50999],[122.10211,0.50967],[122.10258,0.50768],[122.10364,0.51043],[122.10789,0.51041],[122.10723,0.51316],[122.10503,0.5155],[122.09892,0.51374],[122.09649,0.51096],[122.09798,0.51109],[122.09706,0.50651]],[[122.59529,0.53095],[122.6044,0.52941],[122.608,0.5253],[122.61012,0.52506],[122.60951,0.52793],[122.61274,0.53082],[122.61536,0.52961],[122.61619,0.52782],[122.61456,0.52435],[122.61698,0.5254],[122.61989,0.52429],[122.61784,0.5226],[122.61945,0.51563],[122.62219,0.51336],[122.62483,0.51358],[122.627,0.51778],[122.6317,0.51655],[122.63302,0.52092],[122.64282,0.51505],[122.6414,0.51965],[122.63454,0.52248],[122.63539,0.52319],[122.62663,0.53042],[122.6288,0.53102],[122.62663,0.53537],[122.6272,0.54011],[122.62342,0.5431],[122.62568,0.54319],[122.62587,0.54737],[122.63234,0.5631],[122.62882,0.56342],[122.62621,0.55921],[122.6209,0.55626],[122.61811,0.56014],[122.62337,0.56346],[122.62346,0.56471],[122.61952,0.5663],[122.62026,0.5677],[122.62573,0.57009],[122.63026,0.5762],[122.62775,0.58164],[122.62632,0.5798],[122.62251,0.58026],[122.62286,0.58415],[122.6263,0.58648],[122.62482,0.58755],[122.6259,0.58864],[122.61909,0.59157],[122.61388,0.60202],[122.61222,0.60169],[122.61356,0.60253],[122.61185,0.60459],[122.60911,0.60297],[122.60986,0.6014],[122.60438,0.59811],[122.60734,0.60143],[122.60666,0.60329],[122.60918,0.60438],[122.60776,0.60638],[122.61084,0.60567],[122.6077,0.61509],[122.60274,0.6157],[122.60378,0.6143],[122.60212,0.61121],[122.59821,0.61288],[122.59468,0.60695],[122.59621,0.60364],[122.60216,0.60431],[122.60063,0.59976],[122.59567,0.59528],[122.59737,0.59093],[122.59453,0.5937],[122.59112,0.5922],[122.59222,0.59463],[122.58917,0.59416],[122.58509,0.59606],[122.58309,0.60186],[122.58636,0.60426],[122.5866,0.61015],[122.58117,0.61243],[122.5786,0.61289],[122.56957,0.60879],[122.56126,0.61124],[122.55459,0.60776],[122.54377,0.60729],[122.53951,0.60505],[122.54251,0.60492],[122.54054,0.60283],[122.54149,0.60048],[122.54421,0.60354],[122.54379,0.60218],[122.54785,0.60243],[122.54809,0.60099],[122.5514,0.60096],[122.55458,0.59829],[122.55563,0.59442],[122.55251,0.59341],[122.5506,0.59344],[122.55188,0.5985],[122.54461,0.59644],[122.55104,0.59197],[122.55336,0.59122],[122.559,0.59471],[122.56229,0.59417],[122.56755,0.5862],[122.56662,0.57798],[122.56459,0.57482],[122.56567,0.57315],[122.57244,0.57801],[122.57584,0.57532],[122.57452,0.56563],[122.57133,0.56445],[122.57098,0.56291],[122.57278,0.55905],[122.5718,0.55337],[122.56715,0.54957],[122.56772,0.54342],[122.56467,0.54177],[122.56608,0.54006],[122.57083,0.54251],[122.5726,0.53992],[122.57046,0.53739],[122.56574,0.53681],[122.56525,0.53386],[122.55978,0.52664],[122.56186,0.52801],[122.56333,0.52233],[122.56491,0.52232],[122.57098,0.53012],[122.57262,0.53018],[122.57361,0.52656],[122.57907,0.53041],[122.58239,0.53001],[122.58216,0.5326],[122.58467,0.53542],[122.5903,0.53453],[122.59529,0.53095]],[[122.53176,0.59344],[122.52851,0.59356],[122.52862,0.58986],[122.53073,0.58944],[122.53048,0.58613],[122.52853,0.58548],[122.52425,0.58671],[122.52725,0.59432],[122.52435,0.5954],[122.52223,0.58896],[122.51832,0.59114],[122.51975,0.59412],[122.52145,0.59367],[122.52053,0.59513],[122.52285,0.6003],[122.52039,0.6014],[122.52318,0.60434],[122.52133,0.60446],[122.51949,0.60191],[122.5165,0.60482],[122.51588,0.60233],[122.51415,0.60259],[122.51493,0.60594],[122.51334,0.60679],[122.516,0.60926],[122.51209,0.61547],[122.51371,0.61788],[122.50906,0.61726],[122.50406,0.61359],[122.50605,0.61249],[122.50389,0.60833],[122.50602,0.60658],[122.50705,0.60246],[122.50568,0.60003],[122.50655,0.59644],[122.50503,0.59502],[122.50898,0.58834],[122.50621,0.58367],[122.51003,0.58076],[122.51608,0.58012],[122.51958,0.57439],[122.52332,0.57511],[122.52301,0.5717],[122.52095,0.56945],[122.52245,0.56644],[122.52086,0.56452],[122.52238,0.56228],[122.52215,0.55842],[122.51895,0.55355],[122.51705,0.55234],[122.5118,0.55371],[122.5052,0.55169],[122.50549,0.54988],[122.50891,0.5498],[122.51122,0.5475],[122.51353,0.54248],[122.51981,0.54009],[122.51807,0.53548],[122.5152,0.5362],[122.5125,0.53325],[122.51488,0.53094],[122.51504,0.52951],[122.51313,0.52888],[122.51369,0.52545],[122.50615,0.52545],[122.50803,0.52078],[122.51117,0.52105],[122.51421,0.51845],[122.51549,0.51984],[122.5175,0.51904],[122.51908,0.51714],[122.51724,0.5142],[122.5183,0.51387],[122.52268,0.51776],[122.52329,0.52027],[122.52621,0.51517],[122.52875,0.51527],[122.53,0.51651],[122.52793,0.52436],[122.5335,0.52831],[122.5373,0.53439],[122.53689,0.53592],[122.54056,0.53559],[122.53806,0.55171],[122.54134,0.54974],[122.54512,0.55194],[122.54485,0.54935],[122.54745,0.54888],[122.54896,0.54981],[122.54875,0.55192],[122.54806,0.55219],[122.5474,0.55334],[122.54748,0.55392],[122.54917,0.55212],[122.54925,0.54946],[122.54829,0.5453],[122.55088,0.54478],[122.55324,0.54543],[122.55885,0.55196],[122.56469,0.55404],[122.56663,0.55648],[122.56267,0.55749],[122.55873,0.55494],[122.55716,0.55847],[122.56245,0.56175],[122.5619,0.56416],[122.55771,0.56876],[122.55399,0.56856],[122.5494,0.57071],[122.54366,0.56803],[122.54265,0.57015],[122.53997,0.56569],[122.53765,0.56593],[122.53621,0.56395],[122.53715,0.56277],[122.53476,0.56306],[122.53275,0.5652],[122.53471,0.56854],[122.53271,0.56952],[122.53096,0.56781],[122.53035,0.57048],[122.52793,0.57116],[122.5281,0.57358],[122.53034,0.57393],[122.52966,0.57723],[122.53127,0.57839],[122.53207,0.58281],[122.5378,0.58174],[122.53958,0.58273],[122.53658,0.58655],[122.53682,0.59174],[122.53252,0.59017],[122.53176,0.59344]],[[122.49408,0.53985],[122.49714,0.54288],[122.50658,0.53566],[122.50564,0.54016],[122.50063,0.54428],[122.50154,0.54653],[122.50309,0.54659],[122.50055,0.54845],[122.50204,0.55425],[122.49648,0.55618],[122.49468,0.56062],[122.49111,0.55966],[122.49023,0.55684],[122.49315,0.55511],[122.4872,0.55108],[122.48223,0.54237],[122.48537,0.53581],[122.48969,0.53445],[122.48679,0.52995],[122.48773,0.52807],[122.48928,0.52817],[122.49,0.53049],[122.49511,0.52906],[122.49337,0.53462],[122.49408,0.53985]],[[122.40393,0.57579],[122.40075,0.57867],[122.40253,0.58035],[122.40138,0.5831],[122.40325,0.58483],[122.4011,0.58865],[122.3969,0.58922],[122.3938,0.59219],[122.39278,0.59758],[122.38819,0.59854],[122.38605,0.59692],[122.38811,0.59332],[122.38682,0.58733],[122.38511,0.58604],[122.38731,0.58417],[122.3875,0.58054],[122.39064,0.5801],[122.39176,0.57818],[122.38992,0.57494],[122.39327,0.57238],[122.39138,0.56691],[122.39259,0.56364],[122.39605,0.56518],[122.39866,0.56285],[122.40014,0.56408],[122.39885,0.5665],[122.40119,0.57007],[122.40195,0.57095],[122.40404,0.56944],[122.40393,0.57579]],[[122.83816,0.73422],[122.83949,0.72706],[122.84246,0.7242],[122.84536,0.72667],[122.8495,0.72337],[122.85282,0.72372],[122.84672,0.73174],[122.84217,0.73373],[122.83816,0.73422]],[[122.3368,0.99502],[122.33908,1.00145],[122.34365,1.00179],[122.3425,1.00301],[122.34425,1.00325],[122.34437,1.00478],[122.34486,1.00215],[122.34769,1.00145],[122.34788,1.00267],[122.34992,1.00047],[122.35438,1.00806],[122.35126,1.01131],[122.34977,1.00974],[122.34777,1.0112],[122.3395,1.01181],[122.33598,1.01053],[122.33691,1.00379],[122.33584,1.00123],[122.3368,0.99502]],[[122.31359,1.00231],[122.31586,0.99651],[122.32224,0.99781],[122.32747,0.99312],[122.32982,0.99412],[122.33199,0.99174],[122.33418,0.99652],[122.33311,1.00012],[122.33494,1.00234],[122.33528,1.00863],[122.33471,1.01007],[122.33226,1.00925],[122.329,1.01252],[122.32653,1.01205],[122.32223,1.00815],[122.32272,1.00429],[122.32063,1.00361],[122.31965,1.00032],[122.31359,1.00231]]],[[[122.3607,0.7381],[122.3581,0.73898],[122.35855,0.73962],[122.36049,0.73956],[122.3607,0.7381]]],[[[122.78556,0.74025],[122.77987,0.74059],[122.76909,0.74481],[122.76608,0.74873],[122.76698,0.75584],[122.77253,0.76006],[122.78755,0.75714],[122.78922,0.7601],[122.79423,0.76114],[122.79733,0.75795],[122.79758,0.7526],[122.79101,0.7506],[122.79196,0.74256],[122.78556,0.74025]]],[[[122.68524,0.76113],[122.68133,0.7634],[122.68219,0.76369],[122.68524,0.76113]]],[[[122.45365,0.80191],[122.45889,0.80052],[122.45886,0.80181],[122.45979,0.79662],[122.45825,0.79577],[122.45339,0.79932],[122.45365,0.80191]]],[[[122.42705,0.80572],[122.41956,0.80452],[122.42235,0.79732],[122.41987,0.7963],[122.41565,0.80188],[122.41618,0.80904],[122.42055,0.8106],[122.42136,0.81432],[122.42323,0.81489],[122.42412,0.81001],[122.42154,0.80895],[122.42318,0.80591],[122.42539,0.80844],[122.42705,0.80572]]],[[[122.51537,0.80683],[122.51516,0.8063],[122.51397,0.80663],[122.51537,0.80683]]],[[[122.43247,0.81664],[122.4381,0.816],[122.43808,0.81243],[122.44088,0.8107],[122.43575,0.81343],[122.43247,0.81664]]],[[[122.40219,0.80778],[122.40094,0.80974],[122.39769,0.8105],[122.399,0.812],[122.39748,0.8125],[122.39704,0.8159],[122.39898,0.81688],[122.40376,0.8146],[122.40281,0.81847],[122.40427,0.82089],[122.40755,0.81864],[122.40724,0.81588],[122.40952,0.81689],[122.41029,0.81583],[122.40219,0.80778]]],[[[122.45867,0.83148],[122.45965,0.83225],[122.46068,0.82929],[122.46499,0.83097],[122.46325,0.82767],[122.46564,0.83072],[122.46643,0.82284],[122.46376,0.82089],[122.46129,0.82278],[122.45744,0.82002],[122.45597,0.82077],[122.4568,0.81856],[122.45447,0.81683],[122.45483,0.81554],[122.4521,0.8151],[122.45176,0.8112],[122.44864,0.80873],[122.45103,0.8067],[122.44988,0.8045],[122.44183,0.80944],[122.44132,0.81345],[122.44286,0.81572],[122.4399,0.8161],[122.44184,0.81793],[122.44057,0.82051],[122.44267,0.82228],[122.44249,0.82527],[122.44096,0.82615],[122.44438,0.82951],[122.44588,0.82061],[122.44472,0.81771],[122.44717,0.81637],[122.44699,0.81968],[122.4497,0.81953],[122.45286,0.82219],[122.45354,0.82517],[122.45636,0.82442],[122.45627,0.82673],[122.45713,0.82583],[122.45846,0.82719],[122.45418,0.83387],[122.45674,0.84525],[122.45949,0.84403],[122.45867,0.83148]]],[[[122.81689,0.84813],[122.81722,0.84706],[122.81619,0.8467],[122.81689,0.84813]]],[[[122.81593,0.84871],[122.81584,0.84898],[122.8159,0.84898],[122.81593,0.84871]]],[[[122.80517,0.86398],[122.80532,0.86494],[122.80685,0.86493],[122.80945,0.86084],[122.80517,0.86398]]],[[[122.8028,0.86712],[122.80291,0.86654],[122.79957,0.86772],[122.80076,0.86867],[122.8028,0.86712]]],[[[122.8067,0.87426],[122.80808,0.87474],[122.80797,0.87413],[122.8067,0.87426]]],[[[122.79876,0.87459],[122.79937,0.87557],[122.80012,0.87466],[122.79876,0.87459]]],[[[122.73891,0.88462],[122.73886,0.88539],[122.7422,0.88517],[122.74219,0.88302],[122.73891,0.88462]]],[[[122.81837,0.89056],[122.81825,0.88979],[122.81748,0.8899],[122.81837,0.89056]]],[[[122.81561,0.89181],[122.81505,0.89183],[122.81523,0.89219],[122.81561,0.89181]]],[[[122.78546,0.88102],[122.78438,0.88567],[122.77885,0.88965],[122.7761,0.89372],[122.75993,0.90141],[122.75593,0.90622],[122.75629,0.90901],[122.75878,0.91067],[122.76699,0.91091],[122.76987,0.91214],[122.77013,0.91377],[122.77209,0.91351],[122.77658,0.90963],[122.77466,0.9073],[122.77685,0.89806],[122.78139,0.90116],[122.78126,0.90346],[122.78812,0.90355],[122.79261,0.90149],[122.791,0.89943],[122.79338,0.89562],[122.79691,0.89841],[122.79836,0.89638],[122.79762,0.89236],[122.8025,0.89113],[122.8077,0.89468],[122.80942,0.89428],[122.81029,0.89146],[122.81317,0.89237],[122.81167,0.88807],[122.8074,0.88712],[122.80883,0.88422],[122.80594,0.88373],[122.80626,0.88145],[122.80894,0.88031],[122.80677,0.87887],[122.80675,0.87478],[122.8009,0.87414],[122.79984,0.87554],[122.79711,0.87735],[122.79358,0.87572],[122.78546,0.88102]]],[[[122.7382,0.91017],[122.73856,0.9119],[122.74057,0.91015],[122.73966,0.90899],[122.7382,0.91017]]],[[[122.53061,0.98676],[122.52263,0.98684],[122.52084,0.99117],[122.52356,0.99341],[122.52306,0.99149],[122.52514,0.98872],[122.53061,0.98676]]],[[[122.51819,0.99185],[122.51799,0.99218],[122.51816,0.99229],[122.51819,0.99185]]],[[[122.39272,1.01495],[122.39233,1.01513],[122.39257,1.01574],[122.39272,1.01495]]],[[[123.16848,0.45101],[123.16993,0.45171],[123.16854,0.45065],[123.16848,0.45101]]],[[[123.4687,0.51424],[123.4776,0.51227],[123.477,0.50855],[123.47936,0.50507],[123.47398,0.49834],[123.46805,0.49747],[123.46546,0.50129],[123.46066,0.50251],[123.45973,0.4974],[123.45509,0.49256],[123.44838,0.49769],[123.44389,0.49469],[123.43664,0.49867],[123.42892,0.49255],[123.42498,0.493],[123.42474,0.48985],[123.42285,0.48822],[123.41864,0.49159],[123.41493,0.49047],[123.41121,0.49183],[123.41253,0.49428],[123.40984,0.50085],[123.40723,0.49963],[123.40412,0.5025],[123.39714,0.50407],[123.39205,0.50935],[123.39372,0.52371],[123.39858,0.52647],[123.40905,0.52727],[123.41812,0.53025],[123.42406,0.52561],[123.42805,0.52683],[123.43985,0.52506],[123.44635,0.52585],[123.45907,0.53206],[123.46223,0.52617],[123.46885,0.52175],[123.4687,0.51424]]],[[[122.97638,0.51094],[122.97676,0.51069],[122.97654,0.50966],[122.97638,0.51094]]],[[[122.86178,0.53436],[122.86153,0.53341],[122.86161,0.53375],[122.86178,0.53436]]],[[[122.85723,0.67409],[122.85468,0.67769],[122.85669,0.67713],[122.85723,0.67409]]],[[[122.85338,0.67764],[122.85375,0.67765],[122.85356,0.6772],[122.85338,0.67764]]],[[[122.85422,0.67969],[122.85396,0.67922],[122.85363,0.68046],[122.85422,0.67969]]],[[[122.85329,0.6815],[122.85354,0.68096],[122.85339,0.68095],[122.85329,0.6815]]],[[[122.85596,0.68384],[122.85597,0.68561],[122.85652,0.68451],[122.85542,0.68299],[122.85411,0.68256],[122.85596,0.68384]]],[[[123.09887,0.71417],[123.09745,0.71573],[123.09859,0.71872],[123.11009,0.71545],[123.11549,0.70721],[123.11549,0.70494],[123.11375,0.70297],[123.11241,0.70529],[123.10842,0.70495],[123.10625,0.70764],[123.10597,0.71147],[123.09887,0.71417]]],[[[123.03476,0.71535],[123.03486,0.7165],[123.0365,0.7163],[123.03476,0.71535]]],[[[123.03845,0.7162],[123.03794,0.71657],[123.03855,0.71735],[123.03845,0.7162]]],[[[123.06046,0.75237],[123.0607,0.75489],[123.06277,0.75468],[123.06221,0.75326],[123.06371,0.75301],[123.06046,0.75237]]],[[[122.90721,0.85666],[122.90733,0.85515],[122.90658,0.85622],[122.90721,0.85666]]],[[[122.89835,0.85586],[122.89876,0.85695],[122.89924,0.85655],[122.89835,0.85586]]],[[[122.87724,0.87011],[122.87709,0.87124],[122.87754,0.87104],[122.87724,0.87011]]],[[[122.88159,0.89116],[122.86976,0.89364],[122.86748,0.89142],[122.86674,0.89343],[122.86564,0.89201],[122.86219,0.89217],[122.85231,0.89713],[122.85721,0.89969],[122.86502,0.89887],[122.87003,0.89409],[122.87707,0.89745],[122.88332,0.89668],[122.88591,0.89049],[122.89107,0.89011],[122.89198,0.88297],[122.88734,0.87469],[122.88759,0.87264],[122.89356,0.87059],[122.89245,0.86633],[122.89427,0.86631],[122.89542,0.86911],[122.89795,0.8661],[122.8983,0.86112],[122.89524,0.85907],[122.89565,0.86136],[122.8943,0.861],[122.89418,0.85517],[122.87873,0.86509],[122.87945,0.87111],[122.88097,0.87287],[122.88501,0.8735],[122.88304,0.87579],[122.88406,0.88069],[122.88159,0.89116]]],[[[123.04992,0.88054],[123.05137,0.88749],[123.0576,0.88703],[123.05596,0.87289],[123.05317,0.87092],[123.05073,0.87251],[123.04992,0.88054]]],[[[122.84599,0.90615],[122.84796,0.90576],[122.84826,0.90346],[122.84601,0.90392],[122.84599,0.90615]]],[[[123.06375,0.92312],[123.06385,0.92316],[123.06373,0.92299],[123.06375,0.92312]]],[[[122.87611,0.92433],[122.8786,0.92235],[122.87763,0.92028],[122.87371,0.92114],[122.87308,0.92268],[122.87526,0.92461],[122.872,0.92619],[122.87967,0.92639],[122.87611,0.92433]]],[[[122.86143,0.92349],[122.8609,0.9241],[122.8618,0.92358],[122.86143,0.92349]]],[[[123.06444,0.92404],[123.06438,0.92395],[123.06439,0.92399],[123.06444,0.92404]]],[[[123.06481,0.9242],[123.06457,0.92401],[123.0646,0.92416],[123.06481,0.9242]]],[[[123.07575,0.92245],[123.08061,0.92657],[123.0802,0.92862],[123.08374,0.93034],[123.08599,0.92863],[123.08507,0.92278],[123.08335,0.9229],[123.08049,0.91941],[123.07599,0.92082],[123.07575,0.92245]]],[[[122.86453,0.92434],[122.86336,0.9273],[122.86566,0.92652],[122.86453,0.92434]]],[[[122.85753,0.94013],[122.85883,0.9398],[122.85717,0.93647],[122.85753,0.94013]]],[[[123.03788,0.94521],[123.03769,0.94579],[123.03838,0.94577],[123.03788,0.94521]]],[[[123.03772,0.94999],[123.03707,0.95153],[123.03868,0.95149],[123.03892,0.95],[123.03772,0.94999]]],[[[122.93982,0.95394],[122.93882,0.95338],[122.93853,0.95375],[122.93982,0.95394]]],[[[122.93797,0.95714],[122.93813,0.95656],[122.93779,0.95655],[122.93797,0.95714]]],[[[122.89304,0.9675],[122.88971,0.9638],[122.89014,0.96596],[122.89304,0.9675]]],[[[122.88932,0.96693],[122.88963,0.96695],[122.88957,0.96637],[122.88932,0.96693]]],[[[122.93259,0.98232],[122.92892,0.98577],[122.93134,0.98851],[122.93493,0.98473],[122.93259,0.98232]]]]},"properties":{"fungsi":"APL"}},{"type":"Feature","geometry":{"type":"MultiPolygon","coordinates":[[[[121.73377,0.5813],[121.73951,0.5764],[121.74938,0.57632],[121.75746,0.58148],[121.76723,0.58312],[121.77033,0.59043],[121.77811,0.59204],[121.79176,0.60042],[121.7909,0.59662],[121.78758,0.59528],[121.7886,0.59301],[121.78438,0.59241],[121.78598,0.59026],[121.79061,0.59328],[121.79214,0.58922],[121.80012,0.58466],[121.79949,0.58116],[121.79548,0.57918],[121.79503,0.57708],[121.79604,0.57431],[121.79872,0.57333],[121.80214,0.56541],[121.7993,0.56791],[121.79672,0.56681],[121.79118,0.56863],[121.79127,0.56534],[121.79432,0.5634],[121.79172,0.56352],[121.78649,0.56858],[121.78148,0.5677],[121.78011,0.56598],[121.77167,0.56362],[121.77017,0.55954],[121.76476,0.5562],[121.75775,0.55809],[121.75065,0.55731],[121.74964,0.56461],[121.74676,0.56554],[121.74437,0.56322],[121.73859,0.5645],[121.73719,0.56617],[121.73577,0.56512],[121.7369,0.56174],[121.73248,0.55705],[121.73113,0.54968],[121.72435,0.55025],[121.72493,0.55313],[121.72096,0.55414],[121.71991,0.55725],[121.72074,0.56168],[121.71686,0.56275],[121.71768,0.56499],[121.71396,0.56932],[121.71456,0.57511],[121.7107,0.57599],[121.70831,0.57051],[121.70455,0.57415],[121.70081,0.5714],[121.69669,0.58136],[121.69044,0.58787],[121.69633,0.59401],[121.69814,0.59331],[121.70084,0.59601],[121.70301,0.59516],[121.70362,0.59189],[121.70699,0.58909],[121.71464,0.58986],[121.71539,0.59091],[121.71389,0.59256],[121.71719,0.59361],[121.71766,0.5965],[121.72184,0.59489],[121.72157,0.59979],[121.73377,0.5813]]],[[[121.79076,0.59613],[121.79063,0.59339],[121.78915,0.59337],[121.79076,0.59613]]],[[[121.83817,0.60516],[121.84197,0.60542],[121.84544,0.60353],[121.84914,0.60607],[121.84524,0.6103],[121.84471,0.61808],[121.85166,0.62556],[121.85232,0.62941],[121.85693,0.62947],[121.85594,0.62391],[121.8491,0.61719],[121.8496,0.61127],[121.85151,0.60991],[121.85514,0.61181],[121.86138,0.6111],[121.8621,0.60711],[121.86442,0.60491],[121.86394,0.60289],[121.85895,0.60182],[121.8552,0.60295],[121.84449,0.59825],[121.83937,0.60086],[121.8336,0.59611],[121.83211,0.59671],[121.83117,0.6011],[121.83817,0.60516]]],[[[121.71529,0.63594],[121.71724,0.61407],[121.71995,0.60437],[121.71614,0.60741],[121.71562,0.60464],[121.71352,0.60382],[121.71404,0.60104],[121.70962,0.60284],[121.70827,0.60141],[121.70909,0.59976],[121.70302,0.59849],[121.70069,0.60044],[121.69745,0.60055],[121.68997,0.61173],[121.69158,0.61364],[121.70286,0.61761],[121.7071,0.62377],[121.70903,0.62994],[121.7071,0.63611],[121.70522,0.63673],[121.70834,0.63859],[121.71529,0.63594]]],[[[121.48222,0.65147],[121.47972,0.65148],[121.48119,0.65755],[121.48621,0.66357],[121.49253,0.65889],[121.48682,0.65678],[121.48222,0.65147]]],[[[121.5926,0.74773],[121.58965,0.74169],[121.58443,0.74225],[121.58435,0.74053],[121.58323,0.73955],[121.5784,0.73899],[121.57956,0.73773],[121.57612,0.73272],[121.57399,0.7329],[121.57165,0.73462],[121.56937,0.73151],[121.56575,0.72982],[121.56605,0.72737],[121.55941,0.72371],[121.55924,0.71479],[121.5561,0.7076],[121.55673,0.70451],[121.55636,0.70346],[121.55219,0.70053],[121.55244,0.69543],[121.54552,0.68706],[121.52904,0.6867],[121.52509,0.68784],[121.51591,0.69245],[121.50941,0.6971],[121.50674,0.69653],[121.50373,0.69951],[121.50063,0.69921],[121.50151,0.70038],[121.50463,0.69958],[121.50673,0.69691],[121.50952,0.69753],[121.51764,0.69196],[121.52915,0.68707],[121.54544,0.68743],[121.55215,0.69565],[121.55183,0.70075],[121.55607,0.70372],[121.55574,0.70768],[121.55878,0.71404],[121.55912,0.72396],[121.56579,0.72785],[121.56548,0.73007],[121.57166,0.73497],[121.57578,0.73319],[121.57916,0.73773],[121.57799,0.73923],[121.58295,0.73991],[121.58414,0.74249],[121.5898,0.74254],[121.5926,0.74773]]],[[[121.44941,0.74611],[121.44221,0.73845],[121.44333,0.74324],[121.44941,0.74611]]],[[[121.4693,0.74933],[121.47691,0.74965],[121.47425,0.74832],[121.4693,0.74933]]],[[[121.52348,0.73805],[121.51781,0.74017],[121.51474,0.74373],[121.5159,0.74346],[121.52228,0.75522],[121.52608,0.75644],[121.53039,0.75486],[121.53268,0.75938],[121.53749,0.75508],[121.53928,0.76002],[121.54318,0.75998],[121.53891,0.75707],[121.53552,0.74903],[121.53056,0.74619],[121.52348,0.73805]]],[[[121.21342,0.76353],[121.22043,0.76633],[121.22231,0.77081],[121.22797,0.77576],[121.23647,0.78037],[121.24372,0.78175],[121.24467,0.78018],[121.23896,0.77911],[121.23545,0.77477],[121.23225,0.77485],[121.23515,0.77279],[121.23492,0.77035],[121.22959,0.76997],[121.22921,0.76601],[121.22334,0.76327],[121.22304,0.76129],[121.22814,0.7555],[121.22524,0.7513],[121.23027,0.74765],[121.2302,0.74491],[121.22357,0.74841],[121.21999,0.7481],[121.22052,0.74521],[121.22555,0.74033],[121.22204,0.73835],[121.22182,0.73561],[121.21618,0.73431],[121.21481,0.72913],[121.21176,0.72593],[121.20597,0.72609],[121.20186,0.7203],[121.20246,0.7174],[121.19904,0.71717],[121.1976,0.71762],[121.1976,0.72794],[121.21342,0.76353]]],[[[121.66092,0.75239],[121.66034,0.75027],[121.65553,0.75123],[121.65997,0.75113],[121.66092,0.75239]]],[[[121.49196,0.75788],[121.48554,0.75898],[121.48384,0.76203],[121.49109,0.76382],[121.49317,0.76167],[121.49711,0.76576],[121.50063,0.76232],[121.50055,0.7583],[121.50364,0.75314],[121.51403,0.74369],[121.51196,0.74459],[121.504,0.7423],[121.49904,0.74372],[121.49338,0.75044],[121.49196,0.75788]]],[[[121.31849,0.759],[121.3162,0.76147],[121.32004,0.76195],[121.32299,0.75938],[121.31849,0.759]]],[[[121.54394,0.76063],[121.54357,0.76032],[121.54388,0.76116],[121.54394,0.76063]]],[[[121.30218,0.76281],[121.30729,0.76089],[121.31355,0.7612],[121.31408,0.75984],[121.30966,0.759],[121.30326,0.76037],[121.30218,0.76281]]],[[[121.53928,0.76218],[121.5387,0.7649],[121.54222,0.771],[121.54321,0.76396],[121.53928,0.76218]]],[[[121.26174,0.77591],[121.26009,0.77693],[121.26869,0.77789],[121.28746,0.77541],[121.29259,0.77192],[121.26174,0.77591]]],[[[121.5557,0.82126],[121.5568,0.81796],[121.5554,0.82131],[121.5557,0.82126]]],[[[121.99422,0.46364],[121.99438,0.46635],[121.99605,0.45983],[121.99422,0.46364]]],[[[121.99125,0.47178],[121.99317,0.4726],[121.99332,0.46935],[121.99125,0.47178]]],[[[121.99376,0.47875],[121.99661,0.47719],[121.99317,0.4726],[121.99124,0.47565],[121.99376,0.47875]]],[[[121.99032,0.52154],[121.98872,0.51666],[121.98324,0.51529],[121.98181,0.50435],[121.97854,0.5034],[121.98045,0.49988],[121.98449,0.50244],[121.98723,0.4981],[121.98895,0.50036],[121.98984,0.49834],[121.98922,0.49373],[121.9825,0.49093],[121.97824,0.48674],[121.98173,0.48499],[121.97776,0.48089],[121.97932,0.47621],[121.97468,0.47776],[121.97402,0.47484],[121.97194,0.47805],[121.96904,0.47708],[121.97108,0.49211],[121.97597,0.49552],[121.97692,0.50167],[121.96974,0.50597],[121.96569,0.51125],[121.97108,0.51601],[121.96477,0.51783],[121.96152,0.52337],[121.96678,0.52615],[122.00156,0.5249],[121.99689,0.52121],[121.99032,0.52154]]],[[[121.95615,0.52884],[121.95665,0.53171],[121.9592,0.5309],[121.95837,0.52318],[121.9554,0.51879],[121.95261,0.52842],[121.95615,0.52884]]],[[[122.08782,0.55512],[122.08832,0.5381],[122.08158,0.52792],[122.08419,0.52275],[122.0791,0.51987],[122.07894,0.51817],[122.0718,0.5126],[122.07001,0.50869],[122.0655,0.50797],[122.06528,0.50481],[122.05673,0.49771],[122.05472,0.49674],[122.0523,0.4989],[122.0515,0.49219],[122.04907,0.49623],[122.04573,0.49804],[122.04487,0.49278],[122.03973,0.49364],[122.04029,0.48777],[122.0386,0.48519],[122.03478,0.48984],[122.03245,0.4961],[122.03144,0.48628],[122.02376,0.48245],[122.01564,0.48303],[122.01225,0.47884],[122.00819,0.47985],[122.00693,0.47925],[122.00846,0.47861],[122.00223,0.47824],[121.99908,0.48324],[121.99279,0.4859],[121.99197,0.48338],[121.98929,0.48473],[121.98713,0.4839],[121.98675,0.48729],[121.99073,0.48996],[122.01298,0.49239],[122.014,0.49429],[122.0178,0.49471],[122.01959,0.49655],[122.02244,0.49548],[122.0228,0.49852],[122.02696,0.50161],[122.04056,0.5042],[122.04466,0.50295],[122.05228,0.50372],[122.05585,0.50557],[122.05823,0.50991],[122.06468,0.51547],[122.07741,0.52166],[122.07619,0.52668],[122.08089,0.53406],[122.07554,0.53959],[122.07789,0.54843],[122.07235,0.5492],[122.07188,0.55253],[122.07658,0.55557],[122.07863,0.5638],[122.08666,0.56957],[122.08776,0.57888],[122.0918,0.58346],[122.09237,0.5901],[122.09838,0.59795],[122.09255,0.60003],[122.09671,0.60402],[122.09665,0.61597],[122.09826,0.6171],[122.10105,0.6149],[122.10195,0.60836],[122.10581,0.59979],[122.1102,0.59696],[122.10732,0.59364],[122.11412,0.58712],[122.10866,0.5815],[122.10088,0.5879],[122.09767,0.58141],[122.09806,0.57472],[122.08782,0.55512]]],[[[122.13642,0.56034],[122.1322,0.56802],[122.14269,0.57852],[122.15759,0.58804],[122.17536,0.5893],[122.18881,0.59823],[122.19677,0.59909],[122.20059,0.5968],[122.20472,0.5812],[122.20093,0.55989],[122.20234,0.54554],[122.19723,0.54603],[122.1945,0.53851],[122.19308,0.53937],[122.19148,0.53307],[122.18927,0.5327],[122.18935,0.53141],[122.18185,0.52976],[122.17942,0.5256],[122.17442,0.52512],[122.17024,0.52659],[122.1717,0.53616],[122.17628,0.53949],[122.17618,0.54451],[122.17279,0.54272],[122.1704,0.54619],[122.16865,0.54543],[122.16536,0.54837],[122.16215,0.54258],[122.15746,0.55899],[122.15864,0.56056],[122.15792,0.56533],[122.16165,0.56829],[122.1608,0.56978],[122.14887,0.5709],[122.14501,0.56963],[122.1461,0.56445],[122.15061,0.56183],[122.14994,0.55476],[122.15382,0.54998],[122.13995,0.55166],[122.13605,0.5441],[122.13642,0.56034]]],[[[121.88518,0.63614],[121.88295,0.63894],[121.88098,0.63817],[121.88029,0.63914],[121.88344,0.64512],[121.8895,0.64519],[121.89246,0.64993],[121.89563,0.65055],[121.89525,0.65404],[121.89299,0.65086],[121.88879,0.65236],[121.88879,0.6585],[121.89402,0.6666],[121.89127,0.68797],[121.91369,0.69079],[121.91295,0.68744],[121.90848,0.68783],[121.91019,0.68202],[121.90237,0.67883],[121.89956,0.67112],[121.89584,0.66783],[121.89416,0.66213],[121.90174,0.6536],[121.89728,0.64557],[121.89954,0.63962],[121.89931,0.62659],[121.89473,0.62612],[121.88765,0.6329],[121.88295,0.63165],[121.87906,0.63364],[121.88518,0.63614]]],[[[122.35915,0.70543],[122.36658,0.70818],[122.37373,0.70809],[122.3728,0.70101],[122.37142,0.70036],[122.36947,0.70239],[122.36921,0.69565],[122.36669,0.69472],[122.35915,0.70543]]],[[[122.3571,0.74379],[122.35303,0.74627],[122.32635,0.74473],[122.32216,0.74249],[122.31735,0.74973],[122.31244,0.76341],[122.32126,0.7591],[122.33527,0.7559],[122.34362,0.75006],[122.36656,0.75167],[122.38584,0.75586],[122.39319,0.75898],[122.39847,0.75705],[122.39301,0.75389],[122.38881,0.75439],[122.38391,0.74845],[122.37489,0.74977],[122.37242,0.7426],[122.36671,0.74184],[122.37276,0.73911],[122.3743,0.73193],[122.37685,0.72865],[122.37133,0.72802],[122.3571,0.74379]]],[[[122.80254,0.76347],[122.7934,0.77071],[122.7866,0.77103],[122.77229,0.76758],[122.76612,0.77117],[122.75933,0.7795],[122.75465,0.78195],[122.75232,0.7875],[122.74535,0.79655],[122.7448,0.79981],[122.75281,0.80813],[122.76514,0.80024],[122.77314,0.80074],[122.78403,0.80631],[122.7853,0.80268],[122.79456,0.80268],[122.79519,0.80073],[122.80122,0.79796],[122.80482,0.79432],[122.80427,0.79312],[122.79354,0.79238],[122.79067,0.78671],[122.79365,0.78474],[122.80217,0.78329],[122.80247,0.77226],[122.81116,0.76666],[122.81083,0.76439],[122.81383,0.7588],[122.81339,0.75522],[122.81101,0.75235],[122.80989,0.75408],[122.8093,0.75378],[122.81072,0.75199],[122.80814,0.75492],[122.80254,0.76347]]],[[[122.44745,0.80668],[122.45534,0.79741],[122.46457,0.79283],[122.46055,0.78155],[122.45808,0.78473],[122.45535,0.78514],[122.44836,0.79046],[122.4453,0.7986],[122.44583,0.8016],[122.44888,0.80298],[122.44712,0.80606],[122.44759,0.80404],[122.44366,0.79927],[122.44264,0.79186],[122.43823,0.78983],[122.43055,0.79228],[122.42865,0.79025],[122.425,0.79011],[122.42389,0.7886],[122.42514,0.78567],[122.42247,0.78585],[122.42118,0.78247],[122.41847,0.78097],[122.41216,0.79345],[122.41025,0.78964],[122.4091,0.79253],[122.40717,0.78845],[122.40316,0.78795],[122.4042,0.78439],[122.40207,0.78394],[122.39737,0.78614],[122.39583,0.78523],[122.39642,0.78727],[122.39232,0.78969],[122.39461,0.78808],[122.3944,0.78496],[122.39136,0.79113],[122.38932,0.79059],[122.38717,0.79277],[122.38104,0.79348],[122.37852,0.79525],[122.37462,0.79432],[122.38414,0.80317],[122.38504,0.80096],[122.3911,0.80009],[122.40124,0.80502],[122.40689,0.81186],[122.4185,0.82126],[122.42592,0.82295],[122.43138,0.81625],[122.44745,0.80668]],[[122.42323,0.81489],[122.42136,0.81432],[122.42055,0.8106],[122.41618,0.80904],[122.41565,0.80188],[122.41987,0.7963],[122.42235,0.79732],[122.41956,0.80452],[122.42705,0.80572],[122.42593,0.80849],[122.42318,0.80591],[122.42154,0.80895],[122.42412,0.81001],[122.42323,0.81489]]],[[[122.69478,0.83532],[122.691,0.83489],[122.69274,0.82748],[122.69762,0.82306],[122.69772,0.82744],[122.6998,0.82901],[122.7015,0.83531],[122.69573,0.83885],[122.69324,0.84274],[122.70397,0.84412],[122.70565,0.84321],[122.71011,0.82974],[122.73339,0.81461],[122.73599,0.8031],[122.73549,0.79257],[122.73301,0.78873],[122.72672,0.78873],[122.71693,0.79234],[122.71496,0.79622],[122.71442,0.80788],[122.70846,0.81057],[122.7066,0.81439],[122.70276,0.81687],[122.67995,0.81424],[122.66409,0.80579],[122.66204,0.80608],[122.66206,0.81079],[122.66923,0.82625],[122.67896,0.83314],[122.68397,0.84103],[122.69478,0.83532]]],[[[122.48596,0.97275],[122.48941,0.97051],[122.49062,0.96751],[122.4961,0.96443],[122.49671,0.95976],[122.49894,0.95712],[122.50787,0.9553],[122.5103,0.95327],[122.51436,0.95327],[122.51715,0.95939],[122.52511,0.95997],[122.52755,0.9553],[122.52369,0.94536],[122.52532,0.94231],[122.53302,0.94069],[122.54134,0.94333],[122.54398,0.94252],[122.55292,0.93336],[122.56227,0.92903],[122.56047,0.92972],[122.55003,0.92294],[122.5469,0.93001],[122.54435,0.93217],[122.536,0.92681],[122.5363,0.92876],[122.53374,0.9309],[122.53381,0.93506],[122.53107,0.93372],[122.52942,0.93489],[122.52692,0.93154],[122.52323,0.93137],[122.52341,0.93569],[122.5194,0.93618],[122.51873,0.93903],[122.51586,0.93874],[122.50752,0.94744],[122.50554,0.95184],[122.50279,0.95273],[122.4976,0.95083],[122.49326,0.94703],[122.49014,0.94921],[122.48784,0.94818],[122.48435,0.95033],[122.48461,0.95204],[122.47929,0.95728],[122.47628,0.95905],[122.47496,0.95742],[122.46935,0.96195],[122.46952,0.96889],[122.47424,0.972],[122.48596,0.97275]]],[[[122.1368,0.973],[122.14529,0.97535],[122.1581,0.96447],[122.13947,0.9574],[122.12956,0.95602],[122.12633,0.95954],[122.12846,0.96502],[122.1368,0.973]]]]},"properties":{"fungsi":"HPK"}},{"type":"Feature","geometry":{"type":"MultiPolygon","coordinates":[[[[121.88092,0.55837],[121.86839,0.55904],[121.86438,0.55732],[121.86151,0.56372],[121.85683,0.56286],[121.8575,0.55474],[121.85339,0.54968],[121.85415,0.5469],[121.84985,0.54632],[121.84899,0.55674],[121.84583,0.55942],[121.84296,0.55674],[121.84,0.55875],[121.84048,0.56276],[121.83847,0.5686],[121.83157,0.57711],[121.84886,0.57442],[121.8516,0.57502],[121.85829,0.58094],[121.87482,0.58197],[121.8794,0.58519],[121.88307,0.59447],[121.888,0.60068],[121.89577,0.6022],[121.90458,0.59946],[121.91368,0.60398],[121.9151,0.60214],[121.91436,0.59899],[121.90758,0.59007],[121.90151,0.58757],[121.9015,0.58574],[121.90447,0.58467],[121.90424,0.58239],[121.89639,0.58019],[121.89402,0.56946],[121.89144,0.5665],[121.89268,0.56191],[121.88714,0.56276],[121.88092,0.55837]]],[[[121.36023,0.64952],[121.36979,0.64598],[121.38219,0.65023],[121.39883,0.63288],[121.40485,0.63359],[121.42078,0.6559],[121.42858,0.65873],[121.43459,0.65696],[121.44026,0.64846],[121.44557,0.64386],[121.45354,0.64333],[121.45779,0.64581],[121.46133,0.65147],[121.46983,0.65404],[121.47424,0.63996],[121.48465,0.62879],[121.49853,0.62069],[121.50084,0.61606],[121.50123,0.60642],[121.49776,0.59563],[121.49737,0.58908],[121.5025,0.58258],[121.50029,0.58264],[121.49751,0.57859],[121.49254,0.57918],[121.49376,0.57564],[121.49286,0.56896],[121.48817,0.56725],[121.47673,0.56824],[121.47128,0.56465],[121.46772,0.55713],[121.46439,0.55857],[121.46381,0.5607],[121.46863,0.5704],[121.46431,0.58747],[121.4539,0.58908],[121.45275,0.58815],[121.45381,0.58711],[121.45572,0.58815],[121.45765,0.58672],[121.45685,0.58454],[121.46003,0.58049],[121.45978,0.57756],[121.4565,0.57255],[121.45179,0.56937],[121.45042,0.56556],[121.44757,0.56486],[121.44577,0.55221],[121.44265,0.54833],[121.43732,0.54808],[121.43613,0.54527],[121.43318,0.54438],[121.43246,0.54328],[121.43505,0.53928],[121.43204,0.53807],[121.42715,0.53718],[121.40935,0.53929],[121.40851,0.54175],[121.40563,0.53978],[121.40372,0.54136],[121.40285,0.53892],[121.39136,0.53766],[121.37706,0.53369],[121.34564,0.53353],[121.34763,0.53696],[121.347,0.54033],[121.35592,0.54315],[121.42542,0.5489],[121.43733,0.55606],[121.43947,0.56343],[121.43516,0.57157],[121.43154,0.57273],[121.42406,0.5735],[121.40537,0.57183],[121.39797,0.58294],[121.38478,0.59216],[121.35842,0.5948],[121.34787,0.59743],[121.33865,0.6238],[121.32019,0.62644],[121.30833,0.63303],[121.3065,0.66896],[121.31703,0.66404],[121.32022,0.65696],[121.32872,0.66263],[121.33084,0.66227],[121.32907,0.64881],[121.33297,0.64881],[121.34819,0.65873],[121.36023,0.64952]]],[[[121.58952,0.62146],[121.59183,0.62454],[121.59723,0.62724],[121.60725,0.62416],[121.6192,0.63033],[121.61997,0.63688],[121.61804,0.64035],[121.61033,0.64305],[121.61187,0.65038],[121.61149,0.66001],[121.61573,0.66387],[121.62151,0.66425],[121.63231,0.66194],[121.63809,0.6577],[121.64387,0.64613],[121.65428,0.64498],[121.66932,0.6469],[121.68628,0.64035],[121.7071,0.63611],[121.70903,0.62994],[121.7071,0.62377],[121.70286,0.61761],[121.69158,0.61364],[121.68997,0.61173],[121.69745,0.60055],[121.69267,0.59294],[121.69633,0.59401],[121.69044,0.58787],[121.69669,0.58136],[121.70081,0.5714],[121.69398,0.57006],[121.67222,0.56083],[121.66742,0.56111],[121.66424,0.5659],[121.65901,0.56991],[121.64134,0.57966],[121.64079,0.58946],[121.63539,0.59794],[121.62884,0.60026],[121.60455,0.6018],[121.5953,0.60411],[121.59067,0.60797],[121.58952,0.62146]]],[[[121.18266,0.7336],[121.18262,0.7346],[121.18278,0.73495],[121.18266,0.7336]]],[[[121.18335,0.74584],[121.18227,0.74249],[121.18198,0.7432],[121.18335,0.74584]]],[[[121.18781,0.75909],[121.18712,0.75837],[121.18715,0.75874],[121.18781,0.75909]]],[[[121.19061,0.7623],[121.191,0.76313],[121.19097,0.76298],[121.19061,0.7623]]],[[[122.06066,0.83489],[122.05619,0.83449],[122.05092,0.83165],[122.04361,0.81947],[122.04239,0.81257],[122.04483,0.80202],[122.0428,0.79227],[122.03874,0.78781],[122.02737,0.78537],[122.02494,0.77766],[122.02818,0.77238],[122.04726,0.75533],[122.05619,0.75087],[122.06066,0.74316],[122.05854,0.73963],[122.05118,0.73857],[122.04204,0.74297],[122.03782,0.73769],[122.02833,0.73769],[122.02306,0.74297],[122.00197,0.77566],[121.99037,0.78726],[121.97877,0.80202],[121.95557,0.81046],[121.91549,0.80729],[121.89543,0.79868],[121.89335,0.7862],[121.88491,0.78515],[121.87542,0.77038],[121.87753,0.76828],[121.8744,0.75156],[121.8712,0.74718],[121.8712,0.73875],[121.87647,0.72715],[121.88383,0.71754],[121.88187,0.70794],[121.89069,0.69664],[121.88795,0.68798],[121.89172,0.68371],[121.89325,0.67391],[121.88681,0.67346],[121.88212,0.66755],[121.87306,0.66256],[121.8716,0.66932],[121.86988,0.66969],[121.8689,0.67276],[121.86082,0.67262],[121.86091,0.66812],[121.85654,0.66814],[121.85194,0.67821],[121.84878,0.68081],[121.84599,0.68034],[121.81547,0.66465],[121.81272,0.66197],[121.80904,0.66329],[121.80779,0.66093],[121.80965,0.6597],[121.80584,0.65771],[121.8034,0.65398],[121.80533,0.6526],[121.79645,0.64843],[121.79103,0.64909],[121.80266,0.66071],[121.81188,0.67653],[121.80925,0.68971],[121.79211,0.69762],[121.77893,0.6963],[121.77497,0.70553],[121.77629,0.71608],[121.77234,0.7253],[121.76179,0.73585],[121.75784,0.74244],[121.73147,0.75035],[121.72884,0.75826],[121.72752,0.77276],[121.7117,0.77539],[121.66726,0.76715],[121.66645,0.76227],[121.6598,0.77308],[121.65875,0.7786],[121.6745,0.79276],[121.68088,0.79595],[121.68442,0.8009],[121.68513,0.80622],[121.67982,0.81755],[121.67911,0.82357],[121.67557,0.8303],[121.66813,0.83596],[121.65821,0.8395],[121.64511,0.83702],[121.64015,0.83173],[121.63431,0.83685],[121.63077,0.84393],[121.63112,0.85136],[121.63537,0.85774],[121.64104,0.86093],[121.67255,0.86482],[121.73488,0.8804],[121.74231,0.88075],[121.7494,0.87651],[121.75683,0.87509],[121.77348,0.87544],[121.78268,0.87226],[121.8079,0.85712],[121.8132,0.85712],[121.83034,0.86503],[121.85011,0.87162],[121.86857,0.88085],[121.88966,0.88085],[121.91602,0.87953],[121.92015,0.8754],[121.95159,0.86942],[121.98452,0.86093],[121.99833,0.86199],[122.00754,0.86518],[122.02029,0.86659],[122.03091,0.86022],[122.0341,0.86022],[122.05718,0.86566],[122.06147,0.86128],[122.06661,0.85112],[122.06066,0.83489]],[[121.81636,0.71871],[121.82375,0.71871],[121.82058,0.72926],[121.82375,0.73769],[121.83535,0.73558],[121.84062,0.73031],[121.84378,0.71976],[121.84906,0.7166],[121.85538,0.71766],[121.85749,0.74929],[121.85222,0.77249],[121.83535,0.79675],[121.81847,0.80413],[121.78262,0.80518],[121.76785,0.79991],[121.75625,0.79358],[121.75098,0.78409],[121.75204,0.77144],[121.78676,0.74168],[121.81636,0.71871]]],[[[121.20091,0.7661],[121.19935,0.76603],[121.20109,0.76616],[121.20091,0.7661]]],[[[121.1935,0.76751],[121.1958,0.76601],[121.19262,0.76689],[121.19147,0.76561],[121.19189,0.76688],[121.1935,0.76751]]],[[[121.20413,0.76722],[121.2014,0.76627],[121.20184,0.76681],[121.20413,0.76722]]],[[[121.20874,0.76815],[121.20962,0.76893],[121.20831,0.76769],[121.20874,0.76815]]],[[[121.21299,0.77276],[121.21059,0.77028],[121.21082,0.77114],[121.21299,0.77276]]],[[[121.21348,0.77626],[121.21371,0.77651],[121.21375,0.77558],[121.21348,0.77626]]],[[[121.21418,0.77996],[121.21375,0.77922],[121.21392,0.77994],[121.2149,0.78074],[121.21418,0.77996]]],[[[121.2253,0.79442],[121.22457,0.79419],[121.22484,0.79435],[121.2253,0.79442]]],[[[121.233,0.79683],[121.23445,0.79778],[121.23362,0.79699],[121.22963,0.79546],[121.22629,0.79473],[121.233,0.79683]]],[[[121.24152,0.8011],[121.2417,0.80109],[121.24137,0.80107],[121.24152,0.8011]]],[[[121.24232,0.80112],[121.24214,0.80111],[121.24219,0.80114],[121.24232,0.80112]]],[[[121.24035,0.80136],[121.24083,0.80111],[121.23686,0.80084],[121.24035,0.80136]]],[[[121.53665,0.87569],[121.53682,0.87578],[121.5365,0.87546],[121.53665,0.87569]]],[[[121.53827,0.87625],[121.53715,0.87596],[121.53742,0.87613],[121.53827,0.87625]]],[[[121.54203,0.87939],[121.54907,0.88103],[121.55189,0.87834],[121.53941,0.87642],[121.54203,0.87939]]],[[[121.87531,0.98344],[121.87547,0.9833],[121.8744,0.98358],[121.87531,0.98344]]],[[[121.86463,0.98856],[121.86604,0.98801],[121.86658,0.98712],[121.86463,0.98856]]],[[[121.8639,0.99002],[121.86399,0.98942],[121.86255,0.99085],[121.8639,0.99002]]],[[[121.86132,0.99088],[121.85995,0.99059],[121.86067,0.99096],[121.86132,0.99088]]],[[[121.84988,0.99288],[121.85154,0.99336],[121.85658,0.99306],[121.85855,0.99092],[121.85148,0.99267],[121.84912,0.99048],[121.84988,0.99288]]],[[[121.97212,0.59601],[121.9821,0.59828],[121.98987,0.59688],[121.99344,0.59902],[121.9957,0.59801],[121.99678,0.59093],[122.00403,0.58932],[122.00338,0.58474],[122.00626,0.58061],[122.01191,0.57716],[122.01786,0.57847],[122.01983,0.57638],[122.02589,0.57531],[122.02565,0.57317],[122.02274,0.57109],[122.00777,0.56544],[122.00647,0.54798],[122.00897,0.5453],[122.01123,0.54566],[122.01498,0.55595],[122.01771,0.55571],[122.01867,0.55095],[122.02194,0.54935],[122.02179,0.54765],[122.01305,0.53665],[122.01477,0.5354],[122.02113,0.53591],[122.02726,0.53272],[122.03089,0.53272],[122.03404,0.52909],[122.03928,0.52755],[122.03916,0.52505],[122.02578,0.52455],[122.02268,0.52172],[122.02203,0.51535],[122.01905,0.51381],[122.01661,0.521],[122.01295,0.52085],[122.00707,0.52615],[122.00487,0.5257],[122.00799,0.52765],[122.00799,0.53074],[121.99938,0.53016],[121.98514,0.53418],[121.97687,0.53464],[121.97032,0.5387],[121.96667,0.53359],[121.95498,0.53605],[121.95252,0.52779],[121.95354,0.52465],[121.9489,0.52395],[121.94775,0.53255],[121.93308,0.53515],[121.93284,0.54112],[121.93675,0.54357],[121.93338,0.54696],[121.93171,0.54395],[121.92954,0.54374],[121.9306,0.54224],[121.9285,0.54206],[121.92727,0.53903],[121.92472,0.54073],[121.92039,0.53955],[121.91889,0.54234],[121.91561,0.54048],[121.91285,0.55349],[121.90822,0.55762],[121.91252,0.55842],[121.91273,0.55995],[121.9115,0.56144],[121.90976,0.5593],[121.9079,0.56012],[121.90832,0.56309],[121.90409,0.56263],[121.90097,0.56774],[121.91503,0.57219],[121.92211,0.5713],[121.92139,0.56279],[121.9299,0.55619],[121.93857,0.56276],[121.94279,0.57121],[121.9448,0.57187],[121.94831,0.56783],[121.94307,0.56193],[121.94206,0.55807],[121.94339,0.55717],[121.94565,0.56116],[121.94933,0.56318],[121.95921,0.56515],[121.96215,0.5713],[121.96275,0.5779],[121.96837,0.58567],[121.97212,0.59601]]],[[[121.97083,0.90529],[121.97165,0.90498],[121.97106,0.90517],[121.97083,0.90529]]],[[[121.98203,0.90703],[121.98214,0.90703],[121.9817,0.90665],[121.98203,0.90703]]],[[[121.96614,0.90696],[121.96659,0.90645],[121.96517,0.90718],[121.96614,0.90696]]],[[[121.95591,0.90746],[121.95576,0.90749],[121.95613,0.90761],[121.95591,0.90746]]],[[[121.95382,0.90893],[121.95424,0.90803],[121.95305,0.90913],[121.95215,0.91066],[121.95382,0.90893]]],[[[121.98936,0.90979],[121.9899,0.90932],[121.98406,0.90871],[121.98646,0.91025],[121.98936,0.90979]]],[[[122.00316,0.91074],[122.00474,0.91102],[122.00616,0.91106],[122.00316,0.91074]]],[[[121.95199,0.91086],[121.9501,0.91288],[121.95109,0.91251],[121.95199,0.91086]]],[[[121.94877,0.91416],[121.94885,0.91384],[121.94867,0.9141],[121.94877,0.91416]]],[[[121.94813,0.91651],[121.94838,0.91524],[121.94732,0.91864],[121.94813,0.91651]]],[[[121.94488,0.91966],[121.94659,0.91883],[121.94415,0.91958],[121.94488,0.91966]]],[[[121.93327,0.92981],[121.93713,0.92849],[121.93939,0.92727],[121.94276,0.92316],[121.94319,0.92107],[121.93816,0.9278],[121.93121,0.92952],[121.93327,0.92981]]],[[[121.92586,0.92808],[121.92759,0.92773],[121.92555,0.92738],[121.92313,0.92738],[121.92586,0.92808]]],[[[121.91811,0.93347],[121.92026,0.93165],[121.9226,0.92741],[121.91826,0.93304],[121.91371,0.94513],[121.91611,0.94346],[121.91811,0.93347]]],[[[121.91276,0.94698],[121.91315,0.94584],[121.91155,0.94788],[121.91081,0.94913],[121.91276,0.94698]]],[[[121.91036,0.95012],[121.91071,0.94929],[121.90993,0.95072],[121.91036,0.95012]]],[[[121.90602,0.95928],[121.90703,0.95761],[121.90842,0.95321],[121.90458,0.96048],[121.90602,0.95928]]],[[[121.90309,0.96266],[121.90368,0.96119],[121.90149,0.96413],[121.90309,0.96266]]],[[[122.03252,0.96508],[122.03173,0.95992],[122.03413,0.95706],[122.0321,0.95392],[122.03037,0.95263],[122.02178,0.95248],[122.01725,0.95451],[122.01831,0.95672],[122.02194,0.95778],[122.02589,0.96142],[122.03321,0.97342],[122.03754,0.97532],[122.03694,0.9704],[122.03252,0.96508]]],[[[121.90138,0.96414],[121.89966,0.96414],[121.89903,0.96446],[121.90138,0.96414]]],[[[121.89793,0.9657],[121.89802,0.96543],[121.89739,0.96593],[121.89793,0.9657]]],[[[121.89473,0.96858],[121.8947,0.96816],[121.89403,0.9688],[121.89473,0.96858]]],[[[121.89094,0.97436],[121.8914,0.97349],[121.88927,0.97552],[121.89094,0.97436]]],[[[121.88786,0.97806],[121.88845,0.97612],[121.88327,0.97933],[121.88786,0.97806]]],[[[121.88196,0.97971],[121.88218,0.97951],[121.88162,0.97951],[121.88196,0.97971]]],[[[121.87839,0.98046],[121.87692,0.98236],[121.8772,0.98222],[121.87839,0.98046]]],[[[122.04183,0.98848],[122.04195,0.98848],[122.04183,0.98816],[122.04183,0.98848]]],[[[123.31459,0.4584],[123.31828,0.45745],[123.3196,0.45551],[123.32249,0.45523],[123.32591,0.45818],[123.33869,0.45616],[123.34059,0.45437],[123.34304,0.45737],[123.35441,0.45564],[123.35611,0.45966],[123.36069,0.45695],[123.36079,0.46008],[123.36749,0.46425],[123.36737,0.4655],[123.37123,0.46664],[123.38404,0.46415],[123.3888,0.4564],[123.38367,0.45241],[123.38744,0.44929],[123.38649,0.44587],[123.38228,0.44465],[123.3835,0.4389],[123.38921,0.43357],[123.38956,0.42804],[123.38897,0.42242],[123.38531,0.41989],[123.3857,0.4047],[123.38269,0.39896],[123.38282,0.39505],[123.38467,0.39393],[123.38658,0.37129],[123.38013,0.3647],[123.38006,0.36161],[123.38948,0.35983],[123.39377,0.36176],[123.39673,0.36545],[123.40149,0.36489],[123.4054,0.36379],[123.40535,0.36023],[123.40909,0.35449],[123.40535,0.35295],[123.39839,0.35643],[123.39401,0.35327],[123.38338,0.35353],[123.38029,0.34966],[123.37256,0.34631],[123.37024,0.34361],[123.36425,0.34213],[123.3636,0.33987],[123.36006,0.33929],[123.35568,0.33504],[123.35523,0.3324],[123.34891,0.34226],[123.34524,0.33981],[123.34286,0.34341],[123.33944,0.34374],[123.33416,0.34039],[123.3312,0.34006],[123.32688,0.34264],[123.32437,0.33942],[123.32224,0.34064],[123.32186,0.34509],[123.31895,0.34722],[123.32089,0.35024],[123.31915,0.35507],[123.31586,0.35701],[123.31548,0.36087],[123.30962,0.3598],[123.3102,0.35787],[123.312,0.358],[123.31174,0.35471],[123.30884,0.35214],[123.30569,0.35375],[123.30762,0.35781],[123.30511,0.36219],[123.30253,0.3607],[123.29936,0.36353],[123.29692,0.35568],[123.29055,0.3609],[123.2881,0.3609],[123.28732,0.35903],[123.28829,0.36444],[123.2785,0.36148],[123.27219,0.36921],[123.26896,0.3694],[123.27051,0.37842],[123.27425,0.38673],[123.27244,0.38828],[123.27521,0.39111],[123.2767,0.39685],[123.28064,0.39746],[123.27112,0.40378],[123.26376,0.4055],[123.26104,0.40784],[123.26246,0.41534],[123.26957,0.42415],[123.26427,0.42681],[123.25778,0.42291],[123.26811,0.44894],[123.26481,0.4613],[123.25835,0.4696],[123.24928,0.46036],[123.24187,0.45695],[123.23613,0.44895],[123.2298,0.44912],[123.22202,0.45666],[123.21646,0.47585],[123.21181,0.48038],[123.20891,0.48942],[123.21162,0.49416],[123.20879,0.49908],[123.21512,0.49984],[123.21599,0.50115],[123.21785,0.49875],[123.2158,0.4939],[123.21727,0.49049],[123.22013,0.48961],[123.21981,0.48224],[123.22262,0.47727],[123.22865,0.47727],[123.22847,0.47975],[123.22556,0.47925],[123.22298,0.48275],[123.22391,0.48805],[123.22621,0.49017],[123.22266,0.49408],[123.2228,0.50003],[123.21782,0.50339],[123.22335,0.50542],[123.22752,0.50215],[123.23299,0.50172],[123.23854,0.49413],[123.24212,0.4934],[123.24434,0.49797],[123.24939,0.49603],[123.25233,0.49241],[123.25647,0.49591],[123.25699,0.49009],[123.25922,0.48768],[123.26096,0.48886],[123.26282,0.47882],[123.26926,0.47772],[123.27028,0.47571],[123.27493,0.47742],[123.27485,0.47563],[123.27733,0.47422],[123.27972,0.46631],[123.28182,0.46471],[123.28004,0.46184],[123.28528,0.46409],[123.28456,0.46198],[123.28904,0.46028],[123.28972,0.46194],[123.29255,0.46227],[123.2948,0.46713],[123.29477,0.4648],[123.29845,0.46757],[123.29682,0.46409],[123.29864,0.46515],[123.3001,0.46316],[123.30021,0.46773],[123.30115,0.46554],[123.30974,0.46637],[123.31459,0.4584]]],[[[122.84896,0.52051],[122.82614,0.52726],[122.79927,0.52597],[122.78449,0.52241],[122.77592,0.51246],[122.76744,0.50739],[122.72215,0.502],[122.68027,0.50937],[122.66656,0.51364],[122.66252,0.51683],[122.66268,0.51967],[122.66064,0.51844],[122.6595,0.51949],[122.65382,0.53064],[122.64105,0.5346],[122.63553,0.53909],[122.63337,0.545],[122.63531,0.5493],[122.63279,0.55709],[122.63942,0.56269],[122.63867,0.57525],[122.64012,0.5759],[122.64083,0.57501],[122.64281,0.57542],[122.64397,0.57411],[122.64407,0.57534],[122.6436,0.57673],[122.6415,0.57543],[122.64039,0.57871],[122.63821,0.57628],[122.63822,0.57906],[122.635,0.57845],[122.63286,0.58508],[122.63428,0.5917],[122.63065,0.60052],[122.63286,0.60162],[122.63758,0.59926],[122.63915,0.59486],[122.64949,0.59531],[122.65339,0.58649],[122.66931,0.59421],[122.67824,0.5903],[122.68358,0.59261],[122.68962,0.59062],[122.6918,0.59357],[122.6932,0.5918],[122.69662,0.59655],[122.69431,0.59744],[122.69436,0.60202],[122.69796,0.60265],[122.70687,0.59877],[122.7092,0.59692],[122.70906,0.59439],[122.71249,0.59485],[122.71306,0.59313],[122.71755,0.59122],[122.71321,0.58887],[122.71225,0.58496],[122.70886,0.5857],[122.70789,0.58403],[122.70938,0.58021],[122.71639,0.57553],[122.72043,0.57044],[122.72765,0.57001],[122.72966,0.56753],[122.73661,0.57457],[122.74077,0.57434],[122.74062,0.5761],[122.74863,0.57433],[122.75065,0.57729],[122.75289,0.57346],[122.75229,0.57111],[122.74776,0.56821],[122.74589,0.57333],[122.74341,0.57148],[122.74582,0.56776],[122.74444,0.5664],[122.7472,0.56595],[122.746,0.56315],[122.74738,0.5612],[122.75137,0.56761],[122.74797,0.55384],[122.74551,0.55109],[122.74171,0.55149],[122.74014,0.54843],[122.73879,0.54912],[122.73973,0.54643],[122.73795,0.54333],[122.7443,0.54099],[122.74296,0.53991],[122.74462,0.53926],[122.74438,0.53581],[122.74687,0.53661],[122.74814,0.53418],[122.75149,0.53551],[122.74954,0.54077],[122.7516,0.5418],[122.74963,0.54445],[122.7536,0.54595],[122.75098,0.54887],[122.7473,0.54943],[122.74761,0.55099],[122.75449,0.55422],[122.76067,0.55336],[122.76449,0.56209],[122.76824,0.56133],[122.77035,0.55875],[122.76398,0.54686],[122.76526,0.54409],[122.76824,0.54454],[122.77121,0.55043],[122.77582,0.5519],[122.78554,0.56218],[122.78839,0.56098],[122.80328,0.54551],[122.82419,0.5408],[122.83663,0.542],[122.8393,0.54093],[122.83661,0.53714],[122.84194,0.54133],[122.84048,0.54148],[122.84188,0.54321],[122.87005,0.55227],[122.87016,0.55046],[122.86708,0.55003],[122.86848,0.54804],[122.8654,0.54532],[122.86711,0.54315],[122.87021,0.54996],[122.87303,0.55059],[122.87443,0.5484],[122.87067,0.5489],[122.87125,0.54712],[122.87424,0.5444],[122.87485,0.54592],[122.87748,0.54551],[122.86285,0.53595],[122.85707,0.52706],[122.84896,0.52051]],[[122.71122,0.52791],[122.70668,0.52458],[122.70533,0.52181],[122.70615,0.5186],[122.71146,0.51051],[122.71697,0.50776],[122.73325,0.50687],[122.75108,0.5141],[122.75687,0.52009],[122.75571,0.52353],[122.74176,0.53321],[122.73672,0.53381],[122.71122,0.52791]],[[122.6645,0.55106],[122.66625,0.54689],[122.66618,0.54063],[122.6709,0.53367],[122.67916,0.52924],[122.70493,0.54605],[122.70862,0.54966],[122.7099,0.55398],[122.70834,0.55638],[122.7029,0.55803],[122.67558,0.55947],[122.66616,0.55439],[122.6645,0.55106]]],[[[122.58181,0.58282],[122.58282,0.57403],[122.58819,0.56058],[122.58149,0.54359],[122.58156,0.54047],[122.58467,0.53542],[122.58216,0.5326],[122.58239,0.53001],[122.57907,0.53041],[122.57361,0.52656],[122.57262,0.53018],[122.57098,0.53012],[122.56755,0.52719],[122.5663,0.52338],[122.56333,0.52233],[122.56285,0.52712],[122.56186,0.52801],[122.55978,0.52664],[122.5604,0.52883],[122.56525,0.53386],[122.56574,0.53681],[122.57046,0.53739],[122.5726,0.53992],[122.57083,0.54251],[122.56608,0.54006],[122.56467,0.54177],[122.56772,0.54342],[122.56715,0.54957],[122.5718,0.55337],[122.57278,0.55905],[122.57098,0.56291],[122.57133,0.56445],[122.57452,0.56563],[122.57584,0.57532],[122.57244,0.57801],[122.56567,0.57315],[122.56459,0.57482],[122.56662,0.57798],[122.56755,0.5862],[122.56229,0.59417],[122.559,0.59471],[122.55336,0.59122],[122.55104,0.59197],[122.54461,0.59644],[122.55188,0.5985],[122.5506,0.59344],[122.55251,0.59341],[122.55563,0.59442],[122.55458,0.59829],[122.5514,0.60096],[122.54809,0.60099],[122.54785,0.60243],[122.54379,0.60218],[122.54421,0.60354],[122.54149,0.60048],[122.54054,0.60283],[122.54251,0.60492],[122.53951,0.60505],[122.54377,0.60729],[122.55459,0.60776],[122.56126,0.61124],[122.56957,0.60879],[122.5786,0.61289],[122.58117,0.61243],[122.5866,0.61015],[122.58636,0.60426],[122.58309,0.60186],[122.58398,0.59769],[122.58644,0.59496],[122.59222,0.59463],[122.58604,0.58951],[122.58181,0.58282]],[[122.57793,0.59592],[122.56976,0.59737],[122.56958,0.59602],[122.57404,0.59556],[122.57214,0.59412],[122.57017,0.59475],[122.5712,0.59042],[122.57504,0.59424],[122.57619,0.59315],[122.5772,0.59535],[122.57786,0.59379],[122.57844,0.59541],[122.58085,0.59543],[122.57936,0.59783],[122.57793,0.59592]]],[[[122.39426,0.56496],[122.39259,0.56364],[122.39138,0.56691],[122.39327,0.57238],[122.38992,0.57494],[122.39176,0.57818],[122.39064,0.5801],[122.3875,0.58054],[122.38731,0.58417],[122.38511,0.58604],[122.38682,0.58733],[122.38811,0.59332],[122.38605,0.59692],[122.38819,0.59854],[122.39278,0.59758],[122.39426,0.59134],[122.39767,0.58867],[122.39847,0.58994],[122.4011,0.58865],[122.40325,0.58483],[122.40138,0.5831],[122.40253,0.58035],[122.40075,0.57867],[122.40528,0.57211],[122.40404,0.56944],[122.40195,0.57095],[122.39885,0.5665],[122.40014,0.56408],[122.39794,0.56276],[122.39426,0.56496]]],[[[122.22376,0.79538],[122.22454,0.7899],[122.22116,0.78888],[122.22557,0.78714],[122.22853,0.78839],[122.23207,0.7855],[122.23572,0.79056],[122.23962,0.7907],[122.24593,0.78468],[122.24528,0.77282],[122.25803,0.76786],[122.28805,0.76156],[122.29894,0.76293],[122.30494,0.76785],[122.30986,0.76538],[122.31244,0.76341],[122.31735,0.74973],[122.32216,0.74249],[122.30858,0.73928],[122.30227,0.73174],[122.29789,0.73013],[122.29394,0.72231],[122.29418,0.71443],[122.29802,0.71222],[122.31401,0.71012],[122.32581,0.70362],[122.33546,0.70152],[122.34976,0.70257],[122.35915,0.70543],[122.36702,0.6927],[122.37062,0.69042],[122.37039,0.68407],[122.3667,0.68325],[122.36588,0.68436],[122.36167,0.6825],[122.36558,0.67861],[122.36402,0.67453],[122.3653,0.67398],[122.36609,0.67578],[122.36744,0.67314],[122.36677,0.67591],[122.37045,0.67508],[122.37222,0.66993],[122.35824,0.66472],[122.35983,0.66273],[122.35821,0.65998],[122.35946,0.65852],[122.36425,0.66044],[122.36616,0.65535],[122.3642,0.65129],[122.3649,0.64933],[122.36837,0.64782],[122.37254,0.64827],[122.37335,0.64688],[122.37358,0.64493],[122.37092,0.64399],[122.37167,0.63549],[122.36879,0.62883],[122.37558,0.62171],[122.37364,0.61785],[122.36947,0.61518],[122.36469,0.61499],[122.36155,0.60914],[122.36507,0.60612],[122.36319,0.6026],[122.36571,0.5982],[122.36847,0.59719],[122.36873,0.59078],[122.37124,0.5889],[122.37559,0.59187],[122.37539,0.59011],[122.37909,0.58967],[122.37566,0.58455],[122.38279,0.579],[122.38066,0.57683],[122.38192,0.57503],[122.37552,0.57499],[122.37369,0.57711],[122.37016,0.57494],[122.36635,0.57942],[122.35444,0.57843],[122.35392,0.58327],[122.3518,0.57893],[122.34826,0.57925],[122.3394,0.58407],[122.34049,0.58978],[122.33804,0.59354],[122.34281,0.60301],[122.34463,0.61544],[122.33979,0.63379],[122.33465,0.64078],[122.323,0.63592],[122.31664,0.64688],[122.31375,0.64473],[122.31105,0.63658],[122.3071,0.6382],[122.30426,0.6443],[122.29878,0.64707],[122.29607,0.64737],[122.29107,0.64317],[122.2786,0.64606],[122.26845,0.63712],[122.25821,0.63161],[122.25123,0.63096],[122.24039,0.63553],[122.23569,0.62921],[122.22961,0.62831],[122.22621,0.63072],[122.21889,0.62589],[122.21682,0.6192],[122.21316,0.61697],[122.20987,0.61125],[122.21118,0.58888],[122.20642,0.56698],[122.2085,0.56251],[122.21951,0.56204],[122.22643,0.55179],[122.21693,0.55141],[122.2132,0.54764],[122.20609,0.54474],[122.20363,0.5415],[122.20089,0.55896],[122.20467,0.5821],[122.20205,0.59353],[122.19919,0.59793],[122.19499,0.59928],[122.18881,0.59823],[122.17536,0.5893],[122.15759,0.58804],[122.15114,0.58354],[122.14053,0.58555],[122.13075,0.58301],[122.13206,0.59074],[122.13588,0.5996],[122.13582,0.60622],[122.14337,0.61707],[122.14355,0.62379],[122.14069,0.63408],[122.13705,0.63813],[122.13413,0.6449],[122.13292,0.65418],[122.12539,0.67371],[122.12569,0.67733],[122.11979,0.68313],[122.11978,0.69529],[122.1185,0.69637],[122.11018,0.69549],[122.10526,0.69911],[122.10552,0.7005],[122.10927,0.70151],[122.11,0.71069],[122.10527,0.72212],[122.10305,0.74068],[122.10558,0.7463],[122.10707,0.75608],[122.10167,0.76202],[122.09586,0.77535],[122.10526,0.78467],[122.11904,0.79127],[122.12952,0.79033],[122.14609,0.78469],[122.15338,0.78043],[122.16523,0.77886],[122.17947,0.78041],[122.21441,0.79529],[122.22376,0.79538]],[[122.26711,0.71975],[122.26222,0.71966],[122.26253,0.71653],[122.25728,0.71602],[122.25466,0.71844],[122.25244,0.71723],[122.25404,0.71422],[122.26,0.71338],[122.25981,0.70816],[122.26323,0.71078],[122.26153,0.70473],[122.26687,0.70472],[122.26615,0.7082],[122.26878,0.70835],[122.26919,0.70553],[122.27323,0.7028],[122.27514,0.69887],[122.27947,0.69766],[122.27988,0.69413],[122.28407,0.69282],[122.28952,0.69386],[122.2812,0.69958],[122.28042,0.70101],[122.28223,0.70309],[122.28068,0.70505],[122.28316,0.71039],[122.28588,0.70674],[122.289,0.70843],[122.28602,0.71233],[122.28887,0.71403],[122.28778,0.7176],[122.29336,0.72658],[122.29246,0.73399],[122.29376,0.73622],[122.30169,0.73478],[122.30208,0.73634],[122.29675,0.73804],[122.29359,0.74261],[122.29064,0.73722],[122.29167,0.73413],[122.28956,0.72865],[122.27561,0.72515],[122.27288,0.72939],[122.2658,0.73464],[122.26253,0.74775],[122.25968,0.75292],[122.25404,0.75264],[122.24817,0.75455],[122.239,0.74899],[122.2328,0.7425],[122.23209,0.73662],[122.23597,0.72851],[122.23947,0.72747],[122.23965,0.72467],[122.24132,0.72453],[122.24438,0.72034],[122.24493,0.72221],[122.2479,0.72268],[122.25254,0.71905],[122.25234,0.72157],[122.24911,0.72332],[122.25835,0.72425],[122.26711,0.71975]],[[122.17961,0.77267],[122.17041,0.76554],[122.16448,0.76357],[122.13736,0.76168],[122.13497,0.75978],[122.13026,0.7474],[122.1327,0.73577],[122.12953,0.72056],[122.13108,0.7119],[122.13564,0.70466],[122.14987,0.70381],[122.15442,0.70901],[122.15816,0.71872],[122.1851,0.74033],[122.19092,0.75051],[122.19431,0.76256],[122.18399,0.7719],[122.17961,0.77267]]],[[[123.17556,0.69667],[123.17376,0.70224],[123.17786,0.70054],[123.18291,0.70079],[123.18195,0.6952],[123.1779,0.69556],[123.18143,0.69338],[123.1835,0.69409],[123.18382,0.69247],[123.17719,0.68948],[123.17304,0.68977],[123.17125,0.68635],[123.16645,0.68493],[123.17556,0.69667]]],[[[122.81363,0.73134],[122.80058,0.73327],[122.79983,0.73198],[122.79541,0.7318],[122.79476,0.72539],[122.79252,0.72301],[122.79407,0.72114],[122.78586,0.71486],[122.78288,0.71435],[122.78374,0.71158],[122.78182,0.71038],[122.78328,0.70726],[122.78184,0.70648],[122.77102,0.71261],[122.77035,0.70777],[122.76878,0.70818],[122.76755,0.71331],[122.76415,0.71614],[122.76096,0.72228],[122.75876,0.72128],[122.75886,0.71866],[122.75783,0.71716],[122.75803,0.7251],[122.75363,0.73958],[122.74546,0.74697],[122.73525,0.74799],[122.72019,0.7423],[122.71458,0.73426],[122.71499,0.72561],[122.71736,0.71938],[122.72851,0.70914],[122.73126,0.7024],[122.74237,0.7011],[122.7532,0.70448],[122.75731,0.71568],[122.76218,0.71176],[122.76334,0.70954],[122.76216,0.70802],[122.76539,0.70668],[122.7699,0.69852],[122.77242,0.69713],[122.76334,0.69301],[122.76096,0.68641],[122.75746,0.68565],[122.75167,0.68725],[122.74872,0.68565],[122.74646,0.6899],[122.74116,0.69355],[122.74032,0.69668],[122.73453,0.69826],[122.73514,0.6879],[122.7316,0.6882],[122.72892,0.68636],[122.72403,0.68737],[122.72183,0.68875],[122.72152,0.69105],[122.72692,0.69345],[122.72448,0.69693],[122.72406,0.70133],[122.72285,0.7023],[122.72158,0.69918],[122.7192,0.69893],[122.71393,0.70352],[122.7115,0.70931],[122.70565,0.711],[122.70417,0.71462],[122.70407,0.73441],[122.70218,0.74783],[122.69344,0.77245],[122.68074,0.78876],[122.68062,0.79849],[122.68461,0.8002],[122.69423,0.79813],[122.70387,0.79162],[122.72247,0.78274],[122.72693,0.78272],[122.73536,0.78568],[122.75039,0.78349],[122.759,0.77977],[122.76542,0.77174],[122.77229,0.76758],[122.7866,0.77103],[122.7934,0.77071],[122.80352,0.76228],[122.81045,0.75185],[122.81271,0.74397],[122.81363,0.73134]],[[122.79355,0.76131],[122.78922,0.7601],[122.78755,0.75714],[122.77171,0.75975],[122.76698,0.75584],[122.76608,0.74873],[122.76909,0.74481],[122.77899,0.74071],[122.78861,0.74123],[122.79196,0.74256],[122.79101,0.7506],[122.79758,0.7526],[122.79757,0.75709],[122.79355,0.76131]]],[[[123.02119,0.85175],[123.03277,0.848],[123.05277,0.85326],[123.07158,0.85593],[123.07387,0.85794],[123.07161,0.865],[123.06579,0.87003],[123.06236,0.87049],[123.06061,0.86895],[123.05655,0.87049],[123.0576,0.88703],[123.05137,0.88749],[123.0509,0.8863],[123.05073,0.87224],[123.05315,0.87092],[123.04311,0.87204],[123.04052,0.87665],[123.04233,0.88116],[123.04868,0.88394],[123.05035,0.88626],[123.04906,0.89118],[123.05303,0.89768],[123.05856,0.89888],[123.05902,0.90083],[123.06326,0.90028],[123.06773,0.9025],[123.06951,0.89902],[123.07741,0.89347],[123.078,0.88966],[123.08525,0.88203],[123.07879,0.87404],[123.08034,0.87253],[123.08954,0.8806],[123.08788,0.88598],[123.09876,0.88032],[123.10226,0.87512],[123.11527,0.87726],[123.11205,0.87114],[123.10793,0.86933],[123.10496,0.8736],[123.1046,0.87027],[123.10262,0.86884],[123.1047,0.86094],[123.10765,0.86061],[123.10936,0.85499],[123.11178,0.85768],[123.11212,0.8625],[123.11784,0.86085],[123.12023,0.86111],[123.12245,0.86362],[123.13291,0.86056],[123.14296,0.86334],[123.14357,0.86028],[123.14584,0.86076],[123.14753,0.85619],[123.15122,0.85619],[123.15261,0.85233],[123.15423,0.85359],[123.15409,0.86],[123.16176,0.86358],[123.16835,0.86157],[123.16498,0.86052],[123.16733,0.85802],[123.16905,0.86009],[123.16788,0.85589],[123.17816,0.85865],[123.18863,0.85885],[123.19104,0.85765],[123.18127,0.8562],[123.18734,0.85134],[123.18866,0.85454],[123.19426,0.85119],[123.19552,0.85199],[123.21782,0.83048],[123.23116,0.83047],[123.23475,0.83255],[123.24237,0.83087],[123.24773,0.82374],[123.24822,0.81999],[123.25357,0.81651],[123.25441,0.81339],[123.27109,0.8026],[123.26801,0.79794],[123.26764,0.79447],[123.27383,0.78991],[123.27439,0.78782],[123.26982,0.77722],[123.26856,0.76812],[123.25734,0.76015],[123.24421,0.77197],[123.22993,0.77915],[123.22543,0.779],[123.2171,0.77714],[123.20906,0.77241],[123.2052,0.76309],[123.20367,0.76309],[123.20348,0.75682],[123.19104,0.75371],[123.18747,0.75558],[123.17749,0.75605],[123.16614,0.77422],[123.15617,0.78416],[123.15303,0.78996],[123.12739,0.80732],[123.11318,0.80861],[123.10333,0.80679],[123.10161,0.80435],[123.09138,0.80074],[123.08384,0.80549],[123.07296,0.80604],[123.07002,0.80349],[123.06964,0.79708],[123.06667,0.7914],[123.06977,0.78228],[123.05557,0.7821],[123.0405,0.7858],[123.01796,0.7733],[123.01181,0.76753],[123.00728,0.75972],[123.00423,0.74912],[123.00575,0.74766],[123.00611,0.74076],[123.00238,0.7397],[123.00029,0.73407],[123.00266,0.7335],[123.0023,0.73005],[122.99718,0.72672],[122.99968,0.71923],[122.99754,0.71851],[122.9938,0.72239],[122.99215,0.71737],[122.99469,0.71578],[122.99397,0.71376],[122.9904,0.71221],[122.98943,0.70884],[122.99195,0.70733],[122.99147,0.70483],[122.98629,0.70271],[122.98341,0.69644],[122.9773,0.6916],[122.96724,0.69112],[122.96585,0.68598],[122.96016,0.68237],[122.957,0.6822],[122.944,0.68804],[122.94257,0.6852],[122.93981,0.68492],[122.9399,0.68951],[122.93579,0.69105],[122.93147,0.69537],[122.92871,0.69334],[122.93048,0.6898],[122.9283,0.68567],[122.92483,0.68466],[122.92146,0.68744],[122.91955,0.68508],[122.91561,0.68795],[122.90642,0.6854],[122.90329,0.67929],[122.90891,0.67214],[122.90707,0.67304],[122.90569,0.67093],[122.90639,0.66539],[122.91013,0.6589],[122.90776,0.65621],[122.89965,0.6578],[122.89738,0.65636],[122.88775,0.65888],[122.88964,0.66345],[122.88653,0.66562],[122.88552,0.66367],[122.88444,0.66464],[122.88792,0.66825],[122.885,0.66676],[122.88566,0.66877],[122.88243,0.67086],[122.8783,0.66289],[122.87622,0.66422],[122.87514,0.66128],[122.86463,0.6677],[122.85661,0.6686],[122.85713,0.67023],[122.8542,0.67279],[122.8548,0.66985],[122.85181,0.66779],[122.84984,0.6697],[122.84505,0.66975],[122.84512,0.67138],[122.84176,0.67086],[122.84176,0.66853],[122.83593,0.67103],[122.83252,0.66961],[122.83298,0.66745],[122.82922,0.66678],[122.82884,0.67206],[122.83146,0.67483],[122.85294,0.68131],[122.84529,0.6873],[122.84841,0.68893],[122.85002,0.69433],[122.85279,0.69367],[122.85053,0.69319],[122.85196,0.68917],[122.84958,0.68979],[122.85043,0.68684],[122.85196,0.68579],[122.85415,0.68817],[122.85653,0.68739],[122.85886,0.68934],[122.85713,0.68625],[122.85737,0.6856],[122.86071,0.69196],[122.86588,0.69467],[122.86775,0.69415],[122.87004,0.70407],[122.87317,0.70618],[122.87547,0.70522],[122.87055,0.70144],[122.87063,0.69811],[122.87263,0.69763],[122.87093,0.69549],[122.87456,0.69635],[122.88063,0.70348],[122.87698,0.70834],[122.87039,0.71139],[122.87108,0.71393],[122.86916,0.71835],[122.86995,0.72067],[122.87603,0.72445],[122.88242,0.7186],[122.87559,0.71882],[122.87527,0.71753],[122.87954,0.71615],[122.87826,0.71167],[122.88346,0.7122],[122.88499,0.72883],[122.8734,0.73171],[122.87073,0.72694],[122.86275,0.72759],[122.86358,0.73154],[122.85792,0.73446],[122.85822,0.73863],[122.85593,0.74138],[122.85887,0.74257],[122.86215,0.74139],[122.86389,0.73757],[122.86956,0.7385],[122.87018,0.74177],[122.87438,0.74231],[122.87495,0.7366],[122.87691,0.73426],[122.87909,0.73549],[122.87992,0.73314],[122.88166,0.73275],[122.88404,0.74698],[122.87626,0.74871],[122.87641,0.75244],[122.88153,0.75473],[122.8858,0.74916],[122.8924,0.74912],[122.8974,0.76366],[122.9033,0.77387],[122.90745,0.77879],[122.9231,0.78733],[122.93464,0.78566],[122.9446,0.77684],[122.95062,0.77603],[122.94828,0.78034],[122.94908,0.78331],[122.94729,0.78461],[122.9502,0.78942],[122.94945,0.7932],[122.95084,0.79302],[122.94884,0.80283],[122.95001,0.81497],[122.94639,0.81657],[122.94502,0.82075],[122.94784,0.82458],[122.94839,0.82867],[122.94744,0.82992],[122.94411,0.82895],[122.94306,0.83795],[122.94005,0.84177],[122.94615,0.8464],[122.94851,0.84614],[122.95258,0.84133],[122.95511,0.8483],[122.96504,0.85085],[122.96958,0.85387],[122.9682,0.86074],[122.9706,0.8639],[122.97327,0.86306],[122.97429,0.86593],[122.97318,0.86835],[122.97881,0.87253],[122.98019,0.87949],[122.98299,0.88294],[122.98738,0.88487],[122.98692,0.8884],[122.99134,0.89592],[122.98747,0.90223],[122.9856,0.90158],[122.98132,0.9078],[122.97442,0.90548],[122.97632,0.91299],[122.97595,0.91847],[122.97715,0.91921],[122.97613,0.92218],[122.97815,0.92413],[122.9802,0.92153],[122.99348,0.91566],[122.99302,0.91467],[122.99543,0.91387],[122.99475,0.91188],[122.99964,0.91206],[123.00595,0.91555],[123.01364,0.90706],[123.01233,0.89961],[123.01554,0.89858],[123.01552,0.89576],[123.00938,0.89418],[122.99946,0.88805],[122.99522,0.88513],[122.99434,0.8825],[123.0009,0.87954],[123.00213,0.87513],[123.00515,0.87521],[123.00832,0.86678],[123.02119,0.85175]],[[122.85468,0.67769],[122.85723,0.67409],[122.85696,0.6768],[122.85468,0.67769]],[[122.85376,0.6775],[122.85375,0.67765],[122.85338,0.67764],[122.85376,0.6775]],[[122.85369,0.68003],[122.85396,0.67922],[122.85414,0.68036],[122.85369,0.68003]],[[122.85329,0.6815],[122.85312,0.68142],[122.85339,0.68095],[122.85329,0.6815]],[[122.85554,0.68542],[122.85596,0.68384],[122.85434,0.68233],[122.85542,0.68299],[122.85652,0.68451],[122.85554,0.68542]]],[[[122.46833,0.81379],[122.46684,0.81598],[122.46284,0.81443],[122.46497,0.81281],[122.46384,0.80948],[122.45751,0.80945],[122.45201,0.81276],[122.4521,0.8151],[122.45483,0.81554],[122.45447,0.81683],[122.4568,0.81856],[122.45597,0.82077],[122.45744,0.82002],[122.46129,0.82278],[122.46376,0.82089],[122.46643,0.82284],[122.46564,0.83072],[122.46325,0.82767],[122.46499,0.83097],[122.46068,0.82929],[122.45824,0.83258],[122.45949,0.84403],[122.4707,0.83661],[122.48135,0.83554],[122.50085,0.83784],[122.50999,0.84341],[122.51507,0.83677],[122.52315,0.83299],[122.5279,0.82916],[122.52906,0.82629],[122.52903,0.82035],[122.52581,0.81733],[122.49219,0.81268],[122.47786,0.81259],[122.46481,0.80972],[122.46833,0.81379]]],[[[122.45463,0.84029],[122.45601,0.8395],[122.45418,0.83387],[122.45846,0.82719],[122.45713,0.82583],[122.45627,0.82673],[122.45636,0.82442],[122.45354,0.82517],[122.45286,0.82219],[122.4497,0.81953],[122.44699,0.81968],[122.44716,0.81636],[122.44472,0.81771],[122.44577,0.82354],[122.44373,0.82968],[122.44096,0.82615],[122.44249,0.82527],[122.44171,0.82032],[122.43177,0.82319],[122.42491,0.82283],[122.41557,0.81957],[122.41259,0.82134],[122.40628,0.81973],[122.40427,0.82089],[122.40368,0.81875],[122.3839,0.80775],[122.38828,0.81328],[122.3884,0.81626],[122.38274,0.82683],[122.38499,0.83485],[122.38024,0.83811],[122.38457,0.84228],[122.3837,0.84537],[122.40232,0.84504],[122.41317,0.83628],[122.42307,0.83361],[122.43373,0.85988],[122.437,0.86339],[122.44528,0.85481],[122.45832,0.8449],[122.45674,0.84525],[122.45463,0.84029]]],[[[122.13432,0.83649],[122.1416,0.83282],[122.14781,0.83209],[122.14967,0.83482],[122.15685,0.83474],[122.15972,0.84245],[122.15402,0.85079],[122.14854,0.86426],[122.14175,0.87268],[122.15763,0.87328],[122.16591,0.85589],[122.16918,0.85476],[122.16988,0.8521],[122.17318,0.85143],[122.17343,0.84581],[122.17919,0.84284],[122.17644,0.83735],[122.17036,0.83078],[122.15915,0.82633],[122.14933,0.82417],[122.14137,0.82436],[122.12476,0.83093],[122.11902,0.8312],[122.10513,0.82486],[122.08403,0.81213],[122.08128,0.81678],[122.08263,0.82421],[122.07859,0.83901],[122.08244,0.84573],[122.08217,0.85988],[122.08399,0.86426],[122.08845,0.86302],[122.13432,0.83649]]],[[[122.02831,0.92617],[122.03601,0.93232],[122.03666,0.94091],[122.03939,0.94446],[122.03755,0.94857],[122.03854,0.95305],[122.0382,0.94882],[122.03974,0.94632],[122.04212,0.93371],[122.03927,0.92917],[122.03986,0.92419],[122.04726,0.92362],[122.047,0.92645],[122.05021,0.92919],[122.04985,0.93621],[122.05176,0.93825],[122.05164,0.94109],[122.04676,0.94442],[122.04831,0.94799],[122.04462,0.95263],[122.04724,0.9537],[122.04955,0.95821],[122.05985,0.96085],[122.06315,0.96517],[122.06232,0.96985],[122.06755,0.97426],[122.07265,0.97509],[122.07789,0.97178],[122.08243,0.97302],[122.08858,0.97593],[122.08724,0.98099],[122.09054,0.98233],[122.10005,0.97954],[122.10332,0.98081],[122.1079,0.9782],[122.11378,0.97996],[122.11995,0.97942],[122.12209,0.98178],[122.11982,0.98387],[122.12307,0.98514],[122.12421,0.9828],[122.12766,0.98788],[122.14157,0.98439],[122.14144,0.98879],[122.1492,0.9877],[122.15256,0.99372],[122.17164,0.98831],[122.17417,0.98962],[122.17392,0.99436],[122.17934,0.99421],[122.18159,0.99583],[122.18391,0.9918],[122.18926,0.99219],[122.1905,0.99031],[122.19267,0.99374],[122.19926,0.9956],[122.20143,0.99916],[122.21173,1.00133],[122.21111,1.00358],[122.21289,1.00203],[122.21258,0.99761],[122.2022,0.99474],[122.20205,0.98963],[122.19918,0.98986],[122.19693,0.98785],[122.19437,0.98901],[122.19274,0.98661],[122.19337,0.98468],[122.19112,0.98548],[122.18768,0.98405],[122.18913,0.98032],[122.18379,0.97465],[122.17515,0.97472],[122.17069,0.9732],[122.17051,0.97443],[122.1684,0.97414],[122.17023,0.9702],[122.16413,0.96131],[122.17569,0.96739],[122.17415,0.96538],[122.17539,0.96243],[122.17423,0.95926],[122.17897,0.95539],[122.18624,0.95771],[122.18857,0.96166],[122.19693,0.96313],[122.19988,0.95887],[122.20267,0.96119],[122.2015,0.96235],[122.20293,0.96389],[122.20951,0.9634],[122.2111,0.96586],[122.21638,0.96553],[122.21456,0.96595],[122.2149,0.96711],[122.22033,0.96282],[122.22293,0.96299],[122.22138,0.9583],[122.22617,0.95566],[122.22433,0.95861],[122.22753,0.95873],[122.22588,0.96101],[122.22879,0.96167],[122.22937,0.95757],[122.23926,0.95778],[122.2426,0.96253],[122.25018,0.96538],[122.25051,0.97117],[122.25405,0.97568],[122.25352,0.97698],[122.25631,0.97563],[122.26644,0.97725],[122.26918,0.97523],[122.27614,0.97422],[122.27833,0.97176],[122.27901,0.96825],[122.27667,0.96282],[122.27753,0.95888],[122.26257,0.95336],[122.29076,0.95038],[122.31404,0.95389],[122.32354,0.95182],[122.33186,0.9471],[122.34465,0.94703],[122.36362,0.95583],[122.36644,0.95934],[122.35621,0.96131],[122.3409,0.96951],[122.32733,0.97348],[122.2975,0.96615],[122.27977,0.95959],[122.28552,0.97151],[122.28697,0.97183],[122.28545,0.97501],[122.28703,0.97743],[122.28625,0.97878],[122.28964,0.98356],[122.29525,0.98585],[122.29592,0.98789],[122.29749,0.98873],[122.3004,0.98047],[122.30299,0.98234],[122.30164,0.984],[122.30302,0.98328],[122.30436,0.98526],[122.306,0.98295],[122.31067,0.98594],[122.30939,0.98966],[122.31286,0.98876],[122.31305,0.99032],[122.30904,0.99235],[122.31141,0.99339],[122.31214,0.99157],[122.31464,0.99215],[122.31703,0.99072],[122.31901,0.99166],[122.31796,0.99536],[122.31978,0.99603],[122.32481,0.9947],[122.3261,0.99159],[122.32806,0.99254],[122.33199,0.9902],[122.3344,0.99183],[122.33489,0.99432],[122.33637,0.99393],[122.3391,0.99576],[122.34041,1.0009],[122.34487,1.00163],[122.34613,0.99882],[122.34857,0.99845],[122.35316,1.00107],[122.35453,0.9972],[122.35846,0.99511],[122.35701,0.99492],[122.35879,0.99119],[122.35558,0.98788],[122.35726,0.98632],[122.35784,0.98791],[122.35951,0.98686],[122.36188,0.98847],[122.35978,0.98605],[122.36413,0.986],[122.36262,0.98075],[122.36425,0.98054],[122.3669,0.9835],[122.36559,0.97957],[122.36431,0.97978],[122.36759,0.97694],[122.36899,0.97797],[122.36663,0.97938],[122.36836,0.98181],[122.36672,0.98439],[122.36874,0.9853],[122.37456,0.98021],[122.3768,0.98156],[122.37674,0.9834],[122.3812,0.98228],[122.38431,0.98342],[122.3887,0.97842],[122.39269,0.98008],[122.39283,0.97654],[122.39505,0.97369],[122.39909,0.97409],[122.40152,0.97236],[122.40078,0.9688],[122.40566,0.97064],[122.40829,0.97474],[122.41281,0.97385],[122.40796,0.96797],[122.41001,0.96539],[122.41222,0.9666],[122.41099,0.96766],[122.41364,0.9675],[122.41284,0.96497],[122.40787,0.96216],[122.39956,0.96297],[122.39905,0.96016],[122.4101,0.95557],[122.40562,0.95335],[122.40761,0.95112],[122.41333,0.95382],[122.41478,0.95086],[122.41086,0.94682],[122.41275,0.94543],[122.41398,0.94722],[122.41416,0.94303],[122.41507,0.94534],[122.41959,0.94379],[122.42387,0.94514],[122.42755,0.9409],[122.42715,0.93801],[122.42978,0.93834],[122.43078,0.93263],[122.43686,0.94454],[122.43348,0.95113],[122.44094,0.95095],[122.44312,0.95248],[122.44544,0.95133],[122.45192,0.95364],[122.45324,0.95241],[122.4548,0.95403],[122.4529,0.95663],[122.45495,0.95954],[122.45333,0.96282],[122.4608,0.95854],[122.46547,0.96139],[122.46803,0.96679],[122.47162,0.95934],[122.47929,0.95728],[122.48576,0.94929],[122.48784,0.94818],[122.49076,0.94903],[122.49326,0.94703],[122.4976,0.95083],[122.50279,0.95273],[122.50554,0.95184],[122.50752,0.94744],[122.51586,0.93874],[122.51873,0.93903],[122.5194,0.93618],[122.52394,0.93499],[122.51309,0.9335],[122.48716,0.93344],[122.48908,0.93035],[122.50698,0.91976],[122.50918,0.91687],[122.5079,0.9166],[122.49569,0.91962],[122.44764,0.92598],[122.42274,0.92292],[122.39499,0.92566],[122.37326,0.93659],[122.36193,0.93882],[122.35057,0.93864],[122.33381,0.9322],[122.32754,0.93583],[122.27873,0.93293],[122.26654,0.93503],[122.25644,0.93492],[122.22974,0.94115],[122.20738,0.93587],[122.19643,0.93793],[122.16991,0.93599],[122.15982,0.92617],[122.15201,0.91437],[122.14929,0.90653],[122.13884,0.90647],[122.13438,0.90306],[122.12718,0.90062],[122.121,0.90064],[122.11568,0.90327],[122.11315,0.89962],[122.1087,0.89865],[122.08668,0.90892],[122.08414,0.90899],[122.07766,0.9043],[122.07033,0.90389],[122.06133,0.90886],[122.0536,0.90807],[122.03823,0.90995],[122.02724,0.91332],[122.01614,0.91213],[122.01762,0.92192],[122.02831,0.92617]],[[122.14022,0.95764],[122.1581,0.96447],[122.14696,0.97468],[122.13965,0.97436],[122.13027,0.96763],[122.12648,0.96155],[122.12765,0.95703],[122.13246,0.95611],[122.14022,0.95764]]],[[[122.05103,0.99309],[122.05116,0.99332],[122.05144,0.99367],[122.05103,0.99309]]],[[[122.0582,0.99716],[122.05966,0.99689],[122.05953,0.99683],[122.0582,0.99716]]],[[[122.06221,0.998],[122.06035,0.99719],[122.06184,0.99851],[122.0635,0.99875],[122.06221,0.998]]],[[[122.08459,0.99922],[122.08576,0.9989],[122.08436,0.99858],[122.08154,1.00099],[122.08459,0.99922]]],[[[122.0927,0.99981],[122.09081,0.99974],[122.0924,1.00052],[122.09407,1.00067],[122.0927,0.99981]]],[[[122.32653,1.01205],[122.3297,1.01221],[122.33226,1.00925],[122.33471,1.01007],[122.33516,1.00355],[122.33311,1.00012],[122.33418,0.99652],[122.33228,0.99192],[122.32982,0.99412],[122.32747,0.99312],[122.32224,0.99781],[122.31586,0.99651],[122.31359,1.00231],[122.31965,1.00032],[122.32063,1.00361],[122.32272,1.00429],[122.32223,1.00694],[122.32653,1.01205]]],[[[122.07186,1.00449],[122.06675,1.00095],[122.06839,1.00342],[122.07186,1.00449]]],[[[122.34701,1.01134],[122.34977,1.00974],[122.35126,1.01131],[122.35434,1.00761],[122.3522,1.00631],[122.35258,1.00356],[122.3514,1.00195],[122.35047,1.00265],[122.34992,1.00047],[122.34788,1.00267],[122.34769,1.00145],[122.34486,1.00215],[122.34437,1.00478],[122.34425,1.00325],[122.3425,1.00301],[122.34365,1.00179],[122.33908,1.00145],[122.3368,0.99502],[122.33518,0.99984],[122.33691,1.00379],[122.33556,1.01036],[122.34701,1.01134]]],[[[122.10124,1.0048],[122.10161,1.00488],[122.10047,1.00418],[122.10124,1.0048]]],[[[122.1029,1.00586],[122.10238,1.00546],[122.10255,1.00573],[122.1029,1.00586]]],[[[122.10567,1.00808],[122.10385,1.0066],[122.10395,1.00699],[122.10567,1.00808]]],[[[122.11189,1.01314],[122.11294,1.01298],[122.10852,1.01046],[122.10869,1.01238],[122.11189,1.01314]]],[[[122.12124,1.01235],[122.1233,1.01274],[122.12156,1.01207],[122.11702,1.01273],[122.12124,1.01235]]],[[[122.11495,1.013],[122.11396,1.01304],[122.11495,1.01313],[122.11495,1.013]]],[[[122.12422,1.01469],[122.12344,1.01297],[122.12354,1.01401],[122.12422,1.01469]]]]},"properties":{"fungsi":"HPT"}},{"type":"Feature","geometry":{"type":"MultiPolygon","coordinates":[[[[121.96133,0.45169],[121.962,0.45175],[121.96187,0.45171],[121.96133,0.45169]]],[[[121.96339,0.45244],[121.9631,0.45229],[121.96314,0.45248],[121.96339,0.45244]]],[[[121.97791,0.45402],[121.97841,0.45289],[121.97799,0.45365],[121.97791,0.45402]]],[[[121.96787,0.45638],[121.96762,0.4562],[121.96773,0.45629],[121.96787,0.45638]]],[[[121.98413,0.45601],[121.98394,0.45693],[121.98408,0.45637],[121.98413,0.45601]]],[[[121.96949,0.45759],[121.96902,0.45721],[121.96963,0.45781],[121.96949,0.45759]]],[[[121.97769,0.45586],[121.97445,0.45962],[121.97722,0.45729],[121.97769,0.45586]]],[[[121.97161,0.45922],[121.9722,0.45951],[121.97256,0.45965],[121.97161,0.45922]]],[[[121.99101,0.45964],[121.99065,0.4598],[121.99088,0.45971],[121.99119,0.45966],[121.99165,0.45953],[121.99169,0.45952],[121.99101,0.45964]]],[[[121.97377,0.45975],[121.9729,0.45973],[121.97328,0.45978],[121.97377,0.45975]]],[[[121.98761,0.46117],[121.98648,0.46061],[121.9871,0.46099],[121.98761,0.46117]]],[[[122.00081,0.46106],[122.00077,0.46099],[122.00079,0.46104],[122.00081,0.46106]]],[[[122.14772,0.46238],[122.14711,0.4615],[122.14673,0.46201],[122.14772,0.46238]]],[[[122.15192,0.46296],[122.15173,0.4632],[122.15196,0.46298],[122.1522,0.46181],[122.15192,0.46296]]],[[[122.15042,0.46296],[122.15054,0.46294],[122.15027,0.46296],[122.15042,0.46296]]],[[[122.00207,0.46266],[122.00235,0.46293],[122.00302,0.46353],[122.00207,0.46266]]],[[[122.1533,0.46621],[122.15332,0.46619],[122.15316,0.46628],[122.1533,0.46621]]],[[[122.15318,0.46907],[122.15315,0.46899],[122.15318,0.46919],[122.15318,0.46907]]],[[[122.15865,0.46929],[122.15861,0.46932],[122.15869,0.46928],[122.15865,0.46929]]],[[[122.15037,0.46957],[122.15034,0.46958],[122.15032,0.46961],[122.15037,0.46957]]],[[[122.15824,0.46983],[122.15816,0.46992],[122.15822,0.46988],[122.15824,0.46983]]],[[[122.16206,0.47049],[122.16198,0.47044],[122.16202,0.4705],[122.16206,0.47049]]],[[[122.14774,0.4708],[122.14774,0.47088],[122.14776,0.47068],[122.14774,0.4708]]],[[[122.14783,0.47155],[122.14778,0.47128],[122.14779,0.47144],[122.14783,0.47155]]],[[[122.14786,0.47379],[122.14788,0.47372],[122.14783,0.47382],[122.14786,0.47379]]],[[[122.03783,0.47219],[122.03484,0.47103],[122.0453,0.47618],[122.04887,0.47736],[122.05056,0.47755],[122.03783,0.47219]]],[[[122.19938,0.47437],[122.199,0.47447],[122.19916,0.47444],[122.19938,0.47437]]],[[[122.14746,0.47479],[122.14762,0.47451],[122.14697,0.47514],[122.14746,0.47479]]],[[[122.18249,0.47608],[122.18252,0.47605],[122.18251,0.47605],[122.18249,0.47608]]],[[[122.1951,0.47743],[122.19538,0.47733],[122.19582,0.47707],[122.19841,0.47469],[122.1951,0.47743]]],[[[122.18326,0.47629],[122.18329,0.47634],[122.1833,0.47615],[122.18326,0.47629]]],[[[122.20811,0.47705],[122.20777,0.47701],[122.20791,0.47705],[122.20811,0.47705]]],[[[122.20846,0.47719],[122.2086,0.47729],[122.20852,0.47722],[122.20846,0.47719]]],[[[122.05279,0.47797],[122.05149,0.47771],[122.05172,0.47777],[122.05279,0.47797]]],[[[122.18741,0.47793],[122.18772,0.47787],[122.18757,0.47786],[122.18741,0.47793]]],[[[122.18844,0.47814],[122.18818,0.47799],[122.18824,0.47804],[122.18844,0.47814]]],[[[122.18686,0.47842],[122.18702,0.47831],[122.18739,0.47794],[122.18686,0.47842]]],[[[122.18512,0.47833],[122.18518,0.47833],[122.18509,0.47831],[122.18512,0.47833]]],[[[122.19421,0.4775],[122.19346,0.47786],[122.19214,0.47933],[122.19421,0.4775]]],[[[122.08412,0.4794],[122.08526,0.48047],[122.08212,0.47709],[122.08152,0.47693],[122.08412,0.4794]]],[[[122.18858,0.47828],[122.18924,0.47918],[122.18901,0.47885],[122.18858,0.47828]]],[[[122.18947,0.47939],[122.18958,0.47943],[122.18928,0.47922],[122.18947,0.47939]]],[[[122.18967,0.47948],[122.18975,0.4795],[122.18964,0.47946],[122.18967,0.47948]]],[[[122.192,0.47948],[122.19135,0.47981],[122.19161,0.47974],[122.192,0.47948]]],[[[122.19042,0.47971],[122.19002,0.4796],[122.19019,0.47968],[122.19042,0.47971]]],[[[122.19079,0.47979],[122.19085,0.47979],[122.19052,0.47973],[122.19079,0.47979]]],[[[122.2131,0.48035],[122.21188,0.47963],[122.21231,0.47997],[122.2131,0.48035]]],[[[122.22858,0.48014],[122.22817,0.48],[122.22843,0.48029],[122.22858,0.48014]]],[[[122.22756,0.48045],[122.22753,0.48053],[122.22738,0.48079],[122.22733,0.48091],[122.2276,0.48051],[122.22756,0.48045]]],[[[122.23019,0.48223],[122.22904,0.48079],[122.22908,0.48184],[122.23019,0.48223]]],[[[122.22754,0.48177],[122.2275,0.48187],[122.22754,0.48179],[122.22754,0.48177]]],[[[122.21843,0.48379],[122.21938,0.48413],[122.21965,0.48416],[122.21843,0.48379]]],[[[122.22525,0.4836],[122.22517,0.48378],[122.22528,0.48365],[122.22525,0.4836]]],[[[122.22507,0.48393],[122.22451,0.48427],[122.22464,0.48424],[122.22507,0.48393]]],[[[122.2243,0.48434],[122.2245,0.48427],[122.22422,0.48435],[122.2243,0.48434]]],[[[122.22111,0.48444],[122.22098,0.48442],[122.22106,0.48445],[122.22111,0.48444]]],[[[122.22388,0.48443],[122.22381,0.48445],[122.22384,0.48445],[122.22388,0.48443]]],[[[122.09248,0.48472],[122.09438,0.48492],[122.0985,0.48445],[122.09248,0.48472]]],[[[122.22179,0.48453],[122.22198,0.48457],[122.22225,0.48458],[122.22179,0.48453]]],[[[122.14184,0.48458],[122.14133,0.48478],[122.14126,0.48495],[122.14156,0.48472],[122.14189,0.48481],[122.14308,0.48436],[122.14315,0.48432],[122.14184,0.48458]]],[[[122.14116,0.48519],[122.14118,0.48516],[122.14111,0.48518],[122.14116,0.48519]]],[[[122.23199,0.48563],[122.23204,0.48564],[122.23192,0.48556],[122.23199,0.48563]]],[[[122.10865,0.48634],[122.10732,0.48662],[122.10872,0.48639],[122.10978,0.48601],[122.11009,0.48575],[122.10837,0.48486],[122.10865,0.48634]]],[[[122.09991,0.48596],[122.09966,0.48566],[122.09978,0.48583],[122.09991,0.48596]]],[[[122.11238,0.48647],[122.1129,0.48664],[122.11324,0.4863],[122.11238,0.48647]]],[[[122.10037,0.48638],[122.10092,0.48681],[122.10071,0.48662],[122.10037,0.48638]]],[[[122.1039,0.48774],[122.10377,0.48775],[122.10384,0.48775],[122.1039,0.48774]]],[[[122.13235,0.48971],[122.13255,0.48928],[122.1324,0.48951],[122.13235,0.48971]]],[[[122.1315,0.49011],[122.13146,0.49019],[122.13163,0.49001],[122.1315,0.49011]]],[[[122.13123,0.49037],[122.13131,0.49031],[122.13117,0.49039],[122.13123,0.49037]]],[[[121.5738,0.53327],[121.57083,0.53171],[121.5663,0.53301],[121.56801,0.53553],[121.56942,0.53288],[121.5738,0.53327]]],[[[121.57538,0.53519],[121.57579,0.53495],[121.57518,0.53479],[121.57538,0.53519]]],[[[121.58341,0.53636],[121.58363,0.53643],[121.58356,0.5364],[121.58341,0.53636]]],[[[121.55223,0.54316],[121.55233,0.54308],[121.55228,0.54308],[121.55223,0.54316]]],[[[121.55201,0.54322],[121.55215,0.54321],[121.55205,0.54304],[121.55201,0.54322]]],[[[121.96448,0.58028],[121.96478,0.58068],[121.96275,0.57791],[121.96448,0.58028]]],[[[122.23613,0.99351],[122.23572,0.99333],[122.23582,0.99341],[122.23613,0.99351]]],[[[122.2502,1.00242],[122.24956,1.00273],[122.24879,1.00335],[122.2502,1.00242]]],[[[122.24875,1.00356],[122.2488,1.0038],[122.2488,1.00367],[122.24875,1.00356]]],[[[122.24885,1.00414],[122.24885,1.00422],[122.24886,1.00419],[122.24885,1.00414]]],[[[122.24853,1.00618],[122.24843,1.00596],[122.24835,1.00638],[122.24853,1.00618]]],[[[122.24632,1.00761],[122.246,1.00758],[122.24538,1.00762],[122.24632,1.00761]]],[[[122.24752,1.00764],[122.24751,1.00763],[122.24751,1.00768],[122.24752,1.00764]]],[[[122.24447,1.00836],[122.24462,1.00819],[122.24406,1.00857],[122.24447,1.00836]]],[[[122.2438,1.00881],[122.24369,1.00892],[122.24374,1.00889],[122.2438,1.00881]]],[[[122.24165,1.00999],[122.24181,1.01014],[122.24241,1.01033],[122.243,1.0097],[122.24165,1.00999]]],[[[122.22443,1.01104],[122.22435,1.01109],[122.22463,1.01108],[122.22443,1.01104]]],[[[122.21948,1.02201],[122.22016,1.0225],[122.21829,1.02064],[122.21948,1.02201]]],[[[122.22128,1.02501],[122.22132,1.02502],[122.2212,1.02495],[122.22128,1.02501]]],[[[122.1938,1.03493],[122.1937,1.03518],[122.19363,1.03558],[122.1938,1.03493]]],[[[122.19338,1.03699],[122.19389,1.03752],[122.19484,1.03737],[122.19338,1.03699]]],[[[122.19576,1.03727],[122.19521,1.0373],[122.19588,1.03805],[122.19576,1.03727]]],[[[122.2823,0.47571],[122.2823,0.47573],[122.28232,0.47574],[122.2823,0.47571]]],[[[122.2609,0.48073],[122.2609,0.48088],[122.26097,0.48085],[122.2609,0.48073]]],[[[122.2856,0.4852],[122.28554,0.48531],[122.2855,0.48552],[122.2856,0.4852]]],[[[122.28507,0.48644],[122.28527,0.48592],[122.28478,0.48595],[122.28507,0.48644]]],[[[122.30117,0.48736],[122.30138,0.48744],[122.30099,0.48715],[122.30117,0.48736]]],[[[122.3032,0.48948],[122.30384,0.48999],[122.30463,0.49045],[122.30191,0.48799],[122.3032,0.48948]]],[[[122.30512,0.49094],[122.3055,0.49087],[122.30506,0.4908],[122.30512,0.49094]]],[[[122.30719,0.49168],[122.30745,0.49175],[122.3061,0.49108],[122.30719,0.49168]]],[[[122.30991,0.4917],[122.30969,0.49172],[122.30985,0.49174],[122.30991,0.4917]]],[[[122.30921,0.49185],[122.3075,0.49176],[122.30837,0.49196],[122.30921,0.49185]]],[[[122.3121,0.49568],[122.31275,0.4947],[122.3126,0.49461],[122.3121,0.49568]]],[[[122.34859,0.49559],[122.34868,0.49555],[122.34862,0.49552],[122.34859,0.49559]]],[[[122.34153,0.49676],[122.34156,0.49657],[122.34151,0.49678],[122.34153,0.49676]]],[[[122.34437,0.49692],[122.34436,0.49685],[122.34416,0.49664],[122.34437,0.49692]]],[[[122.34418,0.49711],[122.34418,0.49721],[122.34421,0.49728],[122.34418,0.49711]]],[[[122.34426,0.49738],[122.34391,0.4977],[122.34425,0.49745],[122.34426,0.49738]]],[[[122.36728,0.50041],[122.36774,0.49996],[122.36698,0.49997],[122.36728,0.50041]]],[[[122.34761,0.50236],[122.34789,0.50335],[122.34884,0.50489],[122.35259,0.50749],[122.34882,0.50478],[122.34761,0.50236]]],[[[122.36816,0.50541],[122.36862,0.50562],[122.36782,0.50437],[122.36816,0.50541]]],[[[122.31642,0.50557],[122.31713,0.50711],[122.31646,0.50406],[122.31642,0.50557]]],[[[122.36162,0.50667],[122.36165,0.5067],[122.36163,0.50667],[122.36162,0.50667]]],[[[122.35885,0.50741],[122.35865,0.50831],[122.35909,0.50713],[122.35885,0.50741]]],[[[122.35333,0.5082],[122.35405,0.50899],[122.35425,0.50912],[122.35333,0.5082]]],[[[122.35824,0.50884],[122.35832,0.50874],[122.35818,0.5088],[122.35824,0.50884]]],[[[122.35442,0.50931],[122.35448,0.50935],[122.35429,0.50916],[122.35442,0.50931]]],[[[122.35468,0.50977],[122.35459,0.50946],[122.35452,0.50962],[122.35468,0.50977]]],[[[122.35751,0.50944],[122.35773,0.50933],[122.35738,0.50936],[122.35696,0.51001],[122.35751,0.50944]]],[[[122.35554,0.51036],[122.35588,0.51049],[122.355,0.50989],[122.35474,0.50981],[122.35554,0.51036]]],[[[122.35677,0.51022],[122.3568,0.51018],[122.35675,0.51023],[122.35677,0.51022]]],[[[122.3721,0.99392],[122.37303,0.99409],[122.37134,0.99345],[122.3721,0.99392]]],[[[122.36204,0.99695],[122.36203,0.99721],[122.36207,0.99712],[122.36204,0.99695]]],[[[122.36222,0.99783],[122.36216,0.9977],[122.36228,0.99873],[122.36222,0.99783]]],[[[122.36228,0.99922],[122.36227,0.99957],[122.36231,0.99943],[122.36228,0.99922]]],[[[122.36229,0.99994],[122.36227,0.99957],[122.36227,1.00027],[122.36229,0.99994]]],[[[122.3626,1.00134],[122.36252,1.00093],[122.36243,1.00076],[122.3626,1.00134]]],[[[122.25181,1.00201],[122.25198,1.00184],[122.25046,1.0023],[122.25181,1.00201]]],[[[122.36198,1.00198],[122.36166,1.00217],[122.36183,1.00214],[122.36198,1.00198]]],[[[122.36143,1.00235],[122.36127,1.00244],[122.36136,1.00242],[122.36143,1.00235]]],[[[122.30205,1.00256],[122.30199,1.00255],[122.30185,1.00256],[122.30205,1.00256]]],[[[122.30071,1.0028],[122.30016,1.00306],[122.30034,1.003],[122.30071,1.0028]]],[[[122.35916,1.00461],[122.36117,1.00246],[122.36037,1.00274],[122.35916,1.00461]]],[[[122.25579,1.00423],[122.25562,1.00379],[122.25565,1.00394],[122.25579,1.00423]]],[[[122.28151,1.00473],[122.28119,1.00474],[122.28265,1.005],[122.28824,1.00426],[122.2909,1.00493],[122.28939,1.00432],[122.28769,1.00415],[122.28151,1.00473]]],[[[122.30466,1.00506],[122.30472,1.00509],[122.3046,1.00498],[122.30466,1.00506]]],[[[122.3048,1.00513],[122.30486,1.00512],[122.30473,1.0051],[122.3048,1.00513]]],[[[122.27888,1.00549],[122.27985,1.00493],[122.27818,1.00528],[122.27888,1.00549]]],[[[122.27813,1.00525],[122.2781,1.00521],[122.27809,1.00521],[122.27813,1.00525]]],[[[122.30656,1.00519],[122.30733,1.00541],[122.30679,1.00519],[122.30616,1.0051],[122.30589,1.00508],[122.30557,1.00509],[122.30656,1.00519]]],[[[122.31406,1.00539],[122.31441,1.00547],[122.31352,1.00522],[122.31406,1.00539]]],[[[122.31322,1.00527],[122.31284,1.00553],[122.31304,1.00547],[122.31322,1.00527]]],[[[122.30804,1.00566],[122.30786,1.0056],[122.30801,1.00567],[122.30804,1.00566]]],[[[122.29224,1.00569],[122.29278,1.00635],[122.29207,1.00539],[122.29224,1.00569]]],[[[122.35887,1.00581],[122.35907,1.00483],[122.35879,1.00568],[122.35885,1.00677],[122.35892,1.00692],[122.35887,1.00581]]],[[[122.31262,1.00569],[122.31203,1.00615],[122.3124,1.0059],[122.31262,1.00569]]],[[[122.29915,1.0062],[122.29898,1.00618],[122.29902,1.00619],[122.29915,1.0062]]],[[[122.31559,1.00646],[122.31596,1.00669],[122.31554,1.00602],[122.31559,1.00646]]],[[[122.30867,1.00637],[122.30853,1.00637],[122.30862,1.0064],[122.30867,1.00637]]],[[[122.30901,1.00641],[122.30916,1.00641],[122.30891,1.00638],[122.30901,1.00641]]],[[[122.30929,1.00646],[122.30931,1.00646],[122.30928,1.00644],[122.30923,1.00643],[122.30929,1.00646]]],[[[122.29529,1.00707],[122.29552,1.00673],[122.29739,1.00664],[122.29887,1.00617],[122.29555,1.00663],[122.29529,1.00707]]],[[[122.3115,1.00673],[122.31177,1.00634],[122.31102,1.00694],[122.3115,1.00673]]],[[[122.36046,1.00786],[122.36036,1.00728],[122.3599,1.00674],[122.35977,1.00668],[122.35958,1.00665],[122.36046,1.00786]]],[[[122.25902,1.00781],[122.25933,1.0079],[122.259,1.00758],[122.25871,1.00742],[122.25863,1.00739],[122.25849,1.00736],[122.25902,1.00781]]],[[[122.29405,1.0078],[122.29442,1.00769],[122.29345,1.00781],[122.29405,1.0078]]],[[[122.29185,1.00799],[122.29214,1.00803],[122.29191,1.00776],[122.29185,1.00799]]],[[[122.26009,1.00841],[122.25974,1.00814],[122.25987,1.00827],[122.26009,1.00841]]],[[[122.27065,1.00948],[122.27047,1.00955],[122.27101,1.00935],[122.27065,1.00948]]],[[[122.35977,1.00972],[122.3598,1.0094],[122.35942,1.01008],[122.35977,1.00972]]],[[[122.26984,1.00989],[122.26969,1.01004],[122.26956,1.01047],[122.26984,1.00989]]],[[[122.35785,1.01151],[122.35853,1.01071],[122.35726,1.01152],[122.35785,1.01151]]],[[[122.26352,1.01224],[122.26056,1.01106],[122.26207,1.01226],[122.26352,1.01224]]],[[[122.35431,1.01159],[122.35554,1.01103],[122.35442,1.0114],[122.35363,1.01247],[122.35431,1.01159]]],[[[122.26974,1.01152],[122.26915,1.01192],[122.26859,1.01243],[122.26974,1.01152]]],[[[122.26355,1.01223],[122.26402,1.01226],[122.26364,1.01221],[122.26355,1.01223]]],[[[122.26464,1.01224],[122.26799,1.01253],[122.26572,1.01223],[122.26464,1.01224]]],[[[122.35285,1.01272],[122.35301,1.01263],[122.35275,1.01266],[122.35211,1.01325],[122.35285,1.01272]]],[[[122.35185,1.01337],[122.35124,1.01336],[122.35153,1.01342],[122.35185,1.01337]]],[[[122.35107,1.01342],[122.35112,1.01339],[122.35109,1.0134],[122.35107,1.01342]]],[[[122.35075,1.01365],[122.34984,1.01438],[122.34956,1.01558],[122.35075,1.01365]]],[[[122.3504,1.01761],[122.35045,1.0175],[122.35044,1.01751],[122.3504,1.01761]]],[[[122.35037,1.01767],[122.35028,1.01822],[122.35043,1.01906],[122.35037,1.01767]]],[[[122.32775,1.01958],[122.32966,1.02056],[122.32835,1.01967],[122.32603,1.01908],[122.32507,1.01979],[122.32775,1.01958]]],[[[122.3511,1.02018],[122.35106,1.01995],[122.35094,1.01979],[122.3511,1.02018]]],[[[122.35038,1.02115],[122.35058,1.02092],[122.35001,1.02122],[122.35038,1.02115]]],[[[122.34397,1.02272],[122.34922,1.02067],[122.34872,1.02058],[122.34397,1.02272]]],[[[122.33077,1.02186],[122.33091,1.02277],[122.3308,1.02154],[122.33001,1.02086],[122.33077,1.02186]]],[[[122.33886,1.02687],[122.34215,1.02445],[122.34375,1.02276],[122.33851,1.02704],[122.33799,1.02778],[122.33745,1.02907],[122.33886,1.02687]]],[[[122.32799,1.0267],[122.32799,1.02649],[122.32797,1.02656],[122.32799,1.0267]]],[[[122.32863,1.02757],[122.32877,1.02771],[122.32854,1.02742],[122.3284,1.02734],[122.32863,1.02757]]],[[[122.28841,1.03034],[122.28872,1.03023],[122.28856,1.03003],[122.28769,1.0296],[122.28722,1.03038],[122.28841,1.03034]],[[122.28818,1.03006],[122.28849,1.03004],[122.2885,1.03025],[122.28818,1.03006]]],[[[122.33726,1.02943],[122.33586,1.03162],[122.3358,1.03363],[122.33726,1.02943]]],[[[122.33594,1.03497],[122.33587,1.03395],[122.33556,1.03758],[122.33591,1.03789],[122.33594,1.03497]]],[[[122.332,1.03861],[122.33209,1.03862],[122.33185,1.03854],[122.332,1.03861]]],[[[122.33756,1.03985],[122.33749,1.03976],[122.33758,1.03995],[122.33756,1.03985]]],[[[122.336,1.04052],[122.33715,1.04002],[122.33605,1.0404],[122.33407,1.04059],[122.336,1.04052]]],[[[122.48365,0.50102],[122.48459,0.50143],[122.48435,0.50109],[122.48365,0.50102]]],[[[122.49026,0.50146],[122.48989,0.50152],[122.49006,0.50151],[122.49026,0.50146]]],[[[122.46911,0.50235],[122.46913,0.50237],[122.46919,0.50238],[122.46911,0.50235]]],[[[122.46702,0.50328],[122.46707,0.50329],[122.46704,0.50326],[122.46702,0.50328]]],[[[122.42909,0.50328],[122.42907,0.50329],[122.42903,0.50335],[122.42909,0.50328]]],[[[122.41399,0.50614],[122.4156,0.50643],[122.41303,0.50443],[122.41269,0.50597],[122.41399,0.50614]]],[[[122.52709,0.50613],[122.52728,0.50606],[122.52738,0.5059],[122.52709,0.50613]]],[[[122.52809,0.50609],[122.52835,0.50647],[122.52838,0.50619],[122.52809,0.50609]]],[[[122.45813,0.50615],[122.4564,0.50688],[122.45701,0.50679],[122.45813,0.50615]]],[[[122.46595,0.50669],[122.46585,0.5067],[122.46588,0.5067],[122.46595,0.50669]]],[[[122.50952,0.50979],[122.50959,0.50982],[122.50955,0.50979],[122.50952,0.50979]]],[[[122.51038,0.51047],[122.51049,0.51053],[122.51048,0.51051],[122.51038,0.51047]]],[[[122.37223,0.51151],[122.37224,0.51145],[122.37222,0.51149],[122.37223,0.51151]]],[[[122.41333,0.51347],[122.41333,0.51333],[122.41332,0.51333],[122.41333,0.51347]]],[[[122.41333,0.51348],[122.41367,0.51395],[122.41476,0.51429],[122.41333,0.51348]]],[[[122.44808,0.51653],[122.44828,0.51507],[122.44622,0.51643],[122.44623,0.51465],[122.44572,0.51666],[122.44808,0.51653]]],[[[122.40743,0.51854],[122.40804,0.51794],[122.4084,0.51776],[122.40855,0.51766],[122.40859,0.51757],[122.40861,0.51724],[122.40824,0.51666],[122.40821,0.51603],[122.40787,0.51667],[122.40743,0.51854]]],[[[122.39578,0.51698],[122.39608,0.51816],[122.3964,0.51778],[122.39578,0.51698]]],[[[122.39465,0.51785],[122.39461,0.51862],[122.39446,0.51881],[122.39462,0.51867],[122.39499,0.51698],[122.39465,0.51785]]],[[[122.53274,0.97188],[122.53331,0.97176],[122.5329,0.9718],[122.53227,0.97201],[122.5311,0.97256],[122.53274,0.97188]]],[[[122.52782,0.9746],[122.52746,0.97508],[122.53103,0.97259],[122.52782,0.9746]]],[[[122.52503,0.97619],[122.52621,0.97581],[122.52728,0.97516],[122.52503,0.97619]]],[[[122.524,0.97634],[122.5233,0.97648],[122.52356,0.97646],[122.524,0.97634]]],[[[122.52214,0.97681],[122.52231,0.97673],[122.52207,0.97681],[122.52214,0.97681]]],[[[122.52032,0.9776],[122.51954,0.97792],[122.51886,0.97849],[122.52032,0.9776]]],[[[122.51442,0.97929],[122.51203,0.97996],[122.51181,0.98011],[122.51174,0.98027],[122.51498,0.97924],[122.517,0.97924],[122.51796,0.97902],[122.5184,0.97877],[122.51442,0.97929]]],[[[122.51015,0.98144],[122.51103,0.9809],[122.51023,0.98122],[122.50864,0.98306],[122.51015,0.98144]]],[[[122.50816,0.98343],[122.50837,0.98325],[122.50828,0.98323],[122.50816,0.98343]]],[[[122.50523,0.98491],[122.5058,0.98472],[122.50694,0.98421],[122.50775,0.98376],[122.50523,0.98491]]],[[[122.50472,0.98508],[122.50522,0.98492],[122.50506,0.98493],[122.50472,0.98508]]],[[[122.531,0.98722],[122.5312,0.98724],[122.5312,0.9871],[122.531,0.98722]]],[[[122.48964,0.98919],[122.50003,0.98604],[122.49198,0.98778],[122.48964,0.98919]]],[[[122.48806,0.99014],[122.48725,0.99113],[122.4867,0.99253],[122.48669,0.99265],[122.48674,0.99274],[122.48964,0.98919],[122.48806,0.99014]]],[[[122.41942,0.99131],[122.42765,0.99361],[122.41955,0.99094],[122.41247,0.99307],[122.41942,0.99131]]],[[[122.48736,0.99362],[122.48744,0.99341],[122.48719,0.99389],[122.48736,0.99362]]],[[[122.48695,0.99426],[122.48713,0.99395],[122.48696,0.9942],[122.48695,0.99426]]],[[[122.43136,0.99353],[122.43477,0.99383],[122.43129,0.99334],[122.42899,0.99458],[122.43136,0.99353]]],[[[122.48717,0.99459],[122.48704,0.99508],[122.48717,0.9949],[122.48717,0.99459]]],[[[122.37547,0.99612],[122.37552,0.99614],[122.37543,0.99608],[122.37547,0.99612]]],[[[122.48545,0.9972],[122.48513,0.99749],[122.48525,0.99744],[122.48545,0.9972]]],[[[122.48493,0.99768],[122.48467,0.99799],[122.48476,0.99795],[122.48493,0.99768]]],[[[122.4107,0.99854],[122.41054,0.99776],[122.41052,0.9991],[122.4107,0.99854]]],[[[122.44414,0.99824],[122.44494,0.99918],[122.44424,0.99807],[122.443,0.99802],[122.44414,0.99824]]],[[[122.37831,0.99955],[122.3788,0.99957],[122.37702,0.99888],[122.37831,0.99955]]],[[[122.47589,1.0002],[122.48092,0.99874],[122.47861,0.99831],[122.47589,1.0002]]],[[[122.41038,0.99927],[122.41025,0.99936],[122.41032,0.99933],[122.41038,0.99927]]],[[[122.40777,0.99951],[122.40911,0.99981],[122.40962,0.99966],[122.40772,0.99947],[122.40654,1.00045],[122.40777,0.99951]]],[[[122.47551,1.00029],[122.47551,1.00059],[122.47581,1.00029],[122.47551,1.00029]]],[[[122.44384,1.0021],[122.44326,1.00217],[122.44433,1.00243],[122.44384,1.0021]]],[[[122.40733,1.00338],[122.40637,1.00229],[122.40643,1.00049],[122.40632,1.00051],[122.40619,1.00161],[122.40639,1.00243],[122.40803,1.0044],[122.40733,1.00338]]],[[[122.47351,1.00311],[122.4726,1.00488],[122.47539,1.0007],[122.47351,1.00311]]],[[[122.38893,1.00287],[122.38825,1.00281],[122.38793,1.00297],[122.38893,1.00287]]],[[[122.40425,1.00325],[122.40405,1.00325],[122.40405,1.00336],[122.40425,1.00325]]],[[[122.40475,1.0035],[122.4046,1.00345],[122.40446,1.00343],[122.40475,1.0035]]],[[[122.40518,1.00368],[122.40499,1.00359],[122.4051,1.00365],[122.40518,1.00368]]],[[[122.39019,1.00372],[122.39025,1.00379],[122.39025,1.00377],[122.39019,1.00372]]],[[[122.4059,1.00414],[122.40567,1.00391],[122.40526,1.00371],[122.4059,1.00414]]],[[[122.40203,1.00362],[122.40208,1.00385],[122.40145,1.00428],[122.40122,1.00453],[122.40101,1.00484],[122.40399,1.00336],[122.40203,1.00362]]],[[[122.39068,1.00521],[122.39068,1.00526],[122.39069,1.00524],[122.39068,1.00512],[122.39068,1.00521]]],[[[122.40087,1.00508],[122.40037,1.00587],[122.40035,1.00642],[122.40087,1.00508]]],[[[122.40613,1.00621],[122.40622,1.00633],[122.40623,1.00613],[122.40613,1.00621]]],[[[122.39061,1.00602],[122.39056,1.0059],[122.39056,1.00617],[122.39061,1.00602]]],[[[122.38973,1.00714],[122.38972,1.00721],[122.38978,1.00704],[122.38973,1.00714]]],[[[122.40055,1.00657],[122.40052,1.0065],[122.40049,1.00649],[122.40055,1.00657]]],[[[122.40139,1.00792],[122.40106,1.00701],[122.40065,1.00666],[122.40055,1.00657],[122.40139,1.00792]]],[[[122.39001,1.00807],[122.39015,1.00828],[122.38997,1.00784],[122.38978,1.00766],[122.39001,1.00807]]],[[[122.40103,1.00856],[122.4011,1.00832],[122.40092,1.00833],[122.40076,1.00889],[122.40103,1.00856]]],[[[122.40064,1.0091],[122.40075,1.00892],[122.39986,1.00964],[122.40064,1.0091]]],[[[122.39078,1.00938],[122.39081,1.00942],[122.39075,1.00922],[122.39072,1.00917],[122.39078,1.00938]]],[[[122.3915,1.01092],[122.3914,1.01084],[122.39149,1.01097],[122.3915,1.01092]]],[[[122.39699,1.01079],[122.39568,1.01273],[122.39329,1.01394],[122.39593,1.01263],[122.39826,1.00961],[122.39872,1.00949],[122.39849,1.00951],[122.39828,1.00955],[122.39699,1.01079]]],[[[122.39905,1.00968],[122.39938,1.00962],[122.39876,1.00948],[122.39872,1.00949],[122.39905,1.00968]]],[[[122.39226,1.01216],[122.39274,1.01286],[122.39304,1.01341],[122.3927,1.01272],[122.39181,1.01137],[122.39226,1.01216]]],[[[122.4717,1.01674],[122.47199,1.01638],[122.47204,1.01427],[122.4701,1.01161],[122.47082,1.00841],[122.46976,1.01039],[122.47022,1.01283],[122.47195,1.01426],[122.4717,1.01674]]],[[[122.46257,1.01676],[122.46114,1.01787],[122.46185,1.02084],[122.46426,1.02306],[122.46183,1.02061],[122.46186,1.01766],[122.47009,1.01467],[122.46257,1.01676]]],[[[122.4433,1.01915],[122.44318,1.01913],[122.44344,1.01929],[122.4433,1.01915]]],[[[122.44054,1.01987],[122.44096,1.01989],[122.44076,1.01984],[122.44054,1.01987]]],[[[122.4414,1.01986],[122.4411,1.0199],[122.44119,1.01991],[122.4414,1.01986]]],[[[122.43871,1.02031],[122.43902,1.02034],[122.43886,1.01998],[122.43871,1.02031]]],[[[122.44075,1.02331],[122.44064,1.02316],[122.44066,1.02323],[122.44075,1.02331]]],[[[122.44175,1.02382],[122.44189,1.0238],[122.44122,1.02376],[122.44175,1.02382]]],[[[122.46301,1.02334],[122.46351,1.02318],[122.46263,1.02338],[122.46147,1.02502],[122.46301,1.02334]]],[[[122.45323,1.03058],[122.45332,1.03092],[122.45804,1.02815],[122.46142,1.02507],[122.45323,1.03058]]],[[[122.44693,1.02917],[122.44782,1.02947],[122.44889,1.02962],[122.44693,1.02917]]],[[[122.44945,1.02979],[122.44961,1.02985],[122.44955,1.02978],[122.44945,1.02979]]],[[[122.45062,1.03017],[122.45047,1.03018],[122.45049,1.03019],[122.45062,1.03017]]],[[[122.45092,1.03075],[122.45101,1.03083],[122.45098,1.03073],[122.45092,1.03075]]],[[[122.45154,1.03109],[122.45144,1.03107],[122.45149,1.03111],[122.45154,1.03109]]],[[[122.45305,1.0312],[122.45332,1.03092],[122.45223,1.03161],[122.45305,1.0312]]],[[[122.64363,0.47621],[122.64466,0.47737],[122.64377,0.47634],[122.64363,0.47621]]],[[[122.64671,0.4799],[122.64713,0.48036],[122.64776,0.48086],[122.64671,0.4799]]],[[[122.63941,0.48198],[122.63936,0.4821],[122.63991,0.48122],[122.63941,0.48198]]],[[[122.60456,0.49241],[122.60422,0.49268],[122.6053,0.49197],[122.60561,0.49166],[122.60456,0.49241]]],[[[122.61925,0.49449],[122.61912,0.49434],[122.61904,0.49429],[122.61925,0.49449]]],[[[122.6215,0.4962],[122.62095,0.49617],[122.62156,0.49657],[122.6215,0.4962]]],[[[122.55635,0.49676],[122.55648,0.4972],[122.55646,0.49699],[122.55635,0.49676]]],[[[122.5566,0.49754],[122.55663,0.49756],[122.55656,0.49742],[122.5566,0.49754]]],[[[122.61907,0.49935],[122.61999,0.50006],[122.62172,0.49872],[122.61971,0.49722],[122.61907,0.49935]]],[[[122.55718,0.49983],[122.55693,0.49898],[122.55688,0.49918],[122.55718,0.49983]]],[[[122.65045,0.50294],[122.65041,0.50285],[122.65043,0.50292],[122.65045,0.50294]]],[[[122.60037,0.50381],[122.60034,0.50378],[122.60038,0.50386],[122.60037,0.50381]]],[[[122.65032,0.50496],[122.65006,0.50588],[122.65018,0.50821],[122.65032,0.50496]]],[[[122.5679,0.50831],[122.56788,0.50828],[122.56791,0.5084],[122.56798,0.50847],[122.5679,0.50831]]],[[[122.56955,0.50852],[122.56937,0.50849],[122.56956,0.50858],[122.56955,0.50852]]],[[[122.60244,0.50857],[122.60243,0.50866],[122.60246,0.50858],[122.60244,0.50857]]],[[[122.65011,0.50852],[122.64955,0.50939],[122.64979,0.5091],[122.65011,0.50852]]],[[[122.58611,0.51116],[122.58633,0.51108],[122.58606,0.51108],[122.58611,0.51116]]],[[[122.64812,0.51143],[122.64814,0.51149],[122.64812,0.51141],[122.64812,0.51143]]],[[[122.64805,0.51191],[122.64813,0.51173],[122.64815,0.5116],[122.64805,0.51191]]],[[[122.64798,0.51206],[122.64783,0.51236],[122.64774,0.51265],[122.64798,0.51206]]],[[[122.56007,0.5129],[122.56028,0.51288],[122.56013,0.51287],[122.56007,0.5129]]],[[[122.55982,0.51335],[122.55997,0.51296],[122.55988,0.513],[122.55982,0.51335]]],[[[122.55687,0.51332],[122.55689,0.51291],[122.55681,0.51355],[122.55687,0.51332]]],[[[122.55403,0.51414],[122.55374,0.51415],[122.55385,0.51416],[122.55403,0.51414]]],[[[122.55309,0.5143],[122.55359,0.51416],[122.55343,0.51417],[122.55309,0.5143]]],[[[122.55504,0.51436],[122.55482,0.51428],[122.55489,0.51432],[122.55504,0.51436]]],[[[122.5561,0.51448],[122.55613,0.51447],[122.55582,0.51445],[122.5561,0.51448]]],[[[122.65074,0.5154],[122.65162,0.51512],[122.64719,0.51488],[122.65074,0.5154]]],[[[122.64007,0.94165],[122.64047,0.94159],[122.64006,0.94164],[122.63956,0.94184],[122.64007,0.94165]]],[[[122.63914,0.94199],[122.63885,0.94222],[122.63897,0.94217],[122.63914,0.94199]]],[[[122.63811,0.94291],[122.63806,0.94296],[122.63798,0.94323],[122.63811,0.94291]]],[[[122.61143,0.944],[122.61096,0.944],[122.61106,0.94401],[122.61143,0.944]]],[[[122.61174,0.94404],[122.6119,0.94404],[122.6116,0.94401],[122.61174,0.94404]]],[[[122.61056,0.94412],[122.61075,0.94401],[122.6099,0.94414],[122.60982,0.94418],[122.6098,0.94419],[122.61056,0.94412]]],[[[122.63787,0.94383],[122.63791,0.94353],[122.63676,0.94592],[122.63787,0.94383]]],[[[122.60875,0.94539],[122.6096,0.9443],[122.60888,0.94509],[122.60875,0.94539]]],[[[122.63657,0.94616],[122.63653,0.94626],[122.63662,0.94611],[122.63657,0.94616]]],[[[122.63587,0.94735],[122.63616,0.94691],[122.63602,0.94706],[122.63587,0.94735]]],[[[122.60729,0.94793],[122.60745,0.9475],[122.60779,0.9473],[122.60801,0.94703],[122.60744,0.94748],[122.60729,0.94793]]],[[[122.65031,0.9476],[122.65019,0.94781],[122.65053,0.94736],[122.65031,0.9476]]],[[[122.60611,0.948],[122.60624,0.94802],[122.60619,0.94799],[122.60611,0.948]]],[[[122.60452,0.948],[122.60438,0.94801],[122.604,0.94814],[122.60452,0.948]]],[[[122.65002,0.94823],[122.65001,0.94839],[122.65007,0.94818],[122.65002,0.94823]]],[[[122.60382,0.94823],[122.60381,0.94823],[122.60377,0.94827],[122.60382,0.94823]]],[[[122.60799,0.94885],[122.60786,0.94901],[122.60802,0.94908],[122.60799,0.94885]]],[[[122.60153,0.94991],[122.60327,0.94825],[122.60139,0.94993],[122.60184,0.95097],[122.60153,0.94991]]],[[[122.63362,0.95004],[122.63181,0.95069],[122.62955,0.95278],[122.63384,0.95031],[122.63581,0.94743],[122.63362,0.95004]]],[[[122.60223,0.95171],[122.60227,0.95184],[122.60226,0.95179],[122.60223,0.95171]]],[[[122.58701,0.95213],[122.58687,0.95227],[122.59232,0.95225],[122.58701,0.95213]]],[[[122.60053,0.95227],[122.6004,0.95243],[122.60046,0.9524],[122.60053,0.95227]]],[[[122.59318,0.95279],[122.5933,0.95264],[122.59298,0.95244],[122.59318,0.95279]]],[[[122.59935,0.95252],[122.5996,0.95237],[122.59865,0.95289],[122.59935,0.95252]]],[[[122.59508,0.95295],[122.59519,0.95286],[122.5949,0.95291],[122.59508,0.95295]]],[[[122.62535,0.95329],[122.62542,0.95328],[122.62518,0.95328],[122.625,0.95324],[122.62497,0.95325],[122.62519,0.95329],[122.62535,0.95329]]],[[[122.58305,0.95407],[122.58267,0.95445],[122.58616,0.9526],[122.58631,0.9524],[122.58305,0.95407]]],[[[122.62865,0.95374],[122.62905,0.95313],[122.62847,0.9537],[122.62865,0.95374]]],[[[122.61452,0.9546],[122.61463,0.95494],[122.61485,0.95399],[122.61452,0.9546]]],[[[122.6293,0.95466],[122.62935,0.95485],[122.62934,0.95476],[122.6293,0.95466]]],[[[122.58044,0.95573],[122.58262,0.95449],[122.58119,0.95465],[122.58044,0.95573]]],[[[122.62195,0.95485],[122.62167,0.95502],[122.622,0.9578],[122.62195,0.95485]]],[[[122.58003,0.956],[122.57973,0.95606],[122.57908,0.9563],[122.57887,0.9564],[122.58003,0.956]]],[[[122.61572,0.95679],[122.6156,0.9567],[122.61541,0.95665],[122.61516,0.95662],[122.61572,0.95679]]],[[[122.57813,0.95683],[122.57731,0.95721],[122.57729,0.95737],[122.57813,0.95683]]],[[[122.57638,0.95791],[122.57511,0.95859],[122.57552,0.95842],[122.57701,0.95755],[122.57638,0.95791]]],[[[122.56776,0.9589],[122.56704,0.95878],[122.5674,0.95888],[122.56776,0.9589]]],[[[122.56893,0.95927],[122.56934,0.95934],[122.56811,0.95898],[122.56893,0.95927]]],[[[122.57183,0.95923],[122.57202,0.95919],[122.57158,0.95927],[122.57183,0.95923]]],[[[122.62328,0.95816],[122.62318,0.95806],[122.62287,0.95791],[122.6228,0.9579],[122.62423,0.9609],[122.62328,0.95816]]],[[[122.56042,0.96007],[122.55819,0.96134],[122.56677,0.95874],[122.56042,0.96007]]],[[[122.62541,0.96116],[122.62534,0.9611],[122.62536,0.96113],[122.62541,0.96116]]],[[[122.61944,0.9614],[122.61953,0.9614],[122.61932,0.96136],[122.61944,0.9614]]],[[[122.61729,0.96144],[122.61715,0.96164],[122.61727,0.96163],[122.61729,0.96144]]],[[[122.62053,0.9618],[122.62037,0.96183],[122.62049,0.96186],[122.62053,0.9618]]],[[[122.55848,0.96182],[122.55848,0.96196],[122.55851,0.96191],[122.55848,0.96182]]],[[[122.62621,0.96197],[122.6262,0.96194],[122.6262,0.96202],[122.62621,0.96197]]],[[[122.6226,0.96229],[122.62246,0.96233],[122.62279,0.96236],[122.6226,0.96229]]],[[[122.55687,0.96295],[122.55748,0.96238],[122.55707,0.96275],[122.55687,0.96295]]],[[[122.62555,0.9627],[122.6256,0.96294],[122.62567,0.96286],[122.62555,0.9627]]],[[[122.62473,0.96356],[122.62556,0.963],[122.62509,0.9632],[122.62427,0.96388],[122.62473,0.96356]]],[[[122.55661,0.96337],[122.55672,0.96322],[122.55675,0.96317],[122.55633,0.96357],[122.55637,0.96374],[122.55661,0.96337]]],[[[122.55629,0.96383],[122.55635,0.96377],[122.55613,0.96379],[122.55629,0.96383]]],[[[122.55148,0.96532],[122.55067,0.96655],[122.55036,0.96783],[122.55046,0.96939],[122.55108,0.96605],[122.55546,0.96331],[122.55148,0.96532]]],[[[122.54052,0.96961],[122.54191,0.96955],[122.54011,0.9696],[122.54052,0.96961]]],[[[122.55095,0.96957],[122.55125,0.96999],[122.55119,0.96984],[122.55095,0.96957]]],[[[122.54887,0.97042],[122.54882,0.97039],[122.54866,0.9704],[122.54844,0.97045],[122.54887,0.97042]]],[[[122.55102,0.97087],[122.55103,0.97085],[122.55074,0.97068],[122.55102,0.97087]]],[[[122.53418,0.97165],[122.53371,0.97212],[122.53936,0.9696],[122.53418,0.97165]]],[[[122.54694,0.97131],[122.54734,0.97074],[122.5471,0.97101],[122.54694,0.97131]]],[[[122.55179,0.97161],[122.55232,0.97124],[122.55233,0.97062],[122.55179,0.97161]]],[[[122.54403,0.97125],[122.54562,0.97112],[122.54382,0.9712],[122.54403,0.97125]]],[[[122.55133,0.97127],[122.55144,0.97136],[122.55142,0.97132],[122.55133,0.97127]]],[[[122.54692,0.97135],[122.54661,0.97152],[122.54659,0.97164],[122.54692,0.97135]]],[[[122.55197,0.97159],[122.55193,0.97159],[122.55193,0.97162],[122.55197,0.97159]]],[[[122.69249,0.47318],[122.69231,0.47324],[122.69216,0.47332],[122.69249,0.47318]]],[[[122.69189,0.47566],[122.69218,0.47658],[122.6922,0.47599],[122.69181,0.4738],[122.69189,0.47566]]],[[[122.69681,0.47798],[122.69682,0.47816],[122.69683,0.47798],[122.69681,0.47798]]],[[[122.70433,0.47928],[122.705,0.47894],[122.7036,0.47947],[122.70433,0.47928]]],[[[122.69747,0.47898],[122.698,0.47943],[122.69846,0.47971],[122.69908,0.48028],[122.69968,0.4807],[122.69682,0.47818],[122.69747,0.47898]]],[[[122.70895,0.48095],[122.70907,0.48093],[122.70814,0.48045],[122.70895,0.48095]]],[[[122.70002,0.48094],[122.70014,0.48099],[122.69982,0.4808],[122.70002,0.48094]]],[[[122.70242,0.48106],[122.70241,0.48095],[122.70214,0.48116],[122.70242,0.48106]]],[[[122.7092,0.48117],[122.70927,0.48121],[122.70913,0.48098],[122.7092,0.48117]]],[[[122.70187,0.4812],[122.70167,0.48123],[122.7016,0.48125],[122.70187,0.4812]]],[[[122.71165,0.48142],[122.71176,0.48141],[122.71167,0.4814],[122.71165,0.48142]]],[[[122.71119,0.48149],[122.71136,0.48144],[122.71129,0.48145],[122.71119,0.48149]]],[[[122.69088,0.48563],[122.69086,0.48568],[122.69088,0.48565],[122.69088,0.48563]]],[[[122.69092,0.48699],[122.69095,0.4869],[122.69092,0.48696],[122.69092,0.48699]]],[[[122.65323,0.48843],[122.65335,0.4882],[122.65348,0.48776],[122.65363,0.48687],[122.65351,0.48617],[122.65323,0.48843]]],[[[122.65427,0.49153],[122.6541,0.49109],[122.65423,0.49146],[122.65427,0.49153]]],[[[122.68886,0.49297],[122.68901,0.49282],[122.68895,0.49287],[122.68886,0.49297]]],[[[122.68812,0.49583],[122.68803,0.49612],[122.68807,0.49603],[122.68812,0.49583]]],[[[122.65487,0.49657],[122.65494,0.49567],[122.65488,0.49587],[122.65487,0.49657]]],[[[122.65478,0.49682],[122.6543,0.49723],[122.65448,0.49715],[122.65478,0.49682]]],[[[122.65357,0.49749],[122.65354,0.49753],[122.65352,0.4976],[122.65357,0.49749]]],[[[122.68648,0.49941],[122.68652,0.49922],[122.68647,0.49931],[122.68648,0.49941]]],[[[122.65218,0.49933],[122.65221,0.49938],[122.6522,0.49933],[122.65218,0.49933]]],[[[122.68537,0.50139],[122.68537,0.50146],[122.68596,0.50054],[122.68537,0.50139]]],[[[122.65119,0.50121],[122.65105,0.50132],[122.65113,0.50127],[122.65119,0.50121]]],[[[122.68562,0.50222],[122.68545,0.50186],[122.68535,0.50338],[122.68562,0.50222]]],[[[122.68518,0.5039],[122.68534,0.5034],[122.68407,0.50466],[122.68518,0.5039]]],[[[122.67756,0.50641],[122.67777,0.50629],[122.67753,0.50639],[122.67756,0.50641]]],[[[122.67953,0.50686],[122.67998,0.50682],[122.68075,0.50658],[122.68104,0.50646],[122.68117,0.50639],[122.68126,0.50635],[122.68133,0.50631],[122.68142,0.50627],[122.68162,0.50617],[122.67953,0.50686]]],[[[122.6773,0.50657],[122.67741,0.50647],[122.67712,0.50668],[122.6773,0.50657]]],[[[122.6768,0.507],[122.67691,0.50687],[122.67661,0.50716],[122.6768,0.507]]],[[[122.6763,0.50841],[122.67645,0.50866],[122.67636,0.50849],[122.6763,0.50841]]],[[[122.67682,0.50923],[122.67676,0.50918],[122.67687,0.5094],[122.67682,0.50923]]],[[[122.67647,0.51101],[122.67667,0.51092],[122.67678,0.51085],[122.67647,0.51101]]],[[[122.67549,0.51114],[122.67493,0.51128],[122.6751,0.51126],[122.67549,0.51114]]],[[[122.6651,0.51257],[122.66516,0.51256],[122.66509,0.51255],[122.6651,0.51257]]],[[[122.66556,0.51261],[122.66589,0.5126],[122.66526,0.51256],[122.66556,0.51261]]],[[[122.66458,0.51263],[122.6645,0.51265],[122.66453,0.51265],[122.66458,0.51263]]],[[[122.66628,0.51272],[122.66637,0.51272],[122.66619,0.51267],[122.66628,0.51272]]],[[[122.66649,0.51276],[122.66653,0.51276],[122.66648,0.51275],[122.66649,0.51276]]],[[[122.66381,0.51275],[122.66374,0.51277],[122.66379,0.51277],[122.66381,0.51275]]],[[[122.66753,0.51294],[122.66714,0.51289],[122.66722,0.51291],[122.66753,0.51294]]],[[[122.66232,0.51408],[122.66277,0.51373],[122.66362,0.5128],[122.66232,0.51408]]],[[[122.65772,0.5148],[122.65798,0.51486],[122.6572,0.51456],[122.65694,0.51453],[122.6569,0.51454],[122.65772,0.5148]]],[[[122.66045,0.51498],[122.66033,0.51507],[122.66037,0.51505],[122.66045,0.51498]]],[[[122.71269,0.86921],[122.71268,0.86938],[122.7127,0.86932],[122.71269,0.86921]]],[[[122.7128,0.87076],[122.7124,0.87059],[122.71247,0.87065],[122.7128,0.87076]]],[[[122.70593,0.88781],[122.70589,0.88779],[122.70585,0.88784],[122.70593,0.88781]]],[[[122.70403,0.88961],[122.70406,0.88971],[122.70406,0.88969],[122.70403,0.88961]]],[[[122.70974,0.89278],[122.70985,0.89279],[122.70986,0.89266],[122.70974,0.89278]]],[[[122.69338,0.89376],[122.6934,0.89371],[122.69339,0.89372],[122.69338,0.89376]]],[[[122.68741,0.89544],[122.68779,0.89407],[122.6883,0.8939],[122.68776,0.89404],[122.68483,0.89817],[122.68741,0.89544]]],[[[122.69403,0.89622],[122.69401,0.89632],[122.69415,0.89617],[122.69403,0.89622]]],[[[122.68315,0.89943],[122.68317,0.89935],[122.68302,0.89943],[122.68299,0.89953],[122.68315,0.89943]]],[[[122.68222,0.90017],[122.68231,0.90006],[122.68217,0.90008],[122.68222,0.90017]]],[[[122.68226,0.90071],[122.68227,0.90063],[122.68227,0.90054],[122.68226,0.90071]]],[[[122.68207,0.90098],[122.68209,0.90092],[122.68208,0.90093],[122.68207,0.90098]]],[[[122.6818,0.90157],[122.68162,0.90207],[122.68149,0.90267],[122.6818,0.90157]]],[[[122.68173,0.90357],[122.6818,0.90355],[122.68171,0.90356],[122.68173,0.90357]]],[[[122.68161,0.9036],[122.68121,0.90407],[122.68094,0.90475],[122.68161,0.9036]]],[[[122.68082,0.9051],[122.68089,0.90491],[122.68062,0.90532],[122.68082,0.9051]]],[[[122.68023,0.90711],[122.68058,0.906],[122.68061,0.9058],[122.68003,0.90773],[122.67997,0.90815],[122.67999,0.90821],[122.68009,0.90828],[122.68023,0.90711]]],[[[122.68018,0.90832],[122.68012,0.9083],[122.68027,0.90838],[122.68018,0.90832]]],[[[122.6805,0.90859],[122.68046,0.90851],[122.6804,0.90847],[122.68024,0.90925],[122.6805,0.90859]]],[[[122.67957,0.91077],[122.67952,0.91109],[122.67958,0.91118],[122.67957,0.91077]]],[[[122.67859,0.91274],[122.67822,0.91294],[122.6784,0.91288],[122.67859,0.91274]]],[[[122.67519,0.91359],[122.67528,0.91353],[122.67514,0.91358],[122.67511,0.91362],[122.67519,0.91359]]],[[[122.67251,0.91985],[122.67262,0.91926],[122.67251,0.91919],[122.67251,0.91985]]],[[[122.67215,0.92123],[122.67222,0.92105],[122.67162,0.92184],[122.67113,0.92279],[122.67121,0.923],[122.67215,0.92123]]],[[[122.67116,0.92322],[122.67121,0.92315],[122.67122,0.92309],[122.67121,0.92305],[122.67116,0.92322]]],[[[122.67044,0.92377],[122.67046,0.92382],[122.67051,0.92378],[122.67044,0.92377]]],[[[122.66939,0.92487],[122.66965,0.92462],[122.66958,0.92466],[122.66939,0.92487]]],[[[122.66936,0.92491],[122.66831,0.92603],[122.6678,0.92709],[122.66936,0.92491]]],[[[122.66724,0.92804],[122.66774,0.92716],[122.6673,0.92786],[122.66724,0.92804]]],[[[122.66613,0.93027],[122.66733,0.92932],[122.66766,0.92901],[122.66779,0.92886],[122.66594,0.9303],[122.66566,0.93088],[122.66551,0.93096],[122.66548,0.93106],[122.66582,0.93074],[122.66613,0.93027]]],[[[122.66541,0.93122],[122.66469,0.93284],[122.6643,0.93416],[122.66541,0.93122]]],[[[122.66017,0.93289],[122.66029,0.93282],[122.65998,0.93286],[122.66017,0.93289]]],[[[122.65813,0.9338],[122.65916,0.93329],[122.65798,0.93383],[122.65728,0.93534],[122.65813,0.9338]]],[[[122.66433,0.93442],[122.66432,0.93429],[122.66418,0.93493],[122.66433,0.93442]]],[[[122.6639,0.93513],[122.66373,0.93514],[122.6638,0.93515],[122.6639,0.93513]]],[[[122.65685,0.93536],[122.65688,0.93588],[122.65739,0.93656],[122.65685,0.93536]]],[[[122.65618,0.94303],[122.65688,0.94206],[122.65729,0.94094],[122.65777,0.93907],[122.65618,0.94303]]],[[[122.65278,0.94421],[122.65266,0.94423],[122.65286,0.94421],[122.65302,0.94417],[122.65278,0.94421]]],[[[122.65521,0.94431],[122.65523,0.94412],[122.65517,0.94435],[122.65521,0.94452],[122.65521,0.94431]]],[[[122.65104,0.94579],[122.65236,0.94423],[122.65143,0.94495],[122.65058,0.94641],[122.65104,0.94579]]],[[[122.74357,0.48049],[122.74348,0.48051],[122.74354,0.48051],[122.74357,0.48049]]],[[[122.74297,0.48062],[122.74266,0.48066],[122.74239,0.48077],[122.74297,0.48062]]],[[[122.74447,0.48082],[122.74404,0.48062],[122.74393,0.48059],[122.74447,0.48082]]],[[[122.74223,0.48096],[122.74203,0.48113],[122.74211,0.48108],[122.74223,0.48096]]],[[[122.74167,0.48157],[122.74198,0.48117],[122.74181,0.48133],[122.74167,0.48157]]],[[[122.71311,0.48158],[122.71357,0.48158],[122.71272,0.48137],[122.71227,0.48138],[122.71311,0.48158]]],[[[122.74154,0.48178],[122.74152,0.48192],[122.74154,0.4819],[122.74154,0.48178]]],[[[122.74693,0.48226],[122.74672,0.48209],[122.74681,0.48217],[122.74693,0.48226]]],[[[122.74126,0.4823],[122.74102,0.48254],[122.74119,0.48244],[122.74126,0.4823]]],[[[122.72688,0.48257],[122.72648,0.48256],[122.72737,0.48282],[122.72688,0.48257]]],[[[122.71926,0.483],[122.71929,0.48303],[122.71941,0.48307],[122.71926,0.483]]],[[[122.71678,0.48318],[122.71623,0.48295],[122.7164,0.48306],[122.71678,0.48318]]],[[[122.72608,0.48262],[122.72605,0.48264],[122.72587,0.48304],[122.72571,0.48358],[122.72608,0.48262]]],[[[122.75965,0.48311],[122.7593,0.48323],[122.75938,0.48321],[122.75965,0.48311]]],[[[122.7589,0.48326],[122.7592,0.48325],[122.75881,0.48318],[122.75866,0.4832],[122.7589,0.48326]]],[[[122.75849,0.48324],[122.75857,0.48321],[122.75828,0.48328],[122.75849,0.48324]]],[[[122.71987,0.48336],[122.72012,0.48348],[122.71993,0.48334],[122.71958,0.48314],[122.71947,0.48309],[122.71987,0.48336]]],[[[122.7409,0.48266],[122.74035,0.48324],[122.74027,0.48342],[122.7409,0.48266]]],[[[122.7702,0.4835],[122.77037,0.48345],[122.77032,0.48345],[122.7702,0.4835]]],[[[122.76,0.4832],[122.7599,0.48317],[122.76081,0.48382],[122.76,0.4832]]],[[[122.76977,0.48374],[122.76979,0.48374],[122.76985,0.4837],[122.76977,0.48374]]],[[[122.74825,0.48357],[122.74848,0.48376],[122.74875,0.48391],[122.74825,0.48357]]],[[[122.76721,0.48372],[122.76715,0.48371],[122.76725,0.48374],[122.76721,0.48372]]],[[[122.76909,0.48396],[122.76953,0.48381],[122.76882,0.48397],[122.76909,0.48396]]],[[[122.76659,0.4839],[122.76668,0.48382],[122.76636,0.48404],[122.76659,0.4839]]],[[[122.72556,0.4839],[122.72536,0.48415],[122.72549,0.48403],[122.72556,0.4839]]],[[[122.72078,0.48415],[122.721,0.4843],[122.7209,0.48422],[122.72078,0.48415]]],[[[122.73095,0.48403],[122.73102,0.48399],[122.73089,0.48404],[122.73079,0.48409],[122.73095,0.48403]]],[[[122.74902,0.4841],[122.74909,0.48413],[122.74889,0.484],[122.74902,0.4841]]],[[[122.75433,0.48418],[122.75484,0.48416],[122.75447,0.48396],[122.75433,0.48418]]],[[[122.75636,0.48444],[122.75758,0.48428],[122.75788,0.48413],[122.75795,0.48395],[122.75636,0.48444]]],[[[122.73339,0.48478],[122.73265,0.48365],[122.73103,0.48399],[122.73339,0.48478]]],[[[122.73058,0.48424],[122.73072,0.48413],[122.73056,0.48423],[122.73058,0.48424]]],[[[122.76625,0.48411],[122.766,0.48409],[122.76516,0.48448],[122.76625,0.48411]]],[[[122.72925,0.48441],[122.72893,0.48427],[122.729,0.48433],[122.72925,0.48441]]],[[[122.72518,0.48436],[122.72505,0.48449],[122.72514,0.48442],[122.72518,0.48436]]],[[[122.75264,0.48416],[122.75157,0.48443],[122.75102,0.48469],[122.75264,0.48416]]],[[[122.76263,0.48479],[122.76363,0.48484],[122.7648,0.48461],[122.76263,0.48479]]],[[[122.72161,0.48489],[122.7218,0.48504],[122.72191,0.48508],[122.72161,0.48489]]],[[[122.73347,0.48494],[122.73342,0.48485],[122.73349,0.4852],[122.73347,0.48494]]],[[[122.73571,0.48621],[122.73352,0.4853],[122.73411,0.48571],[122.73571,0.48621]]],[[[122.73778,0.48615],[122.73783,0.48609],[122.73742,0.48634],[122.73778,0.48615]]],[[[122.73608,0.48623],[122.73602,0.48622],[122.73608,0.48624],[122.73608,0.48623]]],[[[122.77407,0.48713],[122.77448,0.48764],[122.77439,0.48751],[122.77407,0.48713]]],[[[122.81312,0.48955],[122.81271,0.48954],[122.81286,0.48958],[122.81312,0.48955]]],[[[122.81222,0.48968],[122.81191,0.48984],[122.81139,0.49077],[122.81222,0.48968]]],[[[122.78025,0.49118],[122.77928,0.49061],[122.77851,0.48995],[122.77831,0.48986],[122.77928,0.49065],[122.78025,0.49118]]],[[[122.81127,0.49091],[122.81101,0.49119],[122.81107,0.49115],[122.81127,0.49091]]],[[[122.81072,0.49151],[122.81089,0.49132],[122.81051,0.49166],[122.81072,0.49151]]],[[[122.78316,0.49308],[122.78294,0.49293],[122.78151,0.49219],[122.78316,0.49308]]],[[[122.78392,0.49357],[122.78374,0.49347],[122.78384,0.49356],[122.78392,0.49357]]],[[[122.80753,0.49346],[122.80757,0.49341],[122.80727,0.4935],[122.80695,0.49368],[122.80753,0.49346]]],[[[122.80645,0.49387],[122.80653,0.49381],[122.80651,0.49381],[122.80645,0.49387]]],[[[122.79797,0.49401],[122.7975,0.49404],[122.79801,0.49406],[122.79797,0.49401]]],[[[122.79741,0.49403],[122.79706,0.494],[122.7966,0.4941],[122.79625,0.49429],[122.79598,0.49432],[122.79621,0.49433],[122.79741,0.49403]]],[[[122.78546,0.49441],[122.78611,0.4946],[122.78631,0.49461],[122.78651,0.4946],[122.78734,0.49461],[122.7874,0.4946],[122.78775,0.4946],[122.78786,0.4946],[122.78789,0.4946],[122.78546,0.49441]]],[[[122.80584,0.49424],[122.80597,0.49417],[122.8055,0.49432],[122.80584,0.49424]]],[[[122.78993,0.49428],[122.79007,0.49424],[122.78929,0.49432],[122.78993,0.49428]]],[[[122.79254,0.49444],[122.7957,0.49431],[122.79267,0.4944],[122.7905,0.4942],[122.7904,0.49421],[122.79254,0.49444]]],[[[122.80124,0.49437],[122.80002,0.49435],[122.8005,0.49443],[122.80124,0.49437]]],[[[122.79952,0.49442],[122.79968,0.49439],[122.79938,0.4944],[122.79952,0.49442]]],[[[122.80449,0.49453],[122.80496,0.49431],[122.80418,0.49456],[122.80449,0.49453]]],[[[122.78894,0.49441],[122.78855,0.49451],[122.78874,0.49449],[122.78894,0.49441]]],[[[122.80273,0.49458],[122.80196,0.49443],[122.80151,0.49438],[122.80126,0.49437],[122.80273,0.49458]]],[[[122.80382,0.49458],[122.8028,0.49459],[122.8029,0.49462],[122.80382,0.49458]]],[[[122.78709,0.86629],[122.78718,0.86612],[122.78725,0.86589],[122.78709,0.86629]]],[[[122.78628,0.86719],[122.78605,0.86743],[122.78563,0.86766],[122.78452,0.86931],[122.78628,0.86719]]],[[[122.71312,0.87097],[122.71303,0.87092],[122.71318,0.87111],[122.71312,0.87097]]],[[[122.7242,0.87139],[122.72421,0.87143],[122.72423,0.87145],[122.7242,0.87139]]],[[[122.71374,0.87172],[122.7134,0.87151],[122.71357,0.87167],[122.71374,0.87172]]],[[[122.71429,0.87289],[122.71431,0.87293],[122.71427,0.87281],[122.71429,0.87289]]],[[[122.80828,0.87345],[122.80904,0.8732],[122.80887,0.8731],[122.80828,0.87345]]],[[[122.77084,0.87864],[122.77087,0.87865],[122.77072,0.87824],[122.77044,0.87803],[122.77084,0.87864]]],[[[122.71751,0.88185],[122.71747,0.88178],[122.71713,0.88222],[122.71751,0.88185]]],[[[122.74051,0.88357],[122.74052,0.88379],[122.74055,0.8837],[122.74051,0.88357]]],[[[122.72202,0.88615],[122.72206,0.88616],[122.72202,0.88613],[122.72202,0.88615]]],[[[122.73527,0.88701],[122.73531,0.8868],[122.73523,0.88679],[122.73527,0.88701]]],[[[122.71808,0.88822],[122.71811,0.8882],[122.718,0.88825],[122.71808,0.88822]]],[[[122.71451,0.88955],[122.71456,0.88953],[122.71453,0.88953],[122.71451,0.88955]]],[[[122.73994,0.90982],[122.74057,0.91015],[122.73958,0.90879],[122.73914,0.90855],[122.73883,0.90875],[122.73838,0.90998],[122.73994,0.90982]]],[[[122.73961,0.91134],[122.73965,0.91124],[122.73931,0.91164],[122.73961,0.91134]]],[[[122.7384,0.91155],[122.73831,0.91159],[122.73841,0.91161],[122.7384,0.91155]]],[[[122.73835,0.9117],[122.73764,0.91192],[122.73768,0.91197],[122.73835,0.9117]]],[[[122.73722,0.92386],[122.73744,0.92372],[122.73734,0.92367],[122.73722,0.92386]]],[[[122.89041,0.48711],[122.89022,0.48679],[122.88997,0.48656],[122.89041,0.48711]]],[[[122.8905,0.48731],[122.89048,0.48727],[122.89048,0.4873],[122.8905,0.48731]]],[[[122.89061,0.48746],[122.89064,0.48754],[122.89069,0.48759],[122.89061,0.48746]]],[[[122.88695,0.48723],[122.88713,0.48712],[122.88714,0.48706],[122.88381,0.48788],[122.88695,0.48723]]],[[[122.89107,0.48807],[122.89086,0.48782],[122.89114,0.48821],[122.89107,0.48807]]],[[[122.87957,0.4891],[122.88083,0.489],[122.88259,0.48865],[122.88285,0.48858],[122.88307,0.48846],[122.88309,0.48843],[122.8782,0.48902],[122.87957,0.4891]]],[[[122.81548,0.4889],[122.81543,0.48895],[122.81546,0.48894],[122.81548,0.4889]]],[[[122.91637,0.489],[122.91638,0.48928],[122.91641,0.48915],[122.91637,0.489]]],[[[122.89388,0.48973],[122.89452,0.48991],[122.89182,0.48864],[122.89388,0.48973]]],[[[122.81463,0.48934],[122.81469,0.48931],[122.81451,0.48936],[122.81463,0.48934]]],[[[122.8767,0.48911],[122.87506,0.48964],[122.87531,0.48969],[122.8767,0.48911]]],[[[122.81626,0.48973],[122.81695,0.49039],[122.81672,0.49003],[122.81636,0.48979],[122.81616,0.4894],[122.81584,0.48907],[122.81572,0.48901],[122.81626,0.48973]]],[[[122.87447,0.4898],[122.87461,0.48972],[122.87454,0.48975],[122.87447,0.4898]]],[[[122.87368,0.49002],[122.87387,0.49],[122.87279,0.49006],[122.87267,0.49009],[122.87368,0.49002]]],[[[122.87168,0.49006],[122.87226,0.49011],[122.87179,0.48997],[122.87168,0.49006]]],[[[122.87132,0.49009],[122.87105,0.49012],[122.87058,0.49028],[122.87132,0.49009]]],[[[122.89452,0.48991],[122.89616,0.49091],[122.89671,0.49094],[122.89749,0.49066],[122.89452,0.48991]]],[[[122.87031,0.49059],[122.87043,0.4905],[122.86893,0.49071],[122.86882,0.4908],[122.87031,0.49059]]],[[[122.89805,0.49081],[122.89832,0.49087],[122.8982,0.49079],[122.89805,0.49081]]],[[[122.91579,0.49097],[122.91579,0.49116],[122.91582,0.49105],[122.91579,0.49097]]],[[[122.86661,0.49086],[122.86618,0.49077],[122.86587,0.49149],[122.86661,0.49086]]],[[[122.81789,0.49128],[122.81814,0.49163],[122.81798,0.49137],[122.81769,0.49101],[122.81754,0.49089],[122.81789,0.49128]]],[[[122.90836,0.49125],[122.90838,0.49118],[122.9081,0.49146],[122.90836,0.49125]]],[[[122.92019,0.49174],[122.92118,0.49081],[122.91895,0.49211],[122.92019,0.49174]]],[[[122.85977,0.49182],[122.85831,0.49155],[122.85771,0.49173],[122.85977,0.49182]]],[[[122.86563,0.49186],[122.86576,0.49157],[122.86569,0.49164],[122.86563,0.49186]]],[[[122.89988,0.49223],[122.90013,0.49235],[122.90058,0.49249],[122.90193,0.49272],[122.90278,0.49271],[122.89847,0.49096],[122.89988,0.49223]]],[[[122.86174,0.49215],[122.86027,0.49198],[122.86059,0.49212],[122.86174,0.49215]]],[[[122.84723,0.49212],[122.8473,0.49211],[122.8472,0.49211],[122.84723,0.49212]]],[[[122.90737,0.49224],[122.90809,0.49148],[122.90621,0.49275],[122.90737,0.49224]]],[[[122.84805,0.49215],[122.84766,0.49212],[122.84787,0.49215],[122.84805,0.49215]]],[[[122.8653,0.49208],[122.86492,0.49224],[122.8651,0.4922],[122.8653,0.49208]]],[[[122.84861,0.49225],[122.84908,0.49223],[122.8487,0.49223],[122.84861,0.49225]]],[[[122.85454,0.49284],[122.85487,0.49273],[122.85258,0.49287],[122.85454,0.49284]]],[[[122.91886,0.49215],[122.91774,0.49242],[122.91797,0.49245],[122.91886,0.49215]]],[[[122.81914,0.49234],[122.81922,0.49236],[122.81904,0.49226],[122.81914,0.49234]]],[[[122.86275,0.49243],[122.86283,0.49243],[122.86253,0.49235],[122.86275,0.49243]]],[[[122.86469,0.49231],[122.86356,0.49245],[122.86399,0.49247],[122.86469,0.49231]]],[[[122.91737,0.4924],[122.9174,0.49241],[122.91756,0.49241],[122.91737,0.4924]]],[[[122.84628,0.49236],[122.84563,0.49259],[122.84593,0.49252],[122.84628,0.49236]]],[[[122.85056,0.4927],[122.85065,0.49272],[122.85047,0.49265],[122.85056,0.4927]]],[[[122.81988,0.49271],[122.81992,0.49272],[122.81982,0.49268],[122.81988,0.49271]]],[[[122.84563,0.49259],[122.84444,0.49291],[122.84472,0.49287],[122.84563,0.49259]]],[[[122.85138,0.49275],[122.85081,0.49276],[122.85113,0.49279],[122.85138,0.49275]]],[[[122.85208,0.49279],[122.8521,0.49278],[122.85203,0.49277],[122.85208,0.49279]]],[[[122.90479,0.49292],[122.90586,0.49276],[122.90292,0.49272],[122.90479,0.49292]]],[[[122.83986,0.49285],[122.83957,0.49285],[122.83972,0.49287],[122.83986,0.49285]]],[[[122.84068,0.49301],[122.83995,0.49285],[122.84006,0.4929],[122.84068,0.49301]]],[[[122.84429,0.49292],[122.84282,0.49315],[122.8432,0.49314],[122.84429,0.49292]]],[[[122.82072,0.49312],[122.82092,0.49317],[122.82038,0.49296],[122.82072,0.49312]]],[[[122.84249,0.49321],[122.84269,0.49317],[122.84083,0.49306],[122.84249,0.49321]]],[[[122.83926,0.49289],[122.83908,0.49292],[122.83883,0.49301],[122.83926,0.49289]]],[[[122.82106,0.49327],[122.82111,0.4933],[122.82102,0.49323],[122.82106,0.49327]]],[[[122.83755,0.49344],[122.83733,0.49348],[122.83747,0.49347],[122.83755,0.49344]]],[[[122.82151,0.49366],[122.82163,0.49377],[122.82131,0.49343],[122.82117,0.49333],[122.82151,0.49366]]],[[[122.83707,0.49357],[122.83725,0.4935],[122.83704,0.49354],[122.8368,0.49361],[122.83707,0.49357]]],[[[122.83619,0.49379],[122.83546,0.49408],[122.83555,0.49409],[122.83619,0.49379]]],[[[122.82185,0.49406],[122.8217,0.49386],[122.82171,0.4939],[122.82185,0.49406]]],[[[122.83506,0.49432],[122.83484,0.49442],[122.83523,0.49427],[122.83506,0.49432]]],[[[122.83452,0.49461],[122.83452,0.49452],[122.83376,0.49471],[122.83352,0.49479],[122.83346,0.49482],[122.83337,0.49488],[122.83452,0.49461]]],[[[122.83327,0.49498],[122.83332,0.49491],[122.83322,0.49498],[122.83327,0.49498]]],[[[122.83309,0.49506],[122.83304,0.49509],[122.83306,0.49509],[122.83309,0.49506]]],[[[122.8264,0.49531],[122.82716,0.49554],[122.82496,0.49466],[122.8264,0.49531]]],[[[122.83192,0.49541],[122.83207,0.49543],[122.8315,0.49523],[122.83192,0.49541]]],[[[122.83045,0.49531],[122.83055,0.49524],[122.83039,0.49529],[122.83025,0.49547],[122.83045,0.49531]]],[[[122.8325,0.49538],[122.83268,0.49529],[122.83207,0.49543],[122.8325,0.49538]]],[[[122.82223,0.4953],[122.82222,0.49522],[122.82222,0.49588],[122.82223,0.4953]]],[[[122.82981,0.49561],[122.83004,0.49558],[122.82969,0.4955],[122.82981,0.49561]]],[[[122.82913,0.4956],[122.8295,0.4955],[122.82924,0.49551],[122.82913,0.4956]]],[[[122.82799,0.4958],[122.82803,0.49579],[122.82768,0.49579],[122.82799,0.4958]]],[[[122.8236,0.49668],[122.82214,0.49804],[122.82359,0.49743],[122.82385,0.49606],[122.82346,0.49484],[122.82487,0.49464],[122.82344,0.49481],[122.8236,0.49668]]],[[[122.8489,0.80057],[122.84872,0.80057],[122.84882,0.80058],[122.8489,0.80057]]],[[[122.85602,0.80839],[122.85662,0.80835],[122.85695,0.80825],[122.85591,0.80837],[122.85398,0.80883],[122.85602,0.80839]]],[[[122.85358,0.80908],[122.85383,0.80885],[122.8531,0.80909],[122.85358,0.80908]]],[[[122.8161,0.8467],[122.816,0.84678],[122.81597,0.8473],[122.81629,0.84804],[122.8161,0.8467]]],[[[122.81658,0.8481],[122.81651,0.84813],[122.81689,0.84814],[122.81658,0.8481]]],[[[122.81588,0.84899],[122.81592,0.8487],[122.81579,0.84888],[122.81588,0.84899]]],[[[122.90037,0.85254],[122.90028,0.85256],[122.90018,0.85259],[122.90037,0.85254]]],[[[122.89371,0.85285],[122.89326,0.85303],[122.89336,0.85332],[122.89371,0.85285]]],[[[122.91469,0.85811],[122.91474,0.85816],[122.91479,0.8582],[122.91463,0.85749],[122.91469,0.85811]]],[[[122.91595,0.85859],[122.91611,0.85863],[122.91539,0.85838],[122.91506,0.85833],[122.91595,0.85859]]],[[[122.91623,0.85865],[122.91634,0.85865],[122.91611,0.85863],[122.91623,0.85865]]],[[[122.86151,0.93619],[122.86132,0.93602],[122.8614,0.93753],[122.86151,0.93619]]],[[[122.98865,0.4848],[122.98917,0.48481],[122.98905,0.48474],[122.98865,0.4848]]],[[[122.98799,0.48516],[122.98827,0.4849],[122.98811,0.485],[122.98799,0.48516]]],[[[122.98675,0.48626],[122.98618,0.48629],[122.986,0.4864],[122.98675,0.48626]]],[[[122.92652,0.48637],[122.92658,0.48633],[122.92653,0.48635],[122.92652,0.48637]]],[[[122.97626,0.48651],[122.97758,0.48634],[122.9771,0.48633],[122.97626,0.48651]]],[[[122.93358,0.4866],[122.9336,0.48644],[122.93325,0.48628],[122.93358,0.4866]]],[[[122.98535,0.48648],[122.98498,0.48656],[122.98569,0.48646],[122.98535,0.48648]]],[[[122.981,0.48657],[122.98096,0.48667],[122.98126,0.48657],[122.981,0.48657]]],[[[122.99186,0.48658],[122.99186,0.4868],[122.99192,0.48672],[122.99186,0.48658]]],[[[122.93355,0.48668],[122.93354,0.4867],[122.93356,0.48673],[122.93355,0.48668]]],[[[122.936,0.48699],[122.93615,0.48697],[122.93576,0.4868],[122.936,0.48699]]],[[[122.93562,0.48674],[122.93558,0.48676],[122.93551,0.48681],[122.93542,0.4871],[122.93562,0.48674]]],[[[122.93377,0.48704],[122.93396,0.48717],[122.93358,0.48678],[122.93377,0.48704]]],[[[122.97582,0.48694],[122.97587,0.4868],[122.97564,0.48719],[122.97582,0.48694]]],[[[122.978,0.48675],[122.97842,0.4873],[122.97834,0.48705],[122.978,0.48675]]],[[[122.93657,0.48713],[122.93671,0.48721],[122.9368,0.48723],[122.93657,0.48713]]],[[[122.93466,0.48746],[122.93475,0.48746],[122.93447,0.48741],[122.93466,0.48746]]],[[[122.92612,0.48711],[122.92506,0.48757],[122.92444,0.48811],[122.92612,0.48711]]],[[[122.9924,0.48765],[122.99292,0.48817],[122.99265,0.48785],[122.9924,0.48765]]],[[[122.97855,0.48759],[122.97857,0.48814],[122.97865,0.48789],[122.97855,0.48759]]],[[[122.97928,0.48826],[122.97927,0.48794],[122.97924,0.48805],[122.97928,0.48826]]],[[[122.97561,0.48726],[122.97503,0.48902],[122.97518,0.48888],[122.97561,0.48726]]],[[[122.92428,0.48821],[122.92439,0.48815],[122.92422,0.48822],[122.92428,0.48821]]],[[[122.99303,0.48831],[122.99309,0.48839],[122.99318,0.48847],[122.99303,0.48831]]],[[[122.92389,0.48834],[122.92345,0.48847],[122.92367,0.48846],[122.92389,0.48834]]],[[[122.94182,0.48842],[122.94233,0.48855],[122.94202,0.48844],[122.94182,0.48842]]],[[[122.94291,0.48856],[122.9429,0.48856],[122.94286,0.48857],[122.94291,0.48856]]],[[[122.93776,0.48816],[122.93797,0.48841],[122.93901,0.48904],[122.93931,0.4892],[122.93966,0.4893],[122.93776,0.48816]]],[[[122.94112,0.48893],[122.94123,0.48879],[122.94129,0.48854],[122.94112,0.48893]]],[[[122.92278,0.48883],[122.92285,0.48869],[122.92262,0.48891],[122.92278,0.48883]]],[[[122.94362,0.48912],[122.94353,0.48901],[122.94357,0.4891],[122.94362,0.48912]]],[[[122.92252,0.48902],[122.92167,0.48987],[122.92217,0.48957],[122.92252,0.48902]]],[[[122.99463,0.48943],[122.99459,0.48941],[122.99469,0.48951],[122.99463,0.48943]]],[[[122.94744,0.48937],[122.947,0.48941],[122.94815,0.48975],[122.94744,0.48937]]],[[[122.94611,0.4899],[122.94641,0.48967],[122.94627,0.48973],[122.94611,0.4899]]],[[[122.94549,0.49018],[122.94532,0.49015],[122.94541,0.49021],[122.94549,0.49018]]],[[[122.97106,0.49025],[122.97125,0.49017],[122.97092,0.49018],[122.97106,0.49025]]],[[[122.97159,0.49026],[122.97197,0.49031],[122.97141,0.49016],[122.97133,0.49017],[122.97159,0.49026]]],[[[122.92134,0.49021],[122.92143,0.4901],[122.92112,0.49038],[122.92134,0.49021]]],[[[122.95013,0.4904],[122.94961,0.49002],[122.9496,0.49008],[122.95013,0.4904]]],[[[122.97354,0.49041],[122.97312,0.49043],[122.97358,0.49042],[122.97354,0.49041]]],[[[122.97052,0.49044],[122.97071,0.4903],[122.97009,0.49039],[122.97052,0.49044]]],[[[122.95319,0.49083],[122.95255,0.49058],[122.95146,0.4906],[122.95319,0.49083]]],[[[122.96967,0.49056],[122.96947,0.49086],[122.96962,0.49074],[122.96967,0.49056]]],[[[122.95473,0.49083],[122.95496,0.49064],[122.95394,0.49097],[122.95473,0.49083]]],[[[122.96933,0.49089],[122.96882,0.49087],[122.96895,0.49089],[122.96933,0.49089]]],[[[122.95337,0.4909],[122.95363,0.49099],[122.95369,0.49099],[122.95337,0.4909]]],[[[122.96806,0.49125],[122.9685,0.49086],[122.96847,0.49086],[122.96806,0.49125]]],[[[122.95794,0.49133],[122.95799,0.49178],[122.95811,0.49207],[122.95866,0.49271],[122.95874,0.49278],[122.95886,0.49282],[122.9581,0.492],[122.9581,0.49142],[122.95774,0.49101],[122.95553,0.4907],[122.95794,0.49133]]],[[[122.96018,0.49216],[122.96013,0.49218],[122.96028,0.4922],[122.96018,0.49216]]],[[[122.96064,0.4931],[122.96212,0.49316],[122.96384,0.49168],[122.96509,0.4924],[122.96555,0.49251],[122.96593,0.49255],[122.96636,0.49248],[122.96715,0.49222],[122.96786,0.49147],[122.96596,0.49249],[122.9639,0.49163],[122.96064,0.4931]]],[[[122.95994,0.49283],[122.9599,0.49268],[122.9589,0.49284],[122.95994,0.49283]]],[[[122.99854,0.49418],[122.9986,0.49424],[122.99858,0.49421],[122.99854,0.49418]]],[[[122.99901,0.49482],[122.99889,0.49471],[122.9989,0.49474],[122.99901,0.49482]]],[[[123.00107,0.49531],[123.00051,0.49543],[123.00062,0.49543],[123.00107,0.49531]]],[[[122.95012,0.89886],[122.95004,0.89851],[122.94982,0.89828],[122.95012,0.89886]]],[[[122.92667,0.89827],[122.929,0.90203],[122.93042,0.89994],[122.92902,0.8975],[122.92667,0.89827]]],[[[122.9491,0.90068],[122.94936,0.90033],[122.94929,0.90039],[122.9491,0.90068]]],[[[122.94849,0.90129],[122.94843,0.90137],[122.94841,0.90146],[122.94849,0.90129]]],[[[122.94821,0.90829],[122.94806,0.90844],[122.94816,0.90836],[122.94821,0.90829]]],[[[122.94734,0.90962],[122.94735,0.90998],[122.94771,0.90895],[122.94734,0.90962]]],[[[122.9468,0.91072],[122.94697,0.9107],[122.94718,0.91044],[122.9468,0.91072]]],[[[122.94631,0.91074],[122.94673,0.91071],[122.94662,0.91067],[122.94631,0.91074]]],[[[122.94917,0.91547],[122.94975,0.91574],[122.94877,0.9149],[122.94917,0.91547]]],[[[122.95025,0.9166],[122.95042,0.91667],[122.94997,0.91617],[122.95025,0.9166]]],[[[122.93884,0.9533],[122.93864,0.95348],[122.93882,0.95338],[122.93884,0.9533]]],[[[122.93974,0.95377],[122.93958,0.95382],[122.93982,0.95394],[122.93974,0.95377]]],[[[122.9403,0.95499],[122.94017,0.95479],[122.94044,0.95551],[122.9403,0.95499]]],[[[122.9383,0.95653],[122.9375,0.95638],[122.93737,0.957],[122.9383,0.95653]]],[[[122.94026,0.95741],[122.94022,0.9576],[122.94036,0.95747],[122.94037,0.95713],[122.94026,0.95741]]],[[[122.94011,0.95874],[122.94047,0.95894],[122.94035,0.95872],[122.94011,0.95874]]],[[[122.94058,0.9597],[122.94068,0.95971],[122.9404,0.95958],[122.94058,0.9597]]],[[[122.94144,0.96003],[122.94153,0.96008],[122.9413,0.95992],[122.94144,0.96003]]],[[[122.94222,0.96054],[122.94239,0.96071],[122.94231,0.96059],[122.94222,0.96054]]],[[[122.94279,0.96231],[122.94286,0.96268],[122.94354,0.96342],[122.94426,0.96368],[122.94279,0.96231]]],[[[122.95581,0.96334],[122.95656,0.96335],[122.95532,0.96315],[122.95484,0.96319],[122.95464,0.96323],[122.95456,0.96325],[122.95581,0.96334]]],[[[122.95681,0.96345],[122.957,0.96351],[122.95666,0.96337],[122.95659,0.96336],[122.95681,0.96345]]],[[[122.95809,0.96377],[122.95759,0.96375],[122.95771,0.96381],[122.95809,0.96377]]],[[[122.95026,0.96395],[122.94975,0.96433],[122.95435,0.9633],[122.95026,0.96395]]],[[[122.95888,0.96388],[122.95909,0.96396],[122.95888,0.96385],[122.95844,0.96378],[122.95888,0.96388]]],[[[122.94472,0.96405],[122.94552,0.96451],[122.94752,0.96485],[122.94936,0.96454],[122.94946,0.96451],[122.9497,0.96436],[122.94472,0.96405]]],[[[122.961,0.96452],[122.9607,0.96453],[122.96077,0.96455],[122.961,0.96452]]],[[[122.94792,0.96594],[122.94779,0.96564],[122.94754,0.96613],[122.94792,0.96594]]],[[[122.94781,0.97322],[122.94786,0.97324],[122.94799,0.97297],[122.94781,0.97322]]],[[[122.944,0.97581],[122.94407,0.97577],[122.94395,0.97566],[122.944,0.97581]]],[[[122.93999,0.98305],[122.94001,0.98302],[122.93993,0.98296],[122.93999,0.98305]]],[[[123.1138,0.46168],[123.1138,0.46172],[123.11381,0.4617],[123.1138,0.46168]]],[[[123.11354,0.46276],[123.11351,0.46283],[123.11355,0.46278],[123.11354,0.46276]]],[[[123.11283,0.46374],[123.11308,0.46355],[123.11341,0.46315],[123.1135,0.46284],[123.11283,0.46374]]],[[[123.11068,0.46454],[123.11154,0.4642],[123.11067,0.46445],[123.10811,0.46615],[123.11068,0.46454]]],[[[123.10418,0.4691],[123.10397,0.46968],[123.10766,0.46636],[123.10418,0.4691]]],[[[123.10469,0.47006],[123.1048,0.47033],[123.10477,0.47002],[123.10469,0.47006]]],[[[123.10459,0.47124],[123.1048,0.47072],[123.1048,0.4706],[123.10459,0.47124]]],[[[123.10204,0.47267],[123.10153,0.47286],[123.10181,0.47288],[123.10204,0.47267]]],[[[123.09555,0.47604],[123.09612,0.47588],[123.09581,0.4759],[123.09555,0.47604]]],[[[123.08785,0.47857],[123.08859,0.47844],[123.08894,0.4781],[123.08785,0.47857]]],[[[123.09198,0.4781],[123.09249,0.47793],[123.09204,0.47793],[123.09198,0.4781]]],[[[123.08686,0.47998],[123.08703,0.4807],[123.08704,0.48057],[123.08686,0.47998]]],[[[123.08581,0.48629],[123.08578,0.48622],[123.08571,0.48647],[123.08581,0.48629]]],[[[123.00357,0.48947],[123.00332,0.48955],[123.00352,0.48956],[123.00357,0.48947]]],[[[123.01051,0.48918],[123.01019,0.48907],[123.01037,0.48967],[123.01079,0.49014],[123.0111,0.49038],[123.01051,0.48918]]],[[[123.00389,0.48982],[123.00434,0.49045],[123.00431,0.49031],[123.00389,0.48982]]],[[[123.0024,0.49032],[123.00245,0.49068],[123.00245,0.49025],[123.0024,0.49032]]],[[[123.04704,0.49041],[123.04726,0.4908],[123.04735,0.49087],[123.0472,0.49051],[123.04704,0.49041]]],[[[123.01195,0.49056],[123.01188,0.49054],[123.01218,0.49078],[123.01195,0.49056]]],[[[123.01245,0.49099],[123.01265,0.49134],[123.01255,0.49113],[123.01245,0.49099]]],[[[123.02767,0.49148],[123.02817,0.49196],[123.02816,0.49188],[123.02767,0.49148]]],[[[123.00294,0.4918],[123.00291,0.49162],[123.0029,0.49185],[123.00294,0.4918]]],[[[123.01284,0.49158],[123.01292,0.49196],[123.0131,0.49231],[123.01299,0.49252],[123.01303,0.49264],[123.01323,0.49238],[123.01284,0.49158]]],[[[123.07786,0.49225],[123.07727,0.4925],[123.07749,0.49248],[123.07786,0.49225]]],[[[123.00281,0.49204],[123.00259,0.49242],[123.00255,0.49278],[123.00281,0.49204]]],[[[123.02356,0.49279],[123.02382,0.49245],[123.02365,0.49248],[123.02356,0.49279]]],[[[123.04757,0.49193],[123.04791,0.49126],[123.04784,0.49116],[123.04761,0.49108],[123.04782,0.49125],[123.04749,0.4917],[123.0475,0.49181],[123.04766,0.49212],[123.04943,0.49434],[123.04757,0.49193]]],[[[123.07441,0.49323],[123.07394,0.49336],[123.07412,0.49333],[123.07441,0.49323]]],[[[123.02854,0.49213],[123.02822,0.492],[123.02869,0.49269],[123.02864,0.49403],[123.02871,0.49428],[123.02893,0.49461],[123.02874,0.49256],[123.02854,0.49213]]],[[[123.02365,0.49305],[123.02358,0.49285],[123.02334,0.49389],[123.02365,0.49305]]],[[[123.01344,0.49378],[123.01347,0.49382],[123.01339,0.49366],[123.01344,0.49378]]],[[[123.00266,0.49313],[123.00255,0.49291],[123.0017,0.49459],[123.00266,0.49313]]],[[[123.01358,0.49394],[123.01366,0.494],[123.01353,0.49389],[123.01358,0.49394]]],[[[123.02327,0.49403],[123.02321,0.49412],[123.02325,0.49409],[123.02327,0.49403]]],[[[123.01426,0.49423],[123.01415,0.49421],[123.0142,0.49423],[123.01426,0.49423]]],[[[123.01502,0.49434],[123.01508,0.49435],[123.01466,0.49424],[123.01502,0.49434]]],[[[123.04943,0.49441],[123.04943,0.49435],[123.04942,0.49439],[123.04943,0.49441]]],[[[123.02304,0.49444],[123.0231,0.49432],[123.02201,0.49556],[123.02304,0.49444]]],[[[123.01618,0.49502],[123.01529,0.49441],[123.01657,0.49577],[123.01618,0.49502]]],[[[123.03927,0.49743],[123.04099,0.49596],[123.04141,0.49625],[123.04239,0.49626],[123.04393,0.49591],[123.04441,0.49549],[123.04544,0.49368],[123.04547,0.49323],[123.04527,0.49279],[123.04411,0.49573],[123.04092,0.4959],[123.03503,0.49776],[123.03927,0.49743]]],[[[123.0491,0.49505],[123.04914,0.49531],[123.04931,0.49556],[123.04957,0.4958],[123.04955,0.4961],[123.04968,0.49591],[123.0491,0.49505]]],[[[123.02164,0.49581],[123.02185,0.49565],[123.02145,0.49585],[123.02164,0.49581]]],[[[123.02019,0.49609],[123.01972,0.49629],[123.01971,0.49631],[123.02019,0.49609]]],[[[123.07062,0.49614],[123.07046,0.49617],[123.07045,0.49618],[123.07062,0.49614]]],[[[123.01796,0.49667],[123.01819,0.49669],[123.01717,0.49631],[123.01796,0.49667]]],[[[123.0195,0.49657],[123.0195,0.49652],[123.01938,0.49664],[123.0195,0.49657]]],[[[123.04935,0.49662],[123.04925,0.49699],[123.04937,0.49664],[123.04944,0.49624],[123.04935,0.49662]]],[[[123.01936,0.49665],[123.01906,0.49671],[123.01924,0.49669],[123.01936,0.49665]]],[[[123.03337,0.49671],[123.03467,0.4976],[123.03353,0.4967],[123.03048,0.49579],[123.03337,0.49671]]],[[[123.07024,0.49665],[123.06997,0.49708],[123.07034,0.49651],[123.07024,0.49665]]],[[[123.04936,0.49871],[123.04931,0.49781],[123.04918,0.4972],[123.04887,0.50022],[123.04936,0.49871]]],[[[123.06802,0.49965],[123.06698,0.50056],[123.06759,0.50022],[123.06802,0.49965]]],[[[123.066,0.50139],[123.0661,0.50193],[123.06626,0.50155],[123.066,0.50139]]],[[[123.04907,0.50133],[123.04905,0.5015],[123.04891,0.50179],[123.05169,0.50386],[123.04882,0.50034],[123.04907,0.50133]]],[[[123.06457,0.50344],[123.06503,0.50301],[123.0647,0.50329],[123.06457,0.50344]]],[[[123.05296,0.50453],[123.05309,0.50456],[123.05285,0.50445],[123.05296,0.50453]]],[[[123.05491,0.50536],[123.05319,0.50461],[123.05337,0.50478],[123.05491,0.50536]]],[[[123.05534,0.5056],[123.05548,0.50561],[123.05496,0.50539],[123.05534,0.5056]]],[[[123.0571,0.50646],[123.0574,0.50655],[123.05642,0.50604],[123.0555,0.50562],[123.0571,0.50646]]],[[[123.06322,0.50515],[123.05816,0.50689],[123.05907,0.50765],[123.06322,0.50515]]],[[[123.08822,0.90631],[123.08807,0.90633],[123.08835,0.90632],[123.08822,0.90631]]],[[[123.08892,0.90642],[123.08905,0.90645],[123.08901,0.90643],[123.08892,0.90642]]],[[[123.06848,0.91658],[123.06846,0.9166],[123.06851,0.9166],[123.06848,0.91658]]],[[[123.08065,0.91967],[123.08056,0.91958],[123.08061,0.91966],[123.08072,0.91973],[123.08065,0.91967]]],[[[123.08084,0.91984],[123.08088,0.91987],[123.0808,0.91978],[123.08075,0.91975],[123.08084,0.91984]]],[[[123.081,0.91995],[123.08098,0.9202],[123.08105,0.92],[123.081,0.91995]]],[[[123.07604,0.92049],[123.07605,0.92035],[123.07604,0.92047],[123.07604,0.92049]]],[[[123.0955,0.92207],[123.09554,0.92206],[123.09559,0.92201],[123.0955,0.92207]]],[[[123.09288,0.92377],[123.09292,0.92367],[123.09277,0.92378],[123.09288,0.92377]]],[[[123.05658,0.92424],[123.0566,0.92434],[123.05665,0.9242],[123.05658,0.92424]]],[[[123.09213,0.9254],[123.09201,0.92543],[123.09207,0.92542],[123.09213,0.9254]]],[[[123.05661,0.92543],[123.05667,0.92537],[123.05654,0.92546],[123.05661,0.92543]]],[[[123.05594,0.92582],[123.0553,0.92611],[123.05385,0.92794],[123.05594,0.92582]]],[[[123.09951,0.92729],[123.10584,0.92675],[123.09963,0.92714],[123.09837,0.92785],[123.09951,0.92729]]],[[[123.09352,0.9284],[123.09284,0.92837],[123.09315,0.9284],[123.09352,0.9284]]],[[[123.09291,0.92875],[123.09298,0.92877],[123.09295,0.92873],[123.09291,0.92875]]],[[[123.09326,0.92895],[123.09315,0.92891],[123.09327,0.92898],[123.09326,0.92895]]],[[[123.05357,0.92847],[123.05328,0.92905],[123.05303,0.93023],[123.05357,0.92847]]],[[[123.09615,0.92976],[123.09671,0.92949],[123.09601,0.92975],[123.09615,0.92976]]],[[[123.09493,0.93032],[123.09517,0.93013],[123.0946,0.93024],[123.09493,0.93032]]],[[[123.05166,0.93272],[123.05178,0.93273],[123.05169,0.9327],[123.05166,0.93272]]],[[[123.04988,0.93307],[123.04811,0.93563],[123.05122,0.93265],[123.04988,0.93307]]],[[[123.04125,0.93484],[123.04135,0.93479],[123.04102,0.93461],[123.04125,0.93484]]],[[[123.04832,0.93636],[123.04836,0.93686],[123.0484,0.93674],[123.04832,0.93636]]],[[[123.04128,0.93698],[123.04138,0.93708],[123.04123,0.9369],[123.04128,0.93698]]],[[[123.04219,0.93892],[123.0425,0.93876],[123.04185,0.93871],[123.04219,0.93892]]],[[[123.04472,0.93891],[123.04517,0.93898],[123.04461,0.93883],[123.04262,0.93875],[123.04472,0.93891]]],[[[123.04756,0.93884],[123.04807,0.9387],[123.04839,0.9385],[123.04848,0.9383],[123.04741,0.93883],[123.04756,0.93884]]],[[[123.00289,0.9429],[123.00225,0.94279],[123.00239,0.94284],[123.00289,0.9429]]],[[[123.22494,0.35343],[123.22507,0.35377],[123.226,0.35232],[123.22494,0.35343]]],[[[123.22496,0.35433],[123.22497,0.35446],[123.22509,0.3541],[123.22496,0.35433]]],[[[123.22487,0.35518],[123.22496,0.35494],[123.22479,0.35516],[123.22473,0.35549],[123.22487,0.35518]]],[[[123.2241,0.35677],[123.22402,0.35704],[123.22423,0.35668],[123.2241,0.35677]]],[[[123.22335,0.35828],[123.22337,0.35823],[123.22315,0.35859],[123.22335,0.35828]]],[[[123.22263,0.35919],[123.22268,0.35957],[123.22275,0.35944],[123.22263,0.35919]]],[[[123.22211,0.36065],[123.22239,0.36092],[123.2226,0.35981],[123.22211,0.36065]]],[[[123.22258,0.3611],[123.22271,0.36127],[123.22267,0.36117],[123.22258,0.3611]]],[[[123.22256,0.36214],[123.22267,0.36185],[123.22249,0.36227],[123.22256,0.36214]]],[[[123.22205,0.36316],[123.22163,0.3631],[123.22201,0.36325],[123.22205,0.36316]]],[[[123.21822,0.36404],[123.21815,0.36416],[123.2183,0.36411],[123.21856,0.36414],[123.21868,0.36411],[123.21904,0.36365],[123.21822,0.36404]]],[[[123.22003,0.36432],[123.22022,0.3645],[123.21994,0.36398],[123.21969,0.36369],[123.21957,0.36364],[123.22003,0.36432]]],[[[123.2164,0.3647],[123.21599,0.36514],[123.21793,0.36484],[123.2164,0.3647]]],[[[123.21594,0.36563],[123.21583,0.36545],[123.21594,0.3657],[123.21594,0.36563]]],[[[123.21672,0.36634],[123.21676,0.36739],[123.21676,0.36633],[123.21672,0.36634]]],[[[123.21687,0.36781],[123.217,0.36809],[123.21702,0.36791],[123.21687,0.36781]]],[[[123.21701,0.36897],[123.21716,0.36971],[123.21712,0.36921],[123.21701,0.36897]]],[[[123.21717,0.37019],[123.21718,0.37013],[123.21717,0.36998],[123.21717,0.37019]]],[[[123.217,0.37102],[123.21716,0.37023],[123.21564,0.373],[123.217,0.37102]]],[[[123.21201,0.37453],[123.21333,0.37395],[123.21247,0.3742],[123.21201,0.37453]]],[[[123.18971,0.39481],[123.18985,0.39465],[123.18905,0.39511],[123.18971,0.39481]]],[[[123.18861,0.39561],[123.18883,0.39534],[123.18789,0.39588],[123.18861,0.39561]]],[[[123.18755,0.39609],[123.18788,0.3959],[123.1871,0.39627],[123.18755,0.39609]]],[[[123.18674,0.39646],[123.18694,0.39634],[123.18586,0.39668],[123.18674,0.39646]]],[[[123.18552,0.39691],[123.18572,0.39677],[123.18494,0.39698],[123.18552,0.39691]]],[[[123.18466,0.39711],[123.18493,0.39698],[123.18414,0.39708],[123.1838,0.39727],[123.18466,0.39711]]],[[[123.18337,0.39754],[123.18328,0.39761],[123.18332,0.39759],[123.18337,0.39754]]],[[[123.18146,0.39766],[123.18287,0.39767],[123.18145,0.39757],[123.17834,0.39859],[123.18146,0.39766]]],[[[123.17729,0.39908],[123.17814,0.39864],[123.17617,0.3989],[123.17729,0.39908]]],[[[123.16077,0.40019],[123.16072,0.40025],[123.16085,0.40023],[123.16077,0.40019]]],[[[123.16473,0.4002],[123.16441,0.40006],[123.1648,0.40048],[123.16499,0.4005],[123.16473,0.4002]]],[[[123.15546,0.40614],[123.15556,0.40621],[123.15558,0.40612],[123.15546,0.40614]]],[[[123.15249,0.40965],[123.15225,0.40928],[123.15264,0.4114],[123.15249,0.40965]]],[[[123.15259,0.41356],[123.15306,0.41312],[123.15338,0.41214],[123.1531,0.4115],[123.15259,0.41356]]],[[[123.15133,0.4144],[123.15182,0.41401],[123.15051,0.4144],[123.15133,0.4144]]],[[[123.15024,0.41454],[123.1505,0.4144],[123.14933,0.41459],[123.15024,0.41454]]],[[[123.14838,0.41497],[123.14912,0.41463],[123.14718,0.41503],[123.14838,0.41497]]],[[[123.14641,0.41484],[123.14595,0.41495],[123.14665,0.41489],[123.14641,0.41484]]],[[[123.14479,0.41701],[123.14448,0.4157],[123.14459,0.41779],[123.14479,0.41701]]],[[[123.1446,0.4179],[123.14459,0.41787],[123.14459,0.41792],[123.1446,0.4179]]],[[[123.14463,0.41807],[123.14459,0.41793],[123.14464,0.4182],[123.14479,0.41849],[123.14463,0.41807]]],[[[123.14491,0.41851],[123.14482,0.41853],[123.1454,0.41919],[123.14491,0.41851]]],[[[123.14549,0.41928],[123.14553,0.41933],[123.14552,0.41931],[123.14549,0.41928]]],[[[123.14579,0.41999],[123.14575,0.41997],[123.14582,0.42012],[123.14579,0.41999]]],[[[123.14604,0.42041],[123.14601,0.42041],[123.14618,0.42065],[123.14604,0.42041]]],[[[123.14636,0.42084],[123.14634,0.42084],[123.14637,0.42086],[123.14636,0.42084]]],[[[123.14668,0.42125],[123.14656,0.42102],[123.14674,0.4214],[123.14668,0.42125]]],[[[123.14674,0.42156],[123.14673,0.42173],[123.14674,0.42171],[123.14674,0.42156]]],[[[123.1462,0.42291],[123.14651,0.42229],[123.14578,0.4231],[123.1462,0.42291]]],[[[123.14442,0.42298],[123.14516,0.42291],[123.14385,0.42285],[123.14442,0.42298]]],[[[123.1438,0.42284],[123.14321,0.42281],[123.14281,0.42311],[123.1438,0.42284]]],[[[123.14152,0.4228],[123.14102,0.42263],[123.14063,0.42273],[123.14006,0.42322],[123.13981,0.42355],[123.14152,0.4228]]],[[[123.14209,0.42323],[123.14194,0.42314],[123.14228,0.42352],[123.14209,0.42323]]],[[[123.14274,0.42357],[123.14275,0.42329],[123.14243,0.42369],[123.14274,0.42357]]],[[[123.13904,0.42416],[123.13931,0.42396],[123.13861,0.42435],[123.13904,0.42416]]],[[[123.1379,0.42559],[123.13798,0.42505],[123.13852,0.42439],[123.13786,0.42514],[123.1372,0.42671],[123.1379,0.42559]]],[[[123.13713,0.42687],[123.13712,0.427],[123.13714,0.42691],[123.13713,0.42687]]],[[[123.13709,0.42727],[123.13708,0.42768],[123.13711,0.42735],[123.13709,0.42727]]],[[[123.13706,0.42938],[123.13725,0.42918],[123.13738,0.42879],[123.13726,0.42835],[123.13706,0.42938]]],[[[123.1354,0.43042],[123.13632,0.42965],[123.13553,0.43018],[123.13322,0.43343],[123.1354,0.43042]]],[[[123.13261,0.43417],[123.13262,0.43412],[123.13254,0.4342],[123.13261,0.43417]]],[[[123.13246,0.43444],[123.1324,0.43462],[123.13244,0.43502],[123.13245,0.43503],[123.13246,0.43444]]],[[[123.13241,0.43544],[123.13229,0.43559],[123.1323,0.43576],[123.13232,0.43594],[123.13241,0.43544]]],[[[123.13233,0.43605],[123.13235,0.43627],[123.13235,0.43612],[123.13233,0.43605]]],[[[123.13248,0.43684],[123.13245,0.43678],[123.1325,0.43706],[123.13248,0.43684]]],[[[123.1325,0.4392],[123.13262,0.43891],[123.13266,0.43856],[123.13263,0.43841],[123.1325,0.4392]]],[[[123.13024,0.44229],[123.13099,0.44196],[123.13124,0.44176],[123.13137,0.44156],[123.12681,0.44166],[123.12643,0.44188],[123.12537,0.44329],[123.12551,0.44371],[123.12626,0.44233],[123.13024,0.44229]]],[[[123.12562,0.44396],[123.12552,0.44373],[123.12567,0.4442],[123.12562,0.44396]]],[[[123.12586,0.44444],[123.12595,0.44451],[123.12594,0.44448],[123.12586,0.44444]]],[[[123.12651,0.4456],[123.12647,0.44543],[123.12643,0.44536],[123.12651,0.4456]]],[[[123.12649,0.44586],[123.12643,0.44632],[123.12646,0.44617],[123.12649,0.44586]]],[[[123.1261,0.44763],[123.12612,0.4475],[123.12608,0.44765],[123.1261,0.44763]]],[[[123.12537,0.44897],[123.12533,0.44909],[123.12561,0.44874],[123.12537,0.44897]]],[[[123.1222,0.4505],[123.12405,0.45028],[123.12454,0.45001],[123.12485,0.44973],[123.12506,0.44948],[123.12509,0.44942],[123.12217,0.45043],[123.12147,0.45164],[123.1222,0.4505]]],[[[123.12129,0.45259],[123.12124,0.45221],[123.12114,0.4524],[123.12129,0.45259]]],[[[123.12146,0.45393],[123.12129,0.45319],[123.12151,0.45417],[123.12177,0.45464],[123.12146,0.45393]]],[[[123.12185,0.45523],[123.12185,0.45512],[123.12181,0.45492],[123.12185,0.45523]]],[[[123.12046,0.45678],[123.1213,0.4567],[123.12158,0.45651],[123.1218,0.45622],[123.12186,0.45599],[123.12186,0.45566],[123.12046,0.45678]]],[[[123.1191,0.45687],[123.11924,0.4567],[123.11875,0.457],[123.1191,0.45687]]],[[[123.11849,0.45722],[123.11851,0.45719],[123.11847,0.45723],[123.11849,0.45722]]],[[[123.11845,0.45724],[123.11753,0.45803],[123.11792,0.45773],[123.11845,0.45724]]],[[[123.1169,0.45895],[123.11717,0.45837],[123.11686,0.45896],[123.1172,0.45958],[123.1169,0.45895]]],[[[123.11639,0.46172],[123.1168,0.46119],[123.1171,0.46026],[123.11719,0.45994],[123.11719,0.45985],[123.11639,0.46172]]],[[[123.11449,0.46211],[123.11498,0.46208],[123.11426,0.46206],[123.11449,0.46211]]],[[[123.11239,0.92637],[123.10855,0.92657],[123.11912,0.9263],[123.11573,0.92435],[123.11239,0.92637]]],[[[123.34637,0.3069],[123.34598,0.30662],[123.34616,0.30678],[123.34637,0.3069]]],[[[123.34472,0.30715],[123.34488,0.30698],[123.34338,0.30758],[123.34472,0.30715]]],[[[123.34785,0.30765],[123.34679,0.30717],[123.34723,0.30744],[123.34785,0.30765]]],[[[123.343,0.30769],[123.34282,0.30771],[123.34285,0.30772],[123.343,0.30769]]],[[[123.34269,0.30772],[123.34262,0.30772],[123.34258,0.30773],[123.34269,0.30772]]],[[[123.33999,0.30805],[123.34019,0.30809],[123.34187,0.30787],[123.33981,0.30794],[123.33906,0.30818],[123.33999,0.30805]]],[[[123.34902,0.30824],[123.34914,0.30812],[123.34912,0.30812],[123.34902,0.30824]]],[[[123.33775,0.30848],[123.33774,0.30848],[123.3377,0.30851],[123.33775,0.30848]]],[[[123.33729,0.30889],[123.33745,0.3087],[123.33717,0.30899],[123.33729,0.30889]]],[[[123.33622,0.30961],[123.33626,0.3096],[123.33627,0.30957],[123.33622,0.30961]]],[[[123.33589,0.30983],[123.33569,0.30993],[123.33563,0.30998],[123.33589,0.30983]]],[[[123.33315,0.31109],[123.33383,0.31093],[123.33431,0.31076],[123.335,0.31044],[123.33512,0.31034],[123.33315,0.31109]]],[[[123.3318,0.31081],[123.33149,0.31071],[123.33129,0.31075],[123.3318,0.31081]]],[[[123.33105,0.3108],[123.33061,0.31088],[123.3308,0.31089],[123.33105,0.3108]]],[[[123.3323,0.31099],[123.33194,0.31086],[123.33215,0.31097],[123.3323,0.31099]]],[[[123.32965,0.31123],[123.32972,0.31118],[123.32958,0.31125],[123.32965,0.31123]]],[[[123.32934,0.3114],[123.32951,0.31128],[123.32934,0.31137],[123.32846,0.31217],[123.32934,0.3114]]],[[[123.32775,0.31289],[123.32817,0.31243],[123.32662,0.31338],[123.32775,0.31289]]],[[[123.32525,0.31315],[123.32541,0.3131],[123.32483,0.31288],[123.32381,0.31286],[123.32525,0.31315]]],[[[123.32337,0.31295],[123.32299,0.31302],[123.3231,0.31306],[123.32337,0.31295]]],[[[123.32219,0.31317],[123.32243,0.31314],[123.3221,0.31313],[123.32178,0.31324],[123.32219,0.31317]]],[[[123.32645,0.31341],[123.32588,0.31333],[123.32605,0.31343],[123.32645,0.31341]]],[[[123.31548,0.31346],[123.31508,0.31341],[123.31464,0.31341],[123.31548,0.31346]]],[[[123.31947,0.31348],[123.31925,0.31353],[123.31931,0.31355],[123.31947,0.31348]]],[[[123.31328,0.3137],[123.31334,0.31366],[123.31241,0.31377],[123.31328,0.3137]]],[[[123.31172,0.31406],[123.31119,0.31418],[123.3115,0.31416],[123.31172,0.31406]]],[[[123.30804,0.31532],[123.30821,0.31529],[123.30797,0.31532],[123.30804,0.31532]]],[[[123.30641,0.31536],[123.30571,0.3155],[123.30676,0.3154],[123.30641,0.31536]]],[[[123.30413,0.31588],[123.30441,0.31576],[123.304,0.31585],[123.30413,0.31588]]],[[[123.30224,0.31603],[123.30263,0.31619],[123.30297,0.31618],[123.30235,0.31597],[123.30099,0.31602],[123.30089,0.31605],[123.30224,0.31603]]],[[[123.2929,0.31623],[123.29305,0.31686],[123.29299,0.3162],[123.2929,0.31623]]],[[[123.30064,0.31643],[123.30063,0.31621],[123.30056,0.31637],[123.30058,0.3165],[123.30068,0.31677],[123.30064,0.31643]]],[[[123.28782,0.31674],[123.28821,0.31668],[123.28787,0.31667],[123.28782,0.31674]]],[[[123.28744,0.31714],[123.28747,0.31705],[123.28739,0.31722],[123.28744,0.31714]]],[[[123.28583,0.31701],[123.28619,0.31746],[123.28594,0.31708],[123.28583,0.31701]]],[[[123.28348,0.31746],[123.28388,0.31735],[123.28337,0.31747],[123.28348,0.31746]]],[[[123.28283,0.31779],[123.28293,0.31775],[123.28253,0.31788],[123.28283,0.31779]]],[[[123.29318,0.31802],[123.29321,0.31795],[123.29319,0.31797],[123.29318,0.31802]]],[[[123.28124,0.31854],[123.28099,0.31869],[123.28125,0.31859],[123.2815,0.3183],[123.28124,0.31854]]],[[[123.28045,0.31854],[123.28059,0.31856],[123.28048,0.31854],[123.28045,0.31854]]],[[[123.27992,0.31859],[123.2799,0.31858],[123.27987,0.31859],[123.27992,0.31859]]],[[[123.27962,0.3223],[123.27981,0.32176],[123.27982,0.32135],[123.27962,0.3223]]],[[[123.26914,0.32261],[123.26807,0.32235],[123.26853,0.32254],[123.26914,0.32261]]],[[[123.27461,0.32281],[123.27459,0.32279],[123.27458,0.32282],[123.27461,0.32281]]],[[[123.27057,0.32294],[123.2701,0.32285],[123.27039,0.32298],[123.27057,0.32294]]],[[[123.26744,0.32284],[123.2674,0.32311],[123.26746,0.32303],[123.26744,0.32284]]],[[[123.27099,0.3232],[123.2707,0.32296],[123.2708,0.32307],[123.27099,0.3232]]],[[[123.27119,0.32334],[123.271,0.32321],[123.27108,0.3233],[123.27119,0.32334]]],[[[123.27494,0.32335],[123.27507,0.32343],[123.27487,0.32316],[123.27494,0.32335]]],[[[123.27848,0.32402],[123.2789,0.32377],[123.27876,0.32327],[123.27848,0.32402]]],[[[123.274,0.32367],[123.27359,0.32383],[123.27366,0.32388],[123.274,0.32367]]],[[[123.27253,0.32392],[123.27305,0.32387],[123.27186,0.32369],[123.27253,0.32392]]],[[[123.27325,0.32387],[123.27319,0.32387],[123.27319,0.32388],[123.27325,0.32387]]],[[[123.27312,0.32389],[123.27316,0.32387],[123.27309,0.32388],[123.27312,0.32389]]],[[[123.27669,0.32412],[123.27684,0.32409],[123.27724,0.32389],[123.27669,0.32412]]],[[[123.26756,0.32517],[123.26756,0.32512],[123.26751,0.32529],[123.26756,0.32517]]],[[[123.26685,0.32656],[123.26698,0.32637],[123.26704,0.32623],[123.26685,0.32656]]],[[[123.26514,0.32827],[123.26518,0.32823],[123.26445,0.32843],[123.26514,0.32827]]],[[[123.26359,0.32934],[123.26382,0.32917],[123.26336,0.32931],[123.26359,0.32934]]],[[[123.2602,0.3312],[123.2596,0.33114],[123.26006,0.33126],[123.2602,0.3312]]],[[[123.25794,0.3319],[123.25794,0.33192],[123.25801,0.33182],[123.25794,0.3319]]],[[[123.25737,0.33226],[123.25758,0.33225],[123.25787,0.33199],[123.25737,0.33226]]],[[[123.25722,0.33251],[123.25722,0.33246],[123.25721,0.3325],[123.25722,0.33251]]],[[[123.25719,0.33269],[123.2572,0.33265],[123.25712,0.33272],[123.25719,0.33269]]],[[[123.256,0.3332],[123.25614,0.33334],[123.25609,0.33327],[123.256,0.3332]]],[[[123.25567,0.33338],[123.25586,0.33333],[123.25559,0.33338],[123.25567,0.33338]]],[[[123.25542,0.33344],[123.25498,0.33345],[123.25493,0.33351],[123.25542,0.33344]]],[[[123.25371,0.33367],[123.25365,0.33374],[123.25356,0.33386],[123.25357,0.33396],[123.25371,0.33367]]],[[[123.24873,0.33785],[123.24872,0.33786],[123.24913,0.33789],[123.24873,0.33785]]],[[[123.24994,0.33826],[123.24975,0.33817],[123.24998,0.33834],[123.24994,0.33826]]],[[[123.2484,0.33822],[123.24825,0.33838],[123.24828,0.33837],[123.2484,0.33822]]],[[[123.24601,0.34204],[123.2454,0.34208],[123.24561,0.34216],[123.24601,0.34204]]],[[[123.24267,0.34375],[123.24265,0.34377],[123.24273,0.34373],[123.24267,0.34375]]],[[[123.23942,0.34496],[123.23979,0.3449],[123.23953,0.34489],[123.23942,0.34496]]],[[[123.23821,0.34512],[123.23756,0.3452],[123.23785,0.34517],[123.23821,0.34512]]],[[[123.23189,0.3472],[123.2335,0.34761],[123.23257,0.34703],[123.23189,0.3472]]],[[[123.22918,0.34825],[123.23047,0.34793],[123.23114,0.3475],[123.22918,0.34825]]],[[[123.23582,0.34861],[123.23574,0.34837],[123.23615,0.34808],[123.23627,0.34769],[123.23527,0.34868],[123.23582,0.34861]]],[[[123.23369,0.34824],[123.2341,0.34851],[123.23391,0.34836],[123.23369,0.34824]]],[[[123.2275,0.34933],[123.22694,0.3513],[123.22853,0.34836],[123.2275,0.34933]]],[[[123.22672,0.35154],[123.22626,0.35189],[123.22607,0.3522],[123.22672,0.35154]]],[[[123.35535,0.31025],[123.35423,0.30951],[123.35381,0.30943],[123.35291,0.30949],[123.35171,0.3093],[123.35275,0.3095],[123.35535,0.31025]]],[[[123.35583,0.31051],[123.35577,0.31048],[123.35585,0.31069],[123.35583,0.31051]]],[[[123.38084,0.31166],[123.3811,0.31163],[123.38095,0.31153],[123.38036,0.31178],[123.38084,0.31166]]],[[[123.35719,0.31224],[123.3577,0.3125],[123.3567,0.3116],[123.35719,0.31224]]],[[[123.37074,0.31216],[123.37111,0.31216],[123.37099,0.31211],[123.37074,0.31216]]],[[[123.37995,0.31216],[123.38031,0.3118],[123.37916,0.31258],[123.37995,0.31216]]],[[[123.36723,0.31224],[123.36734,0.31219],[123.36735,0.31215],[123.36723,0.31224]]],[[[123.3752,0.31223],[123.37525,0.31226],[123.37521,0.3122],[123.37506,0.31215],[123.37452,0.31216],[123.3752,0.31223]]],[[[123.38207,0.31236],[123.38257,0.31258],[123.38322,0.3127],[123.38207,0.31236]]],[[[123.36756,0.3121],[123.36742,0.31212],[123.36772,0.31255],[123.36756,0.3121]]],[[[123.36702,0.31236],[123.36705,0.31233],[123.36697,0.31236],[123.3669,0.31241],[123.36702,0.31236]]],[[[123.37181,0.31248],[123.37211,0.31252],[123.37141,0.31227],[123.37181,0.31248]]],[[[123.36621,0.31247],[123.36623,0.31248],[123.36624,0.31247],[123.36621,0.31247]]],[[[123.37536,0.31253],[123.37546,0.31251],[123.37532,0.31245],[123.37536,0.31253]]],[[[123.366,0.31249],[123.36561,0.31255],[123.36584,0.31255],[123.366,0.31249]]],[[[123.37592,0.31257],[123.37551,0.31252],[123.37557,0.31255],[123.37592,0.31257]]],[[[123.37228,0.31256],[123.37224,0.31255],[123.37225,0.31256],[123.37228,0.31256]]],[[[123.37382,0.31253],[123.3739,0.31239],[123.37301,0.31269],[123.37382,0.31253]]],[[[123.37046,0.31225],[123.37008,0.31234],[123.36943,0.31295],[123.37046,0.31225]]],[[[123.37241,0.3126],[123.37246,0.3126],[123.37237,0.31259],[123.37241,0.3126]]],[[[123.37269,0.31266],[123.37271,0.31265],[123.37258,0.31263],[123.37269,0.31266]]],[[[123.37886,0.31268],[123.379,0.31268],[123.37904,0.31264],[123.37886,0.31268]]],[[[123.36498,0.31269],[123.36506,0.31267],[123.36489,0.31269],[123.36498,0.31269]]],[[[123.38322,0.3127],[123.38329,0.31272],[123.38332,0.31271],[123.38322,0.3127]]],[[[123.36445,0.31271],[123.36428,0.3127],[123.36432,0.31271],[123.36445,0.31271]]],[[[123.38486,0.31272],[123.38526,0.31279],[123.38458,0.31266],[123.38385,0.31275],[123.38486,0.31272]]],[[[123.37836,0.31283],[123.3786,0.31272],[123.37663,0.31275],[123.37836,0.31283]]],[[[123.36787,0.31289],[123.36789,0.3129],[123.36779,0.31274],[123.36787,0.31289]]],[[[123.38538,0.31285],[123.38546,0.31285],[123.38535,0.31282],[123.38538,0.31285]]],[[[123.36276,0.31297],[123.36263,0.31296],[123.36271,0.313],[123.36276,0.31297]]],[[[123.3632,0.31299],[123.36322,0.313],[123.36336,0.31296],[123.3632,0.31299]]],[[[123.36292,0.313],[123.36284,0.31299],[123.36287,0.31301],[123.36292,0.313]]],[[[123.36796,0.31303],[123.36797,0.31307],[123.36799,0.31309],[123.36796,0.31303]]],[[[123.36926,0.31315],[123.36935,0.31307],[123.36861,0.31332],[123.36926,0.31315]]],[[[123.38788,0.31342],[123.38873,0.31335],[123.38988,0.31372],[123.38863,0.31324],[123.38579,0.31283],[123.38788,0.31342]]],[[[123.36116,0.3133],[123.3608,0.31369],[123.36088,0.31365],[123.36116,0.3133]]],[[[123.35939,0.31449],[123.36037,0.31379],[123.3578,0.31268],[123.35939,0.31449]]],[[[123.41013,0.31368],[123.40996,0.31371],[123.41003,0.31371],[123.41013,0.31368]]],[[[123.40996,0.31371],[123.40957,0.31375],[123.40971,0.31375],[123.40996,0.31371]]],[[[123.42306,0.31389],[123.42257,0.3138],[123.42285,0.31391],[123.42306,0.31389]]],[[[123.4087,0.31387],[123.40879,0.31384],[123.40865,0.31388],[123.4087,0.31387]]],[[[123.42368,0.31406],[123.42337,0.314],[123.42358,0.31405],[123.42368,0.31406]]],[[[123.42453,0.31403],[123.42486,0.3141],[123.4248,0.31407],[123.42453,0.31403]]],[[[123.42508,0.31425],[123.42516,0.31426],[123.42496,0.31415],[123.42508,0.31425]]],[[[123.40726,0.3143],[123.40807,0.31409],[123.40634,0.3144],[123.40726,0.3143]]],[[[123.42543,0.3143],[123.42546,0.31429],[123.4253,0.31428],[123.42543,0.3143]]],[[[123.42584,0.31442],[123.42586,0.31444],[123.42593,0.31448],[123.42584,0.31442]]],[[[123.39147,0.31429],[123.39315,0.3144],[123.39395,0.31438],[123.39607,0.31506],[123.39956,0.31543],[123.39989,0.31542],[123.4012,0.31511],[123.40159,0.31511],[123.40173,0.31503],[123.39046,0.31405],[123.39147,0.31429]]],[[[123.40576,0.31468],[123.40601,0.31454],[123.40503,0.31476],[123.40576,0.31468]]],[[[123.40435,0.31489],[123.40497,0.31477],[123.40322,0.31487],[123.40435,0.31489]]],[[[123.40235,0.31504],[123.40303,0.3149],[123.40254,0.31489],[123.40177,0.31502],[123.40235,0.31504]]],[[[123.42818,0.31597],[123.42823,0.316],[123.4283,0.316],[123.42818,0.31597]]],[[[123.43275,0.31617],[123.43257,0.31626],[123.43274,0.31622],[123.43275,0.31617]]],[[[123.43118,0.3163],[123.4313,0.31623],[123.43123,0.31623],[123.43118,0.3163]]],[[[123.43005,0.31637],[123.43007,0.31636],[123.43002,0.31636],[123.43005,0.31637]]],[[[123.43464,0.31658],[123.43393,0.31647],[123.43404,0.31663],[123.43464,0.31658]]],[[[123.43503,0.31681],[123.43522,0.31693],[123.43492,0.31672],[123.43483,0.31667],[123.43503,0.31681]]],[[[123.47346,0.32048],[123.47348,0.32044],[123.47342,0.32051],[123.47346,0.32048]]],[[[123.47326,0.32087],[123.47336,0.32057],[123.47262,0.32118],[123.47326,0.32087]]],[[[123.47227,0.32165],[123.47244,0.32152],[123.47212,0.32169],[123.47227,0.32165]]],[[[123.4717,0.3219],[123.47207,0.32171],[123.47146,0.32194],[123.4717,0.3219]]],[[[123.44077,0.32237],[123.44059,0.32209],[123.4405,0.32214],[123.44077,0.32237]]],[[[123.46906,0.32311],[123.46927,0.32291],[123.46914,0.32293],[123.4686,0.32379],[123.46906,0.32311]]],[[[123.46661,0.32596],[123.46625,0.3264],[123.46645,0.32619],[123.46661,0.32596]]],[[[123.46618,0.32651],[123.46625,0.3264],[123.46609,0.3266],[123.46618,0.32651]]],[[[123.46595,0.32675],[123.46591,0.3268],[123.46593,0.3268],[123.46595,0.32675]]],[[[123.44661,0.32921],[123.44668,0.32921],[123.44652,0.3291],[123.44661,0.32921]]],[[[123.44767,0.32982],[123.44736,0.32967],[123.4476,0.32981],[123.44767,0.32982]]],[[[123.44953,0.33098],[123.44863,0.33047],[123.44863,0.33052],[123.44953,0.33098]]],[[[123.45044,0.33144],[123.45048,0.33145],[123.45044,0.33138],[123.45044,0.33144]]],[[[123.46352,0.33164],[123.46364,0.33208],[123.46363,0.33195],[123.46352,0.33164]]],[[[123.4514,0.33237],[123.45182,0.33253],[123.4507,0.33177],[123.4514,0.33237]]],[[[123.46374,0.33235],[123.46365,0.33211],[123.46373,0.33247],[123.46374,0.33235]]],[[[123.45226,0.33289],[123.45232,0.33293],[123.45226,0.33287],[123.45226,0.33289]]],[[[123.46378,0.33319],[123.46374,0.33258],[123.46366,0.33349],[123.46378,0.33319]]],[[[123.45577,0.33412],[123.45585,0.33413],[123.45577,0.3341],[123.45548,0.33418],[123.45577,0.33412]]],[[[123.45626,0.33475],[123.45641,0.33477],[123.45615,0.33425],[123.45585,0.33413],[123.45626,0.33475]]],[[[123.4616,0.33582],[123.46236,0.33564],[123.46234,0.3355],[123.46162,0.33575],[123.46082,0.33666],[123.46076,0.3369],[123.4616,0.33582]]],[[[123.45691,0.3367],[123.45689,0.33668],[123.45691,0.33672],[123.45691,0.3367]]],[[[123.45696,0.33684],[123.45694,0.33679],[123.45694,0.33681],[123.45696,0.33684]]],[[[123.45726,0.33706],[123.45737,0.33715],[123.45751,0.33722],[123.45726,0.33706]]],[[[123.46027,0.33728],[123.46038,0.3372],[123.46007,0.33736],[123.46027,0.33728]]],[[[123.45827,0.33755],[123.45795,0.33745],[123.458,0.33749],[123.45827,0.33755]]]]},"properties":{"fungsi":null}},{"type":"Feature","geometry":{"type":"MultiPolygon","coordinates":[[[[121.33316,0.52168],[121.33356,0.52052],[121.33339,0.52094],[121.33316,0.52168]]],[[[121.18424,0.73726],[121.18221,0.74407],[121.18502,0.74703],[121.18712,0.75837],[121.19074,0.76169],[121.19202,0.76658],[121.1972,0.76556],[121.20791,0.7667],[121.21529,0.77379],[121.21375,0.77558],[121.21376,0.77929],[121.2181,0.78273],[121.21831,0.79116],[121.23362,0.79699],[121.23756,0.80119],[121.24565,0.80154],[121.25144,0.8],[121.25123,0.79794],[121.25582,0.79929],[121.26924,0.79622],[121.28894,0.79902],[121.2933,0.79576],[121.29875,0.7959],[121.30905,0.79172],[121.31701,0.78505],[121.32519,0.7892],[121.32571,0.79234],[121.32894,0.79253],[121.33312,0.79572],[121.34417,0.79356],[121.35279,0.796],[121.3579,0.80194],[121.36306,0.80108],[121.36477,0.80291],[121.36441,0.80872],[121.36074,0.81476],[121.34995,0.82151],[121.35159,0.824],[121.35356,0.83735],[121.34723,0.84537],[121.34885,0.85233],[121.35471,0.8505],[121.35973,0.85481],[121.36803,0.84949],[121.37421,0.85385],[121.38005,0.85241],[121.38549,0.8549],[121.3904,0.85063],[121.39422,0.852],[121.39896,0.84959],[121.40231,0.84347],[121.41172,0.84541],[121.41676,0.84982],[121.42096,0.84443],[121.42567,0.84339],[121.43361,0.84414],[121.44001,0.84784],[121.45207,0.84679],[121.45485,0.84798],[121.46161,0.84702],[121.46257,0.84494],[121.46713,0.84829],[121.47049,0.84583],[121.47151,0.84305],[121.47599,0.84209],[121.47732,0.83807],[121.48106,0.83757],[121.48248,0.83982],[121.49411,0.83931],[121.49971,0.84285],[121.50257,0.84752],[121.50614,0.84641],[121.53316,0.85326],[121.53562,0.86024],[121.53461,0.8683],[121.53658,0.87295],[121.53558,0.87447],[121.53715,0.87596],[121.54776,0.87847],[121.55728,0.87822],[121.56304,0.87414],[121.56729,0.87472],[121.57384,0.87051],[121.57743,0.87191],[121.5839,0.87116],[121.58778,0.87339],[121.60345,0.87266],[121.61194,0.88352],[121.62189,0.88121],[121.63767,0.89268],[121.64515,0.8953],[121.64957,0.89486],[121.65401,0.89143],[121.65816,0.89205],[121.6671,0.89974],[121.67414,0.90359],[121.68125,0.90112],[121.68835,0.90345],[121.69155,0.90255],[121.69694,0.90639],[121.70172,0.9071],[121.70671,0.91555],[121.71211,0.91709],[121.71605,0.91644],[121.7175,0.91957],[121.73855,0.93052],[121.75942,0.93306],[121.7627,0.9322],[121.76796,0.93577],[121.77402,0.93567],[121.78058,0.93939],[121.78682,0.93966],[121.79452,0.9488],[121.81362,0.95079],[121.81494,0.95438],[121.82122,0.9615],[121.8311,0.96065],[121.83329,0.96794],[121.83788,0.97385],[121.84899,0.9796],[121.84681,0.98218],[121.84666,0.98553],[121.85148,0.99267],[121.8629,0.99079],[121.86723,0.98588],[121.87547,0.9833],[121.87918,0.97947],[121.88327,0.97933],[121.89029,0.97477],[121.8948,0.96741],[121.9021,0.96388],[121.90583,0.95908],[121.90709,0.95487],[121.91597,0.9418],[121.91779,0.93413],[121.92166,0.92779],[121.92834,0.92767],[121.93204,0.92957],[121.93816,0.9278],[121.9433,0.9201],[121.94732,0.91864],[121.94887,0.91331],[121.95477,0.90728],[121.96517,0.90718],[121.97521,0.90359],[121.97942,0.90435],[121.98406,0.90871],[121.9899,0.90932],[121.99598,0.90604],[122.00316,0.91074],[122.01549,0.90907],[122.01614,0.91213],[122.02724,0.91332],[122.03823,0.90995],[122.05264,0.90812],[122.06229,0.9087],[122.07033,0.90389],[122.07766,0.9043],[122.08414,0.90899],[122.08668,0.90892],[122.1087,0.89865],[122.11315,0.89962],[122.11568,0.90327],[122.121,0.90064],[122.12718,0.90062],[122.13438,0.90306],[122.13884,0.90647],[122.14929,0.90653],[122.14605,0.89687],[122.15763,0.87328],[122.14175,0.87268],[122.14854,0.86426],[122.15402,0.85079],[122.15972,0.84245],[122.15685,0.83474],[122.14967,0.83482],[122.14781,0.83209],[122.1416,0.83282],[122.13432,0.83649],[122.08756,0.86348],[122.08399,0.86426],[122.08211,0.85902],[122.07057,0.86588],[122.05357,0.86553],[122.04224,0.86163],[122.03091,0.86022],[122.02029,0.86659],[122.00754,0.86518],[121.99833,0.86199],[121.98452,0.86093],[121.95159,0.86942],[121.92015,0.8754],[121.91602,0.87953],[121.86857,0.88085],[121.85011,0.87162],[121.83034,0.86503],[121.8132,0.85712],[121.8079,0.85712],[121.79224,0.86765],[121.77348,0.87544],[121.75683,0.87509],[121.7494,0.87651],[121.74231,0.88075],[121.73488,0.8804],[121.67255,0.86482],[121.64104,0.86093],[121.63537,0.85774],[121.63112,0.85136],[121.63077,0.84393],[121.63431,0.83685],[121.64015,0.83173],[121.63343,0.81188],[121.62847,0.80763],[121.61572,0.81684],[121.6097,0.81684],[121.60687,0.81967],[121.59586,0.81989],[121.58911,0.81494],[121.58911,0.81266],[121.58704,0.81153],[121.58226,0.81241],[121.57482,0.8195],[121.55747,0.81595],[121.5557,0.82126],[121.55216,0.82374],[121.54614,0.82268],[121.53516,0.82622],[121.521,0.81914],[121.5026,0.81361],[121.49947,0.81626],[121.47838,0.80176],[121.45729,0.79517],[121.43356,0.79385],[121.41921,0.78798],[121.41795,0.78337],[121.40839,0.77027],[121.40385,0.75886],[121.39316,0.75682],[121.38644,0.75788],[121.37996,0.76127],[121.3571,0.75694],[121.35385,0.74881],[121.33704,0.7531],[121.32394,0.74885],[121.32287,0.76054],[121.32004,0.76195],[121.30729,0.76089],[121.30163,0.76301],[121.29632,0.76939],[121.28746,0.77541],[121.26869,0.77789],[121.25913,0.77683],[121.24391,0.78178],[121.23647,0.78037],[121.22797,0.77576],[121.22231,0.77081],[121.22043,0.76633],[121.21342,0.76353],[121.1976,0.72794],[121.1976,0.70817],[121.21078,0.69498],[121.2266,0.68312],[121.23583,0.68312],[121.24901,0.6963],[121.25428,0.69366],[121.25604,0.66997],[121.2602,0.66563],[121.26409,0.66705],[121.27507,0.67661],[121.28109,0.67874],[121.28321,0.68334],[121.29596,0.69078],[121.30375,0.69396],[121.30765,0.69255],[121.30942,0.68724],[121.30906,0.68157],[121.30578,0.67691],[121.30833,0.63303],[121.32019,0.62644],[121.33865,0.6238],[121.34787,0.59743],[121.35842,0.5948],[121.38478,0.59216],[121.39797,0.58294],[121.40537,0.57183],[121.42406,0.5735],[121.43154,0.57273],[121.43516,0.57157],[121.43877,0.56679],[121.43947,0.56343],[121.43733,0.55606],[121.42542,0.5489],[121.35592,0.54315],[121.347,0.54033],[121.34726,0.53518],[121.34257,0.52682],[121.33568,0.52654],[121.33146,0.52244],[121.33108,0.53224],[121.32598,0.53343],[121.32622,0.53139],[121.32333,0.53373],[121.3212,0.53267],[121.32245,0.53765],[121.31812,0.54312],[121.32227,0.54928],[121.32161,0.56249],[121.32794,0.56792],[121.3267,0.5702],[121.32948,0.57533],[121.31611,0.57773],[121.31369,0.5755],[121.30959,0.57518],[121.30697,0.56867],[121.30257,0.56918],[121.29997,0.57576],[121.29585,0.58023],[121.27571,0.58266],[121.27069,0.58782],[121.2615,0.5904],[121.24974,0.60108],[121.24215,0.6004],[121.23774,0.60352],[121.22898,0.62245],[121.2288,0.62694],[121.22686,0.62875],[121.23155,0.63318],[121.23218,0.64157],[121.22872,0.64557],[121.22458,0.64342],[121.22333,0.6405],[121.2187,0.63852],[121.20374,0.64303],[121.19918,0.64062],[121.18691,0.65203],[121.17923,0.65481],[121.17409,0.66542],[121.16577,0.66906],[121.16123,0.67865],[121.16566,0.67939],[121.17451,0.68692],[121.17449,0.69375],[121.17955,0.70072],[121.18031,0.71273],[121.18761,0.7217],[121.18761,0.72545],[121.18467,0.73232],[121.18266,0.7336],[121.18424,0.73726]]],[[[121.73351,0.64581],[121.71997,0.64812],[121.70974,0.64218],[121.70412,0.64251],[121.66847,0.65638],[121.65559,0.65439],[121.64998,0.65803],[121.63667,0.6743],[121.64086,0.68263],[121.6398,0.69007],[121.63484,0.6975],[121.62988,0.69963],[121.61183,0.6975],[121.60616,0.69821],[121.60474,0.706],[121.59624,0.71238],[121.59483,0.71769],[121.59589,0.72265],[121.60297,0.7315],[121.62705,0.73362],[121.63236,0.73752],[121.6352,0.75204],[121.6398,0.75416],[121.64759,0.75452],[121.66034,0.75027],[121.6637,0.76674],[121.66645,0.76227],[121.66726,0.76715],[121.7117,0.77539],[121.72752,0.77276],[121.72884,0.75826],[121.73147,0.75035],[121.75784,0.74244],[121.76179,0.73585],[121.77234,0.7253],[121.77629,0.71608],[121.77497,0.70553],[121.77893,0.6963],[121.79211,0.69762],[121.80925,0.68971],[121.81188,0.67653],[121.80266,0.66071],[121.79069,0.64875],[121.786,0.65439],[121.78105,0.65539],[121.7743,0.65316],[121.77664,0.66704],[121.7739,0.66833],[121.76505,0.66805],[121.76202,0.67686],[121.75857,0.6802],[121.74439,0.67313],[121.74184,0.67012],[121.74349,0.66399],[121.75017,0.65568],[121.75218,0.65065],[121.74995,0.6516],[121.74405,0.64633],[121.73351,0.64581]]],[[[121.89127,0.68797],[121.8937,0.67487],[121.89325,0.67391],[121.89172,0.68371],[121.88795,0.68798],[121.89069,0.69664],[121.88187,0.70794],[121.88383,0.71754],[121.87647,0.72715],[121.8712,0.73875],[121.8712,0.74718],[121.8744,0.75156],[121.87753,0.76828],[121.87542,0.77038],[121.88491,0.78515],[121.89335,0.7862],[121.89543,0.79868],[121.91549,0.80729],[121.95557,0.81046],[121.97877,0.80202],[121.99037,0.78726],[122.00197,0.77566],[122.02306,0.74297],[122.02833,0.73769],[122.03782,0.73769],[122.04204,0.74297],[122.05118,0.73857],[122.06142,0.73902],[122.07175,0.72433],[122.07606,0.71214],[122.0528,0.68412],[122.04776,0.68391],[122.0427,0.6863],[122.03476,0.68722],[122.03093,0.68429],[122.02289,0.68629],[122.00044,0.68018],[121.99231,0.68238],[121.93226,0.68324],[121.92222,0.68983],[121.91408,0.69079],[121.89127,0.68797]]],[[[121.80299,0.41749],[121.8058,0.41397],[121.80353,0.41753],[121.81089,0.42477],[121.80741,0.42277],[121.80907,0.42963],[121.81242,0.43466],[121.81254,0.44066],[121.81118,0.4427],[121.8136,0.45384],[121.8174,0.45558],[121.8175,0.45995],[121.83086,0.45997],[121.82963,0.45464],[121.82514,0.4515],[121.82438,0.448],[121.82765,0.44594],[121.83212,0.44835],[121.83364,0.44392],[121.83543,0.44332],[121.83802,0.44607],[121.83447,0.45192],[121.84205,0.45602],[121.83843,0.45939],[121.84001,0.46354],[121.84255,0.46362],[121.84417,0.45847],[121.84704,0.45654],[121.84831,0.45705],[121.84604,0.46525],[121.84755,0.46589],[121.85175,0.46227],[121.85294,0.45865],[121.85104,0.45217],[121.85575,0.4473],[121.8552,0.45299],[121.85886,0.45068],[121.86258,0.45063],[121.85917,0.45352],[121.85863,0.45591],[121.86169,0.45705],[121.86118,0.46042],[121.86607,0.4653],[121.86805,0.46004],[121.86586,0.45436],[121.86938,0.45317],[121.87224,0.45793],[121.87619,0.45984],[121.87775,0.45659],[121.87735,0.45273],[121.88254,0.44785],[121.88177,0.44019],[121.89053,0.44253],[121.88986,0.43962],[121.87837,0.43614],[121.87639,0.439],[121.86871,0.44161],[121.86774,0.43825],[121.86463,0.43801],[121.86143,0.43447],[121.85867,0.4349],[121.85871,0.43173],[121.8545,0.43234],[121.85291,0.42806],[121.8474,0.4284],[121.84581,0.43042],[121.8446,0.42819],[121.83315,0.42369],[121.81572,0.42173],[121.80377,0.40991],[121.79992,0.41864],[121.80299,0.41749]]],[[[121.75973,0.50784],[121.75863,0.50513],[121.75137,0.50208],[121.74854,0.49771],[121.73689,0.50469],[121.72904,0.50171],[121.72493,0.50277],[121.71909,0.50591],[121.71443,0.5127],[121.71465,0.51454],[121.72206,0.52079],[121.71781,0.52399],[121.71181,0.5236],[121.71098,0.52181],[121.71262,0.51938],[121.71121,0.51849],[121.7092,0.52062],[121.70775,0.51808],[121.70456,0.51896],[121.70209,0.52226],[121.70015,0.5208],[121.69469,0.52021],[121.68914,0.51348],[121.68557,0.51384],[121.68948,0.51466],[121.69382,0.51993],[121.69571,0.52091],[121.69771,0.52057],[121.704,0.5257],[121.70487,0.53048],[121.71209,0.52874],[121.71536,0.5305],[121.71807,0.52642],[121.72705,0.52909],[121.73055,0.53195],[121.73304,0.53095],[121.7327,0.5281],[121.7347,0.52416],[121.73392,0.52168],[121.74357,0.51713],[121.74278,0.51587],[121.74626,0.51299],[121.75251,0.51152],[121.75305,0.51353],[121.75116,0.5169],[121.75225,0.51908],[121.75897,0.52051],[121.76229,0.51344],[121.76129,0.51136],[121.76438,0.508],[121.75973,0.50784]]],[[[121.68298,0.51441],[121.68386,0.51928],[121.6795,0.52091],[121.67347,0.51965],[121.66675,0.52312],[121.66545,0.52591],[121.6661,0.52935],[121.6602,0.53174],[121.65986,0.5351],[121.6678,0.52993],[121.66606,0.52739],[121.66711,0.52325],[121.66749,0.52673],[121.67036,0.52542],[121.67192,0.52244],[121.67857,0.52275],[121.68411,0.52029],[121.68574,0.52092],[121.68608,0.51831],[121.68387,0.515],[121.68474,0.51361],[121.68298,0.51441]]],[[[121.63542,0.53831],[121.63318,0.5377],[121.63112,0.54103],[121.62803,0.53901],[121.63135,0.53545],[121.63524,0.53541],[121.63928,0.53231],[121.64022,0.52813],[121.64248,0.52967],[121.64244,0.52551],[121.64078,0.52429],[121.63669,0.52494],[121.63208,0.53313],[121.62366,0.53556],[121.62537,0.52398],[121.62152,0.52226],[121.61773,0.52331],[121.61919,0.52811],[121.6181,0.53758],[121.61961,0.53928],[121.61926,0.54782],[121.61347,0.54726],[121.60899,0.5422],[121.60991,0.5398],[121.60788,0.53822],[121.6054,0.53879],[121.60771,0.54228],[121.60824,0.54929],[121.60685,0.54987],[121.61025,0.55036],[121.61602,0.55583],[121.62176,0.55512],[121.62409,0.54682],[121.62195,0.54569],[121.62361,0.54228],[121.62556,0.54224],[121.62464,0.54501],[121.63069,0.54458],[121.63032,0.54953],[121.63374,0.54709],[121.63542,0.53831]]],[[[121.58194,0.53893],[121.58684,0.53957],[121.58695,0.53711],[121.58965,0.53602],[121.59228,0.53747],[121.59294,0.54531],[121.60053,0.54747],[121.60277,0.55269],[121.60491,0.55105],[121.60486,0.5485],[121.60645,0.54937],[121.60531,0.54621],[121.60349,0.54876],[121.60168,0.54719],[121.60287,0.53779],[121.6074,0.5342],[121.60205,0.52713],[121.59741,0.52953],[121.59807,0.53897],[121.59529,0.53906],[121.59265,0.5369],[121.59343,0.53294],[121.5918,0.53104],[121.59017,0.53164],[121.58839,0.53649],[121.58363,0.53643],[121.58194,0.53893]]],[[[121.58328,0.53627],[121.58327,0.53626],[121.58326,0.53628],[121.58328,0.53627]]],[[[121.57607,0.53879],[121.57884,0.53988],[121.58322,0.53635],[121.582,0.53589],[121.58117,0.53769],[121.58061,0.53575],[121.57579,0.53495],[121.57607,0.53879]]],[[[121.57292,0.53484],[121.57519,0.53502],[121.57392,0.53327],[121.57198,0.53285],[121.57292,0.53484]]],[[[121.56801,0.53553],[121.56219,0.53496],[121.55763,0.53808],[121.55518,0.5374],[121.55225,0.5432],[121.54913,0.54134],[121.54374,0.5451],[121.54047,0.54386],[121.53386,0.54638],[121.53265,0.54923],[121.536,0.55402],[121.5326,0.55538],[121.5298,0.54899],[121.52424,0.55018],[121.52427,0.54525],[121.52018,0.54223],[121.52131,0.5397],[121.52024,0.53592],[121.52164,0.53276],[121.51656,0.53371],[121.51238,0.52882],[121.51283,0.525],[121.51569,0.52178],[121.51747,0.52222],[121.51881,0.51891],[121.5177,0.51474],[121.5149,0.51273],[121.51953,0.5038],[121.51868,0.49569],[121.51295,0.49383],[121.51062,0.49187],[121.51034,0.48889],[121.50715,0.48674],[121.50204,0.48851],[121.49915,0.48333],[121.49394,0.47881],[121.48447,0.4836],[121.48428,0.48558],[121.48745,0.4871],[121.48781,0.48504],[121.49115,0.48422],[121.48977,0.48822],[121.49179,0.48582],[121.49577,0.48641],[121.49518,0.49396],[121.4979,0.49581],[121.50139,0.4941],[121.50298,0.49567],[121.50471,0.49396],[121.50562,0.49576],[121.5043,0.49733],[121.50783,0.49979],[121.50861,0.49683],[121.5139,0.50364],[121.51422,0.50965],[121.50944,0.51486],[121.51149,0.51685],[121.5128,0.51553],[121.51575,0.51729],[121.50936,0.52313],[121.50763,0.52814],[121.51578,0.53474],[121.51543,0.53601],[121.51894,0.53692],[121.51852,0.54345],[121.52157,0.54706],[121.52028,0.54909],[121.52412,0.55186],[121.52385,0.55405],[121.5255,0.5524],[121.52806,0.55264],[121.52888,0.55599],[121.5319,0.55792],[121.53745,0.55445],[121.53638,0.55138],[121.53904,0.55296],[121.53819,0.55434],[121.53953,0.55535],[121.53968,0.5542],[121.5435,0.55568],[121.54807,0.5544],[121.54677,0.55382],[121.54793,0.5514],[121.54637,0.54983],[121.5475,0.54736],[121.54499,0.54511],[121.54911,0.54237],[121.55214,0.54491],[121.5556,0.54392],[121.55669,0.54541],[121.55229,0.54869],[121.55178,0.55362],[121.55341,0.55313],[121.5531,0.54941],[121.55769,0.54843],[121.55853,0.54454],[121.56633,0.54162],[121.56332,0.54002],[121.56012,0.54172],[121.55753,0.53916],[121.56079,0.5369],[121.56309,0.5387],[121.56657,0.53846],[121.56835,0.53603],[121.57078,0.53661],[121.57045,0.53278],[121.56801,0.53553]]],[[[121.46094,0.47346],[121.45476,0.47282],[121.44774,0.46576],[121.44238,0.46623],[121.44121,0.47516],[121.43984,0.47518],[121.43878,0.47807],[121.43781,0.47702],[121.43321,0.48012],[121.43437,0.48416],[121.43897,0.48486],[121.43794,0.48253],[121.44244,0.47943],[121.44099,0.47654],[121.44354,0.47271],[121.44529,0.47251],[121.44879,0.47554],[121.45109,0.47114],[121.45674,0.47507],[121.45681,0.48064],[121.4601,0.47979],[121.46256,0.48315],[121.46408,0.48088],[121.46356,0.48476],[121.46865,0.48368],[121.46916,0.48649],[121.47114,0.48559],[121.47133,0.48317],[121.47557,0.48355],[121.46094,0.47346]]],[[[121.43651,0.49216],[121.44253,0.49765],[121.43917,0.50093],[121.43783,0.49849],[121.43452,0.4973],[121.43351,0.50058],[121.43539,0.5002],[121.43957,0.50304],[121.44005,0.50177],[121.44069,0.50362],[121.44367,0.5045],[121.44112,0.50119],[121.44235,0.49989],[121.44674,0.50256],[121.44265,0.4944],[121.44071,0.4934],[121.43869,0.48494],[121.43651,0.49216]]],[[[121.43135,0.49007],[121.42733,0.48916],[121.42732,0.48497],[121.42488,0.48253],[121.41278,0.48621],[121.41219,0.48511],[121.41053,0.4854],[121.40956,0.48425],[121.41236,0.48092],[121.4122,0.47721],[121.41091,0.47484],[121.40919,0.47508],[121.4102,0.47427],[121.40913,0.47208],[121.40681,0.47202],[121.40815,0.47545],[121.40688,0.47492],[121.40402,0.47835],[121.40539,0.48492],[121.4094,0.48633],[121.40879,0.48757],[121.40048,0.48491],[121.39831,0.4786],[121.39532,0.47718],[121.39142,0.47711],[121.39107,0.48088],[121.38937,0.48186],[121.38225,0.47712],[121.37797,0.47631],[121.37597,0.47769],[121.37531,0.47632],[121.3709,0.47628],[121.36091,0.47094],[121.35457,0.47349],[121.36098,0.47158],[121.3633,0.47546],[121.374,0.4779],[121.37416,0.47936],[121.38221,0.47925],[121.38853,0.48288],[121.38735,0.48537],[121.38974,0.48686],[121.38989,0.48961],[121.38594,0.49124],[121.38265,0.48974],[121.37951,0.48974],[121.38341,0.4912],[121.38218,0.4944],[121.38322,0.49485],[121.3813,0.49654],[121.383,0.49779],[121.38649,0.49625],[121.38849,0.49277],[121.39433,0.49221],[121.39947,0.49572],[121.40188,0.49411],[121.39629,0.48766],[121.39813,0.48588],[121.39798,0.48839],[121.40411,0.48848],[121.4114,0.48754],[121.41191,0.48587],[121.41243,0.48628],[121.41744,0.48677],[121.42332,0.4858],[121.42591,0.48668],[121.42615,0.48944],[121.42438,0.48998],[121.42764,0.49354],[121.43258,0.49427],[121.43135,0.49007]]],[[[121.81546,0.46678],[121.81291,0.47046],[121.81461,0.47155],[121.81357,0.47184],[121.82377,0.49298],[121.82408,0.49106],[121.82621,0.49014],[121.82365,0.48875],[121.82707,0.48881],[121.82467,0.48668],[121.82594,0.48448],[121.82481,0.48477],[121.82426,0.48059],[121.82095,0.4795],[121.82212,0.47773],[121.82091,0.47638],[121.81832,0.47732],[121.82172,0.4732],[121.82044,0.47302],[121.82194,0.46856],[121.81546,0.46678]]],[[[121.59559,0.54755],[121.59501,0.54866],[121.59319,0.54769],[121.59471,0.55037],[121.59808,0.55149],[121.59559,0.54755]]],[[[121.5911,0.55782],[121.59503,0.55876],[121.59604,0.55426],[121.5911,0.55782]]],[[[122.31365,0.59598],[122.31044,0.59559],[122.31,0.59123],[122.31513,0.58527],[122.31613,0.58059],[122.31435,0.57842],[122.30845,0.5763],[122.30623,0.5664],[122.30212,0.56597],[122.29169,0.57095],[122.2698,0.55112],[122.26181,0.55165],[122.23929,0.54623],[122.2294,0.55179],[122.22643,0.55179],[122.21951,0.56204],[122.2085,0.56251],[122.20656,0.56608],[122.20698,0.57416],[122.21118,0.58888],[122.20987,0.61125],[122.21316,0.61697],[122.21682,0.6192],[122.21889,0.62589],[122.22621,0.63072],[122.22961,0.62831],[122.23569,0.62921],[122.24039,0.63553],[122.25123,0.63096],[122.25821,0.63161],[122.26845,0.63712],[122.2786,0.64606],[122.29107,0.64317],[122.29607,0.64737],[122.29878,0.64707],[122.30426,0.6443],[122.3071,0.6382],[122.31043,0.63657],[122.31578,0.64687],[122.3179,0.64597],[122.32363,0.63564],[122.33465,0.64078],[122.33681,0.63939],[122.34449,0.61733],[122.34281,0.60301],[122.33881,0.59642],[122.33837,0.59143],[122.33579,0.5947],[122.32947,0.59682],[122.32006,0.59533],[122.32323,0.59139],[122.31365,0.59598]]],[[[122.3581,0.73898],[122.36099,0.73911],[122.37459,0.72524],[122.37418,0.72245],[122.36913,0.71975],[122.37276,0.71731],[122.37063,0.71112],[122.37372,0.7081],[122.36658,0.70818],[122.35152,0.7029],[122.33635,0.70141],[122.32581,0.70362],[122.31315,0.71038],[122.29802,0.71222],[122.29374,0.7152],[122.29394,0.72231],[122.29701,0.72881],[122.30227,0.73174],[122.30941,0.73962],[122.32635,0.74473],[122.34845,0.74673],[122.35525,0.74515],[122.36064,0.7395],[122.3581,0.73898]]],[[[122.75395,0.71705],[122.75731,0.71568],[122.7532,0.70448],[122.74237,0.7011],[122.73126,0.7024],[122.72851,0.70914],[122.71683,0.72025],[122.71435,0.72891],[122.71491,0.7351],[122.72096,0.74276],[122.73525,0.74799],[122.74546,0.74697],[122.75363,0.73958],[122.75803,0.7251],[122.75783,0.71716],[122.75395,0.71705]]],[[[122.21936,1.00059],[122.22096,1.00706],[122.2169,1.01303],[122.21996,1.01617],[122.22389,1.01141],[122.22195,1.01018],[122.22074,0.99682],[122.21936,1.00059]]],[[[122.24316,1.00934],[122.24091,0.9915],[122.24333,0.98879],[122.2421,0.98485],[122.23655,0.98245],[122.23702,0.98901],[122.23369,0.98891],[122.23371,0.99142],[122.23875,0.99321],[122.23772,0.99445],[122.23888,1.0035],[122.23714,1.00639],[122.24152,1.00973],[122.24316,1.00934]]],[[[122.3226,1.01553],[122.31779,1.01306],[122.31605,1.01661],[122.3191,1.01993],[122.32489,1.02005],[122.3226,1.01553]]],[[[122.38425,1.00415],[122.39509,0.99868],[122.39175,0.99376],[122.38528,0.99155],[122.37946,0.99556],[122.3785,0.99946],[122.38425,1.00415]]],[[[122.69397,0.89086],[122.69163,0.88988],[122.69109,0.89364],[122.6933,0.89423],[122.69397,0.89086]]],[[[122.72669,0.87454],[122.72904,0.8685],[122.73217,0.86973],[122.73236,0.87605],[122.73526,0.87569],[122.73798,0.88037],[122.74175,0.88018],[122.7481,0.87479],[122.7527,0.87514],[122.75151,0.87011],[122.7557,0.86643],[122.75583,0.86436],[122.76018,0.86639],[122.76365,0.86224],[122.7664,0.86162],[122.76878,0.86503],[122.76846,0.86729],[122.76749,0.86914],[122.76621,0.87403],[122.76792,0.87376],[122.77001,0.87605],[122.77093,0.87923],[122.77373,0.87841],[122.77134,0.87836],[122.77255,0.87613],[122.76681,0.87213],[122.76975,0.86746],[122.77186,0.85947],[122.76097,0.85563],[122.75985,0.85579],[122.75903,0.86221],[122.75717,0.85932],[122.75215,0.85963],[122.75125,0.85835],[122.75163,0.85951],[122.74894,0.85968],[122.74991,0.86227],[122.74794,0.86249],[122.74569,0.86839],[122.74979,0.86984],[122.75167,0.87308],[122.74659,0.87351],[122.74659,0.875],[122.74039,0.87861],[122.73834,0.87798],[122.73938,0.87599],[122.73734,0.87637],[122.73728,0.87439],[122.73351,0.87484],[122.73291,0.8726],[122.73814,0.86967],[122.73426,0.87059],[122.7309,0.86844],[122.73236,0.86562],[122.72976,0.86481],[122.72968,0.8626],[122.72783,0.86548],[122.72542,0.86618],[122.72519,0.86808],[122.72772,0.86941],[122.72591,0.87164],[122.72313,0.86995],[122.72565,0.86383],[122.72513,0.86167],[122.71757,0.86595],[122.71395,0.86569],[122.70771,0.86824],[122.70619,0.87249],[122.71067,0.8746],[122.70584,0.87829],[122.71244,0.87888],[122.71309,0.88171],[122.71586,0.8826],[122.71589,0.88488],[122.71141,0.88552],[122.70887,0.88323],[122.70811,0.88532],[122.70561,0.88564],[122.70611,0.88351],[122.70396,0.8832],[122.70284,0.88092],[122.70146,0.88275],[122.70274,0.88552],[122.70069,0.88456],[122.69957,0.88676],[122.7021,0.88728],[122.70447,0.89082],[122.70589,0.88779],[122.70896,0.89142],[122.71185,0.89225],[122.72028,0.88641],[122.72178,0.88712],[122.72006,0.88402],[122.71565,0.88149],[122.71585,0.87894],[122.71357,0.87656],[122.71443,0.87325],[122.71221,0.87035],[122.71287,0.86714],[122.72171,0.86704],[122.72223,0.8701],[122.72669,0.87454]]],[[[122.78375,0.87006],[122.78348,0.86618],[122.77864,0.87249],[122.77419,0.87396],[122.77309,0.87675],[122.77509,0.87692],[122.78375,0.87006]]],[[[122.83071,0.81731],[122.82596,0.81715],[122.82533,0.81595],[122.82545,0.81688],[122.826,0.8173],[122.82672,0.81742],[122.82504,0.81949],[122.82657,0.82072],[122.81933,0.82762],[122.8155,0.82487],[122.81312,0.82583],[122.81661,0.82808],[122.81335,0.83256],[122.80903,0.82965],[122.80976,0.82769],[122.80947,0.82686],[122.80776,0.83297],[122.80758,0.83002],[122.80567,0.83295],[122.80142,0.83232],[122.79976,0.83408],[122.80052,0.83062],[122.79558,0.83117],[122.79378,0.83441],[122.79545,0.83849],[122.794,0.8404],[122.78913,0.83822],[122.7915,0.84602],[122.79631,0.83926],[122.79566,0.83353],[122.799,0.83545],[122.80031,0.8342],[122.80504,0.83562],[122.80953,0.83381],[122.81004,0.83587],[122.8075,0.84141],[122.81011,0.84237],[122.81324,0.83748],[122.81293,0.83398],[122.81761,0.83052],[122.81983,0.83328],[122.82301,0.83236],[122.82083,0.83756],[122.82355,0.83964],[122.82665,0.83004],[122.8254,0.82679],[122.82294,0.82652],[122.82561,0.82347],[122.82852,0.82346],[122.83071,0.81731]]],[[[122.84043,0.81751],[122.83357,0.8134],[122.83113,0.81888],[122.83635,0.81899],[122.83803,0.82451],[122.83993,0.81951],[122.84295,0.81729],[122.84276,0.81516],[122.84043,0.81751]]],[[[122.85174,0.80844],[122.85863,0.80883],[122.85732,0.81278],[122.86068,0.81433],[122.85829,0.82108],[122.8601,0.82703],[122.86123,0.82811],[122.86917,0.82758],[122.86964,0.82593],[122.86035,0.82571],[122.8634,0.82326],[122.86276,0.82106],[122.86053,0.82288],[122.85874,0.82162],[122.86139,0.81681],[122.86062,0.81471],[122.86371,0.81071],[122.86161,0.80987],[122.86143,0.80767],[122.86378,0.8056],[122.85764,0.80555],[122.85317,0.80803],[122.85433,0.80608],[122.85235,0.80457],[122.85563,0.79958],[122.85426,0.79505],[122.8557,0.79164],[122.85354,0.78984],[122.85165,0.79168],[122.85325,0.79741],[122.85081,0.79657],[122.84872,0.79942],[122.84865,0.79814],[122.84656,0.79866],[122.84283,0.8011],[122.84019,0.80913],[122.83796,0.81105],[122.83832,0.81364],[122.84234,0.81412],[122.84125,0.81058],[122.84413,0.80277],[122.84882,0.80058],[122.85174,0.80844]]],[[[122.88336,0.82721],[122.88196,0.82537],[122.88211,0.82116],[122.87863,0.82319],[122.8759,0.82204],[122.87583,0.81893],[122.87373,0.81702],[122.86864,0.81625],[122.86845,0.81775],[122.87088,0.81939],[122.86983,0.82174],[122.87133,0.82622],[122.87793,0.8309],[122.88122,0.83139],[122.88336,0.82721]]],[[[122.88525,0.83734],[122.88776,0.83589],[122.88336,0.8344],[122.8822,0.83261],[122.88525,0.83734]]],[[[122.90463,0.84824],[122.90577,0.84688],[122.90505,0.84397],[122.90827,0.84057],[122.90336,0.83389],[122.9018,0.83326],[122.90099,0.83756],[122.89714,0.83645],[122.89684,0.8391],[122.89476,0.8366],[122.8932,0.83898],[122.88574,0.83748],[122.88791,0.83806],[122.88959,0.84269],[122.89769,0.84504],[122.89655,0.84581],[122.89735,0.84933],[122.89935,0.84907],[122.89823,0.85167],[122.90463,0.84824]]],[[[122.91461,0.85733],[122.91637,0.85492],[122.91431,0.85142],[122.91164,0.85493],[122.91461,0.85733]]],[[[122.92335,0.86524],[122.92237,0.86389],[122.92178,0.86492],[122.92196,0.86699],[122.92335,0.86524]]],[[[122.94957,0.89065],[122.94757,0.88998],[122.95198,0.88556],[122.95031,0.88248],[122.93657,0.8882],[122.93577,0.88255],[122.93433,0.88065],[122.93211,0.88368],[122.92713,0.87787],[122.92603,0.87515],[122.92859,0.87226],[122.92699,0.87076],[122.92732,0.86592],[122.92524,0.86564],[122.92684,0.87182],[122.92375,0.87502],[122.92834,0.87965],[122.93084,0.88487],[122.93522,0.88409],[122.93563,0.8884],[122.93917,0.88895],[122.94126,0.89243],[122.94499,0.89002],[122.94571,0.89454],[122.9482,0.89436],[122.94957,0.89065]]],[[[122.95193,0.89825],[122.9542,0.89268],[122.95035,0.89374],[122.9499,0.89833],[122.95193,0.89825]]],[[[122.94999,0.90022],[122.95097,0.8994],[122.95017,0.89898],[122.94999,0.90022]]],[[[122.94923,0.9091],[122.94793,0.90964],[122.95088,0.90859],[122.94973,0.90641],[122.94821,0.90829],[122.94923,0.9091]]],[[[122.95923,0.9382],[122.96297,0.93737],[122.96525,0.93915],[122.96968,0.93923],[122.97038,0.94139],[122.9826,0.94425],[122.98706,0.93998],[122.97735,0.93504],[122.9719,0.93415],[122.97285,0.93164],[122.9663,0.92944],[122.96468,0.92441],[122.96007,0.924],[122.95749,0.91955],[122.95915,0.91843],[122.95752,0.91772],[122.95364,0.91817],[122.9524,0.92076],[122.95046,0.92074],[122.95037,0.92285],[122.95672,0.91988],[122.9572,0.92312],[122.96196,0.9268],[122.96235,0.92901],[122.96471,0.92961],[122.96567,0.93216],[122.97549,0.93638],[122.97646,0.94034],[122.96765,0.93765],[122.95567,0.93606],[122.95923,0.9382]]],[[[123.04036,0.93378],[123.04033,0.93381],[123.04062,0.93405],[123.04036,0.93378]]],[[[123.04124,0.9347],[123.04075,0.9342],[123.04084,0.93432],[123.04124,0.9347]]],[[[123.04134,0.93478],[123.04135,0.93479],[123.04137,0.9347],[123.04134,0.93478]]],[[[123.04207,0.93486],[123.0435,0.93432],[123.04439,0.93039],[123.04719,0.92845],[123.04729,0.92191],[123.04486,0.92431],[123.04638,0.92495],[123.0458,0.92676],[123.04099,0.92749],[123.04207,0.93486]]],[[[123.08033,0.91519],[123.08383,0.91416],[123.08645,0.90854],[123.08568,0.90686],[123.08341,0.90908],[123.08491,0.9108],[123.08332,0.91268],[123.08158,0.91148],[123.07836,0.91355],[123.08001,0.91166],[123.07821,0.90995],[123.07577,0.91572],[123.07307,0.91405],[123.07242,0.91521],[123.06596,0.91524],[123.06357,0.92262],[123.0646,0.92416],[123.0652,0.92374],[123.06405,0.92225],[123.06691,0.91646],[123.06936,0.91706],[123.07356,0.91658],[123.07565,0.91819],[123.07626,0.91783],[123.07637,0.91702],[123.07658,0.91688],[123.07735,0.91677],[123.07765,0.91732],[123.07878,0.91693],[123.07896,0.91714],[123.07834,0.91798],[123.07973,0.91888],[123.08033,0.91519]],[[123.06851,0.9166],[123.06846,0.9166],[123.06848,0.91658],[123.06851,0.9166]]],[[[123.09881,0.92059],[123.09522,0.92237],[123.10117,0.92101],[123.10012,0.91628],[123.10321,0.91403],[123.10248,0.91301],[123.09757,0.91465],[123.09777,0.91163],[123.0929,0.9087],[123.09475,0.90645],[123.0943,0.90388],[123.09101,0.90467],[123.0889,0.90676],[123.08974,0.91112],[123.09536,0.91233],[123.09881,0.92059]]],[[[123.09508,0.92241],[123.09508,0.92237],[123.09494,0.92229],[123.09508,0.92241]]],[[[123.09381,0.92272],[123.09395,0.92269],[123.09326,0.92248],[123.09381,0.92272]]],[[[123.00728,0.75972],[123.01181,0.76753],[123.01796,0.7733],[123.03786,0.78469],[123.0405,0.7858],[123.05557,0.7821],[123.06977,0.78228],[123.06667,0.7914],[123.06964,0.79708],[123.07002,0.80349],[123.07213,0.80572],[123.08384,0.80549],[123.09138,0.80074],[123.10161,0.80435],[123.10333,0.80679],[123.11318,0.80861],[123.12739,0.80732],[123.15236,0.79056],[123.15617,0.78416],[123.16614,0.77422],[123.17749,0.75604],[123.16911,0.75437],[123.16727,0.75204],[123.16327,0.75907],[123.16107,0.77197],[123.15848,0.77436],[123.15376,0.76945],[123.14038,0.76986],[123.13413,0.76562],[123.13378,0.76201],[123.13627,0.75666],[123.13211,0.75273],[123.12899,0.74485],[123.12283,0.7406],[123.12295,0.73679],[123.13141,0.73187],[123.1377,0.72108],[123.13271,0.70812],[123.13591,0.70621],[123.13671,0.70272],[123.13553,0.70153],[123.13694,0.69746],[123.1338,0.69719],[123.13661,0.68789],[123.1337,0.68758],[123.13158,0.68449],[123.13043,0.6872],[123.12394,0.68754],[123.12189,0.68546],[123.12446,0.6822],[123.12328,0.68029],[123.1195,0.68043],[123.11711,0.67529],[123.1145,0.67377],[123.11308,0.67494],[123.11131,0.67255],[123.1093,0.67377],[123.10513,0.66769],[123.10166,0.66936],[123.10287,0.66845],[123.10103,0.66696],[123.09722,0.67016],[123.09666,0.6754],[123.09291,0.67723],[123.09142,0.68043],[123.09691,0.68685],[123.10565,0.69339],[123.09163,0.69417],[123.09125,0.69872],[123.08646,0.70594],[123.08757,0.70941],[123.08514,0.72024],[123.08011,0.73405],[123.07868,0.73641],[123.07625,0.737],[123.07461,0.74316],[123.07658,0.74689],[123.06577,0.74668],[123.06435,0.74328],[123.05765,0.74908],[123.05335,0.74953],[123.04932,0.74222],[123.04988,0.73716],[123.0474,0.73706],[123.04344,0.73324],[123.04392,0.72415],[123.04117,0.72116],[123.04021,0.7171],[123.03426,0.71305],[123.03081,0.71379],[123.03164,0.71259],[123.02957,0.70844],[123.02135,0.70311],[123.01968,0.70538],[123.01399,0.70691],[123.0172,0.70856],[123.02286,0.7163],[123.01859,0.71897],[123.01905,0.72104],[123.02776,0.72125],[123.02955,0.7247],[123.02919,0.73053],[123.02683,0.73539],[123.02324,0.73718],[123.02503,0.73826],[123.02288,0.74647],[123.01955,0.74647],[123.01812,0.74909],[123.01182,0.75135],[123.00474,0.75105],[123.00728,0.75972]],[[123.03486,0.7165],[123.03472,0.71545],[123.03538,0.71486],[123.03486,0.7165]],[[123.03845,0.7162],[123.03892,0.71717],[123.03855,0.71735],[123.03845,0.7162]],[[123.06277,0.75468],[123.0607,0.75489],[123.06046,0.75237],[123.06371,0.75301],[123.06221,0.75326],[123.06277,0.75468]],[[123.11375,0.70297],[123.11549,0.70721],[123.11009,0.71545],[123.09859,0.71872],[123.09745,0.71573],[123.09887,0.71417],[123.10597,0.71147],[123.10625,0.70764],[123.10842,0.70495],[123.11111,0.70542],[123.11375,0.70297]]],[[[123.14651,0.50095],[123.15014,0.50267],[123.15112,0.5074],[123.15353,0.50812],[123.15569,0.50422],[123.16057,0.50499],[123.16252,0.50449],[123.16205,0.50218],[123.16549,0.50353],[123.16727,0.5015],[123.17176,0.50317],[123.17219,0.50145],[123.17389,0.50259],[123.1757,0.50047],[123.17815,0.50205],[123.17861,0.50472],[123.17904,0.50324],[123.18788,0.50497],[123.18895,0.50203],[123.19356,0.50009],[123.19415,0.49802],[123.19802,0.49865],[123.20058,0.4956],[123.20229,0.49731],[123.20152,0.49472],[123.20421,0.49461],[123.20455,0.49228],[123.20893,0.49021],[123.21181,0.48038],[123.21646,0.47585],[123.22202,0.45666],[123.23164,0.44833],[123.23613,0.44895],[123.24187,0.45695],[123.24928,0.46036],[123.25835,0.4696],[123.26481,0.4613],[123.26811,0.44894],[123.26067,0.43038],[123.25858,0.42725],[123.25715,0.43097],[123.25503,0.43121],[123.2522,0.43002],[123.24818,0.42412],[123.24345,0.42435],[123.24322,0.42742],[123.24865,0.43688],[123.24747,0.44113],[123.24133,0.44349],[123.23826,0.44183],[123.23613,0.43829],[123.23613,0.42577],[123.23141,0.42199],[123.23211,0.41797],[123.22853,0.41133],[123.22732,0.41323],[123.20889,0.42176],[123.19788,0.42283],[123.19864,0.42595],[123.19368,0.42335],[123.19081,0.42655],[123.18874,0.42664],[123.18612,0.43072],[123.18941,0.42894],[123.19145,0.43155],[123.19782,0.43111],[123.20208,0.43401],[123.2021,0.43787],[123.19922,0.44161],[123.19514,0.44027],[123.18865,0.44861],[123.1882,0.4523],[123.19336,0.45612],[123.19044,0.45834],[123.1926,0.46082],[123.19209,0.46267],[123.18801,0.46108],[123.18394,0.46299],[123.1812,0.46242],[123.18108,0.453],[123.17821,0.4481],[123.17471,0.44778],[123.17433,0.44466],[123.18108,0.44549],[123.1826,0.44479],[123.18279,0.44186],[123.1777,0.43747],[123.1668,0.43531],[123.16436,0.4382],[123.16574,0.44183],[123.15832,0.44162],[123.16013,0.44732],[123.16264,0.44749],[123.16204,0.44876],[123.16441,0.45135],[123.16153,0.45226],[123.16204,0.45585],[123.15693,0.45588],[123.15687,0.45784],[123.15253,0.45894],[123.15224,0.46084],[123.1487,0.45995],[123.15027,0.46331],[123.14838,0.46553],[123.14993,0.46607],[123.14921,0.46822],[123.15207,0.46845],[123.15071,0.47281],[123.15261,0.47242],[123.15478,0.47448],[123.15249,0.47534],[123.15286,0.47692],[123.15015,0.47617],[123.14878,0.47774],[123.14096,0.47156],[123.14134,0.47406],[123.13754,0.47306],[123.13912,0.47806],[123.13666,0.47712],[123.13507,0.47885],[123.13283,0.47533],[123.13148,0.47633],[123.13217,0.47996],[123.13061,0.47986],[123.1336,0.48354],[123.13597,0.4832],[123.13787,0.48036],[123.13755,0.48405],[123.13958,0.48552],[123.13825,0.48743],[123.13197,0.48838],[123.12749,0.49087],[123.12775,0.49322],[123.12418,0.49271],[123.12615,0.49048],[123.12533,0.48808],[123.11812,0.48931],[123.11409,0.48566],[123.11282,0.48942],[123.11191,0.48701],[123.10596,0.48514],[123.1064,0.48874],[123.10245,0.48983],[123.09971,0.49707],[123.09806,0.49581],[123.0922,0.4985],[123.08778,0.49752],[123.08998,0.50216],[123.08756,0.50349],[123.08618,0.5022],[123.08475,0.5049],[123.08191,0.50049],[123.07945,0.50289],[123.07516,0.50331],[123.07716,0.50663],[123.07669,0.50891],[123.07018,0.5069],[123.07032,0.50975],[123.0678,0.50908],[123.06854,0.51228],[123.06493,0.50979],[123.06335,0.51227],[123.06545,0.52059],[123.07224,0.51741],[123.07717,0.51916],[123.0799,0.51707],[123.08103,0.51861],[123.08283,0.51759],[123.0838,0.51862],[123.08557,0.51657],[123.08944,0.51778],[123.08922,0.51547],[123.09224,0.51886],[123.10169,0.51424],[123.10332,0.51505],[123.10442,0.51168],[123.10833,0.51476],[123.10878,0.51163],[123.11067,0.51303],[123.11091,0.50899],[123.11277,0.50662],[123.11527,0.50918],[123.11511,0.50746],[123.11741,0.50674],[123.11955,0.50993],[123.1207,0.50501],[123.12295,0.50674],[123.12772,0.50586],[123.12906,0.5045],[123.12759,0.5017],[123.13126,0.50159],[123.13232,0.4996],[123.13527,0.50052],[123.13711,0.49911],[123.13748,0.50101],[123.14043,0.50003],[123.14,0.50206],[123.14651,0.50095]],[[123.16974,0.45114],[123.16993,0.45171],[123.16747,0.45092],[123.16974,0.45114]]],[[[123.47288,0.37584],[123.46881,0.37856],[123.47151,0.3894],[123.47523,0.39082],[123.47492,0.38256],[123.48067,0.38879],[123.48344,0.38717],[123.48028,0.38073],[123.47257,0.37393],[123.47288,0.37584]]],[[[122.82866,0.51398],[122.83133,0.51357],[122.83359,0.51028],[122.82915,0.50588],[122.82297,0.51134],[122.82866,0.51398]]],[[[122.83517,0.50403],[122.84207,0.5069],[122.84305,0.51476],[122.8559,0.5257],[122.86177,0.53443],[122.86972,0.52845],[122.884,0.52892],[122.90264,0.53906],[122.91238,0.54042],[122.92748,0.53514],[122.93907,0.53452],[122.95378,0.53116],[122.96671,0.52496],[122.98718,0.52222],[122.98693,0.52112],[122.99084,0.52399],[122.99967,0.52505],[122.99924,0.50847],[122.9898,0.50978],[122.97117,0.50765],[122.96371,0.51042],[122.95833,0.51036],[122.94873,0.50559],[122.93806,0.50442],[122.9204,0.50702],[122.90347,0.49912],[122.89271,0.49935],[122.89099,0.50176],[122.89009,0.49844],[122.8824,0.49696],[122.87182,0.49877],[122.84592,0.49696],[122.83518,0.50022],[122.83517,0.50403]],[[122.97676,0.51069],[122.97638,0.51094],[122.97608,0.50982],[122.97676,0.51069]]],[[[122.62053,0.4986],[122.62197,0.49808],[122.61873,0.4921],[122.62476,0.48653],[122.61784,0.48971],[122.61717,0.49179],[122.62053,0.4986]]],[[[122.61589,0.49453],[122.61868,0.499],[122.62011,0.49895],[122.61685,0.49367],[122.61451,0.49294],[122.61532,0.4902],[122.61026,0.48801],[122.60757,0.48866],[122.61589,0.49453]]],[[[122.60529,0.50528],[122.60581,0.50743],[122.60781,0.5069],[122.60786,0.50392],[122.59903,0.5031],[122.60529,0.50528]]],[[[122.60242,0.50695],[122.60203,0.50758],[122.60256,0.50816],[122.6051,0.50699],[122.60242,0.50695]]],[[[122.59056,0.5097],[122.59261,0.50969],[122.59505,0.50803],[122.5966,0.50994],[122.5978,0.50909],[122.59982,0.51295],[122.60216,0.51005],[122.59539,0.50736],[122.59056,0.5097]]],[[[122.58946,0.4996],[122.59343,0.50375],[122.58411,0.50743],[122.58416,0.50887],[122.58152,0.51019],[122.58341,0.51157],[122.58625,0.50834],[122.59488,0.50457],[122.5942,0.50207],[122.59033,0.49886],[122.58946,0.4996]]],[[[122.5897,0.49678],[122.5897,0.49657],[122.58823,0.49627],[122.58679,0.4972],[122.5897,0.49678]]],[[[122.56649,0.50632],[122.56114,0.50071],[122.56278,0.49812],[122.57914,0.49648],[122.58639,0.4973],[122.58637,0.49619],[122.57888,0.49309],[122.57557,0.49568],[122.56459,0.49558],[122.56161,0.49851],[122.56011,0.50192],[122.56535,0.50705],[122.56649,0.50632]]],[[[122.55213,0.51149],[122.54976,0.50864],[122.55156,0.50684],[122.55512,0.50687],[122.55635,0.50437],[122.54907,0.50547],[122.54855,0.50879],[122.55015,0.51185],[122.54816,0.5141],[122.55015,0.51651],[122.55213,0.51149]]],[[[122.54676,0.50557],[122.54409,0.50808],[122.53846,0.5032],[122.53631,0.50363],[122.54432,0.51014],[122.54764,0.50582],[122.54536,0.50393],[122.54147,0.49407],[122.5435,0.49269],[122.5567,0.49771],[122.55261,0.49208],[122.54569,0.49029],[122.5418,0.49131],[122.54041,0.49477],[122.54411,0.50345],[122.54676,0.50557]]],[[[122.48887,0.5018],[122.4889,0.50393],[122.49227,0.5026],[122.4944,0.50377],[122.49337,0.50788],[122.49152,0.50477],[122.48997,0.50552],[122.49178,0.50927],[122.50108,0.50828],[122.50746,0.51381],[122.51299,0.51575],[122.51597,0.51433],[122.51769,0.51067],[122.51866,0.50403],[122.52309,0.50669],[122.52546,0.5052],[122.52672,0.50724],[122.52944,0.5074],[122.53254,0.50523],[122.53213,0.50219],[122.53303,0.5017],[122.5341,0.50471],[122.5348,0.50374],[122.53407,0.50136],[122.53217,0.50081],[122.52831,0.50647],[122.52544,0.50355],[122.52289,0.50532],[122.5196,0.50184],[122.51752,0.50555],[122.51791,0.50737],[122.51469,0.51132],[122.51293,0.5096],[122.51373,0.50491],[122.51781,0.49963],[122.5165,0.49751],[122.51488,0.4989],[122.5129,0.49816],[122.51155,0.50238],[122.50558,0.5061],[122.51223,0.51333],[122.50272,0.50809],[122.50198,0.50519],[122.49978,0.50463],[122.49967,0.50696],[122.49627,0.50802],[122.49627,0.50222],[122.48887,0.5018]]],[[[122.48894,0.50147],[122.48897,0.50148],[122.48898,0.50147],[122.48894,0.50147]]],[[[122.48778,0.50101],[122.48761,0.50101],[122.48794,0.50105],[122.48778,0.50101]]],[[[122.47834,0.50334],[122.47663,0.5069],[122.47232,0.50626],[122.4754,0.5057],[122.47572,0.50256],[122.46196,0.50236],[122.46949,0.50511],[122.46634,0.50697],[122.48026,0.50804],[122.48078,0.50487],[122.48262,0.50438],[122.48337,0.50581],[122.48703,0.50093],[122.47834,0.50334]]],[[[122.46533,0.50656],[122.46522,0.50654],[122.46533,0.50658],[122.46533,0.50656]]],[[[122.45701,0.50679],[122.45678,0.50786],[122.45801,0.50793],[122.4581,0.50649],[122.45701,0.50679]]],[[[122.39425,0.5209],[122.395,0.51897],[122.39616,0.5216],[122.40145,0.5216],[122.4038,0.52377],[122.40707,0.52164],[122.40274,0.51793],[122.40707,0.52047],[122.41138,0.51856],[122.40977,0.5165],[122.4082,0.51587],[122.40737,0.51597],[122.4055,0.51326],[122.4068,0.51194],[122.41028,0.51111],[122.41039,0.51304],[122.4124,0.51254],[122.41304,0.5147],[122.41833,0.51461],[122.4185,0.50956],[122.41444,0.50222],[122.42523,0.5089],[122.43412,0.50854],[122.43701,0.50695],[122.44117,0.5164],[122.44646,0.51812],[122.44909,0.51844],[122.44839,0.51498],[122.4509,0.51196],[122.44889,0.51128],[122.44808,0.51653],[122.44631,0.51753],[122.4463,0.51332],[122.44502,0.51293],[122.44445,0.51493],[122.44251,0.51409],[122.4434,0.51219],[122.44085,0.51208],[122.44073,0.50908],[122.44337,0.5096],[122.44398,0.50736],[122.44679,0.50786],[122.44729,0.50637],[122.44347,0.50435],[122.43969,0.50597],[122.43908,0.50252],[122.436,0.4998],[122.43215,0.50182],[122.43254,0.50404],[122.43047,0.50267],[122.42814,0.5049],[122.42336,0.50576],[122.41976,0.50313],[122.41362,0.50188],[122.41303,0.50443],[122.41722,0.50843],[122.41743,0.51134],[122.41469,0.51433],[122.4131,0.51111],[122.40545,0.50947],[122.40791,0.51055],[122.40477,0.513],[122.40574,0.5165],[122.40821,0.51603],[122.40864,0.51739],[122.40631,0.51883],[122.40348,0.51588],[122.40073,0.51591],[122.40375,0.52119],[122.39986,0.52002],[122.39973,0.51828],[122.39809,0.51987],[122.39611,0.51963],[122.39499,0.51698],[122.39425,0.5209]]],[[[122.39262,0.52062],[122.39366,0.51897],[122.39226,0.51803],[122.38972,0.52045],[122.39262,0.52062]]],[[[122.38822,0.51791],[122.38716,0.5195],[122.38854,0.52317],[122.39004,0.51661],[122.38838,0.51322],[122.38588,0.51455],[122.38822,0.51791]]],[[[122.38266,0.51907],[122.38415,0.51884],[122.38354,0.51446],[122.38144,0.51472],[122.38266,0.51907]]],[[[122.36652,0.50481],[122.36711,0.50768],[122.36828,0.50685],[122.36943,0.50896],[122.36801,0.51103],[122.37202,0.51561],[122.37604,0.51591],[122.37871,0.52092],[122.38041,0.52035],[122.38149,0.51701],[122.37886,0.5187],[122.37965,0.5165],[122.37643,0.51281],[122.37442,0.51417],[122.3733,0.51155],[122.37131,0.51165],[122.37066,0.50665],[122.36598,0.5021],[122.36188,0.50415],[122.36407,0.50671],[122.36652,0.50481]]],[[[122.362,0.50831],[122.36401,0.50691],[122.36075,0.50559],[122.362,0.50831]]],[[[122.35924,0.50713],[122.35909,0.50713],[122.35893,0.5075],[122.35924,0.50713]]],[[[122.35875,0.50816],[122.35878,0.50803],[122.35873,0.50816],[122.35875,0.50816]]],[[[122.35824,0.50884],[122.35814,0.50899],[122.35842,0.50869],[122.35824,0.50884]]],[[[122.35253,0.49648],[122.35045,0.49744],[122.34945,0.49988],[122.35106,0.49953],[122.35279,0.49663],[122.35303,0.49446],[122.35253,0.49648]]],[[[122.35291,0.49425],[122.35303,0.4944],[122.35297,0.49426],[122.35291,0.49425]]],[[[122.35267,0.49349],[122.35277,0.49367],[122.3527,0.49348],[122.35267,0.49349]]],[[[122.34904,0.49541],[122.3498,0.49634],[122.34981,0.49534],[122.34904,0.49541]]],[[[122.34509,0.49591],[122.34469,0.49965],[122.34642,0.50132],[122.34926,0.49626],[122.34875,0.49556],[122.34859,0.49559],[122.34729,0.49727],[122.34566,0.49515],[122.34509,0.49591]],[[122.34904,0.49638],[122.34888,0.49635],[122.34901,0.496],[122.34904,0.49638]],[[122.34857,0.49632],[122.34857,0.49613],[122.34877,0.49626],[122.34857,0.49632]]],[[[122.34231,0.49529],[122.34223,0.49834],[122.34368,0.49897],[122.34377,0.49316],[122.34088,0.49319],[122.34119,0.4956],[122.34231,0.49529]]],[[[122.33909,0.49534],[122.34048,0.49914],[122.3415,0.49928],[122.33863,0.49237],[122.33697,0.49507],[122.33909,0.49534]]],[[[122.33963,0.50485],[122.3405,0.50698],[122.3422,0.50378],[122.33722,0.5003],[122.33946,0.50069],[122.33814,0.49595],[122.33835,0.49922],[122.33665,0.49699],[122.33519,0.49771],[122.33678,0.5002],[122.34075,0.50343],[122.33948,0.50498],[122.33912,0.50674],[122.33963,0.50485]]],[[[122.31624,0.50449],[122.31775,0.49486],[122.31514,0.4943],[122.31395,0.49642],[122.3132,0.49468],[122.31205,0.49565],[122.31313,0.49132],[122.31616,0.49057],[122.3129,0.48889],[122.31076,0.4901],[122.31132,0.49376],[122.30931,0.49823],[122.3122,0.49854],[122.31251,0.4956],[122.3152,0.49755],[122.31605,0.49469],[122.31701,0.49509],[122.31423,0.50426],[122.31494,0.50904],[122.31831,0.50916],[122.32174,0.50652],[122.32261,0.50531],[122.31927,0.50335],[122.32083,0.49982],[122.32412,0.50027],[122.32369,0.49514],[122.32547,0.49475],[122.32663,0.49591],[122.32587,0.4999],[122.32768,0.50182],[122.3272,0.50585],[122.32904,0.50468],[122.33046,0.5078],[122.33125,0.50457],[122.33261,0.50562],[122.32929,0.51275],[122.33286,0.51119],[122.33473,0.51236],[122.33425,0.50783],[122.33547,0.50658],[122.3349,0.50429],[122.33651,0.50418],[122.33589,0.50712],[122.33818,0.50593],[122.33694,0.51046],[122.33903,0.50831],[122.33911,0.50678],[122.33831,0.50777],[122.33882,0.5043],[122.3344,0.50132],[122.33416,0.5095],[122.33204,0.50936],[122.3331,0.50496],[122.32818,0.50322],[122.32891,0.50038],[122.32721,0.49806],[122.32715,0.49317],[122.32502,0.49224],[122.32208,0.49368],[122.32316,0.49698],[122.31882,0.50189],[122.31827,0.5084],[122.31624,0.50449]]],[[[122.29813,0.4866],[122.30097,0.48496],[122.30045,0.4842],[122.29776,0.48408],[122.29813,0.4866]]],[[[122.28321,0.4881],[122.28471,0.48988],[122.28695,0.48728],[122.291,0.48691],[122.29162,0.48847],[122.29369,0.48595],[122.29496,0.48702],[122.2949,0.48541],[122.29773,0.48409],[122.28321,0.4881]]],[[[122.26333,0.47869],[122.26304,0.48084],[122.26588,0.48241],[122.26764,0.48139],[122.26833,0.48351],[122.27011,0.48351],[122.26801,0.47835],[122.27056,0.47827],[122.27283,0.48081],[122.27441,0.47646],[122.27508,0.48279],[122.27796,0.47777],[122.27885,0.47869],[122.28142,0.47678],[122.2779,0.48049],[122.27858,0.48264],[122.28138,0.48232],[122.28185,0.47961],[122.28373,0.48217],[122.28538,0.4801],[122.28904,0.47879],[122.28751,0.47975],[122.28896,0.48102],[122.29339,0.48074],[122.29201,0.47851],[122.28838,0.47773],[122.28277,0.4788],[122.27978,0.48047],[122.28288,0.47658],[122.28137,0.4749],[122.27728,0.47565],[122.27577,0.47972],[122.27466,0.4734],[122.27256,0.47549],[122.27192,0.47392],[122.26844,0.4742],[122.26701,0.48038],[122.26491,0.47758],[122.26131,0.47919],[122.26091,0.48068],[122.26333,0.47869]]],[[[122.24409,0.48545],[122.24752,0.48267],[122.24881,0.48553],[122.25347,0.48558],[122.25589,0.48791],[122.25715,0.48752],[122.25758,0.48397],[122.26129,0.48278],[122.26073,0.48077],[122.26063,0.48243],[122.25742,0.48317],[122.25571,0.4858],[122.24792,0.48179],[122.23988,0.48282],[122.23368,0.47979],[122.2334,0.48157],[122.24409,0.48545]]],[[[122.23624,0.48695],[122.23895,0.48601],[122.23805,0.48402],[122.23338,0.48709],[122.23624,0.48695]]],[[[122.22718,0.48572],[122.23277,0.48683],[122.23088,0.48472],[122.22718,0.48572]]],[[[122.14805,0.46393],[122.15027,0.46456],[122.1516,0.46836],[122.14778,0.47065],[122.14809,0.47253],[122.15176,0.46913],[122.15249,0.47163],[122.15525,0.47322],[122.15816,0.47208],[122.16407,0.47387],[122.16784,0.47202],[122.17094,0.47712],[122.17678,0.47879],[122.17898,0.47746],[122.18378,0.48414],[122.18641,0.48421],[122.18787,0.48183],[122.18223,0.47665],[122.18067,0.47715],[122.17425,0.47274],[122.17052,0.47205],[122.16881,0.47069],[122.16917,0.46871],[122.16345,0.47095],[122.15918,0.46925],[122.15398,0.47003],[122.15245,0.46738],[122.1541,0.46551],[122.15297,0.46188],[122.14805,0.46393]]],[[[122.11462,0.49048],[122.10774,0.48978],[122.10483,0.49186],[122.10049,0.49011],[122.0974,0.49171],[122.0987,0.49444],[122.10056,0.49448],[122.09992,0.49273],[122.10592,0.49351],[122.10584,0.49689],[122.10375,0.49572],[122.10224,0.4968],[122.10257,0.49879],[122.09999,0.49951],[122.11492,0.5033],[122.11576,0.50087],[122.11896,0.50095],[122.12069,0.49662],[122.12387,0.4977],[122.12478,0.49534],[122.12716,0.49434],[122.12917,0.49583],[122.13197,0.49178],[122.13117,0.49039],[122.12792,0.49235],[122.12399,0.49217],[122.12428,0.49476],[122.12327,0.49546],[122.12185,0.49388],[122.11789,0.49841],[122.11395,0.49683],[122.11243,0.49787],[122.11163,0.49632],[122.114,0.49531],[122.11741,0.48909],[122.11554,0.48821],[122.11462,0.49048]]],[[[122.58156,0.54047],[122.58149,0.54359],[122.58819,0.56058],[122.58282,0.57403],[122.58192,0.58344],[122.58491,0.58864],[122.5903,0.59259],[122.59453,0.5937],[122.59737,0.59093],[122.59567,0.59528],[122.60063,0.59976],[122.60216,0.60431],[122.59621,0.60364],[122.59468,0.60695],[122.5982,0.61288],[122.60212,0.61121],[122.60378,0.6143],[122.60274,0.6157],[122.60593,0.61606],[122.60822,0.61425],[122.61084,0.60567],[122.60776,0.60638],[122.60918,0.60438],[122.60666,0.60329],[122.60734,0.60143],[122.60438,0.59811],[122.60986,0.6014],[122.60911,0.60297],[122.61185,0.60459],[122.61356,0.60253],[122.61222,0.60169],[122.61388,0.60202],[122.61909,0.59157],[122.6259,0.58864],[122.62482,0.58755],[122.6263,0.58648],[122.62286,0.58415],[122.62251,0.58026],[122.62632,0.5798],[122.62775,0.58164],[122.63026,0.5762],[122.62573,0.57009],[122.62026,0.5677],[122.61952,0.5663],[122.62346,0.56471],[122.62337,0.56346],[122.61811,0.56014],[122.6209,0.55626],[122.62621,0.55921],[122.62882,0.56342],[122.63234,0.5631],[122.62587,0.54737],[122.62568,0.54319],[122.62342,0.5431],[122.6272,0.54011],[122.62663,0.53537],[122.6288,0.53102],[122.62663,0.53042],[122.63539,0.52319],[122.63454,0.52248],[122.6414,0.51965],[122.64282,0.51505],[122.63302,0.52092],[122.6317,0.51655],[122.627,0.51778],[122.62483,0.51358],[122.62219,0.51336],[122.61945,0.51563],[122.61784,0.5226],[122.61989,0.52429],[122.61698,0.5254],[122.61456,0.52435],[122.61619,0.52782],[122.61536,0.52961],[122.61274,0.53082],[122.60951,0.52793],[122.61012,0.52506],[122.608,0.5253],[122.6044,0.52941],[122.59529,0.53095],[122.58967,0.53486],[122.58467,0.53542],[122.58156,0.54047]],[[122.62518,0.54837],[122.62535,0.55158],[122.62359,0.55333],[122.61942,0.55202],[122.62011,0.54966],[122.62518,0.54837]]],[[[122.59036,0.59267],[122.59091,0.59324],[122.5903,0.59259],[122.59036,0.59267]]],[[[122.59169,0.59382],[122.59091,0.59324],[122.59163,0.59394],[122.59169,0.59382]]],[[[122.25747,0.72444],[122.24869,0.72314],[122.24685,0.72629],[122.24438,0.72034],[122.24132,0.72453],[122.23965,0.72467],[122.23947,0.72747],[122.23597,0.72851],[122.23455,0.73081],[122.23159,0.73835],[122.23224,0.74181],[122.24565,0.75358],[122.24905,0.75456],[122.25404,0.75264],[122.25936,0.75315],[122.26253,0.74775],[122.2658,0.73464],[122.27288,0.72939],[122.27561,0.72515],[122.27362,0.72299],[122.2709,0.72359],[122.26711,0.71975],[122.25747,0.72444]]],[[[122.39834,0.51919],[122.39832,0.51921],[122.39839,0.51917],[122.39834,0.51919]]],[[[122.79026,0.87408],[122.78762,0.87651],[122.78602,0.8762],[122.78382,0.88231],[122.78219,0.88192],[122.77761,0.88549],[122.77565,0.89171],[122.77123,0.88944],[122.7714,0.89338],[122.76946,0.89329],[122.76763,0.89684],[122.76374,0.89896],[122.76723,0.89892],[122.77608,0.89374],[122.77885,0.88965],[122.78438,0.88567],[122.78409,0.88287],[122.78729,0.87905],[122.79092,0.87596],[122.79161,0.87725],[122.79358,0.87572],[122.79026,0.87408]]],[[[122.89533,0.85426],[122.89189,0.85364],[122.88646,0.85957],[122.88564,0.85821],[122.8831,0.85887],[122.8806,0.86312],[122.87833,0.86393],[122.87862,0.87105],[122.88319,0.87966],[122.88283,0.88326],[122.88298,0.88537],[122.88406,0.88069],[122.88301,0.87584],[122.88501,0.8735],[122.88097,0.87287],[122.87945,0.87111],[122.87873,0.86509],[122.89257,0.85553],[122.89476,0.85608],[122.89533,0.85426]]],[[[122.87898,0.8901],[122.87785,0.89231],[122.88229,0.89048],[122.88199,0.88767],[122.87898,0.8901]]],[[[122.89542,0.86911],[122.89427,0.86631],[122.89245,0.86633],[122.89356,0.87059],[122.88759,0.87264],[122.89134,0.88304],[122.89198,0.88043],[122.88947,0.8741],[122.89385,0.87186],[122.89434,0.86968],[122.89632,0.87013],[122.89787,0.86633],[122.89542,0.86911]]],[[[122.89624,0.85882],[122.89563,0.85622],[122.89328,0.85706],[122.8943,0.861],[122.89565,0.86136],[122.89524,0.85907],[122.89607,0.86056],[122.89624,0.85882]]],[[[123.07967,0.9205],[123.08067,0.91991],[123.07827,0.91805],[123.07884,0.91702],[123.07763,0.91738],[123.07729,0.91685],[123.07627,0.91984],[123.07967,0.9205]]],[[[121.23982,0.80142],[121.24013,0.80141],[121.24035,0.80136],[121.23982,0.80142]]],[[[121.75204,0.77144],[121.75098,0.78409],[121.75625,0.79358],[121.76785,0.79991],[121.78262,0.80518],[121.80371,0.80518],[121.81847,0.80413],[121.83535,0.79675],[121.85222,0.77249],[121.85749,0.74929],[121.85538,0.71766],[121.84906,0.7166],[121.84378,0.71976],[121.84062,0.73031],[121.83535,0.73558],[121.82375,0.73769],[121.82058,0.72926],[121.82375,0.71871],[121.81636,0.71871],[121.80266,0.7282],[121.75204,0.77144]]],[[[122.19412,0.76313],[122.19406,0.75944],[122.18917,0.74693],[122.18391,0.73893],[122.15816,0.71872],[122.15442,0.70901],[122.14987,0.70381],[122.13564,0.70466],[122.13108,0.7119],[122.12953,0.72056],[122.1327,0.73577],[122.13026,0.7474],[122.13497,0.75978],[122.13736,0.76168],[122.15604,0.76226],[122.16779,0.76448],[122.17961,0.77267],[122.18403,0.77189],[122.19412,0.76313]]],[[[122.74176,0.53321],[122.75571,0.52353],[122.75676,0.51981],[122.75108,0.5141],[122.73325,0.50687],[122.71697,0.50776],[122.71031,0.51147],[122.70544,0.52083],[122.70696,0.52493],[122.71179,0.52809],[122.73267,0.53295],[122.74176,0.53321]]],[[[122.67558,0.55947],[122.70078,0.55835],[122.70834,0.55638],[122.70988,0.55341],[122.70714,0.54809],[122.69395,0.53775],[122.68207,0.53019],[122.67796,0.52934],[122.6709,0.53367],[122.66553,0.54211],[122.66625,0.54689],[122.6648,0.55296],[122.67558,0.55947]]],[[[123.20367,0.76309],[123.2052,0.76309],[123.20906,0.77241],[123.2171,0.77714],[123.22543,0.779],[123.22993,0.77915],[123.24421,0.77197],[123.25734,0.76015],[123.25331,0.75699],[123.24918,0.74865],[123.21539,0.76218],[123.21227,0.76151],[123.20597,0.75628],[123.20348,0.75682],[123.20367,0.76309]]],[[[121.51122,0.48337],[121.50982,0.48441],[121.51268,0.48631],[121.51282,0.48414],[121.51122,0.48337]]],[[[121.5238,0.4884],[121.52577,0.48422],[121.52417,0.48046],[121.52047,0.48103],[121.5143,0.48659],[121.51507,0.4896],[121.52034,0.49014],[121.5238,0.4884]]],[[[121.52304,0.52047],[121.52351,0.51891],[121.52055,0.5198],[121.52076,0.52159],[121.52304,0.52047]]],[[[121.52487,0.53126],[121.52121,0.53445],[121.52333,0.53669],[121.52463,0.53618],[121.52546,0.53719],[121.52677,0.5355],[121.52487,0.53126]]],[[[121.52506,0.5368],[121.52322,0.53697],[121.52382,0.53798],[121.5255,0.5384],[121.52506,0.5368]]],[[[121.5256,0.54128],[121.52752,0.54079],[121.52361,0.54041],[121.52327,0.5424],[121.5256,0.54128]]],[[[121.52543,0.54329],[121.5246,0.54333],[121.52453,0.54443],[121.52543,0.54329]]],[[[121.52585,0.54498],[121.52563,0.5445],[121.52498,0.5445],[121.52585,0.54498]]],[[[121.5373,0.53784],[121.53575,0.53789],[121.53642,0.53888],[121.5373,0.53784]]],[[[121.64421,0.52402],[121.64522,0.52651],[121.64685,0.5255],[121.64598,0.52346],[121.64421,0.52402]]],[[[122.44068,1.0053],[122.44026,1.00357],[122.43686,1.00343],[122.4364,1.00762],[122.44068,1.0053]]],[[[122.57149,0.49384],[122.5706,0.49484],[122.57648,0.49375],[122.57149,0.49384]]],[[[122.57053,0.49454],[122.57018,0.49429],[122.56989,0.4947],[122.57053,0.49454]]],[[[122.7184,0.88266],[122.71972,0.8834],[122.72056,0.88266],[122.71939,0.88118],[122.7184,0.88266]]],[[[122.88067,0.85862],[122.88015,0.85952],[122.88174,0.85987],[122.88067,0.85862]]],[[[123.52114,0.40237],[123.51898,0.40141],[123.52054,0.40227],[123.52222,0.40312],[123.52114,0.40237]]],[[[123.52714,0.4053],[123.52222,0.40312],[123.52349,0.40379],[123.52943,0.40794],[123.52714,0.4053]]],[[[123.27641,0.69872],[123.2781,0.69898],[123.27489,0.6979],[123.27641,0.69872]]],[[[123.24746,0.7218],[123.24714,0.71698],[123.24712,0.7219],[123.24925,0.72678],[123.24746,0.7218]]],[[[123.2487,0.72996],[123.24914,0.72834],[123.24811,0.7301],[123.2487,0.72996]]]]},"properties":{"fungsi":"HL"}},{"type":"Feature","geometry":{"type":"MultiPolygon","coordinates":[[[[121.78369,0.43759],[121.77977,0.43767],[121.7714,0.44256],[121.76683,0.44678],[121.76719,0.44943],[121.76191,0.45216],[121.75812,0.45654],[121.75449,0.46199],[121.75549,0.46477],[121.74632,0.47371],[121.74383,0.47951],[121.73416,0.49154],[121.73125,0.49897],[121.73347,0.50377],[121.73689,0.50469],[121.74854,0.49771],[121.75137,0.50208],[121.75858,0.5051],[121.75895,0.50708],[121.76184,0.50869],[121.76616,0.50658],[121.76742,0.50411],[121.7619,0.50389],[121.7635,0.49846],[121.76848,0.49549],[121.76911,0.49677],[121.77294,0.49707],[121.7761,0.49324],[121.77906,0.49383],[121.78032,0.49178],[121.78374,0.49278],[121.7844,0.4854],[121.78066,0.4857],[121.77885,0.48157],[121.78166,0.47711],[121.78054,0.47259],[121.79357,0.47274],[121.79356,0.46967],[121.79541,0.46975],[121.78979,0.46403],[121.78968,0.45385],[121.79607,0.44747],[121.79962,0.44863],[121.79782,0.44513],[121.80091,0.44121],[121.79678,0.43868],[121.79701,0.43608],[121.80094,0.43444],[121.8011,0.43292],[121.80447,0.43384],[121.8061,0.4322],[121.80179,0.42835],[121.805,0.42452],[121.80432,0.42134],[121.80017,0.41996],[121.78369,0.43759]]],[[[123.17125,0.68635],[123.17304,0.68977],[123.17719,0.68948],[123.18382,0.69247],[123.1835,0.69409],[123.18143,0.69338],[123.1779,0.69556],[123.18195,0.6952],[123.18291,0.70079],[123.17786,0.70054],[123.16968,0.70421],[123.16612,0.70179],[123.16604,0.70426],[123.1628,0.70395],[123.15956,0.70611],[123.1584,0.7041],[123.15578,0.70395],[123.14926,0.70854],[123.14213,0.70371],[123.14421,0.70078],[123.14313,0.69861],[123.139,0.69928],[123.13694,0.69746],[123.13591,0.70621],[123.13271,0.70812],[123.1377,0.72108],[123.13141,0.73187],[123.12295,0.73679],[123.12283,0.7406],[123.12899,0.74485],[123.13211,0.75273],[123.13627,0.75666],[123.13378,0.76201],[123.13413,0.76562],[123.14038,0.76986],[123.15376,0.76945],[123.15848,0.77436],[123.16107,0.77197],[123.16327,0.75907],[123.16727,0.75204],[123.16911,0.75437],[123.17888,0.75647],[123.18747,0.75558],[123.19104,0.75371],[123.19616,0.75598],[123.20597,0.75628],[123.21475,0.76228],[123.24918,0.74865],[123.24615,0.73386],[123.24925,0.72679],[123.24712,0.7219],[123.24714,0.71697],[123.25205,0.71757],[123.27438,0.69786],[123.2822,0.69911],[123.28939,0.69562],[123.2976,0.69588],[123.30243,0.69803],[123.32239,0.69854],[123.32851,0.68869],[123.33897,0.68354],[123.34223,0.67964],[123.34279,0.67513],[123.35427,0.6631],[123.35526,0.6564],[123.35945,0.65136],[123.36475,0.65154],[123.38312,0.64007],[123.39912,0.64088],[123.42212,0.63929],[123.42997,0.64131],[123.45499,0.63548],[123.45914,0.63609],[123.46252,0.63217],[123.47688,0.6297],[123.48617,0.62651],[123.491,0.62303],[123.49219,0.61913],[123.4892,0.61191],[123.48751,0.60157],[123.5034,0.59144],[123.50911,0.58442],[123.5207,0.58432],[123.53317,0.57744],[123.53353,0.56532],[123.52611,0.54181],[123.53164,0.53352],[123.54732,0.52302],[123.54975,0.51418],[123.5523,0.51071],[123.54568,0.49651],[123.52382,0.49068],[123.52265,0.4886],[123.52448,0.4671],[123.52301,0.46412],[123.52623,0.45297],[123.53779,0.44504],[123.54823,0.44233],[123.55021,0.43381],[123.53987,0.42602],[123.53283,0.41598],[123.52943,0.40794],[123.51079,0.39654],[123.4979,0.38213],[123.49673,0.37105],[123.49157,0.36565],[123.4937,0.35678],[123.48279,0.35529],[123.47934,0.36348],[123.47273,0.36438],[123.47347,0.36676],[123.47189,0.36949],[123.47379,0.37354],[123.47257,0.37392],[123.48028,0.38073],[123.48344,0.38717],[123.48067,0.38879],[123.47492,0.38256],[123.47523,0.39082],[123.47151,0.3894],[123.46881,0.37856],[123.46374,0.37913],[123.46339,0.37097],[123.4586,0.37199],[123.45379,0.37573],[123.45148,0.37551],[123.45101,0.37396],[123.4362,0.37569],[123.43517,0.36469],[123.4283,0.35877],[123.42194,0.36066],[123.41163,0.36083],[123.41069,0.36257],[123.39673,0.36545],[123.39377,0.36176],[123.38948,0.35983],[123.38006,0.36161],[123.38013,0.3647],[123.38658,0.37129],[123.38467,0.39393],[123.38282,0.39505],[123.38269,0.39896],[123.3857,0.4047],[123.38531,0.41989],[123.38897,0.42242],[123.38956,0.42804],[123.38921,0.43357],[123.3835,0.4389],[123.38228,0.44465],[123.38649,0.44587],[123.38744,0.44929],[123.38367,0.45241],[123.3888,0.4564],[123.38404,0.46415],[123.37123,0.46664],[123.36737,0.4655],[123.36749,0.46425],[123.36079,0.46008],[123.36069,0.45695],[123.35611,0.45966],[123.35441,0.45564],[123.34304,0.45737],[123.34059,0.45437],[123.33869,0.45616],[123.32591,0.45818],[123.32249,0.45523],[123.3196,0.45551],[123.31828,0.45745],[123.31459,0.4584],[123.30962,0.46666],[123.3048,0.46667],[123.30331,0.46842],[123.30931,0.46915],[123.30852,0.47245],[123.31751,0.4732],[123.30922,0.47437],[123.29685,0.47302],[123.29555,0.47091],[123.29096,0.46983],[123.28729,0.47455],[123.28344,0.47298],[123.28107,0.47512],[123.28083,0.4767],[123.2831,0.47666],[123.28423,0.47976],[123.2889,0.48048],[123.28863,0.48581],[123.28321,0.48322],[123.27997,0.48545],[123.28057,0.49013],[123.27833,0.49061],[123.27976,0.49175],[123.2772,0.49165],[123.26998,0.49568],[123.27277,0.50207],[123.27025,0.50542],[123.26945,0.50466],[123.27004,0.50873],[123.25831,0.50996],[123.25557,0.51194],[123.25477,0.51065],[123.25417,0.51485],[123.25216,0.51566],[123.24906,0.51346],[123.24825,0.51798],[123.24672,0.51572],[123.24538,0.51872],[123.24181,0.51903],[123.23825,0.52328],[123.238,0.52152],[123.23606,0.52383],[123.23417,0.52356],[123.2341,0.52153],[123.23181,0.52527],[123.23253,0.52141],[123.22842,0.52243],[123.22553,0.52648],[123.22537,0.52997],[123.22276,0.52772],[123.22332,0.52549],[123.22143,0.52518],[123.21283,0.53002],[123.21074,0.53318],[123.20562,0.53511],[123.20131,0.53399],[123.19879,0.5359],[123.1996,0.53901],[123.19023,0.54222],[123.19004,0.54572],[123.18503,0.54538],[123.17496,0.55394],[123.16685,0.55478],[123.16414,0.54757],[123.16107,0.55037],[123.16169,0.55475],[123.15691,0.55329],[123.15605,0.55657],[123.1575,0.56064],[123.1526,0.56452],[123.1585,0.57081],[123.15924,0.57357],[123.15427,0.57187],[123.1522,0.56916],[123.14904,0.57089],[123.14766,0.56823],[123.14433,0.57002],[123.14628,0.57297],[123.14407,0.5752],[123.14702,0.5757],[123.14875,0.57904],[123.14744,0.58116],[123.15025,0.58403],[123.14809,0.58443],[123.15058,0.58918],[123.1474,0.59047],[123.14785,0.59176],[123.14438,0.59054],[123.14252,0.59169],[123.14297,0.59777],[123.14057,0.59932],[123.1298,0.60014],[123.13173,0.60373],[123.13353,0.60308],[123.13439,0.60873],[123.13753,0.61084],[123.13558,0.61211],[123.14236,0.61694],[123.14157,0.61972],[123.14775,0.61989],[123.1493,0.62149],[123.14664,0.62417],[123.1479,0.62707],[123.1464,0.62841],[123.14811,0.6285],[123.14752,0.63298],[123.14932,0.63315],[123.14913,0.6349],[123.14528,0.63691],[123.14592,0.6354],[123.14224,0.63521],[123.14065,0.63805],[123.13812,0.63901],[123.14058,0.64081],[123.13938,0.64279],[123.14079,0.64361],[123.13998,0.64847],[123.14233,0.64732],[123.14172,0.64955],[123.14583,0.64773],[123.1479,0.65036],[123.14906,0.64558],[123.15313,0.64567],[123.15498,0.64342],[123.15572,0.64558],[123.15853,0.6427],[123.16402,0.64506],[123.16823,0.64069],[123.17002,0.64568],[123.17355,0.64368],[123.17695,0.64586],[123.1811,0.64562],[123.18402,0.64501],[123.18553,0.64254],[123.18732,0.64463],[123.19128,0.63979],[123.19496,0.63988],[123.19572,0.64368],[123.19213,0.64292],[123.18968,0.64482],[123.18824,0.64914],[123.19074,0.65308],[123.19784,0.6536],[123.19859,0.65606],[123.1969,0.6596],[123.19329,0.6561],[123.18867,0.65563],[123.18781,0.65691],[123.19116,0.66131],[123.1896,0.66536],[123.19128,0.66761],[123.18954,0.67095],[123.18468,0.6653],[123.18113,0.66555],[123.17718,0.65947],[123.16901,0.6575],[123.16602,0.6597],[123.16478,0.6585],[123.16534,0.65477],[123.16194,0.65353],[123.15954,0.65047],[123.15801,0.65091],[123.1576,0.65338],[123.15094,0.65415],[123.15271,0.65807],[123.14987,0.66148],[123.1466,0.66262],[123.14674,0.66617],[123.14902,0.67001],[123.15611,0.6693],[123.15896,0.67086],[123.15781,0.67587],[123.15971,0.67591],[123.15969,0.67825],[123.16644,0.68493],[123.17125,0.68635]],[[123.46223,0.52617],[123.45907,0.53206],[123.44635,0.52585],[123.43985,0.52506],[123.42805,0.52683],[123.42406,0.52561],[123.41812,0.53025],[123.40905,0.52727],[123.39858,0.52647],[123.39372,0.52371],[123.39205,0.50935],[123.39714,0.50407],[123.40412,0.5025],[123.40723,0.49963],[123.40984,0.50085],[123.41253,0.49428],[123.41121,0.49183],[123.41493,0.49047],[123.41864,0.49159],[123.4221,0.48826],[123.42431,0.4891],[123.42536,0.49328],[123.42892,0.49255],[123.43704,0.49873],[123.44389,0.49469],[123.44838,0.49769],[123.45534,0.49257],[123.45973,0.4974],[123.46038,0.50242],[123.46546,0.50129],[123.46805,0.49747],[123.47035,0.49747],[123.47439,0.49862],[123.47684,0.50326],[123.47942,0.5044],[123.477,0.50855],[123.4776,0.51227],[123.4687,0.51424],[123.46957,0.51996],[123.46223,0.52617]]],[[[121.96369,0.45256],[121.96195,0.4529],[121.96477,0.45798],[121.96506,0.46859],[121.96904,0.47708],[121.97194,0.47805],[121.97402,0.47484],[121.97468,0.47776],[121.97771,0.47603],[121.97932,0.47621],[121.97776,0.48089],[121.98173,0.48499],[121.97824,0.48674],[121.9825,0.49093],[121.9897,0.49438],[121.98895,0.50036],[121.98723,0.4981],[121.98568,0.50197],[121.98277,0.50203],[121.98223,0.50012],[121.98045,0.49988],[121.97842,0.50226],[121.9789,0.50381],[121.98181,0.50435],[121.98324,0.51529],[121.98872,0.51666],[121.99032,0.52154],[121.996,0.52085],[121.99892,0.52389],[122.00707,0.52615],[122.01295,0.52085],[122.01662,0.521],[122.01822,0.51434],[122.02006,0.51381],[122.02203,0.51535],[122.02345,0.52313],[122.02667,0.52499],[122.03827,0.52451],[122.03987,0.52594],[122.03089,0.53272],[122.02726,0.53272],[122.02113,0.53591],[122.01477,0.5354],[122.01305,0.53665],[122.02179,0.54765],[122.02194,0.54935],[122.01867,0.55095],[122.01771,0.55571],[122.01498,0.55595],[122.01123,0.54566],[122.00897,0.5453],[122.00647,0.54798],[122.00777,0.56544],[122.02274,0.57109],[122.02565,0.57317],[122.02589,0.57531],[122.01983,0.57638],[122.01786,0.57847],[122.01191,0.57716],[122.00626,0.58061],[122.00338,0.58474],[122.00403,0.58932],[121.99678,0.59093],[121.99612,0.59688],[121.99451,0.59878],[121.98987,0.59688],[121.9821,0.59828],[121.97468,0.59726],[121.97152,0.59512],[121.96836,0.58565],[121.96681,0.58404],[121.96488,0.5808],[121.96275,0.57791],[121.96275,0.5779],[121.96215,0.5713],[121.95921,0.56515],[121.94933,0.56318],[121.94224,0.55693],[121.94307,0.56193],[121.94831,0.56783],[121.94386,0.57204],[121.93857,0.56276],[121.9299,0.55619],[121.92139,0.56279],[121.92211,0.5713],[121.91503,0.57219],[121.90097,0.56774],[121.89528,0.57754],[121.89639,0.58019],[121.90424,0.58239],[121.90447,0.58467],[121.9015,0.58574],[121.90151,0.58757],[121.90758,0.59007],[121.91436,0.59899],[121.9151,0.60214],[121.91309,0.60422],[121.90458,0.59946],[121.89577,0.6022],[121.89094,0.60208],[121.88711,0.60003],[121.88307,0.59447],[121.87845,0.58405],[121.87345,0.58167],[121.85829,0.58094],[121.8516,0.57502],[121.84886,0.57442],[121.83157,0.57711],[121.83006,0.57902],[121.82413,0.57701],[121.81915,0.57911],[121.82155,0.58571],[121.81888,0.5904],[121.82862,0.59327],[121.83937,0.60086],[121.84449,0.59825],[121.8552,0.60295],[121.85895,0.60182],[121.86394,0.60289],[121.86442,0.60491],[121.8621,0.60711],[121.86138,0.6111],[121.85514,0.61181],[121.85151,0.60991],[121.8496,0.61127],[121.8491,0.61719],[121.85594,0.62391],[121.85766,0.63108],[121.87546,0.63412],[121.8768,0.63552],[121.88295,0.63165],[121.88765,0.6329],[121.89473,0.62612],[121.89931,0.62659],[121.89954,0.63962],[121.89728,0.64557],[121.90174,0.6536],[121.89416,0.66213],[121.89584,0.66783],[121.89956,0.67112],[121.90237,0.67883],[121.91019,0.68202],[121.90848,0.68783],[121.91295,0.68744],[121.91369,0.69079],[121.92222,0.68983],[121.93226,0.68324],[121.99231,0.68238],[122.00044,0.68018],[122.02289,0.68629],[122.03093,0.68429],[122.03476,0.68722],[122.0427,0.6863],[122.04776,0.68391],[122.0528,0.68412],[122.0524,0.68228],[122.0583,0.68509],[122.06463,0.68288],[122.07248,0.69099],[122.07928,0.69055],[122.0799,0.68633],[122.08212,0.68576],[122.08036,0.68397],[122.0809,0.68016],[122.0778,0.67593],[122.07806,0.67384],[122.08322,0.6686],[122.08689,0.67022],[122.08737,0.66428],[122.08929,0.661],[122.08483,0.65556],[122.0887,0.65322],[122.09139,0.64628],[122.09431,0.64603],[122.09551,0.64218],[122.09832,0.64173],[122.10554,0.63417],[122.1088,0.63285],[122.11579,0.62378],[122.12514,0.6182],[122.12482,0.61018],[122.12174,0.60611],[122.12173,0.60152],[122.11924,0.59858],[122.1102,0.59696],[122.1076,0.59813],[122.10195,0.60836],[122.10105,0.6149],[122.09737,0.6171],[122.09725,0.60586],[122.09255,0.60003],[122.09838,0.59795],[122.09237,0.5901],[122.0918,0.58346],[122.08776,0.57888],[122.08666,0.56957],[122.07863,0.5638],[122.07658,0.55557],[122.07188,0.55253],[122.07235,0.5492],[122.07789,0.54843],[122.07554,0.53959],[122.08089,0.53406],[122.07619,0.52668],[122.07741,0.52166],[122.06468,0.51547],[122.05823,0.50991],[122.05585,0.50557],[122.05228,0.50372],[122.04466,0.50295],[122.04056,0.5042],[122.02696,0.50161],[122.0228,0.49852],[122.02244,0.49548],[122.01959,0.49655],[122.0178,0.49471],[122.014,0.49429],[122.01298,0.49239],[121.99073,0.48996],[121.98675,0.48729],[121.98685,0.48431],[121.99197,0.48338],[121.99122,0.4811],[121.99434,0.47874],[121.99124,0.47565],[121.99317,0.47261],[121.99125,0.47178],[121.99406,0.46739],[121.99535,0.45989],[121.99285,0.45922],[121.98726,0.46109],[121.98459,0.45857],[121.98387,0.45522],[121.9798,0.45244],[121.9782,0.45319],[121.97726,0.4573],[121.97377,0.45975],[121.96369,0.45256]],[[121.96478,0.58068],[121.96448,0.58028],[121.96275,0.57791],[121.96478,0.58068]]],[[[122.85233,0.72337],[122.8495,0.72337],[122.84536,0.72667],[122.84246,0.7242],[122.83949,0.72706],[122.83816,0.73422],[122.84001,0.73241],[122.84187,0.73377],[122.84672,0.73174],[122.85233,0.72337]]],[[[122.14605,0.89687],[122.15201,0.91437],[122.15982,0.92617],[122.16991,0.93599],[122.19643,0.93793],[122.20738,0.93587],[122.22974,0.94115],[122.25644,0.93492],[122.26654,0.93503],[122.27873,0.93293],[122.32754,0.93583],[122.33381,0.9322],[122.35057,0.93864],[122.36379,0.93867],[122.37326,0.93659],[122.39499,0.92566],[122.42274,0.92292],[122.44764,0.92598],[122.51035,0.91683],[122.51472,0.91343],[122.52235,0.91242],[122.54236,0.90402],[122.56046,0.89184],[122.57366,0.88736],[122.58775,0.88529],[122.61044,0.87395],[122.6186,0.86627],[122.62024,0.84085],[122.62351,0.82993],[122.62072,0.82122],[122.61412,0.81602],[122.59607,0.81654],[122.58662,0.81291],[122.57784,0.8123],[122.5709,0.81481],[122.56182,0.84369],[122.54951,0.85269],[122.54309,0.85551],[122.51087,0.84561],[122.50584,0.83982],[122.50085,0.83784],[122.4851,0.83561],[122.47389,0.83586],[122.46079,0.843],[122.44528,0.85481],[122.437,0.86339],[122.43373,0.85988],[122.42307,0.83361],[122.41317,0.83628],[122.40232,0.84504],[122.3837,0.84537],[122.38457,0.84228],[122.38024,0.83811],[122.38499,0.83485],[122.38274,0.82683],[122.3873,0.81899],[122.38828,0.81328],[122.37945,0.80378],[122.36363,0.80082],[122.35928,0.80174],[122.35491,0.79832],[122.35272,0.80036],[122.35347,0.8028],[122.34762,0.80529],[122.33998,0.80417],[122.33635,0.80197],[122.33249,0.80603],[122.32837,0.80559],[122.32632,0.80238],[122.32092,0.80363],[122.30557,0.79653],[122.30071,0.79003],[122.30301,0.7867],[122.29702,0.78583],[122.29372,0.787],[122.28419,0.78511],[122.28273,0.77964],[122.28153,0.78209],[122.27762,0.78078],[122.26639,0.78309],[122.25495,0.77977],[122.25123,0.78198],[122.24945,0.78639],[122.24617,0.78455],[122.23895,0.79098],[122.23557,0.79043],[122.23258,0.78552],[122.22853,0.78839],[122.22557,0.78714],[122.2218,0.78843],[122.22126,0.78963],[122.22454,0.7899],[122.22376,0.79538],[122.22113,0.79437],[122.21226,0.79574],[122.21231,0.80001],[122.20725,0.80227],[122.20337,0.80932],[122.19951,0.81006],[122.19751,0.80874],[122.19678,0.81112],[122.1983,0.81406],[122.19643,0.81481],[122.19699,0.82049],[122.19529,0.82146],[122.19542,0.82353],[122.19232,0.82283],[122.19116,0.82439],[122.19329,0.82661],[122.19284,0.83058],[122.19099,0.83269],[122.18902,0.83147],[122.18902,0.83512],[122.1872,0.8341],[122.18562,0.83511],[122.18672,0.83714],[122.18421,0.84045],[122.17343,0.84581],[122.17318,0.85143],[122.16988,0.8521],[122.16918,0.85476],[122.16591,0.85589],[122.14605,0.89687]]],[[[122.66512,0.99449],[122.66462,0.98657],[122.65964,0.99237],[122.65453,0.99319],[122.65313,0.99517],[122.65343,0.99901],[122.66287,1.00341],[122.66612,1.0011],[122.66683,0.99694],[122.66512,0.99449]]],[[[122.63671,0.9968],[122.63901,0.99595],[122.63779,0.99439],[122.63671,0.9968]]],[[[122.50622,1.00364],[122.50634,1.00415],[122.50773,1.00405],[122.50622,1.00364]]]]},"properties":{"fungsi":"KSA/KPA"}},{"type":"Feature","geometry":{"type":"MultiPolygon","coordinates":[[[[121.64998,0.65803],[121.65559,0.65439],[121.66847,0.65638],[121.70412,0.64251],[121.70974,0.64218],[121.71997,0.64812],[121.73641,0.64581],[121.73887,0.64313],[121.73397,0.64215],[121.73975,0.63944],[121.74029,0.63402],[121.74363,0.63356],[121.74517,0.63745],[121.74788,0.63483],[121.74788,0.63143],[121.74451,0.63143],[121.74547,0.62557],[121.73985,0.62714],[121.73932,0.63022],[121.73347,0.62947],[121.72469,0.63344],[121.72259,0.63292],[121.72259,0.62992],[121.71608,0.62822],[121.71529,0.63594],[121.70966,0.6384],[121.70522,0.63673],[121.68628,0.64035],[121.66932,0.6469],[121.65428,0.64498],[121.64387,0.64613],[121.63809,0.6577],[121.63231,0.66194],[121.62151,0.66425],[121.61573,0.66387],[121.61149,0.66001],[121.61187,0.65038],[121.61033,0.64305],[121.61804,0.64035],[121.61997,0.63688],[121.6192,0.63033],[121.60725,0.62416],[121.59723,0.62724],[121.59183,0.62454],[121.58952,0.62146],[121.59067,0.60797],[121.5953,0.60411],[121.60455,0.6018],[121.61766,0.6018],[121.63539,0.59794],[121.64079,0.58946],[121.64134,0.57966],[121.63068,0.58536],[121.62454,0.58511],[121.62451,0.58862],[121.62276,0.58959],[121.62138,0.58484],[121.61945,0.5866],[121.61471,0.5857],[121.61271,0.58194],[121.60942,0.58439],[121.61,0.58697],[121.6081,0.5875],[121.601,0.58029],[121.60365,0.57465],[121.59961,0.5715],[121.60046,0.56948],[121.59706,0.56879],[121.59714,0.56622],[121.59108,0.56687],[121.59011,0.56279],[121.58788,0.56244],[121.5869,0.56757],[121.58152,0.5765],[121.58105,0.59475],[121.57678,0.60052],[121.57322,0.60135],[121.57137,0.59575],[121.5761,0.58341],[121.57616,0.57851],[121.57458,0.58663],[121.57059,0.5913],[121.57022,0.6027],[121.56804,0.60586],[121.56558,0.5994],[121.56379,0.59937],[121.56489,0.59674],[121.56318,0.59356],[121.56552,0.59056],[121.56465,0.58728],[121.56896,0.58291],[121.56857,0.57337],[121.56399,0.58047],[121.55602,0.58428],[121.55095,0.58426],[121.5482,0.58697],[121.54181,0.58395],[121.53851,0.58573],[121.53585,0.58116],[121.5381,0.57881],[121.54662,0.57577],[121.54461,0.57052],[121.54685,0.5693],[121.54699,0.5674],[121.53777,0.56887],[121.53537,0.56563],[121.53314,0.56742],[121.52862,0.56491],[121.52728,0.56167],[121.52418,0.56185],[121.52052,0.55789],[121.51585,0.54918],[121.51704,0.55719],[121.51139,0.56358],[121.50962,0.57139],[121.51286,0.57419],[121.51652,0.57319],[121.51725,0.57608],[121.51335,0.57713],[121.51256,0.57876],[121.51483,0.58077],[121.50915,0.5812],[121.50831,0.58439],[121.50513,0.58573],[121.5025,0.58258],[121.49737,0.58908],[121.49776,0.59563],[121.50123,0.60642],[121.50084,0.61606],[121.49853,0.62069],[121.48465,0.62879],[121.47424,0.63996],[121.46983,0.65404],[121.47408,0.6543],[121.48222,0.65147],[121.48682,0.65678],[121.49639,0.66032],[121.51338,0.65926],[121.51799,0.67059],[121.51869,0.67803],[121.52153,0.68192],[121.52649,0.68192],[121.53463,0.67166],[121.54242,0.66989],[121.54667,0.66493],[121.55198,0.66387],[121.55269,0.67413],[121.55871,0.68122],[121.5619,0.6883],[121.57606,0.69432],[121.5796,0.69396],[121.58173,0.68901],[121.58421,0.68794],[121.60474,0.68617],[121.60794,0.68421],[121.62417,0.68569],[121.62634,0.67945],[121.62564,0.67555],[121.62988,0.67236],[121.63667,0.6743],[121.64998,0.65803]]],[[[121.72297,0.60119],[121.72657,0.60081],[121.73047,0.59691],[121.73002,0.59369],[121.7319,0.59399],[121.73565,0.59901],[121.73429,0.60246],[121.74039,0.60485],[121.73828,0.60721],[121.73932,0.61077],[121.73681,0.61733],[121.74073,0.6189],[121.74733,0.61578],[121.74852,0.61646],[121.75295,0.60932],[121.75449,0.60929],[121.7556,0.61174],[121.75373,0.61393],[121.75466,0.61768],[121.75984,0.61617],[121.75965,0.61244],[121.76317,0.61252],[121.7661,0.60869],[121.76925,0.60959],[121.76918,0.61161],[121.77209,0.61391],[121.77253,0.61236],[121.77848,0.61195],[121.7858,0.60813],[121.78835,0.61419],[121.78865,0.60985],[121.79231,0.60893],[121.79774,0.60369],[121.79501,0.60322],[121.79442,0.60449],[121.79176,0.60042],[121.7796,0.59283],[121.77033,0.59043],[121.76723,0.58312],[121.75825,0.58177],[121.74938,0.57632],[121.74412,0.57586],[121.73951,0.5764],[121.73418,0.58085],[121.72157,0.59979],[121.72297,0.60119]]],[[[121.71815,0.61005],[121.71943,0.60861],[121.72117,0.61034],[121.72597,0.60996],[121.72738,0.60739],[121.72424,0.60501],[121.72192,0.60576],[121.71995,0.60437],[121.71815,0.61005]]],[[[121.71613,0.62654],[121.71697,0.62459],[121.72169,0.62729],[121.72477,0.62557],[121.72897,0.62632],[121.72904,0.62339],[121.73137,0.62182],[121.73115,0.61889],[121.72987,0.61777],[121.72304,0.61961],[121.71868,0.61646],[121.72012,0.61259],[121.71765,0.61194],[121.71613,0.62654]]],[[[121.74405,0.64633],[121.74409,0.64513],[121.7406,0.64429],[121.73976,0.64581],[121.74405,0.64633]]],[[[121.40379,0.74088],[121.40875,0.73734],[121.41188,0.73734],[121.41903,0.74161],[121.42751,0.7377],[121.44345,0.73876],[121.45347,0.75258],[121.46115,0.75525],[121.47071,0.74832],[121.47425,0.74832],[121.48594,0.7593],[121.49196,0.75788],[121.49338,0.75044],[121.49904,0.74372],[121.504,0.7423],[121.51457,0.74405],[121.51781,0.74017],[121.52348,0.73805],[121.52737,0.74336],[121.53552,0.74903],[121.53891,0.75707],[121.54394,0.76063],[121.54281,0.76549],[121.54428,0.76818],[121.5557,0.76284],[121.55889,0.75363],[121.55271,0.73528],[121.54702,0.73059],[121.54472,0.7083],[121.5426,0.70795],[121.53799,0.71503],[121.53162,0.71432],[121.52849,0.69522],[121.51765,0.69689],[121.51427,0.70264],[121.50506,0.71008],[121.50435,0.71362],[121.49763,0.71397],[121.49373,0.7168],[121.49373,0.72141],[121.49161,0.72424],[121.48169,0.7207],[121.4785,0.72282],[121.4778,0.72743],[121.45212,0.72654],[121.44964,0.72371],[121.44788,0.71663],[121.43973,0.71309],[121.43371,0.71663],[121.42592,0.71379],[121.4199,0.70954],[121.41175,0.70919],[121.40766,0.70721],[121.39932,0.70743],[121.38204,0.70229],[121.37422,0.7145],[121.38838,0.72442],[121.38591,0.72583],[121.36997,0.72442],[121.36537,0.72619],[121.3643,0.73327],[121.3597,0.74319],[121.35687,0.74743],[121.35385,0.74881],[121.3571,0.75694],[121.37996,0.76127],[121.38644,0.75788],[121.39316,0.75682],[121.40385,0.75886],[121.40379,0.74088]]],[[[122.07567,0.71076],[122.07527,0.71515],[122.06551,0.73493],[122.06199,0.73868],[122.05854,0.73963],[122.06066,0.74316],[122.05985,0.7464],[122.05619,0.75087],[122.04726,0.75533],[122.04117,0.76061],[122.02818,0.77238],[122.02494,0.77766],[122.02737,0.78537],[122.03874,0.78781],[122.0428,0.79227],[122.04483,0.80202],[122.04239,0.81257],[122.04361,0.81947],[122.05092,0.83165],[122.05619,0.83449],[122.06066,0.83489],[122.06675,0.84991],[122.06634,0.85357],[122.05718,0.86566],[122.07057,0.86588],[122.08211,0.85902],[122.08244,0.84573],[122.07859,0.83901],[122.08263,0.82421],[122.08128,0.81678],[122.08403,0.81213],[122.11793,0.83093],[122.12476,0.83093],[122.14069,0.82448],[122.15303,0.82463],[122.16938,0.83006],[122.17644,0.83735],[122.17919,0.84284],[122.18421,0.84045],[122.18672,0.83714],[122.18562,0.83511],[122.1872,0.8341],[122.18902,0.83512],[122.18902,0.83147],[122.19106,0.83267],[122.19299,0.83034],[122.19327,0.82654],[122.19116,0.82439],[122.19232,0.82283],[122.19542,0.82353],[122.19529,0.82146],[122.19699,0.82049],[122.19643,0.81481],[122.1983,0.81406],[122.19678,0.81112],[122.19745,0.80882],[122.19951,0.81006],[122.20319,0.80947],[122.20725,0.80227],[122.21231,0.80001],[122.21216,0.79585],[122.21441,0.79529],[122.17947,0.78041],[122.16523,0.77886],[122.15338,0.78043],[122.14609,0.78469],[122.12952,0.79033],[122.11904,0.79127],[122.10526,0.78467],[122.09586,0.77535],[122.10167,0.76202],[122.10707,0.75608],[122.10558,0.7463],[122.10305,0.74068],[122.10527,0.72212],[122.11,0.71069],[122.10927,0.70151],[122.10552,0.7005],[122.10526,0.69911],[122.11018,0.69549],[122.1185,0.69637],[122.11978,0.69529],[122.11979,0.68313],[122.12569,0.67733],[122.12539,0.67371],[122.13292,0.65418],[122.13413,0.6449],[122.13705,0.63813],[122.14069,0.63408],[122.14355,0.62379],[122.14337,0.61707],[122.13582,0.60622],[122.13588,0.5996],[122.13206,0.59074],[122.13075,0.58301],[122.14053,0.58555],[122.15114,0.58354],[122.13727,0.5742],[122.1322,0.56802],[122.13618,0.5612],[122.13716,0.55248],[122.1305,0.52884],[122.12825,0.52713],[122.1259,0.53121],[122.12503,0.52539],[122.12372,0.52477],[122.12523,0.52314],[122.12479,0.52019],[122.12735,0.51783],[122.12417,0.51789],[122.12251,0.52031],[122.11894,0.51787],[122.12023,0.5206],[122.11787,0.52439],[122.11621,0.51958],[122.10938,0.52061],[122.10919,0.52519],[122.11526,0.52457],[122.11873,0.52702],[122.11925,0.53136],[122.12314,0.53181],[122.12295,0.53738],[122.12699,0.54328],[122.13001,0.55735],[122.12929,0.56815],[122.11041,0.57114],[122.11412,0.58712],[122.11309,0.5881],[122.11424,0.59808],[122.11924,0.59858],[122.12173,0.60152],[122.12174,0.60611],[122.12482,0.61018],[122.12514,0.6182],[122.11579,0.62378],[122.1088,0.63285],[122.10554,0.63417],[122.09832,0.64173],[122.09551,0.64218],[122.09431,0.64603],[122.09139,0.64628],[122.0887,0.65322],[122.08483,0.65556],[122.08929,0.661],[122.08737,0.66428],[122.08689,0.67022],[122.08322,0.6686],[122.07806,0.67384],[122.0778,0.67593],[122.0809,0.68016],[122.08036,0.68397],[122.08212,0.68576],[122.0799,0.68633],[122.07928,0.69055],[122.07248,0.69099],[122.06463,0.68288],[122.0583,0.68509],[122.0524,0.68228],[122.07567,0.71076]]],[[[122.2294,0.55179],[122.2413,0.54602],[122.26181,0.55165],[122.26875,0.55092],[122.27202,0.55242],[122.29169,0.57095],[122.30143,0.56619],[122.3056,0.56607],[122.30777,0.56966],[122.30845,0.5763],[122.31435,0.57842],[122.31613,0.58059],[122.31564,0.58435],[122.30974,0.59246],[122.31044,0.59559],[122.31294,0.59621],[122.32323,0.59139],[122.32671,0.5836],[122.33865,0.57512],[122.34062,0.56794],[122.33946,0.56516],[122.33687,0.5661],[122.3333,0.56385],[122.32859,0.56366],[122.3248,0.5603],[122.31923,0.55838],[122.3169,0.55432],[122.31248,0.55301],[122.30888,0.55783],[122.30569,0.55737],[122.30471,0.55612],[122.30697,0.55356],[122.30509,0.55305],[122.30378,0.54876],[122.29877,0.54731],[122.2881,0.54033],[122.27956,0.52471],[122.27661,0.52495],[122.27698,0.52676],[122.27358,0.52752],[122.27524,0.5229],[122.27388,0.52067],[122.26832,0.52171],[122.25943,0.52669],[122.25693,0.52155],[122.25288,0.51873],[122.24828,0.52226],[122.24543,0.51856],[122.2435,0.51961],[122.24297,0.52422],[122.24011,0.52102],[122.23321,0.5198],[122.23022,0.522],[122.22081,0.52124],[122.21483,0.53791],[122.21143,0.5395],[122.20721,0.54532],[122.2132,0.54764],[122.21693,0.55141],[122.2294,0.55179]]],[[[122.39748,0.8125],[122.399,0.812],[122.39769,0.8105],[122.40094,0.80974],[122.40219,0.80778],[122.40398,0.80833],[122.40231,0.80608],[122.39184,0.80027],[122.38412,0.80153],[122.3839,0.80775],[122.39045,0.8105],[122.39704,0.8159],[122.39748,0.8125]]],[[[122.46422,0.8034],[122.46064,0.80233],[122.46182,0.79997],[122.46409,0.79991],[122.46449,0.79838],[122.46147,0.79782],[122.4615,0.79643],[122.46563,0.79585],[122.46457,0.79283],[122.45825,0.79577],[122.46023,0.79822],[122.45886,0.80181],[122.45889,0.80052],[122.45365,0.80191],[122.45407,0.80038],[122.45274,0.80015],[122.44948,0.80578],[122.45103,0.8067],[122.44864,0.80873],[122.45201,0.81276],[122.45751,0.80945],[122.46392,0.8095],[122.46422,0.8034]]],[[[122.50248,0.92322],[122.48908,0.93035],[122.48716,0.93344],[122.52324,0.93413],[122.52323,0.93137],[122.52692,0.93154],[122.52942,0.93489],[122.53107,0.93372],[122.53381,0.93506],[122.53374,0.9309],[122.5363,0.92876],[122.536,0.92681],[122.54435,0.93217],[122.5469,0.93001],[122.55003,0.92294],[122.56047,0.92972],[122.56754,0.92968],[122.56755,0.93224],[122.57381,0.93596],[122.57907,0.93425],[122.5853,0.92516],[122.58691,0.92499],[122.58882,0.92681],[122.58895,0.93465],[122.59085,0.93645],[122.59671,0.93269],[122.59751,0.93042],[122.60135,0.93346],[122.60122,0.93231],[122.60397,0.93209],[122.60241,0.93321],[122.60386,0.93558],[122.60153,0.94021],[122.60318,0.94181],[122.60475,0.94009],[122.61053,0.94045],[122.611,0.93852],[122.61797,0.93731],[122.61764,0.9359],[122.61358,0.93543],[122.61208,0.93707],[122.60665,0.9369],[122.61137,0.93201],[122.61603,0.9348],[122.61762,0.93261],[122.62326,0.93064],[122.62867,0.93543],[122.63127,0.93356],[122.6281,0.92905],[122.62855,0.92754],[122.63125,0.92884],[122.63198,0.92672],[122.63212,0.93092],[122.63394,0.93224],[122.63581,0.93032],[122.63691,0.93105],[122.63722,0.92889],[122.63659,0.92371],[122.62998,0.91898],[122.62583,0.9133],[122.62663,0.91255],[122.63214,0.91122],[122.63261,0.90829],[122.63455,0.91407],[122.64187,0.90818],[122.64256,0.91134],[122.63936,0.91691],[122.64315,0.91775],[122.64514,0.91664],[122.64491,0.91417],[122.64777,0.91243],[122.64895,0.90914],[122.6543,0.90554],[122.65296,0.90067],[122.65409,0.89885],[122.6559,0.89781],[122.65919,0.89984],[122.66432,0.89613],[122.66837,0.89777],[122.67049,0.89697],[122.66753,0.89542],[122.66841,0.8891],[122.66634,0.88217],[122.6606,0.87898],[122.65247,0.86133],[122.65276,0.85338],[122.65943,0.8567],[122.66295,0.85668],[122.66829,0.85216],[122.67243,0.85089],[122.67661,0.84397],[122.67997,0.84792],[122.68351,0.84691],[122.68624,0.84389],[122.68608,0.84181],[122.6838,0.84211],[122.67896,0.83314],[122.6717,0.82884],[122.66781,0.82414],[122.66186,0.81018],[122.66247,0.80562],[122.67995,0.81424],[122.70276,0.81687],[122.7066,0.81439],[122.70846,0.81057],[122.71442,0.80788],[122.71496,0.79622],[122.71693,0.79234],[122.72672,0.78873],[122.73301,0.78873],[122.7357,0.79453],[122.73438,0.81261],[122.73146,0.81649],[122.70923,0.83068],[122.70565,0.84321],[122.7098,0.84108],[122.70998,0.84415],[122.71121,0.84291],[122.71399,0.84387],[122.71786,0.83969],[122.71972,0.84147],[122.72278,0.83433],[122.7248,0.83408],[122.72224,0.83182],[122.72404,0.83048],[122.72448,0.82679],[122.7268,0.8264],[122.72742,0.82927],[122.7306,0.83066],[122.73308,0.82989],[122.7299,0.82555],[122.73006,0.82315],[122.73563,0.82702],[122.73935,0.82702],[122.73928,0.82911],[122.74207,0.82965],[122.74152,0.82834],[122.74486,0.82624],[122.74718,0.82214],[122.74865,0.82485],[122.75121,0.82493],[122.75214,0.82315],[122.75748,0.82555],[122.75909,0.823],[122.75899,0.8242],[122.76167,0.82353],[122.76089,0.82074],[122.76322,0.82167],[122.76694,0.81803],[122.77213,0.82074],[122.7767,0.82036],[122.77833,0.81764],[122.79116,0.81278],[122.78395,0.80625],[122.77034,0.80013],[122.76514,0.80024],[122.75281,0.80813],[122.74581,0.80118],[122.74473,0.79773],[122.75465,0.78195],[122.74695,0.78451],[122.73536,0.78568],[122.72693,0.78272],[122.72247,0.78274],[122.70387,0.79162],[122.69507,0.79781],[122.68461,0.8002],[122.68123,0.79915],[122.6804,0.78959],[122.69344,0.77245],[122.70236,0.74694],[122.70503,0.71268],[122.69815,0.71157],[122.69599,0.71242],[122.69842,0.71397],[122.69704,0.71654],[122.69381,0.72104],[122.69144,0.72143],[122.69264,0.72689],[122.68821,0.72717],[122.68772,0.73103],[122.68259,0.73295],[122.68484,0.73579],[122.68303,0.73764],[122.68345,0.74185],[122.68017,0.74436],[122.68287,0.74997],[122.68067,0.75552],[122.67766,0.7581],[122.6752,0.75732],[122.67289,0.75916],[122.67254,0.75692],[122.67795,0.75521],[122.67885,0.7525],[122.67768,0.75124],[122.67155,0.75376],[122.67046,0.75052],[122.66668,0.74997],[122.66361,0.75214],[122.66452,0.759],[122.66344,0.76215],[122.65424,0.76869],[122.65293,0.76267],[122.65622,0.75818],[122.65426,0.75755],[122.65335,0.75464],[122.65739,0.75016],[122.6554,0.74845],[122.65153,0.75196],[122.64853,0.74805],[122.64686,0.75078],[122.64125,0.75025],[122.63487,0.75912],[122.62817,0.75746],[122.62583,0.76197],[122.62485,0.76995],[122.62288,0.7677],[122.61735,0.77216],[122.61419,0.77279],[122.61095,0.77081],[122.60887,0.77208],[122.60689,0.78073],[122.60229,0.77847],[122.59742,0.78244],[122.58962,0.78371],[122.5832,0.78945],[122.58276,0.78548],[122.57948,0.78326],[122.57804,0.78507],[122.57424,0.78506],[122.5709,0.78722],[122.56946,0.79336],[122.56711,0.79269],[122.5701,0.78641],[122.56853,0.78619],[122.56826,0.78425],[122.5603,0.78616],[122.55673,0.77937],[122.55037,0.77537],[122.54914,0.77678],[122.55003,0.77986],[122.54698,0.77911],[122.54378,0.78162],[122.54008,0.7808],[122.53943,0.78257],[122.53501,0.78036],[122.53484,0.78407],[122.52726,0.78098],[122.52587,0.78374],[122.52682,0.78591],[122.51974,0.78927],[122.51752,0.78751],[122.5163,0.78888],[122.51303,0.78512],[122.51063,0.78722],[122.50721,0.78671],[122.50702,0.78356],[122.50468,0.78314],[122.50334,0.78038],[122.50167,0.78135],[122.49937,0.78775],[122.50002,0.79085],[122.49715,0.78701],[122.49346,0.78568],[122.49322,0.7884],[122.49039,0.78766],[122.48835,0.79004],[122.48542,0.78865],[122.48112,0.79227],[122.47999,0.78902],[122.47735,0.78845],[122.47725,0.79042],[122.4717,0.79199],[122.46873,0.79519],[122.47314,0.79763],[122.47423,0.79683],[122.47394,0.79815],[122.47099,0.79733],[122.47042,0.8004],[122.46724,0.80021],[122.46802,0.80172],[122.46595,0.80186],[122.46726,0.80769],[122.46419,0.80958],[122.47786,0.81259],[122.49219,0.81268],[122.52662,0.8177],[122.52927,0.82136],[122.52849,0.8284],[122.52161,0.83394],[122.51558,0.83634],[122.51156,0.84203],[122.5088,0.84327],[122.51087,0.84561],[122.5385,0.855],[122.54217,0.85564],[122.54714,0.85397],[122.56182,0.84369],[122.5709,0.81481],[122.57525,0.81306],[122.58313,0.81219],[122.59856,0.81676],[122.61327,0.81572],[122.61961,0.81997],[122.62256,0.82546],[122.62359,0.83258],[122.62024,0.84085],[122.61927,0.86491],[122.61129,0.87342],[122.58775,0.88529],[122.57366,0.88736],[122.56046,0.89184],[122.54236,0.90402],[122.52235,0.91242],[122.51472,0.91343],[122.50248,0.92322]],[[122.68301,0.76145],[122.68524,0.76113],[122.68524,0.76242],[122.68154,0.763],[122.68301,0.76145]],[[122.51516,0.8063],[122.51537,0.80683],[122.51409,0.80718],[122.51516,0.8063]]],[[[122.81258,0.74507],[122.81065,0.75108],[122.81072,0.75199],[122.81407,0.74899],[122.81393,0.74745],[122.81686,0.7431],[122.82587,0.73492],[122.82033,0.73556],[122.81792,0.73194],[122.81894,0.7274],[122.81363,0.73134],[122.81258,0.74507]]],[[[122.81339,0.75522],[122.81383,0.7588],[122.82146,0.75552],[122.82655,0.74996],[122.82776,0.74577],[122.83255,0.74422],[122.83507,0.74044],[122.83615,0.73569],[122.83443,0.73221],[122.8306,0.73677],[122.82664,0.73516],[122.8236,0.73721],[122.8238,0.73893],[122.81875,0.74142],[122.81938,0.74261],[122.81502,0.74598],[122.81487,0.74875],[122.81101,0.75235],[122.81339,0.75522]]],[[[122.80847,0.77431],[122.81169,0.7671],[122.80311,0.77147],[122.80221,0.77755],[122.80847,0.77431]]],[[[122.79109,0.78607],[122.79283,0.79182],[122.79742,0.7934],[122.80427,0.79312],[122.79888,0.79072],[122.80057,0.7883],[122.80024,0.78435],[122.79109,0.78607]]],[[[122.28719,0.96131],[122.2975,0.96615],[122.32733,0.97348],[122.3409,0.96951],[122.35621,0.96131],[122.36651,0.95868],[122.35104,0.94906],[122.34243,0.94677],[122.33032,0.94749],[122.32354,0.95182],[122.31404,0.95389],[122.29076,0.95038],[122.26257,0.95336],[122.28719,0.96131]]],[[[122.13265,1.01878],[122.12564,1.01823],[122.13151,1.01996],[122.13442,1.01957],[122.13265,1.01878]]],[[[123.05592,0.87287],[123.05798,0.86972],[123.06061,0.86895],[123.06236,0.87049],[123.06739,0.86905],[123.07161,0.865],[123.07387,0.85794],[123.06789,0.85484],[123.05277,0.85326],[123.03277,0.848],[123.02119,0.85175],[123.01825,0.85419],[123.00832,0.86678],[123.00515,0.87521],[123.00809,0.87153],[123.01086,0.87226],[123.01264,0.8703],[123.01172,0.86724],[123.0155,0.86417],[123.01799,0.8703],[123.02352,0.87086],[123.02518,0.87763],[123.02887,0.87707],[123.03127,0.87884],[123.03523,0.8794],[123.03744,0.8767],[123.04052,0.87665],[123.04311,0.87204],[123.05315,0.87093],[123.05592,0.87287]]],[[[123.16604,0.50187],[123.16641,0.50341],[123.16445,0.50359],[123.16205,0.50218],[123.16308,0.50802],[123.16356,0.5069],[123.16446,0.50775],[123.16424,0.50494],[123.16554,0.50734],[123.16672,0.50488],[123.16874,0.50611],[123.16903,0.5022],[123.16604,0.50187]]],[[[123.15112,0.5074],[123.15014,0.50267],[123.14651,0.50095],[123.14263,0.50126],[123.1446,0.50427],[123.14153,0.50937],[123.14263,0.50998],[123.14239,0.51637],[123.14386,0.51348],[123.15006,0.51127],[123.15013,0.50863],[123.15353,0.50812],[123.15112,0.5074]]],[[[123.38029,0.34966],[123.38338,0.35353],[123.39401,0.35327],[123.39839,0.35643],[123.40535,0.35295],[123.40805,0.35359],[123.40909,0.35449],[123.40535,0.36023],[123.4054,0.36379],[123.41069,0.36257],[123.41163,0.36083],[123.40983,0.36108],[123.4106,0.35455],[123.40811,0.34407],[123.40487,0.34285],[123.4069,0.34585],[123.4055,0.34793],[123.39794,0.34372],[123.40183,0.33446],[123.39566,0.33642],[123.38157,0.33574],[123.37728,0.33368],[123.37247,0.34589],[123.38029,0.34966]]],[[[122.82915,0.50588],[122.83359,0.51028],[122.83133,0.51357],[122.82866,0.51398],[122.82297,0.51134],[122.80898,0.51593],[122.80008,0.51702],[122.77773,0.51442],[122.78449,0.52241],[122.79927,0.52597],[122.82524,0.52732],[122.83583,0.52535],[122.84896,0.52051],[122.84305,0.51476],[122.84207,0.5069],[122.83517,0.50403],[122.83518,0.50022],[122.82915,0.50588]]],[[[122.10259,0.50092],[122.10633,0.50443],[122.10933,0.50325],[122.10259,0.50092]]],[[[122.09649,0.51096],[122.09892,0.51374],[122.10503,0.5155],[122.10789,0.51041],[122.10364,0.51043],[122.10258,0.50768],[122.10211,0.50967],[122.10043,0.50999],[122.09706,0.50651],[122.09798,0.51109],[122.09649,0.51096]]],[[[122.53658,0.58655],[122.53951,0.58207],[122.53207,0.58281],[122.53127,0.57839],[122.52966,0.57723],[122.53034,0.57393],[122.5281,0.57358],[122.52793,0.57116],[122.53035,0.57048],[122.53096,0.56781],[122.53271,0.56952],[122.53471,0.56854],[122.53275,0.5652],[122.5361,0.56232],[122.53765,0.56593],[122.53997,0.56569],[122.54265,0.57015],[122.54366,0.56803],[122.54861,0.57068],[122.55399,0.56856],[122.55678,0.56916],[122.55995,0.56728],[122.56262,0.56262],[122.55716,0.55847],[122.55712,0.55648],[122.55873,0.55494],[122.56267,0.55749],[122.56663,0.55648],[122.56469,0.55404],[122.55885,0.55196],[122.55324,0.54543],[122.55088,0.54478],[122.54829,0.5453],[122.54925,0.54946],[122.54917,0.55212],[122.54748,0.55392],[122.54896,0.54981],[122.54745,0.54888],[122.54485,0.54935],[122.54512,0.55194],[122.54134,0.54974],[122.53806,0.55171],[122.54056,0.53559],[122.53689,0.53592],[122.5373,0.53439],[122.5335,0.52831],[122.52793,0.52436],[122.53,0.51651],[122.52875,0.51527],[122.52621,0.51517],[122.52329,0.52027],[122.52268,0.51776],[122.5183,0.51387],[122.51724,0.5142],[122.51908,0.51714],[122.5175,0.51904],[122.51549,0.51984],[122.51421,0.51845],[122.51117,0.52105],[122.50803,0.52078],[122.50615,0.52545],[122.51369,0.52545],[122.51313,0.52888],[122.51504,0.52951],[122.51488,0.53094],[122.5125,0.53325],[122.5152,0.5362],[122.51807,0.53548],[122.51981,0.54009],[122.51353,0.54248],[122.51122,0.5475],[122.50891,0.5498],[122.50549,0.54988],[122.5052,0.55169],[122.5118,0.55371],[122.51705,0.55234],[122.51895,0.55355],[122.52215,0.55842],[122.52238,0.56228],[122.52086,0.56452],[122.52245,0.56644],[122.52095,0.56945],[122.52301,0.5717],[122.52332,0.57511],[122.51958,0.57439],[122.51608,0.58012],[122.51003,0.58076],[122.50621,0.58367],[122.50898,0.58834],[122.50503,0.59502],[122.50655,0.59644],[122.50568,0.60003],[122.50705,0.60246],[122.50602,0.60658],[122.50389,0.60833],[122.50605,0.61249],[122.50406,0.61359],[122.50906,0.61726],[122.51371,0.61788],[122.51209,0.61547],[122.516,0.60926],[122.51334,0.60679],[122.51493,0.60594],[122.51415,0.60259],[122.51588,0.60233],[122.5165,0.60482],[122.51949,0.60191],[122.52133,0.60446],[122.52318,0.60434],[122.52039,0.6014],[122.52285,0.6003],[122.52053,0.59513],[122.52145,0.59367],[122.51975,0.59412],[122.51832,0.59114],[122.52223,0.58896],[122.52435,0.5954],[122.52725,0.59432],[122.52425,0.58671],[122.53048,0.58613],[122.53073,0.58944],[122.52862,0.58986],[122.52925,0.59372],[122.53176,0.59344],[122.53252,0.59017],[122.53682,0.59174],[122.53658,0.58655]]],[[[122.49,0.53049],[122.48928,0.52817],[122.48773,0.52807],[122.48679,0.52995],[122.48969,0.53445],[122.48537,0.53581],[122.48223,0.54237],[122.4872,0.55108],[122.49315,0.55511],[122.49023,0.55684],[122.49111,0.55966],[122.49468,0.56062],[122.49648,0.55618],[122.50204,0.55425],[122.50055,0.54845],[122.50309,0.54659],[122.50154,0.54653],[122.50063,0.54428],[122.50564,0.54016],[122.50658,0.53566],[122.49714,0.54288],[122.49333,0.53806],[122.49511,0.52906],[122.49,0.53049]]],[[[122.43808,0.81243],[122.4381,0.816],[122.43313,0.81717],[122.43199,0.81576],[122.42592,0.82295],[122.43266,0.8231],[122.44149,0.81968],[122.44184,0.81793],[122.4399,0.8161],[122.44286,0.81572],[122.44132,0.81345],[122.44183,0.80944],[122.43808,0.81243]]],[[[122.40281,0.81846],[122.40376,0.8146],[122.40086,0.81525],[122.39898,0.81687],[122.40281,0.81846]]],[[[122.40818,0.81427],[122.41019,0.8161],[122.40724,0.81588],[122.40628,0.81973],[122.41259,0.82134],[122.41557,0.81957],[122.40894,0.81321],[122.40818,0.81427]]]]},"properties":{"fungsi":"HP"}}]}